image,true_label,pred_label,confidence,correct
g:\Ai-CDD\data\raw\dataset\test\NORMAL\normal_00001.png,NORMAL,NORMAL,0.9999,True
g:\Ai-CDD\data\raw\dataset\test\NORMAL\normal_00002.png,NORMAL,NORMAL,1.0,True
g:\Ai-CDD\data\raw\dataset\test\NORMAL\normal_00003.png,NORMAL,NORMAL,1.0,True
g:\Ai-CDD\data\raw\dataset\test\NORMAL\normal_00004.png,NORMAL,NORMAL,1.0,True
g:\Ai-CDD\data\raw\dataset\test\NORMAL\normal_00005.png,NORMAL,TUBERCULOSIS,0.9991,False
g:\Ai-CDD\data\raw\dataset\test\NORMAL\normal_00006.png,NORMAL,NORMAL,0.9999,True
g:\Ai-CDD\data\raw\dataset\test\NORMAL\normal_00007.png,NORMAL,NORMAL,1.0,True
g:\Ai-CDD\data\raw\dataset\test\NORMAL\normal_00008.png,NORMAL,NORMAL,1.0,True
g:\Ai-CDD\data\raw\dataset\test\NORMAL\normal_00009.png,NORMAL,NORMAL,0.9995,True
g:\Ai-CDD\data\raw\dataset\test\NORMAL\normal_00010.png,NORMAL,NORMAL,1.0,True
g:\Ai-CDD\data\raw\dataset\test\NORMAL\normal_00011.png,NORMAL,NORMAL,1.0,True
g:\Ai-CDD\data\raw\dataset\test\NORMAL\normal_00012.png,NORMAL,NORMAL,1.0,True
g:\Ai-CDD\data\raw\dataset\test\NORMAL\normal_00013.png,NORMAL,NORMAL,0.9999,True
g:\Ai-CDD\data\raw\dataset\test\NORMAL\normal_00014.png,NORMAL,NORMAL,1.0,True
g:\Ai-CDD\data\raw\dataset\test\NORMAL\normal_00015.png,NORMAL,NORMAL,1.0,True
g:\Ai-CDD\data\raw\dataset\test\NORMAL\normal_00016.png,NORMAL,NORMAL,0.9999,True
g:\Ai-CDD\data\raw\dataset\test\NORMAL\normal_00017.png,NORMAL,NORMAL,1.0,True
g:\Ai-CDD\data\raw\dataset\test\NORMAL\normal_00018.png,NORMAL,NORMAL,1.0,True
g:\Ai-CDD\data\raw\dataset\test\NORMAL\normal_00019.png,NORMAL,NORMAL,1.0,True
g:\Ai-CDD\data\raw\dataset\test\NORMAL\normal_00020.png,NORMAL,NORMAL,1.0,True
g:\Ai-CDD\data\raw\dataset\test\NORMAL\normal_00021.png,NORMAL,NORMAL,1.0,True
g:\Ai-CDD\data\raw\dataset\test\NORMAL\normal_00022.png,NORMAL,NORMAL,1.0,True
g:\Ai-CDD\data\raw\dataset\test\NORMAL\normal_00023.png,NORMAL,NORMAL,1.0,True
g:\Ai-CDD\data\raw\dataset\test\NORMAL\normal_00024.png,NORMAL,NORMAL,1.0,True
g:\Ai-CDD\data\raw\dataset\test\NORMAL\normal_00025.png,NORMAL,NORMAL,0.9999,True
g:\Ai-CDD\data\raw\dataset\test\NORMAL\normal_00026.png,NORMAL,NORMAL,1.0,True
g:\Ai-CDD\data\raw\dataset\test\NORMAL\normal_00027.png,NORMAL,NORMAL,0.9999,True
g:\Ai-CDD\data\raw\dataset\test\NORMAL\normal_00028.png,NORMAL,NORMAL,1.0,True
g:\Ai-CDD\data\raw\dataset\test\NORMAL\normal_00029.png,NORMAL,NORMAL,1.0,True
g:\Ai-CDD\data\raw\dataset\test\NORMAL\normal_00030.png,NORMAL,NORMAL,0.9999,True
g:\Ai-CDD\data\raw\dataset\test\NORMAL\normal_00031.png,NORMAL,NORMAL,0.9876,True
g:\Ai-CDD\data\raw\dataset\test\NORMAL\normal_00032.png,NORMAL,NORMAL,0.9999,True
g:\Ai-CDD\data\raw\dataset\test\NORMAL\normal_00033.png,NORMAL,NORMAL,0.9999,True
g:\Ai-CDD\data\raw\dataset\test\NORMAL\normal_00034.png,NORMAL,NORMAL,0.9999,True
g:\Ai-CDD\data\raw\dataset\test\NORMAL\normal_00035.png,NORMAL,NORMAL,1.0,True
g:\Ai-CDD\data\raw\dataset\test\NORMAL\normal_00036.png,NORMAL,NORMAL,0.9999,True
g:\Ai-CDD\data\raw\dataset\test\NORMAL\normal_00037.png,NORMAL,NORMAL,1.0,True
g:\Ai-CDD\data\raw\dataset\test\NORMAL\normal_00038.png,NORMAL,NORMAL,0.9997,True
g:\Ai-CDD\data\raw\dataset\test\NORMAL\normal_00039.png,NORMAL,NORMAL,1.0,True
g:\Ai-CDD\data\raw\dataset\test\NORMAL\normal_00040.png,NORMAL,NORMAL,0.9998,True
g:\Ai-CDD\data\raw\dataset\test\NORMAL\normal_00041.png,NORMAL,NORMAL,1.0,True
g:\Ai-CDD\data\raw\dataset\test\NORMAL\normal_00042.png,NORMAL,NORMAL,0.9999,True
g:\Ai-CDD\data\raw\dataset\test\NORMAL\normal_00043.png,NORMAL,NORMAL,1.0,True
g:\Ai-CDD\data\raw\dataset\test\NORMAL\normal_00044.png,NORMAL,NORMAL,1.0,True
g:\Ai-CDD\data\raw\dataset\test\NORMAL\normal_00045.png,NORMAL,NORMAL,1.0,True
g:\Ai-CDD\data\raw\dataset\test\NORMAL\normal_00046.png,NORMAL,NORMAL,1.0,True
g:\Ai-CDD\data\raw\dataset\test\NORMAL\normal_00047.png,NORMAL,NORMAL,1.0,True
g:\Ai-CDD\data\raw\dataset\test\NORMAL\normal_00048.png,NORMAL,NORMAL,1.0,True
g:\Ai-CDD\data\raw\dataset\test\NORMAL\normal_00049.png,NORMAL,NORMAL,1.0,True
g:\Ai-CDD\data\raw\dataset\test\NORMAL\normal_00050.png,NORMAL,NORMAL,1.0,True
g:\Ai-CDD\data\raw\dataset\test\NORMAL\normal_00051.png,NORMAL,NORMAL,1.0,True
g:\Ai-CDD\data\raw\dataset\test\NORMAL\normal_00052.png,NORMAL,NORMAL,1.0,True
g:\Ai-CDD\data\raw\dataset\test\NORMAL\normal_00053.png,NORMAL,NORMAL,0.9137,True
g:\Ai-CDD\data\raw\dataset\test\NORMAL\normal_00054.png,NORMAL,NORMAL,1.0,True
g:\Ai-CDD\data\raw\dataset\test\NORMAL\normal_00055.png,NORMAL,NORMAL,0.9999,True
g:\Ai-CDD\data\raw\dataset\test\NORMAL\normal_00056.png,NORMAL,NORMAL,1.0,True
g:\Ai-CDD\data\raw\dataset\test\NORMAL\normal_00057.png,NORMAL,NORMAL,1.0,True
g:\Ai-CDD\data\raw\dataset\test\NORMAL\normal_00058.png,NORMAL,NORMAL,1.0,True
g:\Ai-CDD\data\raw\dataset\test\NORMAL\normal_00059.png,NORMAL,NORMAL,1.0,True
g:\Ai-CDD\data\raw\dataset\test\NORMAL\normal_00060.png,NORMAL,NORMAL,1.0,True
g:\Ai-CDD\data\raw\dataset\test\NORMAL\normal_00061.png,NORMAL,NORMAL,1.0,True
g:\Ai-CDD\data\raw\dataset\test\NORMAL\normal_00062.png,NORMAL,TUBERCULOSIS,0.9999,False
g:\Ai-CDD\data\raw\dataset\test\NORMAL\normal_00063.png,NORMAL,TUBERCULOSIS,0.9663,False
g:\Ai-CDD\data\raw\dataset\test\NORMAL\normal_00064.png,NORMAL,TUBERCULOSIS,0.9768,False
g:\Ai-CDD\data\raw\dataset\test\NORMAL\normal_00065.png,NORMAL,NORMAL,1.0,True
g:\Ai-CDD\data\raw\dataset\test\NORMAL\normal_00066.png,NORMAL,NORMAL,1.0,True
g:\Ai-CDD\data\raw\dataset\test\NORMAL\normal_00067.png,NORMAL,NORMAL,0.9993,True
g:\Ai-CDD\data\raw\dataset\test\NORMAL\normal_00068.png,NORMAL,NORMAL,0.9999,True
g:\Ai-CDD\data\raw\dataset\test\NORMAL\normal_00069.png,NORMAL,NORMAL,1.0,True
g:\Ai-CDD\data\raw\dataset\test\NORMAL\normal_00070.png,NORMAL,NORMAL,1.0,True
g:\Ai-CDD\data\raw\dataset\test\NORMAL\normal_00071.png,NORMAL,NORMAL,1.0,True
g:\Ai-CDD\data\raw\dataset\test\NORMAL\normal_00072.png,NORMAL,NORMAL,1.0,True
g:\Ai-CDD\data\raw\dataset\test\NORMAL\normal_00073.png,NORMAL,NORMAL,1.0,True
g:\Ai-CDD\data\raw\dataset\test\NORMAL\normal_00074.png,NORMAL,NORMAL,0.9999,True
g:\Ai-CDD\data\raw\dataset\test\NORMAL\normal_00075.png,NORMAL,NORMAL,1.0,True
g:\Ai-CDD\data\raw\dataset\test\NORMAL\normal_00076.png,NORMAL,NORMAL,1.0,True
g:\Ai-CDD\data\raw\dataset\test\NORMAL\normal_00077.png,NORMAL,NORMAL,0.9999,True
g:\Ai-CDD\data\raw\dataset\test\NORMAL\normal_00078.png,NORMAL,NORMAL,1.0,True
g:\Ai-CDD\data\raw\dataset\test\NORMAL\normal_00079.png,NORMAL,NORMAL,1.0,True
g:\Ai-CDD\data\raw\dataset\test\NORMAL\normal_00080.png,NORMAL,NORMAL,0.9997,True
g:\Ai-CDD\data\raw\dataset\test\NORMAL\normal_00081.png,NORMAL,NORMAL,0.9979,True
g:\Ai-CDD\data\raw\dataset\test\NORMAL\normal_00082.png,NORMAL,NORMAL,1.0,True
g:\Ai-CDD\data\raw\dataset\test\NORMAL\normal_00083.png,NORMAL,NORMAL,0.9486,True
g:\Ai-CDD\data\raw\dataset\test\NORMAL\normal_00084.png,NORMAL,NORMAL,1.0,True
g:\Ai-CDD\data\raw\dataset\test\NORMAL\normal_00085.png,NORMAL,NORMAL,1.0,True
g:\Ai-CDD\data\raw\dataset\test\NORMAL\normal_00086.png,NORMAL,NORMAL,0.9999,True
g:\Ai-CDD\data\raw\dataset\test\NORMAL\normal_00087.png,NORMAL,NORMAL,1.0,True
g:\Ai-CDD\data\raw\dataset\test\NORMAL\normal_00088.png,NORMAL,NORMAL,1.0,True
g:\Ai-CDD\data\raw\dataset\test\NORMAL\normal_00089.png,NORMAL,NORMAL,1.0,True
g:\Ai-CDD\data\raw\dataset\test\NORMAL\normal_00090.png,NORMAL,NORMAL,1.0,True
g:\Ai-CDD\data\raw\dataset\test\NORMAL\normal_00091.png,NORMAL,NORMAL,1.0,True
g:\Ai-CDD\data\raw\dataset\test\NORMAL\normal_00092.png,NORMAL,NORMAL,1.0,True
g:\Ai-CDD\data\raw\dataset\test\NORMAL\normal_00093.png,NORMAL,NORMAL,0.9999,True
g:\Ai-CDD\data\raw\dataset\test\NORMAL\normal_00094.png,NORMAL,NORMAL,1.0,True
g:\Ai-CDD\data\raw\dataset\test\NORMAL\normal_00095.png,NORMAL,NORMAL,1.0,True
g:\Ai-CDD\data\raw\dataset\test\NORMAL\normal_00096.png,NORMAL,NORMAL,1.0,True
g:\Ai-CDD\data\raw\dataset\test\NORMAL\normal_00097.png,NORMAL,NORMAL,1.0,True
g:\Ai-CDD\data\raw\dataset\test\NORMAL\normal_00098.png,NORMAL,NORMAL,1.0,True
g:\Ai-CDD\data\raw\dataset\test\NORMAL\normal_00099.png,NORMAL,NORMAL,0.9999,True
g:\Ai-CDD\data\raw\dataset\test\NORMAL\normal_00100.png,NORMAL,NORMAL,0.9995,True
g:\Ai-CDD\data\raw\dataset\test\NORMAL\normal_00101.png,NORMAL,NORMAL,1.0,True
g:\Ai-CDD\data\raw\dataset\test\NORMAL\normal_00102.png,NORMAL,NORMAL,1.0,True
g:\Ai-CDD\data\raw\dataset\test\NORMAL\normal_00103.png,NORMAL,NORMAL,1.0,True
g:\Ai-CDD\data\raw\dataset\test\NORMAL\normal_00104.png,NORMAL,NORMAL,1.0,True
g:\Ai-CDD\data\raw\dataset\test\NORMAL\normal_00105.png,NORMAL,NORMAL,1.0,True
g:\Ai-CDD\data\raw\dataset\test\NORMAL\normal_00106.png,NORMAL,NORMAL,1.0,True
g:\Ai-CDD\data\raw\dataset\test\NORMAL\normal_00107.png,NORMAL,NORMAL,1.0,True
g:\Ai-CDD\data\raw\dataset\test\NORMAL\normal_00108.png,NORMAL,NORMAL,0.9999,True
g:\Ai-CDD\data\raw\dataset\test\NORMAL\normal_00109.png,NORMAL,NORMAL,1.0,True
g:\Ai-CDD\data\raw\dataset\test\NORMAL\normal_00110.png,NORMAL,NORMAL,0.9998,True
g:\Ai-CDD\data\raw\dataset\test\NORMAL\normal_00111.png,NORMAL,NORMAL,1.0,True
g:\Ai-CDD\data\raw\dataset\test\NORMAL\normal_00112.png,NORMAL,NORMAL,1.0,True
g:\Ai-CDD\data\raw\dataset\test\NORMAL\normal_00113.png,NORMAL,NORMAL,0.9973,True
g:\Ai-CDD\data\raw\dataset\test\NORMAL\normal_00114.png,NORMAL,NORMAL,1.0,True
g:\Ai-CDD\data\raw\dataset\test\NORMAL\normal_00115.png,NORMAL,NORMAL,1.0,True
g:\Ai-CDD\data\raw\dataset\test\NORMAL\normal_00116.png,NORMAL,NORMAL,1.0,True
g:\Ai-CDD\data\raw\dataset\test\NORMAL\normal_00117.png,NORMAL,NORMAL,1.0,True
g:\Ai-CDD\data\raw\dataset\test\NORMAL\normal_00118.png,NORMAL,NORMAL,1.0,True
g:\Ai-CDD\data\raw\dataset\test\NORMAL\normal_00119.png,NORMAL,NORMAL,0.8413,True
g:\Ai-CDD\data\raw\dataset\test\NORMAL\normal_00120.png,NORMAL,NORMAL,1.0,True
g:\Ai-CDD\data\raw\dataset\test\NORMAL\normal_00121.png,NORMAL,NORMAL,1.0,True
g:\Ai-CDD\data\raw\dataset\test\NORMAL\normal_00122.png,NORMAL,NORMAL,1.0,True
g:\Ai-CDD\data\raw\dataset\test\NORMAL\normal_00123.png,NORMAL,NORMAL,1.0,True
g:\Ai-CDD\data\raw\dataset\test\NORMAL\normal_00124.png,NORMAL,NORMAL,1.0,True
g:\Ai-CDD\data\raw\dataset\test\NORMAL\normal_00125.png,NORMAL,NORMAL,1.0,True
g:\Ai-CDD\data\raw\dataset\test\NORMAL\normal_00126.png,NORMAL,NORMAL,0.9999,True
g:\Ai-CDD\data\raw\dataset\test\NORMAL\normal_00127.png,NORMAL,NORMAL,1.0,True
g:\Ai-CDD\data\raw\dataset\test\NORMAL\normal_00128.png,NORMAL,NORMAL,1.0,True
g:\Ai-CDD\data\raw\dataset\test\NORMAL\normal_00129.png,NORMAL,NORMAL,1.0,True
g:\Ai-CDD\data\raw\dataset\test\NORMAL\normal_00130.png,NORMAL,NORMAL,1.0,True
g:\Ai-CDD\data\raw\dataset\test\NORMAL\normal_00131.png,NORMAL,NORMAL,1.0,True
g:\Ai-CDD\data\raw\dataset\test\NORMAL\normal_00132.png,NORMAL,NORMAL,1.0,True
g:\Ai-CDD\data\raw\dataset\test\NORMAL\normal_00133.png,NORMAL,NORMAL,0.9999,True
g:\Ai-CDD\data\raw\dataset\test\NORMAL\normal_00134.png,NORMAL,NORMAL,1.0,True
g:\Ai-CDD\data\raw\dataset\test\NORMAL\normal_00135.png,NORMAL,NORMAL,1.0,True
g:\Ai-CDD\data\raw\dataset\test\NORMAL\normal_00136.png,NORMAL,NORMAL,0.9999,True
g:\Ai-CDD\data\raw\dataset\test\NORMAL\normal_00137.png,NORMAL,NORMAL,0.9999,True
g:\Ai-CDD\data\raw\dataset\test\NORMAL\normal_00138.png,NORMAL,NORMAL,0.9999,True
g:\Ai-CDD\data\raw\dataset\test\NORMAL\normal_00139.png,NORMAL,NORMAL,1.0,True
g:\Ai-CDD\data\raw\dataset\test\NORMAL\normal_00140.png,NORMAL,NORMAL,0.9999,True
g:\Ai-CDD\data\raw\dataset\test\NORMAL\normal_00141.png,NORMAL,NORMAL,1.0,True
g:\Ai-CDD\data\raw\dataset\test\NORMAL\normal_00142.png,NORMAL,NORMAL,1.0,True
g:\Ai-CDD\data\raw\dataset\test\NORMAL\normal_00143.png,NORMAL,TUBERCULOSIS,0.9962,False
g:\Ai-CDD\data\raw\dataset\test\NORMAL\normal_00144.png,NORMAL,NORMAL,1.0,True
g:\Ai-CDD\data\raw\dataset\test\NORMAL\normal_00145.png,NORMAL,NORMAL,1.0,True
g:\Ai-CDD\data\raw\dataset\test\NORMAL\normal_00146.png,NORMAL,NORMAL,1.0,True
g:\Ai-CDD\data\raw\dataset\test\NORMAL\normal_00147.png,NORMAL,NORMAL,1.0,True
g:\Ai-CDD\data\raw\dataset\test\NORMAL\normal_00148.png,NORMAL,NORMAL,1.0,True
g:\Ai-CDD\data\raw\dataset\test\NORMAL\normal_00149.png,NORMAL,NORMAL,1.0,True
g:\Ai-CDD\data\raw\dataset\test\NORMAL\normal_00150.png,NORMAL,NORMAL,1.0,True
g:\Ai-CDD\data\raw\dataset\test\NORMAL\normal_00151.png,NORMAL,NORMAL,1.0,True
g:\Ai-CDD\data\raw\dataset\test\NORMAL\normal_00152.png,NORMAL,NORMAL,1.0,True
g:\Ai-CDD\data\raw\dataset\test\NORMAL\normal_00153.png,NORMAL,NORMAL,1.0,True
g:\Ai-CDD\data\raw\dataset\test\NORMAL\normal_00154.png,NORMAL,NORMAL,1.0,True
g:\Ai-CDD\data\raw\dataset\test\NORMAL\normal_00155.png,NORMAL,NORMAL,0.9998,True
g:\Ai-CDD\data\raw\dataset\test\NORMAL\normal_00156.png,NORMAL,NORMAL,1.0,True
g:\Ai-CDD\data\raw\dataset\test\NORMAL\normal_00157.png,NORMAL,NORMAL,0.9998,True
g:\Ai-CDD\data\raw\dataset\test\NORMAL\normal_00158.png,NORMAL,NORMAL,1.0,True
g:\Ai-CDD\data\raw\dataset\test\NORMAL\normal_00159.png,NORMAL,NORMAL,0.9999,True
g:\Ai-CDD\data\raw\dataset\test\NORMAL\normal_00160.png,NORMAL,NORMAL,1.0,True
g:\Ai-CDD\data\raw\dataset\test\NORMAL\normal_00161.png,NORMAL,NORMAL,1.0,True
g:\Ai-CDD\data\raw\dataset\test\NORMAL\normal_00162.png,NORMAL,TUBERCULOSIS,1.0,False
g:\Ai-CDD\data\raw\dataset\test\NORMAL\normal_00163.png,NORMAL,NORMAL,0.9997,True
g:\Ai-CDD\data\raw\dataset\test\NORMAL\normal_00164.png,NORMAL,NORMAL,0.9964,True
g:\Ai-CDD\data\raw\dataset\test\NORMAL\normal_00165.png,NORMAL,NORMAL,1.0,True
g:\Ai-CDD\data\raw\dataset\test\NORMAL\normal_00166.png,NORMAL,NORMAL,0.9996,True
g:\Ai-CDD\data\raw\dataset\test\NORMAL\normal_00167.png,NORMAL,NORMAL,0.9999,True
g:\Ai-CDD\data\raw\dataset\test\NORMAL\normal_00168.png,NORMAL,NORMAL,0.9999,True
g:\Ai-CDD\data\raw\dataset\test\NORMAL\normal_00169.png,NORMAL,NORMAL,1.0,True
g:\Ai-CDD\data\raw\dataset\test\NORMAL\normal_00170.png,NORMAL,NORMAL,1.0,True
g:\Ai-CDD\data\raw\dataset\test\NORMAL\normal_00171.png,NORMAL,NORMAL,0.9288,True
g:\Ai-CDD\data\raw\dataset\test\NORMAL\normal_00172.png,NORMAL,NORMAL,1.0,True
g:\Ai-CDD\data\raw\dataset\test\NORMAL\normal_00173.png,NORMAL,NORMAL,1.0,True
g:\Ai-CDD\data\raw\dataset\test\NORMAL\normal_00174.png,NORMAL,NORMAL,1.0,True
g:\Ai-CDD\data\raw\dataset\test\NORMAL\normal_00175.png,NORMAL,NORMAL,1.0,True
g:\Ai-CDD\data\raw\dataset\test\NORMAL\normal_00176.png,NORMAL,NORMAL,1.0,True
g:\Ai-CDD\data\raw\dataset\test\NORMAL\normal_00177.png,NORMAL,NORMAL,1.0,True
g:\Ai-CDD\data\raw\dataset\test\NORMAL\normal_00178.png,NORMAL,NORMAL,0.9999,True
g:\Ai-CDD\data\raw\dataset\test\NORMAL\normal_00179.png,NORMAL,NORMAL,1.0,True
g:\Ai-CDD\data\raw\dataset\test\NORMAL\normal_00180.png,NORMAL,NORMAL,1.0,True
g:\Ai-CDD\data\raw\dataset\test\NORMAL\normal_00181.png,NORMAL,NORMAL,1.0,True
g:\Ai-CDD\data\raw\dataset\test\NORMAL\normal_00182.png,NORMAL,NORMAL,1.0,True
g:\Ai-CDD\data\raw\dataset\test\NORMAL\normal_00183.png,NORMAL,NORMAL,1.0,True
g:\Ai-CDD\data\raw\dataset\test\NORMAL\normal_00184.png,NORMAL,NORMAL,0.9999,True
g:\Ai-CDD\data\raw\dataset\test\NORMAL\normal_00185.png,NORMAL,NORMAL,0.9999,True
g:\Ai-CDD\data\raw\dataset\test\NORMAL\normal_00186.png,NORMAL,NORMAL,1.0,True
g:\Ai-CDD\data\raw\dataset\test\NORMAL\normal_00187.png,NORMAL,NORMAL,0.9999,True
g:\Ai-CDD\data\raw\dataset\test\NORMAL\normal_00188.png,NORMAL,NORMAL,0.9999,True
g:\Ai-CDD\data\raw\dataset\test\NORMAL\normal_00189.png,NORMAL,NORMAL,1.0,True
g:\Ai-CDD\data\raw\dataset\test\NORMAL\normal_00190.png,NORMAL,NORMAL,1.0,True
g:\Ai-CDD\data\raw\dataset\test\NORMAL\normal_00191.png,NORMAL,NORMAL,1.0,True
g:\Ai-CDD\data\raw\dataset\test\NORMAL\normal_00192.png,NORMAL,NORMAL,1.0,True
g:\Ai-CDD\data\raw\dataset\test\NORMAL\normal_00193.png,NORMAL,NORMAL,1.0,True
g:\Ai-CDD\data\raw\dataset\test\NORMAL\normal_00194.png,NORMAL,NORMAL,0.9999,True
g:\Ai-CDD\data\raw\dataset\test\NORMAL\normal_00195.png,NORMAL,NORMAL,1.0,True
g:\Ai-CDD\data\raw\dataset\test\NORMAL\normal_00196.png,NORMAL,NORMAL,1.0,True
g:\Ai-CDD\data\raw\dataset\test\NORMAL\normal_00197.png,NORMAL,NORMAL,1.0,True
g:\Ai-CDD\data\raw\dataset\test\NORMAL\normal_00198.png,NORMAL,NORMAL,0.9999,True
g:\Ai-CDD\data\raw\dataset\test\NORMAL\normal_00199.png,NORMAL,NORMAL,1.0,True
g:\Ai-CDD\data\raw\dataset\test\NORMAL\normal_00200.png,NORMAL,NORMAL,0.9835,True
g:\Ai-CDD\data\raw\dataset\test\NORMAL\normal_00201.png,NORMAL,NORMAL,1.0,True
g:\Ai-CDD\data\raw\dataset\test\NORMAL\normal_00202.png,NORMAL,NORMAL,1.0,True
g:\Ai-CDD\data\raw\dataset\test\NORMAL\normal_00203.png,NORMAL,NORMAL,0.9999,True
g:\Ai-CDD\data\raw\dataset\test\NORMAL\normal_00204.png,NORMAL,NORMAL,1.0,True
g:\Ai-CDD\data\raw\dataset\test\NORMAL\normal_00205.png,NORMAL,NORMAL,1.0,True
g:\Ai-CDD\data\raw\dataset\test\NORMAL\normal_00206.png,NORMAL,NORMAL,1.0,True
g:\Ai-CDD\data\raw\dataset\test\NORMAL\normal_00207.png,NORMAL,NORMAL,1.0,True
g:\Ai-CDD\data\raw\dataset\test\NORMAL\normal_00208.png,NORMAL,NORMAL,0.9999,True
g:\Ai-CDD\data\raw\dataset\test\NORMAL\normal_00209.png,NORMAL,NORMAL,1.0,True
g:\Ai-CDD\data\raw\dataset\test\NORMAL\normal_00210.png,NORMAL,NORMAL,1.0,True
g:\Ai-CDD\data\raw\dataset\test\NORMAL\normal_00211.png,NORMAL,NORMAL,1.0,True
g:\Ai-CDD\data\raw\dataset\test\NORMAL\normal_00212.png,NORMAL,NORMAL,0.9999,True
g:\Ai-CDD\data\raw\dataset\test\NORMAL\normal_00213.png,NORMAL,NORMAL,1.0,True
g:\Ai-CDD\data\raw\dataset\test\NORMAL\normal_00214.png,NORMAL,NORMAL,1.0,True
g:\Ai-CDD\data\raw\dataset\test\NORMAL\normal_00215.png,NORMAL,NORMAL,1.0,True
g:\Ai-CDD\data\raw\dataset\test\NORMAL\normal_00216.png,NORMAL,NORMAL,1.0,True
g:\Ai-CDD\data\raw\dataset\test\NORMAL\normal_00217.png,NORMAL,NORMAL,0.9998,True
g:\Ai-CDD\data\raw\dataset\test\NORMAL\normal_00218.png,NORMAL,NORMAL,1.0,True
g:\Ai-CDD\data\raw\dataset\test\NORMAL\normal_00219.png,NORMAL,NORMAL,1.0,True
g:\Ai-CDD\data\raw\dataset\test\NORMAL\normal_00220.png,NORMAL,NORMAL,1.0,True
g:\Ai-CDD\data\raw\dataset\test\NORMAL\normal_00221.png,NORMAL,TUBERCULOSIS,0.9952,False
g:\Ai-CDD\data\raw\dataset\test\NORMAL\normal_00222.png,NORMAL,NORMAL,1.0,True
g:\Ai-CDD\data\raw\dataset\test\NORMAL\normal_00223.png,NORMAL,NORMAL,1.0,True
g:\Ai-CDD\data\raw\dataset\test\NORMAL\normal_00224.png,NORMAL,NORMAL,0.9997,True
g:\Ai-CDD\data\raw\dataset\test\NORMAL\normal_00225.png,NORMAL,NORMAL,0.9999,True
g:\Ai-CDD\data\raw\dataset\test\NORMAL\normal_00226.png,NORMAL,NORMAL,1.0,True
g:\Ai-CDD\data\raw\dataset\test\NORMAL\normal_00227.png,NORMAL,NORMAL,1.0,True
g:\Ai-CDD\data\raw\dataset\test\NORMAL\normal_00228.png,NORMAL,NORMAL,1.0,True
g:\Ai-CDD\data\raw\dataset\test\NORMAL\normal_00229.png,NORMAL,NORMAL,1.0,True
g:\Ai-CDD\data\raw\dataset\test\NORMAL\normal_00230.png,NORMAL,NORMAL,1.0,True
g:\Ai-CDD\data\raw\dataset\test\NORMAL\normal_00231.png,NORMAL,NORMAL,1.0,True
g:\Ai-CDD\data\raw\dataset\test\NORMAL\normal_00232.png,NORMAL,NORMAL,1.0,True
g:\Ai-CDD\data\raw\dataset\test\NORMAL\normal_00233.png,NORMAL,NORMAL,1.0,True
g:\Ai-CDD\data\raw\dataset\test\NORMAL\normal_00234.png,NORMAL,TUBERCULOSIS,0.9919,False
g:\Ai-CDD\data\raw\dataset\test\NORMAL\normal_00235.png,NORMAL,NORMAL,1.0,True
g:\Ai-CDD\data\raw\dataset\test\NORMAL\normal_00236.png,NORMAL,NORMAL,1.0,True
g:\Ai-CDD\data\raw\dataset\test\NORMAL\normal_00237.png,NORMAL,NORMAL,1.0,True
g:\Ai-CDD\data\raw\dataset\test\NORMAL\normal_00238.png,NORMAL,NORMAL,1.0,True
g:\Ai-CDD\data\raw\dataset\test\NORMAL\normal_00239.png,NORMAL,NORMAL,1.0,True
g:\Ai-CDD\data\raw\dataset\test\NORMAL\normal_00240.png,NORMAL,NORMAL,1.0,True
g:\Ai-CDD\data\raw\dataset\test\NORMAL\normal_00241.png,NORMAL,NORMAL,1.0,True
g:\Ai-CDD\data\raw\dataset\test\NORMAL\normal_00242.png,NORMAL,NORMAL,1.0,True
g:\Ai-CDD\data\raw\dataset\test\NORMAL\normal_00243.png,NORMAL,NORMAL,0.9999,True
g:\Ai-CDD\data\raw\dataset\test\NORMAL\normal_00244.png,NORMAL,NORMAL,1.0,True
g:\Ai-CDD\data\raw\dataset\test\NORMAL\normal_00245.png,NORMAL,NORMAL,1.0,True
g:\Ai-CDD\data\raw\dataset\test\NORMAL\normal_00246.png,NORMAL,NORMAL,1.0,True
g:\Ai-CDD\data\raw\dataset\test\NORMAL\normal_00247.png,NORMAL,NORMAL,1.0,True
g:\Ai-CDD\data\raw\dataset\test\NORMAL\normal_00248.png,NORMAL,NORMAL,1.0,True
g:\Ai-CDD\data\raw\dataset\test\NORMAL\normal_00249.png,NORMAL,NORMAL,1.0,True
g:\Ai-CDD\data\raw\dataset\test\NORMAL\normal_00250.png,NORMAL,NORMAL,1.0,True
g:\Ai-CDD\data\raw\dataset\test\NORMAL\normal_00251.png,NORMAL,NORMAL,1.0,True
g:\Ai-CDD\data\raw\dataset\test\NORMAL\normal_00252.png,NORMAL,NORMAL,1.0,True
g:\Ai-CDD\data\raw\dataset\test\NORMAL\normal_00253.png,NORMAL,NORMAL,1.0,True
g:\Ai-CDD\data\raw\dataset\test\NORMAL\normal_00254.png,NORMAL,NORMAL,1.0,True
g:\Ai-CDD\data\raw\dataset\test\NORMAL\normal_00255.png,NORMAL,NORMAL,1.0,True
g:\Ai-CDD\data\raw\dataset\test\NORMAL\normal_00256.png,NORMAL,NORMAL,1.0,True
g:\Ai-CDD\data\raw\dataset\test\NORMAL\normal_00257.png,NORMAL,NORMAL,0.9979,True
g:\Ai-CDD\data\raw\dataset\test\NORMAL\normal_00258.png,NORMAL,NORMAL,0.9999,True
g:\Ai-CDD\data\raw\dataset\test\NORMAL\normal_00259.png,NORMAL,NORMAL,1.0,True
g:\Ai-CDD\data\raw\dataset\test\NORMAL\normal_00260.png,NORMAL,NORMAL,0.9999,True
g:\Ai-CDD\data\raw\dataset\test\NORMAL\normal_00261.png,NORMAL,NORMAL,1.0,True
g:\Ai-CDD\data\raw\dataset\test\NORMAL\normal_00262.png,NORMAL,NORMAL,1.0,True
g:\Ai-CDD\data\raw\dataset\test\NORMAL\normal_00263.png,NORMAL,NORMAL,1.0,True
g:\Ai-CDD\data\raw\dataset\test\NORMAL\normal_00264.png,NORMAL,NORMAL,1.0,True
g:\Ai-CDD\data\raw\dataset\test\NORMAL\normal_00265.png,NORMAL,NORMAL,1.0,True
g:\Ai-CDD\data\raw\dataset\test\NORMAL\normal_00266.png,NORMAL,NORMAL,0.9999,True
g:\Ai-CDD\data\raw\dataset\test\NORMAL\normal_00267.png,NORMAL,NORMAL,0.9999,True
g:\Ai-CDD\data\raw\dataset\test\NORMAL\normal_00268.png,NORMAL,NORMAL,0.9941,True
g:\Ai-CDD\data\raw\dataset\test\NORMAL\normal_00269.png,NORMAL,NORMAL,0.9991,True
g:\Ai-CDD\data\raw\dataset\test\NORMAL\normal_00270.png,NORMAL,NORMAL,1.0,True
g:\Ai-CDD\data\raw\dataset\test\NORMAL\normal_00271.png,NORMAL,TUBERCULOSIS,0.9979,False
g:\Ai-CDD\data\raw\dataset\test\NORMAL\normal_00272.png,NORMAL,NORMAL,1.0,True
g:\Ai-CDD\data\raw\dataset\test\NORMAL\normal_00273.png,NORMAL,NORMAL,1.0,True
g:\Ai-CDD\data\raw\dataset\test\NORMAL\normal_00274.png,NORMAL,NORMAL,1.0,True
g:\Ai-CDD\data\raw\dataset\test\NORMAL\normal_00275.png,NORMAL,NORMAL,0.9977,True
g:\Ai-CDD\data\raw\dataset\test\NORMAL\normal_00276.png,NORMAL,NORMAL,1.0,True
g:\Ai-CDD\data\raw\dataset\test\NORMAL\normal_00277.png,NORMAL,NORMAL,0.9999,True
g:\Ai-CDD\data\raw\dataset\test\NORMAL\normal_00278.png,NORMAL,NORMAL,1.0,True
g:\Ai-CDD\data\raw\dataset\test\NORMAL\normal_00279.png,NORMAL,NORMAL,1.0,True
g:\Ai-CDD\data\raw\dataset\test\NORMAL\normal_00280.png,NORMAL,NORMAL,1.0,True
g:\Ai-CDD\data\raw\dataset\test\NORMAL\normal_00281.png,NORMAL,NORMAL,0.9999,True
g:\Ai-CDD\data\raw\dataset\test\NORMAL\normal_00282.png,NORMAL,NORMAL,0.9999,True
g:\Ai-CDD\data\raw\dataset\test\NORMAL\normal_00283.png,NORMAL,NORMAL,0.9991,True
g:\Ai-CDD\data\raw\dataset\test\NORMAL\normal_00284.png,NORMAL,NORMAL,1.0,True
g:\Ai-CDD\data\raw\dataset\test\NORMAL\normal_00285.png,NORMAL,NORMAL,1.0,True
g:\Ai-CDD\data\raw\dataset\test\NORMAL\normal_00286.png,NORMAL,NORMAL,1.0,True
g:\Ai-CDD\data\raw\dataset\test\NORMAL\normal_00287.png,NORMAL,NORMAL,1.0,True
g:\Ai-CDD\data\raw\dataset\test\NORMAL\normal_00288.png,NORMAL,NORMAL,1.0,True
g:\Ai-CDD\data\raw\dataset\test\NORMAL\normal_00289.png,NORMAL,NORMAL,0.9981,True
g:\Ai-CDD\data\raw\dataset\test\NORMAL\normal_00290.png,NORMAL,NORMAL,1.0,True
g:\Ai-CDD\data\raw\dataset\test\NORMAL\normal_00291.png,NORMAL,NORMAL,1.0,True
g:\Ai-CDD\data\raw\dataset\test\NORMAL\normal_00292.png,NORMAL,NORMAL,1.0,True
g:\Ai-CDD\data\raw\dataset\test\NORMAL\normal_00293.png,NORMAL,NORMAL,1.0,True
g:\Ai-CDD\data\raw\dataset\test\NORMAL\normal_00294.png,NORMAL,NORMAL,0.9999,True
g:\Ai-CDD\data\raw\dataset\test\NORMAL\normal_00295.png,NORMAL,NORMAL,0.9999,True
g:\Ai-CDD\data\raw\dataset\test\NORMAL\normal_00296.png,NORMAL,NORMAL,1.0,True
g:\Ai-CDD\data\raw\dataset\test\NORMAL\normal_00297.png,NORMAL,NORMAL,1.0,True
g:\Ai-CDD\data\raw\dataset\test\NORMAL\normal_00298.png,NORMAL,NORMAL,0.8895,True
g:\Ai-CDD\data\raw\dataset\test\NORMAL\normal_00299.png,NORMAL,NORMAL,1.0,True
g:\Ai-CDD\data\raw\dataset\test\NORMAL\normal_00300.png,NORMAL,NORMAL,1.0,True
g:\Ai-CDD\data\raw\dataset\test\NORMAL\normal_00301.png,NORMAL,NORMAL,0.9999,True
g:\Ai-CDD\data\raw\dataset\test\NORMAL\normal_00302.png,NORMAL,NORMAL,1.0,True
g:\Ai-CDD\data\raw\dataset\test\NORMAL\normal_00303.png,NORMAL,NORMAL,0.9999,True
g:\Ai-CDD\data\raw\dataset\test\NORMAL\normal_00304.png,NORMAL,TUBERCULOSIS,1.0,False
g:\Ai-CDD\data\raw\dataset\test\NORMAL\normal_00305.png,NORMAL,NORMAL,1.0,True
g:\Ai-CDD\data\raw\dataset\test\NORMAL\normal_00306.png,NORMAL,NORMAL,1.0,True
g:\Ai-CDD\data\raw\dataset\test\NORMAL\normal_00307.png,NORMAL,NORMAL,1.0,True
g:\Ai-CDD\data\raw\dataset\test\NORMAL\normal_00308.png,NORMAL,NORMAL,1.0,True
g:\Ai-CDD\data\raw\dataset\test\NORMAL\normal_00309.png,NORMAL,NORMAL,1.0,True
g:\Ai-CDD\data\raw\dataset\test\NORMAL\normal_00310.png,NORMAL,NORMAL,1.0,True
g:\Ai-CDD\data\raw\dataset\test\NORMAL\normal_00311.png,NORMAL,NORMAL,1.0,True
g:\Ai-CDD\data\raw\dataset\test\NORMAL\normal_00312.png,NORMAL,NORMAL,1.0,True
g:\Ai-CDD\data\raw\dataset\test\NORMAL\normal_00313.png,NORMAL,NORMAL,1.0,True
g:\Ai-CDD\data\raw\dataset\test\NORMAL\normal_00314.png,NORMAL,NORMAL,1.0,True
g:\Ai-CDD\data\raw\dataset\test\NORMAL\normal_00315.png,NORMAL,NORMAL,0.9999,True
g:\Ai-CDD\data\raw\dataset\test\NORMAL\normal_00316.png,NORMAL,NORMAL,1.0,True
g:\Ai-CDD\data\raw\dataset\test\NORMAL\normal_00317.png,NORMAL,NORMAL,0.9995,True
g:\Ai-CDD\data\raw\dataset\test\NORMAL\normal_00318.png,NORMAL,NORMAL,0.9982,True
g:\Ai-CDD\data\raw\dataset\test\NORMAL\normal_00319.png,NORMAL,NORMAL,1.0,True
g:\Ai-CDD\data\raw\dataset\test\NORMAL\normal_00320.png,NORMAL,TUBERCULOSIS,0.9999,False
g:\Ai-CDD\data\raw\dataset\test\NORMAL\normal_00321.png,NORMAL,NORMAL,1.0,True
g:\Ai-CDD\data\raw\dataset\test\NORMAL\normal_00322.png,NORMAL,NORMAL,1.0,True
g:\Ai-CDD\data\raw\dataset\test\NORMAL\normal_00323.png,NORMAL,NORMAL,0.9953,True
g:\Ai-CDD\data\raw\dataset\test\NORMAL\normal_00324.png,NORMAL,NORMAL,1.0,True
g:\Ai-CDD\data\raw\dataset\test\NORMAL\normal_00325.png,NORMAL,NORMAL,0.9999,True
g:\Ai-CDD\data\raw\dataset\test\NORMAL\normal_00326.png,NORMAL,NORMAL,1.0,True
g:\Ai-CDD\data\raw\dataset\test\NORMAL\normal_00327.png,NORMAL,NORMAL,1.0,True
g:\Ai-CDD\data\raw\dataset\test\NORMAL\normal_00328.png,NORMAL,NORMAL,1.0,True
g:\Ai-CDD\data\raw\dataset\test\NORMAL\normal_00329.png,NORMAL,NORMAL,1.0,True
g:\Ai-CDD\data\raw\dataset\test\NORMAL\normal_00330.png,NORMAL,NORMAL,1.0,True
g:\Ai-CDD\data\raw\dataset\test\NORMAL\normal_00331.png,NORMAL,NORMAL,1.0,True
g:\Ai-CDD\data\raw\dataset\test\NORMAL\normal_00332.png,NORMAL,NORMAL,1.0,True
g:\Ai-CDD\data\raw\dataset\test\NORMAL\normal_00333.png,NORMAL,NORMAL,0.9999,True
g:\Ai-CDD\data\raw\dataset\test\NORMAL\normal_00334.png,NORMAL,NORMAL,0.9999,True
g:\Ai-CDD\data\raw\dataset\test\NORMAL\normal_00335.png,NORMAL,NORMAL,1.0,True
g:\Ai-CDD\data\raw\dataset\test\NORMAL\normal_00336.png,NORMAL,NORMAL,1.0,True
g:\Ai-CDD\data\raw\dataset\test\NORMAL\normal_00337.png,NORMAL,NORMAL,1.0,True
g:\Ai-CDD\data\raw\dataset\test\NORMAL\normal_00338.png,NORMAL,NORMAL,1.0,True
g:\Ai-CDD\data\raw\dataset\test\NORMAL\normal_00339.png,NORMAL,NORMAL,0.9999,True
g:\Ai-CDD\data\raw\dataset\test\NORMAL\normal_00340.png,NORMAL,NORMAL,1.0,True
g:\Ai-CDD\data\raw\dataset\test\NORMAL\normal_00341.png,NORMAL,NORMAL,1.0,True
g:\Ai-CDD\data\raw\dataset\test\NORMAL\normal_00342.png,NORMAL,NORMAL,1.0,True
g:\Ai-CDD\data\raw\dataset\test\NORMAL\normal_00343.png,NORMAL,NORMAL,0.9999,True
g:\Ai-CDD\data\raw\dataset\test\NORMAL\normal_00344.png,NORMAL,NORMAL,1.0,True
g:\Ai-CDD\data\raw\dataset\test\NORMAL\normal_00345.png,NORMAL,NORMAL,1.0,True
g:\Ai-CDD\data\raw\dataset\test\NORMAL\normal_00346.png,NORMAL,NORMAL,0.9999,True
g:\Ai-CDD\data\raw\dataset\test\NORMAL\normal_00347.png,NORMAL,NORMAL,0.9999,True
g:\Ai-CDD\data\raw\dataset\test\NORMAL\normal_00348.png,NORMAL,NORMAL,1.0,True
g:\Ai-CDD\data\raw\dataset\test\NORMAL\normal_00349.png,NORMAL,NORMAL,1.0,True
g:\Ai-CDD\data\raw\dataset\test\NORMAL\normal_00350.png,NORMAL,NORMAL,0.9999,True
g:\Ai-CDD\data\raw\dataset\test\NORMAL\normal_00351.png,NORMAL,NORMAL,0.9999,True
g:\Ai-CDD\data\raw\dataset\test\NORMAL\normal_00352.png,NORMAL,NORMAL,0.9999,True
g:\Ai-CDD\data\raw\dataset\test\NORMAL\normal_00353.png,NORMAL,NORMAL,0.9999,True
g:\Ai-CDD\data\raw\dataset\test\NORMAL\normal_00354.png,NORMAL,NORMAL,1.0,True
g:\Ai-CDD\data\raw\dataset\test\NORMAL\normal_00355.png,NORMAL,NORMAL,1.0,True
g:\Ai-CDD\data\raw\dataset\test\NORMAL\normal_00356.png,NORMAL,NORMAL,1.0,True
g:\Ai-CDD\data\raw\dataset\test\NORMAL\normal_00357.png,NORMAL,NORMAL,1.0,True
g:\Ai-CDD\data\raw\dataset\test\NORMAL\normal_00358.png,NORMAL,NORMAL,1.0,True
g:\Ai-CDD\data\raw\dataset\test\NORMAL\normal_00359.png,NORMAL,NORMAL,1.0,True
g:\Ai-CDD\data\raw\dataset\test\NORMAL\normal_00360.png,NORMAL,NORMAL,1.0,True
g:\Ai-CDD\data\raw\dataset\test\NORMAL\normal_00361.png,NORMAL,NORMAL,0.9999,True
g:\Ai-CDD\data\raw\dataset\test\NORMAL\normal_00362.png,NORMAL,NORMAL,1.0,True
g:\Ai-CDD\data\raw\dataset\test\NORMAL\normal_00363.png,NORMAL,NORMAL,0.9999,True
g:\Ai-CDD\data\raw\dataset\test\NORMAL\normal_00364.png,NORMAL,NORMAL,1.0,True
g:\Ai-CDD\data\raw\dataset\test\NORMAL\normal_00365.png,NORMAL,NORMAL,1.0,True
g:\Ai-CDD\data\raw\dataset\test\NORMAL\normal_00366.png,NORMAL,NORMAL,1.0,True
g:\Ai-CDD\data\raw\dataset\test\NORMAL\normal_00367.png,NORMAL,NORMAL,0.9999,True
g:\Ai-CDD\data\raw\dataset\test\NORMAL\normal_00368.png,NORMAL,NORMAL,1.0,True
g:\Ai-CDD\data\raw\dataset\test\NORMAL\normal_00369.png,NORMAL,NORMAL,1.0,True
g:\Ai-CDD\data\raw\dataset\test\NORMAL\normal_00370.png,NORMAL,NORMAL,1.0,True
g:\Ai-CDD\data\raw\dataset\test\NORMAL\normal_00371.png,NORMAL,NORMAL,1.0,True
g:\Ai-CDD\data\raw\dataset\test\NORMAL\normal_00372.png,NORMAL,NORMAL,0.5909,True
g:\Ai-CDD\data\raw\dataset\test\NORMAL\normal_00373.png,NORMAL,NORMAL,1.0,True
g:\Ai-CDD\data\raw\dataset\test\NORMAL\normal_00374.png,NORMAL,NORMAL,0.9999,True
g:\Ai-CDD\data\raw\dataset\test\NORMAL\normal_00375.png,NORMAL,NORMAL,1.0,True
g:\Ai-CDD\data\raw\dataset\test\NORMAL\normal_00376.png,NORMAL,NORMAL,1.0,True
g:\Ai-CDD\data\raw\dataset\test\NORMAL\normal_00377.png,NORMAL,NORMAL,1.0,True
g:\Ai-CDD\data\raw\dataset\test\NORMAL\normal_00378.png,NORMAL,NORMAL,1.0,True
g:\Ai-CDD\data\raw\dataset\test\NORMAL\normal_00379.png,NORMAL,NORMAL,1.0,True
g:\Ai-CDD\data\raw\dataset\test\NORMAL\normal_00380.png,NORMAL,NORMAL,1.0,True
g:\Ai-CDD\data\raw\dataset\test\NORMAL\normal_00381.png,NORMAL,NORMAL,1.0,True
g:\Ai-CDD\data\raw\dataset\test\NORMAL\normal_00382.png,NORMAL,NORMAL,1.0,True
g:\Ai-CDD\data\raw\dataset\test\NORMAL\normal_00383.png,NORMAL,NORMAL,0.9999,True
g:\Ai-CDD\data\raw\dataset\test\NORMAL\normal_00384.png,NORMAL,NORMAL,1.0,True
g:\Ai-CDD\data\raw\dataset\test\NORMAL\normal_00385.png,NORMAL,NORMAL,1.0,True
g:\Ai-CDD\data\raw\dataset\test\NORMAL\normal_00386.png,NORMAL,TUBERCULOSIS,0.8785,False
g:\Ai-CDD\data\raw\dataset\test\NORMAL\normal_00387.png,NORMAL,NORMAL,1.0,True
g:\Ai-CDD\data\raw\dataset\test\NORMAL\normal_00388.png,NORMAL,NORMAL,1.0,True
g:\Ai-CDD\data\raw\dataset\test\NORMAL\normal_00389.png,NORMAL,NORMAL,1.0,True
g:\Ai-CDD\data\raw\dataset\test\NORMAL\normal_00390.png,NORMAL,NORMAL,1.0,True
g:\Ai-CDD\data\raw\dataset\test\NORMAL\normal_00391.png,NORMAL,NORMAL,0.9999,True
g:\Ai-CDD\data\raw\dataset\test\NORMAL\normal_00392.png,NORMAL,NORMAL,1.0,True
g:\Ai-CDD\data\raw\dataset\test\NORMAL\normal_00393.png,NORMAL,NORMAL,1.0,True
g:\Ai-CDD\data\raw\dataset\test\NORMAL\normal_00394.png,NORMAL,NORMAL,0.9996,True
g:\Ai-CDD\data\raw\dataset\test\NORMAL\normal_00395.png,NORMAL,NORMAL,0.9999,True
g:\Ai-CDD\data\raw\dataset\test\NORMAL\normal_00396.png,NORMAL,NORMAL,1.0,True
g:\Ai-CDD\data\raw\dataset\test\NORMAL\normal_00397.png,NORMAL,NORMAL,1.0,True
g:\Ai-CDD\data\raw\dataset\test\NORMAL\normal_00398.png,NORMAL,NORMAL,0.9999,True
g:\Ai-CDD\data\raw\dataset\test\NORMAL\normal_00399.png,NORMAL,NORMAL,1.0,True
g:\Ai-CDD\data\raw\dataset\test\NORMAL\normal_00400.png,NORMAL,NORMAL,0.5255,True
g:\Ai-CDD\data\raw\dataset\test\NORMAL\normal_00401.png,NORMAL,NORMAL,1.0,True
g:\Ai-CDD\data\raw\dataset\test\NORMAL\normal_00402.png,NORMAL,NORMAL,1.0,True
g:\Ai-CDD\data\raw\dataset\test\NORMAL\normal_00403.png,NORMAL,NORMAL,0.9999,True
g:\Ai-CDD\data\raw\dataset\test\NORMAL\normal_00404.png,NORMAL,NORMAL,1.0,True
g:\Ai-CDD\data\raw\dataset\test\NORMAL\normal_00405.png,NORMAL,NORMAL,1.0,True
g:\Ai-CDD\data\raw\dataset\test\NORMAL\normal_00406.png,NORMAL,NORMAL,1.0,True
g:\Ai-CDD\data\raw\dataset\test\NORMAL\normal_00407.png,NORMAL,NORMAL,1.0,True
g:\Ai-CDD\data\raw\dataset\test\NORMAL\normal_00408.png,NORMAL,NORMAL,0.9999,True
g:\Ai-CDD\data\raw\dataset\test\NORMAL\normal_00409.png,NORMAL,NORMAL,0.9998,True
g:\Ai-CDD\data\raw\dataset\test\NORMAL\normal_00410.png,NORMAL,NORMAL,1.0,True
g:\Ai-CDD\data\raw\dataset\test\NORMAL\normal_00411.png,NORMAL,NORMAL,0.9999,True
g:\Ai-CDD\data\raw\dataset\test\NORMAL\normal_00412.png,NORMAL,NORMAL,1.0,True
g:\Ai-CDD\data\raw\dataset\test\NORMAL\normal_00413.png,NORMAL,NORMAL,0.9999,True
g:\Ai-CDD\data\raw\dataset\test\NORMAL\normal_00414.png,NORMAL,NORMAL,1.0,True
g:\Ai-CDD\data\raw\dataset\test\NORMAL\normal_00415.png,NORMAL,NORMAL,1.0,True
g:\Ai-CDD\data\raw\dataset\test\NORMAL\normal_00416.png,NORMAL,NORMAL,1.0,True
g:\Ai-CDD\data\raw\dataset\test\NORMAL\normal_00417.png,NORMAL,NORMAL,0.9999,True
g:\Ai-CDD\data\raw\dataset\test\NORMAL\normal_00418.png,NORMAL,NORMAL,1.0,True
g:\Ai-CDD\data\raw\dataset\test\NORMAL\normal_00419.png,NORMAL,NORMAL,0.9995,True
g:\Ai-CDD\data\raw\dataset\test\NORMAL\normal_00420.png,NORMAL,NORMAL,1.0,True
g:\Ai-CDD\data\raw\dataset\test\NORMAL\normal_00421.png,NORMAL,TUBERCULOSIS,1.0,False
g:\Ai-CDD\data\raw\dataset\test\NORMAL\normal_00422.png,NORMAL,NORMAL,1.0,True
g:\Ai-CDD\data\raw\dataset\test\NORMAL\normal_00423.png,NORMAL,NORMAL,0.9999,True
g:\Ai-CDD\data\raw\dataset\test\NORMAL\normal_00424.png,NORMAL,NORMAL,1.0,True
g:\Ai-CDD\data\raw\dataset\test\NORMAL\normal_00425.png,NORMAL,NORMAL,1.0,True
g:\Ai-CDD\data\raw\dataset\test\NORMAL\normal_00426.png,NORMAL,NORMAL,1.0,True
g:\Ai-CDD\data\raw\dataset\test\NORMAL\normal_00427.png,NORMAL,NORMAL,1.0,True
g:\Ai-CDD\data\raw\dataset\test\NORMAL\normal_00428.png,NORMAL,NORMAL,1.0,True
g:\Ai-CDD\data\raw\dataset\test\NORMAL\normal_00429.png,NORMAL,NORMAL,0.9999,True
g:\Ai-CDD\data\raw\dataset\test\NORMAL\normal_00430.png,NORMAL,NORMAL,1.0,True
g:\Ai-CDD\data\raw\dataset\test\NORMAL\normal_00431.png,NORMAL,NORMAL,1.0,True
g:\Ai-CDD\data\raw\dataset\test\NORMAL\normal_00432.png,NORMAL,NORMAL,1.0,True
g:\Ai-CDD\data\raw\dataset\test\NORMAL\normal_00433.png,NORMAL,NORMAL,0.9999,True
g:\Ai-CDD\data\raw\dataset\test\NORMAL\normal_00434.png,NORMAL,NORMAL,1.0,True
g:\Ai-CDD\data\raw\dataset\test\NORMAL\normal_00435.png,NORMAL,NORMAL,1.0,True
g:\Ai-CDD\data\raw\dataset\test\NORMAL\normal_00436.png,NORMAL,NORMAL,1.0,True
g:\Ai-CDD\data\raw\dataset\test\NORMAL\normal_00437.png,NORMAL,NORMAL,1.0,True
g:\Ai-CDD\data\raw\dataset\test\NORMAL\normal_00438.png,NORMAL,NORMAL,1.0,True
g:\Ai-CDD\data\raw\dataset\test\NORMAL\normal_00439.png,NORMAL,NORMAL,0.9999,True
g:\Ai-CDD\data\raw\dataset\test\NORMAL\normal_00440.png,NORMAL,NORMAL,1.0,True
g:\Ai-CDD\data\raw\dataset\test\NORMAL\normal_00441.png,NORMAL,NORMAL,0.9999,True
g:\Ai-CDD\data\raw\dataset\test\NORMAL\normal_00442.png,NORMAL,NORMAL,1.0,True
g:\Ai-CDD\data\raw\dataset\test\NORMAL\normal_00443.png,NORMAL,NORMAL,1.0,True
g:\Ai-CDD\data\raw\dataset\test\NORMAL\normal_00444.png,NORMAL,NORMAL,1.0,True
g:\Ai-CDD\data\raw\dataset\test\NORMAL\normal_00445.png,NORMAL,NORMAL,1.0,True
g:\Ai-CDD\data\raw\dataset\test\NORMAL\normal_00446.png,NORMAL,NORMAL,1.0,True
g:\Ai-CDD\data\raw\dataset\test\NORMAL\normal_00447.png,NORMAL,NORMAL,0.9999,True
g:\Ai-CDD\data\raw\dataset\test\NORMAL\normal_00448.png,NORMAL,NORMAL,1.0,True
g:\Ai-CDD\data\raw\dataset\test\NORMAL\normal_00449.png,NORMAL,NORMAL,1.0,True
g:\Ai-CDD\data\raw\dataset\test\NORMAL\normal_00450.png,NORMAL,NORMAL,1.0,True
g:\Ai-CDD\data\raw\dataset\test\NORMAL\normal_00451.png,NORMAL,NORMAL,1.0,True
g:\Ai-CDD\data\raw\dataset\test\NORMAL\normal_00452.png,NORMAL,NORMAL,1.0,True
g:\Ai-CDD\data\raw\dataset\test\NORMAL\normal_00453.png,NORMAL,NORMAL,1.0,True
g:\Ai-CDD\data\raw\dataset\test\NORMAL\normal_00454.png,NORMAL,NORMAL,1.0,True
g:\Ai-CDD\data\raw\dataset\test\NORMAL\normal_00455.png,NORMAL,NORMAL,1.0,True
g:\Ai-CDD\data\raw\dataset\test\NORMAL\normal_00456.png,NORMAL,NORMAL,1.0,True
g:\Ai-CDD\data\raw\dataset\test\NORMAL\normal_00457.png,NORMAL,NORMAL,1.0,True
g:\Ai-CDD\data\raw\dataset\test\NORMAL\normal_00458.png,NORMAL,NORMAL,1.0,True
g:\Ai-CDD\data\raw\dataset\test\NORMAL\normal_00459.png,NORMAL,NORMAL,0.9998,True
g:\Ai-CDD\data\raw\dataset\test\NORMAL\normal_00460.png,NORMAL,NORMAL,1.0,True
g:\Ai-CDD\data\raw\dataset\test\NORMAL\normal_00461.png,NORMAL,NORMAL,0.9999,True
g:\Ai-CDD\data\raw\dataset\test\NORMAL\normal_00462.png,NORMAL,NORMAL,1.0,True
g:\Ai-CDD\data\raw\dataset\test\NORMAL\normal_00463.png,NORMAL,NORMAL,1.0,True
g:\Ai-CDD\data\raw\dataset\test\NORMAL\normal_00464.png,NORMAL,NORMAL,0.9998,True
g:\Ai-CDD\data\raw\dataset\test\NORMAL\normal_00465.png,NORMAL,NORMAL,0.9997,True
g:\Ai-CDD\data\raw\dataset\test\NORMAL\normal_00466.png,NORMAL,NORMAL,1.0,True
g:\Ai-CDD\data\raw\dataset\test\NORMAL\normal_00467.png,NORMAL,NORMAL,1.0,True
g:\Ai-CDD\data\raw\dataset\test\NORMAL\normal_00468.png,NORMAL,NORMAL,1.0,True
g:\Ai-CDD\data\raw\dataset\test\NORMAL\normal_00469.png,NORMAL,NORMAL,1.0,True
g:\Ai-CDD\data\raw\dataset\test\NORMAL\normal_00470.png,NORMAL,NORMAL,0.9999,True
g:\Ai-CDD\data\raw\dataset\test\NORMAL\normal_00471.png,NORMAL,NORMAL,1.0,True
g:\Ai-CDD\data\raw\dataset\test\NORMAL\normal_00472.png,NORMAL,NORMAL,1.0,True
g:\Ai-CDD\data\raw\dataset\test\NORMAL\normal_00473.png,NORMAL,NORMAL,1.0,True
g:\Ai-CDD\data\raw\dataset\test\NORMAL\normal_00474.png,NORMAL,NORMAL,1.0,True
g:\Ai-CDD\data\raw\dataset\test\NORMAL\normal_00475.png,NORMAL,NORMAL,0.9999,True
g:\Ai-CDD\data\raw\dataset\test\NORMAL\normal_00476.png,NORMAL,NORMAL,1.0,True
g:\Ai-CDD\data\raw\dataset\test\NORMAL\normal_00477.png,NORMAL,NORMAL,1.0,True
g:\Ai-CDD\data\raw\dataset\test\NORMAL\normal_00478.png,NORMAL,NORMAL,1.0,True
g:\Ai-CDD\data\raw\dataset\test\NORMAL\normal_00479.png,NORMAL,NORMAL,1.0,True
g:\Ai-CDD\data\raw\dataset\test\NORMAL\normal_00480.png,NORMAL,NORMAL,0.9933,True
g:\Ai-CDD\data\raw\dataset\test\NORMAL\normal_00481.png,NORMAL,NORMAL,1.0,True
g:\Ai-CDD\data\raw\dataset\test\NORMAL\normal_00482.png,NORMAL,NORMAL,1.0,True
g:\Ai-CDD\data\raw\dataset\test\NORMAL\normal_00483.png,NORMAL,NORMAL,1.0,True
g:\Ai-CDD\data\raw\dataset\test\NORMAL\normal_00484.png,NORMAL,NORMAL,1.0,True
g:\Ai-CDD\data\raw\dataset\test\NORMAL\normal_00485.png,NORMAL,NORMAL,1.0,True
g:\Ai-CDD\data\raw\dataset\test\NORMAL\normal_00486.png,NORMAL,NORMAL,1.0,True
g:\Ai-CDD\data\raw\dataset\test\NORMAL\normal_00487.png,NORMAL,NORMAL,0.9936,True
g:\Ai-CDD\data\raw\dataset\test\NORMAL\normal_00488.png,NORMAL,NORMAL,1.0,True
g:\Ai-CDD\data\raw\dataset\test\NORMAL\normal_00489.png,NORMAL,NORMAL,0.9528,True
g:\Ai-CDD\data\raw\dataset\test\NORMAL\normal_00490.png,NORMAL,NORMAL,1.0,True
g:\Ai-CDD\data\raw\dataset\test\NORMAL\normal_00491.png,NORMAL,NORMAL,1.0,True
g:\Ai-CDD\data\raw\dataset\test\NORMAL\normal_00492.png,NORMAL,TUBERCULOSIS,1.0,False
g:\Ai-CDD\data\raw\dataset\test\NORMAL\normal_00493.png,NORMAL,NORMAL,1.0,True
g:\Ai-CDD\data\raw\dataset\test\NORMAL\normal_00494.png,NORMAL,NORMAL,1.0,True
g:\Ai-CDD\data\raw\dataset\test\NORMAL\normal_00495.png,NORMAL,NORMAL,1.0,True
g:\Ai-CDD\data\raw\dataset\test\NORMAL\normal_00496.png,NORMAL,NORMAL,1.0,True
g:\Ai-CDD\data\raw\dataset\test\NORMAL\normal_00497.png,NORMAL,NORMAL,1.0,True
g:\Ai-CDD\data\raw\dataset\test\NORMAL\normal_00498.png,NORMAL,NORMAL,1.0,True
g:\Ai-CDD\data\raw\dataset\test\NORMAL\normal_00499.png,NORMAL,NORMAL,1.0,True
g:\Ai-CDD\data\raw\dataset\test\NORMAL\normal_00500.png,NORMAL,NORMAL,1.0,True
g:\Ai-CDD\data\raw\dataset\test\NORMAL\normal_00501.png,NORMAL,NORMAL,1.0,True
g:\Ai-CDD\data\raw\dataset\test\NORMAL\normal_00502.png,NORMAL,NORMAL,1.0,True
g:\Ai-CDD\data\raw\dataset\test\NORMAL\normal_00503.png,NORMAL,TUBERCULOSIS,1.0,False
g:\Ai-CDD\data\raw\dataset\test\NORMAL\normal_00504.png,NORMAL,NORMAL,0.9999,True
g:\Ai-CDD\data\raw\dataset\test\NORMAL\normal_00505.png,NORMAL,NORMAL,0.9999,True
g:\Ai-CDD\data\raw\dataset\test\NORMAL\normal_00506.png,NORMAL,NORMAL,0.9999,True
g:\Ai-CDD\data\raw\dataset\test\NORMAL\normal_00507.png,NORMAL,NORMAL,1.0,True
g:\Ai-CDD\data\raw\dataset\test\NORMAL\normal_00508.png,NORMAL,NORMAL,1.0,True
g:\Ai-CDD\data\raw\dataset\test\NORMAL\normal_00509.png,NORMAL,NORMAL,1.0,True
g:\Ai-CDD\data\raw\dataset\test\NORMAL\normal_00510.png,NORMAL,NORMAL,1.0,True
g:\Ai-CDD\data\raw\dataset\test\NORMAL\normal_00511.png,NORMAL,NORMAL,1.0,True
g:\Ai-CDD\data\raw\dataset\test\NORMAL\normal_00512.png,NORMAL,NORMAL,1.0,True
g:\Ai-CDD\data\raw\dataset\test\NORMAL\normal_00513.png,NORMAL,NORMAL,1.0,True
g:\Ai-CDD\data\raw\dataset\test\NORMAL\normal_00514.png,NORMAL,NORMAL,1.0,True
g:\Ai-CDD\data\raw\dataset\test\NORMAL\normal_00515.png,NORMAL,NORMAL,1.0,True
g:\Ai-CDD\data\raw\dataset\test\NORMAL\normal_00516.png,NORMAL,NORMAL,1.0,True
g:\Ai-CDD\data\raw\dataset\test\NORMAL\normal_00517.png,NORMAL,NORMAL,0.9999,True
g:\Ai-CDD\data\raw\dataset\test\NORMAL\normal_00518.png,NORMAL,NORMAL,1.0,True
g:\Ai-CDD\data\raw\dataset\test\NORMAL\normal_00519.png,NORMAL,NORMAL,1.0,True
g:\Ai-CDD\data\raw\dataset\test\NORMAL\normal_00520.png,NORMAL,NORMAL,1.0,True
g:\Ai-CDD\data\raw\dataset\test\NORMAL\normal_00521.png,NORMAL,TUBERCULOSIS,0.9995,False
g:\Ai-CDD\data\raw\dataset\test\NORMAL\normal_00522.png,NORMAL,NORMAL,1.0,True
g:\Ai-CDD\data\raw\dataset\test\NORMAL\normal_00523.png,NORMAL,NORMAL,0.9999,True
g:\Ai-CDD\data\raw\dataset\test\NORMAL\normal_00524.png,NORMAL,NORMAL,1.0,True
g:\Ai-CDD\data\raw\dataset\test\NORMAL\normal_00525.png,NORMAL,NORMAL,0.9487,True
g:\Ai-CDD\data\raw\dataset\test\NORMAL\normal_00526.png,NORMAL,NORMAL,1.0,True
g:\Ai-CDD\data\raw\dataset\test\NORMAL\normal_00527.png,NORMAL,NORMAL,1.0,True
g:\Ai-CDD\data\raw\dataset\test\NORMAL\normal_00528.png,NORMAL,NORMAL,1.0,True
g:\Ai-CDD\data\raw\dataset\test\NORMAL\normal_00529.png,NORMAL,NORMAL,1.0,True
g:\Ai-CDD\data\raw\dataset\test\NORMAL\normal_00530.png,NORMAL,NORMAL,1.0,True
g:\Ai-CDD\data\raw\dataset\test\NORMAL\normal_00531.png,NORMAL,NORMAL,1.0,True
g:\Ai-CDD\data\raw\dataset\test\NORMAL\normal_00532.png,NORMAL,NORMAL,1.0,True
g:\Ai-CDD\data\raw\dataset\test\NORMAL\normal_00533.png,NORMAL,NORMAL,1.0,True
g:\Ai-CDD\data\raw\dataset\test\NORMAL\normal_00534.png,NORMAL,NORMAL,1.0,True
g:\Ai-CDD\data\raw\dataset\test\NORMAL\normal_00535.png,NORMAL,NORMAL,1.0,True
g:\Ai-CDD\data\raw\dataset\test\NORMAL\normal_00536.png,NORMAL,NORMAL,1.0,True
g:\Ai-CDD\data\raw\dataset\test\NORMAL\normal_00537.png,NORMAL,NORMAL,1.0,True
g:\Ai-CDD\data\raw\dataset\test\NORMAL\normal_00538.png,NORMAL,NORMAL,1.0,True
g:\Ai-CDD\data\raw\dataset\test\NORMAL\normal_00539.png,NORMAL,NORMAL,1.0,True
g:\Ai-CDD\data\raw\dataset\test\NORMAL\normal_00540.png,NORMAL,NORMAL,1.0,True
g:\Ai-CDD\data\raw\dataset\test\NORMAL\normal_00541.png,NORMAL,NORMAL,1.0,True
g:\Ai-CDD\data\raw\dataset\test\NORMAL\normal_00542.png,NORMAL,NORMAL,1.0,True
g:\Ai-CDD\data\raw\dataset\test\NORMAL\normal_00543.png,NORMAL,NORMAL,1.0,True
g:\Ai-CDD\data\raw\dataset\test\NORMAL\normal_00544.png,NORMAL,NORMAL,1.0,True
g:\Ai-CDD\data\raw\dataset\test\NORMAL\normal_00545.png,NORMAL,NORMAL,1.0,True
g:\Ai-CDD\data\raw\dataset\test\NORMAL\normal_00546.png,NORMAL,NORMAL,1.0,True
g:\Ai-CDD\data\raw\dataset\test\NORMAL\normal_00547.png,NORMAL,NORMAL,1.0,True
g:\Ai-CDD\data\raw\dataset\test\NORMAL\normal_00548.png,NORMAL,NORMAL,1.0,True
g:\Ai-CDD\data\raw\dataset\test\NORMAL\normal_00549.png,NORMAL,NORMAL,1.0,True
g:\Ai-CDD\data\raw\dataset\test\NORMAL\normal_00550.png,NORMAL,NORMAL,1.0,True
g:\Ai-CDD\data\raw\dataset\test\NORMAL\normal_00551.png,NORMAL,NORMAL,1.0,True
g:\Ai-CDD\data\raw\dataset\test\NORMAL\normal_00552.png,NORMAL,NORMAL,1.0,True
g:\Ai-CDD\data\raw\dataset\test\NORMAL\normal_00553.png,NORMAL,NORMAL,1.0,True
g:\Ai-CDD\data\raw\dataset\test\NORMAL\normal_00554.png,NORMAL,NORMAL,1.0,True
g:\Ai-CDD\data\raw\dataset\test\NORMAL\normal_00555.png,NORMAL,NORMAL,1.0,True
g:\Ai-CDD\data\raw\dataset\test\NORMAL\normal_00556.png,NORMAL,NORMAL,1.0,True
g:\Ai-CDD\data\raw\dataset\test\NORMAL\normal_00557.png,NORMAL,NORMAL,1.0,True
g:\Ai-CDD\data\raw\dataset\test\NORMAL\normal_00558.png,NORMAL,NORMAL,1.0,True
g:\Ai-CDD\data\raw\dataset\test\NORMAL\normal_00559.png,NORMAL,NORMAL,1.0,True
g:\Ai-CDD\data\raw\dataset\test\NORMAL\normal_00560.png,NORMAL,NORMAL,1.0,True
g:\Ai-CDD\data\raw\dataset\test\NORMAL\normal_00561.png,NORMAL,NORMAL,1.0,True
g:\Ai-CDD\data\raw\dataset\test\NORMAL\normal_00562.png,NORMAL,NORMAL,1.0,True
g:\Ai-CDD\data\raw\dataset\test\NORMAL\normal_00563.png,NORMAL,NORMAL,1.0,True
g:\Ai-CDD\data\raw\dataset\test\NORMAL\normal_00564.png,NORMAL,NORMAL,1.0,True
g:\Ai-CDD\data\raw\dataset\test\NORMAL\normal_00565.png,NORMAL,NORMAL,1.0,True
g:\Ai-CDD\data\raw\dataset\test\NORMAL\normal_00566.png,NORMAL,NORMAL,1.0,True
g:\Ai-CDD\data\raw\dataset\test\NORMAL\normal_00567.png,NORMAL,NORMAL,1.0,True
g:\Ai-CDD\data\raw\dataset\test\NORMAL\normal_00568.png,NORMAL,NORMAL,1.0,True
g:\Ai-CDD\data\raw\dataset\test\NORMAL\normal_00569.png,NORMAL,NORMAL,1.0,True
g:\Ai-CDD\data\raw\dataset\test\NORMAL\normal_00570.png,NORMAL,NORMAL,1.0,True
g:\Ai-CDD\data\raw\dataset\test\NORMAL\normal_00571.png,NORMAL,NORMAL,1.0,True
g:\Ai-CDD\data\raw\dataset\test\NORMAL\normal_00572.png,NORMAL,NORMAL,1.0,True
g:\Ai-CDD\data\raw\dataset\test\NORMAL\normal_00573.png,NORMAL,NORMAL,1.0,True
g:\Ai-CDD\data\raw\dataset\test\NORMAL\normal_00574.png,NORMAL,NORMAL,1.0,True
g:\Ai-CDD\data\raw\dataset\test\NORMAL\normal_00575.png,NORMAL,NORMAL,0.9977,True
g:\Ai-CDD\data\raw\dataset\test\NORMAL\normal_00576.png,NORMAL,NORMAL,1.0,True
g:\Ai-CDD\data\raw\dataset\test\NORMAL\normal_00577.png,NORMAL,NORMAL,1.0,True
g:\Ai-CDD\data\raw\dataset\test\NORMAL\normal_00578.png,NORMAL,NORMAL,1.0,True
g:\Ai-CDD\data\raw\dataset\test\NORMAL\normal_00579.png,NORMAL,NORMAL,1.0,True
g:\Ai-CDD\data\raw\dataset\test\NORMAL\normal_00580.png,NORMAL,NORMAL,1.0,True
g:\Ai-CDD\data\raw\dataset\test\NORMAL\normal_00581.png,NORMAL,NORMAL,1.0,True
g:\Ai-CDD\data\raw\dataset\test\NORMAL\normal_00582.png,NORMAL,NORMAL,1.0,True
g:\Ai-CDD\data\raw\dataset\test\NORMAL\normal_00583.png,NORMAL,NORMAL,1.0,True
g:\Ai-CDD\data\raw\dataset\test\NORMAL\normal_00584.png,NORMAL,NORMAL,1.0,True
g:\Ai-CDD\data\raw\dataset\test\NORMAL\normal_00585.png,NORMAL,NORMAL,0.9991,True
g:\Ai-CDD\data\raw\dataset\test\NORMAL\normal_00586.png,NORMAL,NORMAL,1.0,True
g:\Ai-CDD\data\raw\dataset\test\NORMAL\normal_00587.png,NORMAL,NORMAL,1.0,True
g:\Ai-CDD\data\raw\dataset\test\NORMAL\normal_00588.png,NORMAL,NORMAL,1.0,True
g:\Ai-CDD\data\raw\dataset\test\NORMAL\normal_00589.png,NORMAL,NORMAL,0.9999,True
g:\Ai-CDD\data\raw\dataset\test\NORMAL\normal_00590.png,NORMAL,NORMAL,1.0,True
g:\Ai-CDD\data\raw\dataset\test\NORMAL\normal_00591.png,NORMAL,NORMAL,1.0,True
g:\Ai-CDD\data\raw\dataset\test\NORMAL\normal_00592.png,NORMAL,NORMAL,0.9999,True
g:\Ai-CDD\data\raw\dataset\test\NORMAL\normal_00593.png,NORMAL,NORMAL,1.0,True
g:\Ai-CDD\data\raw\dataset\test\NORMAL\normal_00594.png,NORMAL,NORMAL,1.0,True
g:\Ai-CDD\data\raw\dataset\test\NORMAL\normal_00595.png,NORMAL,NORMAL,1.0,True
g:\Ai-CDD\data\raw\dataset\test\NORMAL\normal_00596.png,NORMAL,NORMAL,1.0,True
g:\Ai-CDD\data\raw\dataset\test\NORMAL\normal_00597.png,NORMAL,NORMAL,1.0,True
g:\Ai-CDD\data\raw\dataset\test\NORMAL\normal_00598.png,NORMAL,NORMAL,1.0,True
g:\Ai-CDD\data\raw\dataset\test\NORMAL\normal_00599.png,NORMAL,NORMAL,1.0,True
g:\Ai-CDD\data\raw\dataset\test\NORMAL\normal_00600.png,NORMAL,NORMAL,1.0,True
g:\Ai-CDD\data\raw\dataset\test\NORMAL\normal_00601.png,NORMAL,NORMAL,1.0,True
g:\Ai-CDD\data\raw\dataset\test\NORMAL\normal_00602.png,NORMAL,NORMAL,1.0,True
g:\Ai-CDD\data\raw\dataset\test\NORMAL\normal_00603.png,NORMAL,NORMAL,1.0,True
g:\Ai-CDD\data\raw\dataset\test\NORMAL\normal_00604.png,NORMAL,NORMAL,1.0,True
g:\Ai-CDD\data\raw\dataset\test\NORMAL\normal_00605.png,NORMAL,NORMAL,1.0,True
g:\Ai-CDD\data\raw\dataset\test\NORMAL\normal_00606.png,NORMAL,NORMAL,0.9999,True
g:\Ai-CDD\data\raw\dataset\test\NORMAL\normal_00607.png,NORMAL,NORMAL,0.9994,True
g:\Ai-CDD\data\raw\dataset\test\NORMAL\normal_00608.png,NORMAL,NORMAL,1.0,True
g:\Ai-CDD\data\raw\dataset\test\NORMAL\normal_00609.png,NORMAL,NORMAL,1.0,True
g:\Ai-CDD\data\raw\dataset\test\NORMAL\normal_00610.png,NORMAL,NORMAL,0.9971,True
g:\Ai-CDD\data\raw\dataset\test\NORMAL\normal_00611.png,NORMAL,NORMAL,1.0,True
g:\Ai-CDD\data\raw\dataset\test\NORMAL\normal_00612.png,NORMAL,NORMAL,1.0,True
g:\Ai-CDD\data\raw\dataset\test\NORMAL\normal_00613.png,NORMAL,NORMAL,0.9999,True
g:\Ai-CDD\data\raw\dataset\test\NORMAL\normal_00614.png,NORMAL,NORMAL,1.0,True
g:\Ai-CDD\data\raw\dataset\test\NORMAL\normal_00615.png,NORMAL,NORMAL,1.0,True
g:\Ai-CDD\data\raw\dataset\test\NORMAL\normal_00616.png,NORMAL,NORMAL,0.9997,True
g:\Ai-CDD\data\raw\dataset\test\NORMAL\normal_00617.png,NORMAL,NORMAL,1.0,True
g:\Ai-CDD\data\raw\dataset\test\NORMAL\normal_00618.png,NORMAL,NORMAL,1.0,True
g:\Ai-CDD\data\raw\dataset\test\NORMAL\normal_00619.png,NORMAL,NORMAL,1.0,True
g:\Ai-CDD\data\raw\dataset\test\NORMAL\normal_00620.png,NORMAL,NORMAL,0.9999,True
g:\Ai-CDD\data\raw\dataset\test\NORMAL\normal_00621.png,NORMAL,NORMAL,0.9999,True
g:\Ai-CDD\data\raw\dataset\test\NORMAL\normal_00622.png,NORMAL,NORMAL,0.9713,True
g:\Ai-CDD\data\raw\dataset\test\NORMAL\normal_00623.png,NORMAL,NORMAL,1.0,True
g:\Ai-CDD\data\raw\dataset\test\NORMAL\normal_00624.png,NORMAL,NORMAL,1.0,True
g:\Ai-CDD\data\raw\dataset\test\NORMAL\normal_00625.png,NORMAL,NORMAL,1.0,True
g:\Ai-CDD\data\raw\dataset\test\NORMAL\normal_00626.png,NORMAL,NORMAL,1.0,True
g:\Ai-CDD\data\raw\dataset\test\NORMAL\normal_00627.png,NORMAL,NORMAL,1.0,True
g:\Ai-CDD\data\raw\dataset\test\NORMAL\normal_00628.png,NORMAL,NORMAL,1.0,True
g:\Ai-CDD\data\raw\dataset\test\NORMAL\normal_00629.png,NORMAL,NORMAL,1.0,True
g:\Ai-CDD\data\raw\dataset\test\NORMAL\normal_00630.png,NORMAL,NORMAL,1.0,True
g:\Ai-CDD\data\raw\dataset\test\NORMAL\normal_00631.png,NORMAL,NORMAL,1.0,True
g:\Ai-CDD\data\raw\dataset\test\NORMAL\normal_00632.png,NORMAL,NORMAL,0.9994,True
g:\Ai-CDD\data\raw\dataset\test\NORMAL\normal_00633.png,NORMAL,NORMAL,1.0,True
g:\Ai-CDD\data\raw\dataset\test\NORMAL\normal_00634.png,NORMAL,NORMAL,1.0,True
g:\Ai-CDD\data\raw\dataset\test\NORMAL\normal_00635.png,NORMAL,NORMAL,1.0,True
g:\Ai-CDD\data\raw\dataset\test\NORMAL\normal_00636.png,NORMAL,NORMAL,1.0,True
g:\Ai-CDD\data\raw\dataset\test\NORMAL\normal_00637.png,NORMAL,NORMAL,1.0,True
g:\Ai-CDD\data\raw\dataset\test\NORMAL\normal_00638.png,NORMAL,NORMAL,0.9999,True
g:\Ai-CDD\data\raw\dataset\test\NORMAL\normal_00639.png,NORMAL,NORMAL,1.0,True
g:\Ai-CDD\data\raw\dataset\test\NORMAL\normal_00640.png,NORMAL,NORMAL,1.0,True
g:\Ai-CDD\data\raw\dataset\test\NORMAL\normal_00641.png,NORMAL,NORMAL,1.0,True
g:\Ai-CDD\data\raw\dataset\test\NORMAL\normal_00642.png,NORMAL,NORMAL,1.0,True
g:\Ai-CDD\data\raw\dataset\test\NORMAL\normal_00643.png,NORMAL,NORMAL,1.0,True
g:\Ai-CDD\data\raw\dataset\test\NORMAL\normal_00644.png,NORMAL,NORMAL,1.0,True
g:\Ai-CDD\data\raw\dataset\test\NORMAL\normal_00645.png,NORMAL,NORMAL,1.0,True
g:\Ai-CDD\data\raw\dataset\test\NORMAL\normal_00646.png,NORMAL,NORMAL,1.0,True
g:\Ai-CDD\data\raw\dataset\test\NORMAL\normal_00647.png,NORMAL,NORMAL,1.0,True
g:\Ai-CDD\data\raw\dataset\test\NORMAL\normal_00648.png,NORMAL,NORMAL,1.0,True
g:\Ai-CDD\data\raw\dataset\test\NORMAL\normal_00649.png,NORMAL,NORMAL,1.0,True
g:\Ai-CDD\data\raw\dataset\test\NORMAL\normal_00650.png,NORMAL,NORMAL,1.0,True
g:\Ai-CDD\data\raw\dataset\test\NORMAL\normal_00651.png,NORMAL,NORMAL,1.0,True
g:\Ai-CDD\data\raw\dataset\test\NORMAL\normal_00652.png,NORMAL,NORMAL,1.0,True
g:\Ai-CDD\data\raw\dataset\test\NORMAL\normal_00653.png,NORMAL,NORMAL,1.0,True
g:\Ai-CDD\data\raw\dataset\test\NORMAL\normal_00654.png,NORMAL,NORMAL,1.0,True
g:\Ai-CDD\data\raw\dataset\test\NORMAL\normal_00655.png,NORMAL,NORMAL,1.0,True
g:\Ai-CDD\data\raw\dataset\test\NORMAL\normal_00656.png,NORMAL,NORMAL,0.9922,True
g:\Ai-CDD\data\raw\dataset\test\NORMAL\normal_00657.png,NORMAL,NORMAL,1.0,True
g:\Ai-CDD\data\raw\dataset\test\NORMAL\normal_00658.png,NORMAL,NORMAL,1.0,True
g:\Ai-CDD\data\raw\dataset\test\NORMAL\normal_00659.png,NORMAL,NORMAL,1.0,True
g:\Ai-CDD\data\raw\dataset\test\NORMAL\normal_00660.png,NORMAL,NORMAL,1.0,True
g:\Ai-CDD\data\raw\dataset\test\NORMAL\normal_00661.png,NORMAL,NORMAL,1.0,True
g:\Ai-CDD\data\raw\dataset\test\NORMAL\normal_00662.png,NORMAL,NORMAL,1.0,True
g:\Ai-CDD\data\raw\dataset\test\NORMAL\normal_00663.png,NORMAL,NORMAL,1.0,True
g:\Ai-CDD\data\raw\dataset\test\NORMAL\normal_00664.png,NORMAL,NORMAL,1.0,True
g:\Ai-CDD\data\raw\dataset\test\NORMAL\normal_00665.png,NORMAL,NORMAL,1.0,True
g:\Ai-CDD\data\raw\dataset\test\NORMAL\normal_00666.png,NORMAL,NORMAL,1.0,True
g:\Ai-CDD\data\raw\dataset\test\NORMAL\normal_00667.png,NORMAL,NORMAL,0.9998,True
g:\Ai-CDD\data\raw\dataset\test\NORMAL\normal_00668.png,NORMAL,NORMAL,1.0,True
g:\Ai-CDD\data\raw\dataset\test\NORMAL\normal_00669.png,NORMAL,NORMAL,1.0,True
g:\Ai-CDD\data\raw\dataset\test\NORMAL\normal_00670.png,NORMAL,NORMAL,1.0,True
g:\Ai-CDD\data\raw\dataset\test\NORMAL\normal_00671.png,NORMAL,NORMAL,1.0,True
g:\Ai-CDD\data\raw\dataset\test\NORMAL\normal_00672.png,NORMAL,NORMAL,1.0,True
g:\Ai-CDD\data\raw\dataset\test\NORMAL\normal_00673.png,NORMAL,NORMAL,1.0,True
g:\Ai-CDD\data\raw\dataset\test\NORMAL\normal_00674.png,NORMAL,NORMAL,1.0,True
g:\Ai-CDD\data\raw\dataset\test\NORMAL\normal_00675.png,NORMAL,NORMAL,1.0,True
g:\Ai-CDD\data\raw\dataset\test\NORMAL\normal_00676.png,NORMAL,NORMAL,1.0,True
g:\Ai-CDD\data\raw\dataset\test\NORMAL\normal_00677.png,NORMAL,NORMAL,1.0,True
g:\Ai-CDD\data\raw\dataset\test\NORMAL\normal_00678.png,NORMAL,NORMAL,1.0,True
g:\Ai-CDD\data\raw\dataset\test\NORMAL\normal_00679.png,NORMAL,NORMAL,1.0,True
g:\Ai-CDD\data\raw\dataset\test\NORMAL\normal_00680.png,NORMAL,NORMAL,1.0,True
g:\Ai-CDD\data\raw\dataset\test\NORMAL\normal_00681.png,NORMAL,NORMAL,1.0,True
g:\Ai-CDD\data\raw\dataset\test\NORMAL\normal_00682.png,NORMAL,NORMAL,1.0,True
g:\Ai-CDD\data\raw\dataset\test\NORMAL\normal_00683.png,NORMAL,NORMAL,1.0,True
g:\Ai-CDD\data\raw\dataset\test\NORMAL\normal_00684.png,NORMAL,NORMAL,1.0,True
g:\Ai-CDD\data\raw\dataset\test\NORMAL\normal_00685.png,NORMAL,NORMAL,1.0,True
g:\Ai-CDD\data\raw\dataset\test\NORMAL\normal_00686.png,NORMAL,NORMAL,1.0,True
g:\Ai-CDD\data\raw\dataset\test\NORMAL\normal_00687.png,NORMAL,NORMAL,1.0,True
g:\Ai-CDD\data\raw\dataset\test\NORMAL\normal_00688.png,NORMAL,NORMAL,1.0,True
g:\Ai-CDD\data\raw\dataset\test\NORMAL\normal_00689.png,NORMAL,NORMAL,1.0,True
g:\Ai-CDD\data\raw\dataset\test\NORMAL\normal_00690.png,NORMAL,NORMAL,1.0,True
g:\Ai-CDD\data\raw\dataset\test\NORMAL\normal_00691.png,NORMAL,NORMAL,1.0,True
g:\Ai-CDD\data\raw\dataset\test\NORMAL\normal_00692.png,NORMAL,NORMAL,1.0,True
g:\Ai-CDD\data\raw\dataset\test\NORMAL\normal_00693.png,NORMAL,NORMAL,1.0,True
g:\Ai-CDD\data\raw\dataset\test\NORMAL\normal_00694.png,NORMAL,NORMAL,1.0,True
g:\Ai-CDD\data\raw\dataset\test\NORMAL\normal_00695.png,NORMAL,NORMAL,1.0,True
g:\Ai-CDD\data\raw\dataset\test\NORMAL\normal_00696.png,NORMAL,NORMAL,1.0,True
g:\Ai-CDD\data\raw\dataset\test\NORMAL\normal_00697.png,NORMAL,NORMAL,1.0,True
g:\Ai-CDD\data\raw\dataset\test\NORMAL\normal_00698.png,NORMAL,NORMAL,1.0,True
g:\Ai-CDD\data\raw\dataset\test\NORMAL\normal_00699.png,NORMAL,NORMAL,1.0,True
g:\Ai-CDD\data\raw\dataset\test\NORMAL\normal_00700.png,NORMAL,NORMAL,1.0,True
g:\Ai-CDD\data\raw\dataset\test\NORMAL\normal_00701.png,NORMAL,NORMAL,1.0,True
g:\Ai-CDD\data\raw\dataset\test\NORMAL\normal_00702.png,NORMAL,NORMAL,1.0,True
g:\Ai-CDD\data\raw\dataset\test\NORMAL\normal_00703.png,NORMAL,NORMAL,1.0,True
g:\Ai-CDD\data\raw\dataset\test\NORMAL\normal_00704.png,NORMAL,NORMAL,1.0,True
g:\Ai-CDD\data\raw\dataset\test\NORMAL\normal_00705.png,NORMAL,NORMAL,1.0,True
g:\Ai-CDD\data\raw\dataset\test\NORMAL\normal_00706.png,NORMAL,NORMAL,1.0,True
g:\Ai-CDD\data\raw\dataset\test\NORMAL\normal_00707.png,NORMAL,NORMAL,1.0,True
g:\Ai-CDD\data\raw\dataset\test\NORMAL\normal_00708.png,NORMAL,NORMAL,1.0,True
g:\Ai-CDD\data\raw\dataset\test\NORMAL\normal_00709.png,NORMAL,NORMAL,1.0,True
g:\Ai-CDD\data\raw\dataset\test\NORMAL\normal_00710.png,NORMAL,NORMAL,1.0,True
g:\Ai-CDD\data\raw\dataset\test\NORMAL\normal_00711.png,NORMAL,NORMAL,1.0,True
g:\Ai-CDD\data\raw\dataset\test\NORMAL\normal_00712.png,NORMAL,NORMAL,1.0,True
g:\Ai-CDD\data\raw\dataset\test\NORMAL\normal_00713.png,NORMAL,NORMAL,1.0,True
g:\Ai-CDD\data\raw\dataset\test\NORMAL\normal_00714.png,NORMAL,NORMAL,1.0,True
g:\Ai-CDD\data\raw\dataset\test\NORMAL\normal_00715.png,NORMAL,NORMAL,1.0,True
g:\Ai-CDD\data\raw\dataset\test\NORMAL\normal_00716.png,NORMAL,NORMAL,1.0,True
g:\Ai-CDD\data\raw\dataset\test\NORMAL\normal_00717.png,NORMAL,NORMAL,1.0,True
g:\Ai-CDD\data\raw\dataset\test\NORMAL\normal_00718.png,NORMAL,NORMAL,1.0,True
g:\Ai-CDD\data\raw\dataset\test\NORMAL\normal_00719.png,NORMAL,NORMAL,1.0,True
g:\Ai-CDD\data\raw\dataset\test\NORMAL\normal_00720.png,NORMAL,NORMAL,1.0,True
g:\Ai-CDD\data\raw\dataset\test\NORMAL\normal_00721.png,NORMAL,NORMAL,1.0,True
g:\Ai-CDD\data\raw\dataset\test\NORMAL\normal_00722.png,NORMAL,NORMAL,1.0,True
g:\Ai-CDD\data\raw\dataset\test\NORMAL\normal_00723.png,NORMAL,NORMAL,1.0,True
g:\Ai-CDD\data\raw\dataset\test\NORMAL\normal_00724.png,NORMAL,NORMAL,1.0,True
g:\Ai-CDD\data\raw\dataset\test\NORMAL\normal_00725.png,NORMAL,NORMAL,1.0,True
g:\Ai-CDD\data\raw\dataset\test\NORMAL\normal_00726.png,NORMAL,NORMAL,1.0,True
g:\Ai-CDD\data\raw\dataset\test\NORMAL\normal_00727.png,NORMAL,NORMAL,1.0,True
g:\Ai-CDD\data\raw\dataset\test\NORMAL\normal_00728.png,NORMAL,NORMAL,1.0,True
g:\Ai-CDD\data\raw\dataset\test\NORMAL\normal_00729.png,NORMAL,NORMAL,1.0,True
g:\Ai-CDD\data\raw\dataset\test\NORMAL\normal_00730.png,NORMAL,NORMAL,1.0,True
g:\Ai-CDD\data\raw\dataset\test\NORMAL\normal_00731.png,NORMAL,NORMAL,1.0,True
g:\Ai-CDD\data\raw\dataset\test\NORMAL\normal_00732.png,NORMAL,NORMAL,1.0,True
g:\Ai-CDD\data\raw\dataset\test\NORMAL\normal_00733.png,NORMAL,NORMAL,1.0,True
g:\Ai-CDD\data\raw\dataset\test\NORMAL\normal_00734.png,NORMAL,NORMAL,0.9999,True
g:\Ai-CDD\data\raw\dataset\test\NORMAL\normal_00735.png,NORMAL,NORMAL,1.0,True
g:\Ai-CDD\data\raw\dataset\test\NORMAL\normal_00736.png,NORMAL,NORMAL,1.0,True
g:\Ai-CDD\data\raw\dataset\test\NORMAL\normal_00737.png,NORMAL,NORMAL,1.0,True
g:\Ai-CDD\data\raw\dataset\test\NORMAL\normal_00738.png,NORMAL,NORMAL,1.0,True
g:\Ai-CDD\data\raw\dataset\test\NORMAL\normal_00739.png,NORMAL,NORMAL,1.0,True
g:\Ai-CDD\data\raw\dataset\test\NORMAL\normal_00740.png,NORMAL,NORMAL,1.0,True
g:\Ai-CDD\data\raw\dataset\test\NORMAL\normal_00741.png,NORMAL,NORMAL,1.0,True
g:\Ai-CDD\data\raw\dataset\test\NORMAL\normal_00742.png,NORMAL,NORMAL,1.0,True
g:\Ai-CDD\data\raw\dataset\test\NORMAL\normal_00743.png,NORMAL,NORMAL,1.0,True
g:\Ai-CDD\data\raw\dataset\test\NORMAL\normal_00744.png,NORMAL,NORMAL,1.0,True
g:\Ai-CDD\data\raw\dataset\test\NORMAL\normal_00745.png,NORMAL,NORMAL,1.0,True
g:\Ai-CDD\data\raw\dataset\test\NORMAL\normal_00746.png,NORMAL,NORMAL,1.0,True
g:\Ai-CDD\data\raw\dataset\test\NORMAL\normal_00747.png,NORMAL,NORMAL,1.0,True
g:\Ai-CDD\data\raw\dataset\test\NORMAL\normal_00748.png,NORMAL,NORMAL,1.0,True
g:\Ai-CDD\data\raw\dataset\test\NORMAL\normal_00749.png,NORMAL,NORMAL,1.0,True
g:\Ai-CDD\data\raw\dataset\test\NORMAL\normal_00750.png,NORMAL,NORMAL,1.0,True
g:\Ai-CDD\data\raw\dataset\test\NORMAL\normal_00751.png,NORMAL,NORMAL,1.0,True
g:\Ai-CDD\data\raw\dataset\test\NORMAL\normal_00752.png,NORMAL,NORMAL,0.9999,True
g:\Ai-CDD\data\raw\dataset\test\NORMAL\normal_00753.png,NORMAL,NORMAL,1.0,True
g:\Ai-CDD\data\raw\dataset\test\NORMAL\normal_00754.png,NORMAL,NORMAL,1.0,True
g:\Ai-CDD\data\raw\dataset\test\NORMAL\normal_00755.png,NORMAL,NORMAL,1.0,True
g:\Ai-CDD\data\raw\dataset\test\NORMAL\normal_00756.png,NORMAL,NORMAL,1.0,True
g:\Ai-CDD\data\raw\dataset\test\NORMAL\normal_00757.png,NORMAL,NORMAL,1.0,True
g:\Ai-CDD\data\raw\dataset\test\NORMAL\normal_00758.png,NORMAL,NORMAL,1.0,True
g:\Ai-CDD\data\raw\dataset\test\NORMAL\normal_00759.png,NORMAL,NORMAL,1.0,True
g:\Ai-CDD\data\raw\dataset\test\NORMAL\normal_00760.png,NORMAL,NORMAL,1.0,True
g:\Ai-CDD\data\raw\dataset\test\NORMAL\normal_00761.png,NORMAL,NORMAL,1.0,True
g:\Ai-CDD\data\raw\dataset\test\NORMAL\normal_00762.png,NORMAL,NORMAL,1.0,True
g:\Ai-CDD\data\raw\dataset\test\NORMAL\normal_00763.png,NORMAL,NORMAL,1.0,True
g:\Ai-CDD\data\raw\dataset\test\NORMAL\normal_00764.png,NORMAL,NORMAL,1.0,True
g:\Ai-CDD\data\raw\dataset\test\NORMAL\normal_00765.png,NORMAL,NORMAL,1.0,True
g:\Ai-CDD\data\raw\dataset\test\NORMAL\normal_00766.png,NORMAL,NORMAL,1.0,True
g:\Ai-CDD\data\raw\dataset\test\NORMAL\normal_00767.png,NORMAL,NORMAL,1.0,True
g:\Ai-CDD\data\raw\dataset\test\NORMAL\normal_00768.png,NORMAL,NORMAL,1.0,True
g:\Ai-CDD\data\raw\dataset\test\NORMAL\normal_00769.png,NORMAL,NORMAL,1.0,True
g:\Ai-CDD\data\raw\dataset\test\NORMAL\normal_00770.png,NORMAL,NORMAL,1.0,True
g:\Ai-CDD\data\raw\dataset\test\NORMAL\normal_00771.png,NORMAL,NORMAL,1.0,True
g:\Ai-CDD\data\raw\dataset\test\NORMAL\normal_00772.png,NORMAL,NORMAL,1.0,True
g:\Ai-CDD\data\raw\dataset\test\NORMAL\normal_00773.png,NORMAL,NORMAL,0.9999,True
g:\Ai-CDD\data\raw\dataset\test\NORMAL\normal_00774.png,NORMAL,NORMAL,1.0,True
g:\Ai-CDD\data\raw\dataset\test\NORMAL\normal_00775.png,NORMAL,NORMAL,1.0,True
g:\Ai-CDD\data\raw\dataset\test\NORMAL\normal_00776.png,NORMAL,NORMAL,0.9999,True
g:\Ai-CDD\data\raw\dataset\test\NORMAL\normal_00777.png,NORMAL,NORMAL,1.0,True
g:\Ai-CDD\data\raw\dataset\test\NORMAL\normal_00778.png,NORMAL,NORMAL,1.0,True
g:\Ai-CDD\data\raw\dataset\test\NORMAL\normal_00779.png,NORMAL,NORMAL,1.0,True
g:\Ai-CDD\data\raw\dataset\test\NORMAL\normal_00780.png,NORMAL,NORMAL,1.0,True
g:\Ai-CDD\data\raw\dataset\test\NORMAL\normal_00781.png,NORMAL,NORMAL,1.0,True
g:\Ai-CDD\data\raw\dataset\test\NORMAL\normal_00782.png,NORMAL,NORMAL,1.0,True
g:\Ai-CDD\data\raw\dataset\test\NORMAL\normal_00783.png,NORMAL,NORMAL,1.0,True
g:\Ai-CDD\data\raw\dataset\test\NORMAL\normal_00784.png,NORMAL,NORMAL,1.0,True
g:\Ai-CDD\data\raw\dataset\test\NORMAL\normal_00785.png,NORMAL,NORMAL,1.0,True
g:\Ai-CDD\data\raw\dataset\test\NORMAL\normal_00786.png,NORMAL,NORMAL,0.9999,True
g:\Ai-CDD\data\raw\dataset\test\NORMAL\normal_00787.png,NORMAL,NORMAL,1.0,True
g:\Ai-CDD\data\raw\dataset\test\NORMAL\normal_00788.png,NORMAL,NORMAL,1.0,True
g:\Ai-CDD\data\raw\dataset\test\NORMAL\normal_00789.png,NORMAL,NORMAL,1.0,True
g:\Ai-CDD\data\raw\dataset\test\NORMAL\normal_00790.png,NORMAL,NORMAL,1.0,True
g:\Ai-CDD\data\raw\dataset\test\NORMAL\normal_00791.png,NORMAL,NORMAL,1.0,True
g:\Ai-CDD\data\raw\dataset\test\NORMAL\normal_00792.png,NORMAL,NORMAL,1.0,True
g:\Ai-CDD\data\raw\dataset\test\NORMAL\normal_00793.png,NORMAL,NORMAL,1.0,True
g:\Ai-CDD\data\raw\dataset\test\NORMAL\normal_00794.png,NORMAL,NORMAL,1.0,True
g:\Ai-CDD\data\raw\dataset\test\NORMAL\normal_00795.png,NORMAL,NORMAL,1.0,True
g:\Ai-CDD\data\raw\dataset\test\NORMAL\normal_00796.png,NORMAL,NORMAL,1.0,True
g:\Ai-CDD\data\raw\dataset\test\NORMAL\normal_00797.png,NORMAL,NORMAL,1.0,True
g:\Ai-CDD\data\raw\dataset\test\NORMAL\normal_00798.png,NORMAL,NORMAL,1.0,True
g:\Ai-CDD\data\raw\dataset\test\NORMAL\normal_00799.png,NORMAL,NORMAL,1.0,True
g:\Ai-CDD\data\raw\dataset\test\NORMAL\normal_00800.png,NORMAL,NORMAL,1.0,True
g:\Ai-CDD\data\raw\dataset\test\NORMAL\normal_00801.png,NORMAL,NORMAL,1.0,True
g:\Ai-CDD\data\raw\dataset\test\NORMAL\normal_00802.png,NORMAL,NORMAL,1.0,True
g:\Ai-CDD\data\raw\dataset\test\NORMAL\normal_00803.png,NORMAL,NORMAL,1.0,True
g:\Ai-CDD\data\raw\dataset\test\NORMAL\normal_00804.png,NORMAL,NORMAL,1.0,True
g:\Ai-CDD\data\raw\dataset\test\NORMAL\normal_00805.png,NORMAL,NORMAL,1.0,True
g:\Ai-CDD\data\raw\dataset\test\NORMAL\normal_00806.png,NORMAL,NORMAL,1.0,True
g:\Ai-CDD\data\raw\dataset\test\NORMAL\normal_00807.png,NORMAL,NORMAL,1.0,True
g:\Ai-CDD\data\raw\dataset\test\NORMAL\normal_00808.png,NORMAL,NORMAL,1.0,True
g:\Ai-CDD\data\raw\dataset\test\NORMAL\normal_00809.png,NORMAL,NORMAL,1.0,True
g:\Ai-CDD\data\raw\dataset\test\NORMAL\normal_00810.png,NORMAL,NORMAL,1.0,True
g:\Ai-CDD\data\raw\dataset\test\NORMAL\normal_00811.png,NORMAL,NORMAL,1.0,True
g:\Ai-CDD\data\raw\dataset\test\NORMAL\normal_00812.png,NORMAL,NORMAL,1.0,True
g:\Ai-CDD\data\raw\dataset\test\NORMAL\normal_00813.png,NORMAL,NORMAL,1.0,True
g:\Ai-CDD\data\raw\dataset\test\NORMAL\normal_00814.png,NORMAL,NORMAL,1.0,True
g:\Ai-CDD\data\raw\dataset\test\NORMAL\normal_00815.png,NORMAL,NORMAL,1.0,True
g:\Ai-CDD\data\raw\dataset\test\NORMAL\normal_00816.png,NORMAL,NORMAL,1.0,True
g:\Ai-CDD\data\raw\dataset\test\NORMAL\normal_00817.png,NORMAL,NORMAL,1.0,True
g:\Ai-CDD\data\raw\dataset\test\NORMAL\normal_00818.png,NORMAL,NORMAL,1.0,True
g:\Ai-CDD\data\raw\dataset\test\NORMAL\normal_00819.png,NORMAL,NORMAL,1.0,True
g:\Ai-CDD\data\raw\dataset\test\NORMAL\normal_00820.png,NORMAL,NORMAL,1.0,True
g:\Ai-CDD\data\raw\dataset\test\NORMAL\normal_00821.png,NORMAL,NORMAL,1.0,True
g:\Ai-CDD\data\raw\dataset\test\NORMAL\normal_00822.png,NORMAL,NORMAL,0.9999,True
g:\Ai-CDD\data\raw\dataset\test\NORMAL\normal_00823.png,NORMAL,NORMAL,1.0,True
g:\Ai-CDD\data\raw\dataset\test\NORMAL\normal_00824.png,NORMAL,NORMAL,0.9999,True
g:\Ai-CDD\data\raw\dataset\test\NORMAL\normal_00825.png,NORMAL,NORMAL,1.0,True
g:\Ai-CDD\data\raw\dataset\test\NORMAL\normal_00826.png,NORMAL,NORMAL,1.0,True
g:\Ai-CDD\data\raw\dataset\test\NORMAL\normal_00827.png,NORMAL,NORMAL,1.0,True
g:\Ai-CDD\data\raw\dataset\test\NORMAL\normal_00828.png,NORMAL,NORMAL,1.0,True
g:\Ai-CDD\data\raw\dataset\test\NORMAL\normal_00829.png,NORMAL,NORMAL,1.0,True
g:\Ai-CDD\data\raw\dataset\test\NORMAL\normal_00830.png,NORMAL,NORMAL,1.0,True
g:\Ai-CDD\data\raw\dataset\test\NORMAL\normal_00831.png,NORMAL,NORMAL,1.0,True
g:\Ai-CDD\data\raw\dataset\test\NORMAL\normal_00832.png,NORMAL,NORMAL,1.0,True
g:\Ai-CDD\data\raw\dataset\test\NORMAL\normal_00833.png,NORMAL,NORMAL,1.0,True
g:\Ai-CDD\data\raw\dataset\test\NORMAL\normal_00834.png,NORMAL,NORMAL,0.9999,True
g:\Ai-CDD\data\raw\dataset\test\NORMAL\normal_00835.png,NORMAL,NORMAL,1.0,True
g:\Ai-CDD\data\raw\dataset\test\NORMAL\normal_00836.png,NORMAL,NORMAL,1.0,True
g:\Ai-CDD\data\raw\dataset\test\NORMAL\normal_00837.png,NORMAL,NORMAL,1.0,True
g:\Ai-CDD\data\raw\dataset\test\NORMAL\normal_00838.png,NORMAL,NORMAL,1.0,True
g:\Ai-CDD\data\raw\dataset\test\NORMAL\normal_00839.png,NORMAL,NORMAL,1.0,True
g:\Ai-CDD\data\raw\dataset\test\NORMAL\normal_00840.png,NORMAL,NORMAL,1.0,True
g:\Ai-CDD\data\raw\dataset\test\NORMAL\normal_00841.png,NORMAL,NORMAL,1.0,True
g:\Ai-CDD\data\raw\dataset\test\NORMAL\normal_00842.png,NORMAL,NORMAL,1.0,True
g:\Ai-CDD\data\raw\dataset\test\NORMAL\normal_00843.png,NORMAL,NORMAL,1.0,True
g:\Ai-CDD\data\raw\dataset\test\NORMAL\normal_00844.png,NORMAL,NORMAL,1.0,True
g:\Ai-CDD\data\raw\dataset\test\NORMAL\normal_00845.png,NORMAL,NORMAL,1.0,True
g:\Ai-CDD\data\raw\dataset\test\NORMAL\normal_00846.png,NORMAL,NORMAL,1.0,True
g:\Ai-CDD\data\raw\dataset\test\NORMAL\normal_00847.png,NORMAL,NORMAL,1.0,True
g:\Ai-CDD\data\raw\dataset\test\NORMAL\normal_00848.png,NORMAL,NORMAL,1.0,True
g:\Ai-CDD\data\raw\dataset\test\NORMAL\normal_00849.png,NORMAL,NORMAL,0.9826,True
g:\Ai-CDD\data\raw\dataset\test\NORMAL\normal_00850.png,NORMAL,NORMAL,1.0,True
g:\Ai-CDD\data\raw\dataset\test\NORMAL\normal_00851.png,NORMAL,NORMAL,1.0,True
g:\Ai-CDD\data\raw\dataset\test\NORMAL\normal_00852.png,NORMAL,NORMAL,1.0,True
g:\Ai-CDD\data\raw\dataset\test\NORMAL\normal_00853.png,NORMAL,NORMAL,1.0,True
g:\Ai-CDD\data\raw\dataset\test\NORMAL\normal_00854.png,NORMAL,NORMAL,1.0,True
g:\Ai-CDD\data\raw\dataset\test\NORMAL\normal_00855.png,NORMAL,NORMAL,1.0,True
g:\Ai-CDD\data\raw\dataset\test\NORMAL\normal_00856.png,NORMAL,NORMAL,1.0,True
g:\Ai-CDD\data\raw\dataset\test\NORMAL\normal_00857.png,NORMAL,NORMAL,1.0,True
g:\Ai-CDD\data\raw\dataset\test\NORMAL\normal_00858.png,NORMAL,NORMAL,1.0,True
g:\Ai-CDD\data\raw\dataset\test\NORMAL\normal_00859.png,NORMAL,NORMAL,0.9999,True
g:\Ai-CDD\data\raw\dataset\test\NORMAL\normal_00860.png,NORMAL,NORMAL,1.0,True
g:\Ai-CDD\data\raw\dataset\test\NORMAL\normal_00861.png,NORMAL,NORMAL,1.0,True
g:\Ai-CDD\data\raw\dataset\test\NORMAL\normal_00862.png,NORMAL,NORMAL,0.9512,True
g:\Ai-CDD\data\raw\dataset\test\NORMAL\normal_00863.png,NORMAL,NORMAL,1.0,True
g:\Ai-CDD\data\raw\dataset\test\NORMAL\normal_00864.png,NORMAL,NORMAL,1.0,True
g:\Ai-CDD\data\raw\dataset\test\NORMAL\normal_00865.png,NORMAL,NORMAL,1.0,True
g:\Ai-CDD\data\raw\dataset\test\NORMAL\normal_00866.png,NORMAL,NORMAL,1.0,True
g:\Ai-CDD\data\raw\dataset\test\NORMAL\normal_00867.png,NORMAL,NORMAL,1.0,True
g:\Ai-CDD\data\raw\dataset\test\NORMAL\normal_00868.png,NORMAL,NORMAL,1.0,True
g:\Ai-CDD\data\raw\dataset\test\NORMAL\normal_00869.png,NORMAL,NORMAL,1.0,True
g:\Ai-CDD\data\raw\dataset\test\NORMAL\normal_00870.png,NORMAL,NORMAL,1.0,True
g:\Ai-CDD\data\raw\dataset\test\NORMAL\normal_00871.png,NORMAL,NORMAL,1.0,True
g:\Ai-CDD\data\raw\dataset\test\NORMAL\normal_00872.png,NORMAL,NORMAL,1.0,True
g:\Ai-CDD\data\raw\dataset\test\NORMAL\normal_00873.png,NORMAL,NORMAL,1.0,True
g:\Ai-CDD\data\raw\dataset\test\NORMAL\normal_00874.png,NORMAL,NORMAL,1.0,True
g:\Ai-CDD\data\raw\dataset\test\NORMAL\normal_00875.png,NORMAL,NORMAL,1.0,True
g:\Ai-CDD\data\raw\dataset\test\NORMAL\normal_00876.png,NORMAL,NORMAL,1.0,True
g:\Ai-CDD\data\raw\dataset\test\NORMAL\normal_00877.png,NORMAL,NORMAL,1.0,True
g:\Ai-CDD\data\raw\dataset\test\NORMAL\normal_00878.png,NORMAL,NORMAL,1.0,True
g:\Ai-CDD\data\raw\dataset\test\NORMAL\normal_00879.png,NORMAL,NORMAL,1.0,True
g:\Ai-CDD\data\raw\dataset\test\NORMAL\normal_00880.png,NORMAL,NORMAL,1.0,True
g:\Ai-CDD\data\raw\dataset\test\NORMAL\normal_00881.png,NORMAL,NORMAL,1.0,True
g:\Ai-CDD\data\raw\dataset\test\NORMAL\normal_00882.png,NORMAL,NORMAL,1.0,True
g:\Ai-CDD\data\raw\dataset\test\NORMAL\normal_00883.png,NORMAL,NORMAL,1.0,True
g:\Ai-CDD\data\raw\dataset\test\NORMAL\normal_00884.png,NORMAL,NORMAL,1.0,True
g:\Ai-CDD\data\raw\dataset\test\NORMAL\normal_00885.png,NORMAL,NORMAL,1.0,True
g:\Ai-CDD\data\raw\dataset\test\NORMAL\normal_00886.png,NORMAL,NORMAL,1.0,True
g:\Ai-CDD\data\raw\dataset\test\NORMAL\normal_00887.png,NORMAL,NORMAL,1.0,True
g:\Ai-CDD\data\raw\dataset\test\NORMAL\normal_00888.png,NORMAL,NORMAL,1.0,True
g:\Ai-CDD\data\raw\dataset\test\NORMAL\normal_00889.png,NORMAL,NORMAL,0.9971,True
g:\Ai-CDD\data\raw\dataset\test\NORMAL\normal_00890.png,NORMAL,NORMAL,1.0,True
g:\Ai-CDD\data\raw\dataset\test\NORMAL\normal_00891.png,NORMAL,NORMAL,0.9713,True
g:\Ai-CDD\data\raw\dataset\test\NORMAL\normal_00892.png,NORMAL,NORMAL,1.0,True
g:\Ai-CDD\data\raw\dataset\test\NORMAL\normal_00893.png,NORMAL,NORMAL,0.9994,True
g:\Ai-CDD\data\raw\dataset\test\NORMAL\normal_00894.png,NORMAL,NORMAL,1.0,True
g:\Ai-CDD\data\raw\dataset\test\NORMAL\normal_00895.png,NORMAL,NORMAL,1.0,True
g:\Ai-CDD\data\raw\dataset\test\NORMAL\normal_00896.png,NORMAL,NORMAL,1.0,True
g:\Ai-CDD\data\raw\dataset\test\NORMAL\normal_00897.png,NORMAL,NORMAL,1.0,True
g:\Ai-CDD\data\raw\dataset\test\NORMAL\normal_00898.png,NORMAL,NORMAL,1.0,True
g:\Ai-CDD\data\raw\dataset\test\NORMAL\normal_00899.png,NORMAL,NORMAL,1.0,True
g:\Ai-CDD\data\raw\dataset\test\NORMAL\normal_00900.png,NORMAL,NORMAL,1.0,True
g:\Ai-CDD\data\raw\dataset\test\NORMAL\normal_00901.png,NORMAL,NORMAL,1.0,True
g:\Ai-CDD\data\raw\dataset\test\NORMAL\normal_00902.png,NORMAL,NORMAL,1.0,True
g:\Ai-CDD\data\raw\dataset\test\NORMAL\normal_00903.png,NORMAL,NORMAL,1.0,True
g:\Ai-CDD\data\raw\dataset\test\NORMAL\normal_00904.png,NORMAL,NORMAL,1.0,True
g:\Ai-CDD\data\raw\dataset\test\NORMAL\normal_00905.png,NORMAL,NORMAL,1.0,True
g:\Ai-CDD\data\raw\dataset\test\NORMAL\normal_00906.png,NORMAL,NORMAL,1.0,True
g:\Ai-CDD\data\raw\dataset\test\NORMAL\normal_00907.png,NORMAL,NORMAL,1.0,True
g:\Ai-CDD\data\raw\dataset\test\NORMAL\normal_00908.png,NORMAL,NORMAL,1.0,True
g:\Ai-CDD\data\raw\dataset\test\NORMAL\normal_00909.png,NORMAL,NORMAL,1.0,True
g:\Ai-CDD\data\raw\dataset\test\NORMAL\normal_00910.png,NORMAL,NORMAL,1.0,True
g:\Ai-CDD\data\raw\dataset\test\NORMAL\normal_00911.png,NORMAL,NORMAL,0.9999,True
g:\Ai-CDD\data\raw\dataset\test\NORMAL\normal_00912.png,NORMAL,NORMAL,1.0,True
g:\Ai-CDD\data\raw\dataset\test\NORMAL\normal_00913.png,NORMAL,NORMAL,1.0,True
g:\Ai-CDD\data\raw\dataset\test\NORMAL\normal_00914.png,NORMAL,NORMAL,0.9999,True
g:\Ai-CDD\data\raw\dataset\test\NORMAL\normal_00915.png,NORMAL,NORMAL,1.0,True
g:\Ai-CDD\data\raw\dataset\test\NORMAL\normal_00916.png,NORMAL,NORMAL,1.0,True
g:\Ai-CDD\data\raw\dataset\test\NORMAL\normal_00917.png,NORMAL,NORMAL,1.0,True
g:\Ai-CDD\data\raw\dataset\test\NORMAL\normal_00918.png,NORMAL,NORMAL,1.0,True
g:\Ai-CDD\data\raw\dataset\test\NORMAL\normal_00919.png,NORMAL,NORMAL,1.0,True
g:\Ai-CDD\data\raw\dataset\test\NORMAL\normal_00920.png,NORMAL,NORMAL,1.0,True
g:\Ai-CDD\data\raw\dataset\test\NORMAL\normal_00921.png,NORMAL,NORMAL,1.0,True
g:\Ai-CDD\data\raw\dataset\test\NORMAL\normal_00922.png,NORMAL,NORMAL,1.0,True
g:\Ai-CDD\data\raw\dataset\test\NORMAL\normal_00923.png,NORMAL,NORMAL,1.0,True
g:\Ai-CDD\data\raw\dataset\test\NORMAL\normal_00924.png,NORMAL,NORMAL,1.0,True
g:\Ai-CDD\data\raw\dataset\test\NORMAL\normal_00925.png,NORMAL,NORMAL,0.9999,True
g:\Ai-CDD\data\raw\dataset\test\NORMAL\normal_00926.png,NORMAL,NORMAL,1.0,True
g:\Ai-CDD\data\raw\dataset\test\NORMAL\normal_00927.png,NORMAL,NORMAL,1.0,True
g:\Ai-CDD\data\raw\dataset\test\NORMAL\normal_00928.png,NORMAL,NORMAL,1.0,True
g:\Ai-CDD\data\raw\dataset\test\NORMAL\normal_00929.png,NORMAL,NORMAL,1.0,True
g:\Ai-CDD\data\raw\dataset\test\NORMAL\normal_00930.png,NORMAL,NORMAL,1.0,True
g:\Ai-CDD\data\raw\dataset\test\NORMAL\normal_00931.png,NORMAL,NORMAL,1.0,True
g:\Ai-CDD\data\raw\dataset\test\NORMAL\normal_00932.png,NORMAL,NORMAL,1.0,True
g:\Ai-CDD\data\raw\dataset\test\NORMAL\normal_00933.png,NORMAL,NORMAL,1.0,True
g:\Ai-CDD\data\raw\dataset\test\NORMAL\normal_00934.png,NORMAL,NORMAL,0.9971,True
g:\Ai-CDD\data\raw\dataset\test\NORMAL\normal_00935.png,NORMAL,NORMAL,1.0,True
g:\Ai-CDD\data\raw\dataset\test\NORMAL\normal_00936.png,NORMAL,NORMAL,1.0,True
g:\Ai-CDD\data\raw\dataset\test\NORMAL\normal_00937.png,NORMAL,NORMAL,1.0,True
g:\Ai-CDD\data\raw\dataset\test\NORMAL\normal_00938.png,NORMAL,NORMAL,1.0,True
g:\Ai-CDD\data\raw\dataset\test\NORMAL\normal_00939.png,NORMAL,NORMAL,0.9999,True
g:\Ai-CDD\data\raw\dataset\test\NORMAL\normal_00940.png,NORMAL,NORMAL,1.0,True
g:\Ai-CDD\data\raw\dataset\test\NORMAL\normal_00941.png,NORMAL,NORMAL,1.0,True
g:\Ai-CDD\data\raw\dataset\test\NORMAL\normal_00942.png,NORMAL,NORMAL,1.0,True
g:\Ai-CDD\data\raw\dataset\test\NORMAL\normal_00943.png,NORMAL,NORMAL,1.0,True
g:\Ai-CDD\data\raw\dataset\test\NORMAL\normal_00944.png,NORMAL,NORMAL,1.0,True
g:\Ai-CDD\data\raw\dataset\test\NORMAL\normal_00945.png,NORMAL,NORMAL,1.0,True
g:\Ai-CDD\data\raw\dataset\test\NORMAL\normal_00946.png,NORMAL,NORMAL,1.0,True
g:\Ai-CDD\data\raw\dataset\test\NORMAL\normal_00947.png,NORMAL,NORMAL,1.0,True
g:\Ai-CDD\data\raw\dataset\test\NORMAL\normal_00948.png,NORMAL,NORMAL,1.0,True
g:\Ai-CDD\data\raw\dataset\test\NORMAL\normal_00949.png,NORMAL,NORMAL,1.0,True
g:\Ai-CDD\data\raw\dataset\test\NORMAL\normal_00950.png,NORMAL,NORMAL,1.0,True
g:\Ai-CDD\data\raw\dataset\test\NORMAL\normal_00951.png,NORMAL,NORMAL,1.0,True
g:\Ai-CDD\data\raw\dataset\test\NORMAL\normal_00952.png,NORMAL,NORMAL,1.0,True
g:\Ai-CDD\data\raw\dataset\test\NORMAL\normal_00953.png,NORMAL,NORMAL,1.0,True
g:\Ai-CDD\data\raw\dataset\test\NORMAL\normal_00954.png,NORMAL,NORMAL,0.9999,True
g:\Ai-CDD\data\raw\dataset\test\NORMAL\normal_00955.png,NORMAL,NORMAL,1.0,True
g:\Ai-CDD\data\raw\dataset\test\NORMAL\normal_00956.png,NORMAL,NORMAL,1.0,True
g:\Ai-CDD\data\raw\dataset\test\NORMAL\normal_00957.png,NORMAL,NORMAL,1.0,True
g:\Ai-CDD\data\raw\dataset\test\NORMAL\normal_00958.png,NORMAL,NORMAL,0.6313,True
g:\Ai-CDD\data\raw\dataset\test\NORMAL\normal_00959.png,NORMAL,NORMAL,1.0,True
g:\Ai-CDD\data\raw\dataset\test\NORMAL\normal_00960.png,NORMAL,NORMAL,0.9999,True
g:\Ai-CDD\data\raw\dataset\test\NORMAL\normal_00961.png,NORMAL,NORMAL,1.0,True
g:\Ai-CDD\data\raw\dataset\test\NORMAL\normal_00962.png,NORMAL,NORMAL,0.9998,True
g:\Ai-CDD\data\raw\dataset\test\NORMAL\normal_00963.png,NORMAL,NORMAL,1.0,True
g:\Ai-CDD\data\raw\dataset\test\NORMAL\normal_00964.png,NORMAL,NORMAL,1.0,True
g:\Ai-CDD\data\raw\dataset\test\NORMAL\normal_00965.png,NORMAL,NORMAL,1.0,True
g:\Ai-CDD\data\raw\dataset\test\NORMAL\normal_00966.png,NORMAL,NORMAL,1.0,True
g:\Ai-CDD\data\raw\dataset\test\NORMAL\normal_00967.png,NORMAL,NORMAL,1.0,True
g:\Ai-CDD\data\raw\dataset\test\NORMAL\normal_00968.png,NORMAL,NORMAL,1.0,True
g:\Ai-CDD\data\raw\dataset\test\NORMAL\normal_00969.png,NORMAL,NORMAL,1.0,True
g:\Ai-CDD\data\raw\dataset\test\NORMAL\normal_00970.png,NORMAL,NORMAL,1.0,True
g:\Ai-CDD\data\raw\dataset\test\NORMAL\normal_00971.png,NORMAL,NORMAL,1.0,True
g:\Ai-CDD\data\raw\dataset\test\NORMAL\normal_00972.png,NORMAL,NORMAL,1.0,True
g:\Ai-CDD\data\raw\dataset\test\NORMAL\normal_00973.png,NORMAL,NORMAL,1.0,True
g:\Ai-CDD\data\raw\dataset\test\NORMAL\normal_00974.png,NORMAL,NORMAL,1.0,True
g:\Ai-CDD\data\raw\dataset\test\NORMAL\normal_00975.png,NORMAL,NORMAL,1.0,True
g:\Ai-CDD\data\raw\dataset\test\NORMAL\normal_00976.png,NORMAL,NORMAL,1.0,True
g:\Ai-CDD\data\raw\dataset\test\NORMAL\normal_00977.png,NORMAL,NORMAL,1.0,True
g:\Ai-CDD\data\raw\dataset\test\NORMAL\normal_00978.png,NORMAL,NORMAL,1.0,True
g:\Ai-CDD\data\raw\dataset\test\NORMAL\normal_00979.png,NORMAL,NORMAL,1.0,True
g:\Ai-CDD\data\raw\dataset\test\NORMAL\normal_00980.png,NORMAL,NORMAL,0.9999,True
g:\Ai-CDD\data\raw\dataset\test\NORMAL\normal_00981.png,NORMAL,NORMAL,1.0,True
g:\Ai-CDD\data\raw\dataset\test\NORMAL\normal_00982.png,NORMAL,NORMAL,1.0,True
g:\Ai-CDD\data\raw\dataset\test\NORMAL\normal_00983.png,NORMAL,NORMAL,1.0,True
g:\Ai-CDD\data\raw\dataset\test\NORMAL\normal_00984.png,NORMAL,NORMAL,1.0,True
g:\Ai-CDD\data\raw\dataset\test\NORMAL\normal_00985.png,NORMAL,NORMAL,1.0,True
g:\Ai-CDD\data\raw\dataset\test\NORMAL\normal_00986.png,NORMAL,NORMAL,1.0,True
g:\Ai-CDD\data\raw\dataset\test\NORMAL\normal_00987.png,NORMAL,NORMAL,1.0,True
g:\Ai-CDD\data\raw\dataset\test\NORMAL\normal_00988.png,NORMAL,NORMAL,0.9999,True
g:\Ai-CDD\data\raw\dataset\test\NORMAL\normal_00989.png,NORMAL,NORMAL,0.9999,True
g:\Ai-CDD\data\raw\dataset\test\NORMAL\normal_00990.png,NORMAL,NORMAL,1.0,True
g:\Ai-CDD\data\raw\dataset\test\NORMAL\normal_00991.png,NORMAL,NORMAL,1.0,True
g:\Ai-CDD\data\raw\dataset\test\NORMAL\normal_00992.png,NORMAL,NORMAL,1.0,True
g:\Ai-CDD\data\raw\dataset\test\NORMAL\normal_00993.png,NORMAL,NORMAL,1.0,True
g:\Ai-CDD\data\raw\dataset\test\NORMAL\normal_00994.png,NORMAL,NORMAL,1.0,True
g:\Ai-CDD\data\raw\dataset\test\NORMAL\normal_00995.png,NORMAL,NORMAL,1.0,True
g:\Ai-CDD\data\raw\dataset\test\NORMAL\normal_00996.png,NORMAL,NORMAL,1.0,True
g:\Ai-CDD\data\raw\dataset\test\NORMAL\normal_00997.png,NORMAL,NORMAL,1.0,True
g:\Ai-CDD\data\raw\dataset\test\NORMAL\normal_00998.png,NORMAL,NORMAL,1.0,True
g:\Ai-CDD\data\raw\dataset\test\NORMAL\normal_00999.png,NORMAL,NORMAL,1.0,True
g:\Ai-CDD\data\raw\dataset\test\NORMAL\normal_01000.png,NORMAL,NORMAL,0.9763,True
g:\Ai-CDD\data\raw\dataset\test\NORMAL\normal_01001.png,NORMAL,NORMAL,1.0,True
g:\Ai-CDD\data\raw\dataset\test\NORMAL\normal_01002.png,NORMAL,NORMAL,1.0,True
g:\Ai-CDD\data\raw\dataset\test\NORMAL\normal_01003.png,NORMAL,NORMAL,0.9999,True
g:\Ai-CDD\data\raw\dataset\test\NORMAL\normal_01004.png,NORMAL,NORMAL,1.0,True
g:\Ai-CDD\data\raw\dataset\test\NORMAL\normal_01005.png,NORMAL,NORMAL,1.0,True
g:\Ai-CDD\data\raw\dataset\test\NORMAL\normal_01006.png,NORMAL,NORMAL,0.9993,True
g:\Ai-CDD\data\raw\dataset\test\NORMAL\normal_01007.png,NORMAL,NORMAL,1.0,True
g:\Ai-CDD\data\raw\dataset\test\NORMAL\normal_01008.png,NORMAL,NORMAL,1.0,True
g:\Ai-CDD\data\raw\dataset\test\NORMAL\normal_01009.png,NORMAL,NORMAL,1.0,True
g:\Ai-CDD\data\raw\dataset\test\NORMAL\normal_01010.png,NORMAL,NORMAL,1.0,True
g:\Ai-CDD\data\raw\dataset\test\NORMAL\normal_01011.png,NORMAL,NORMAL,0.9999,True
g:\Ai-CDD\data\raw\dataset\test\NORMAL\normal_01012.png,NORMAL,NORMAL,1.0,True
g:\Ai-CDD\data\raw\dataset\test\NORMAL\normal_01013.png,NORMAL,NORMAL,1.0,True
g:\Ai-CDD\data\raw\dataset\test\NORMAL\normal_01014.png,NORMAL,NORMAL,1.0,True
g:\Ai-CDD\data\raw\dataset\test\NORMAL\normal_01015.png,NORMAL,NORMAL,1.0,True
g:\Ai-CDD\data\raw\dataset\test\NORMAL\normal_01016.png,NORMAL,NORMAL,1.0,True
g:\Ai-CDD\data\raw\dataset\test\NORMAL\normal_01017.png,NORMAL,NORMAL,1.0,True
g:\Ai-CDD\data\raw\dataset\test\NORMAL\normal_01018.png,NORMAL,NORMAL,1.0,True
g:\Ai-CDD\data\raw\dataset\test\NORMAL\normal_01019.png,NORMAL,NORMAL,1.0,True
g:\Ai-CDD\data\raw\dataset\test\NORMAL\normal_01020.png,NORMAL,NORMAL,1.0,True
g:\Ai-CDD\data\raw\dataset\test\NORMAL\normal_01021.png,NORMAL,NORMAL,1.0,True
g:\Ai-CDD\data\raw\dataset\test\NORMAL\normal_01022.png,NORMAL,NORMAL,1.0,True
g:\Ai-CDD\data\raw\dataset\test\NORMAL\normal_01023.png,NORMAL,NORMAL,1.0,True
g:\Ai-CDD\data\raw\dataset\test\NORMAL\normal_01024.png,NORMAL,NORMAL,1.0,True
g:\Ai-CDD\data\raw\dataset\test\NORMAL\normal_01025.png,NORMAL,NORMAL,1.0,True
g:\Ai-CDD\data\raw\dataset\test\NORMAL\normal_01026.png,NORMAL,NORMAL,1.0,True
g:\Ai-CDD\data\raw\dataset\test\NORMAL\normal_01027.png,NORMAL,NORMAL,0.9999,True
g:\Ai-CDD\data\raw\dataset\test\NORMAL\normal_01028.png,NORMAL,NORMAL,1.0,True
g:\Ai-CDD\data\raw\dataset\test\NORMAL\normal_01029.png,NORMAL,NORMAL,1.0,True
g:\Ai-CDD\data\raw\dataset\test\NORMAL\normal_01030.png,NORMAL,NORMAL,1.0,True
g:\Ai-CDD\data\raw\dataset\test\NORMAL\normal_01031.png,NORMAL,NORMAL,0.9988,True
g:\Ai-CDD\data\raw\dataset\test\NORMAL\normal_01032.png,NORMAL,NORMAL,1.0,True
g:\Ai-CDD\data\raw\dataset\test\NORMAL\normal_01033.png,NORMAL,NORMAL,1.0,True
g:\Ai-CDD\data\raw\dataset\test\NORMAL\normal_01034.png,NORMAL,NORMAL,1.0,True
g:\Ai-CDD\data\raw\dataset\test\NORMAL\normal_01035.png,NORMAL,NORMAL,1.0,True
g:\Ai-CDD\data\raw\dataset\test\NORMAL\normal_01036.png,NORMAL,NORMAL,1.0,True
g:\Ai-CDD\data\raw\dataset\test\NORMAL\normal_01037.png,NORMAL,NORMAL,0.9999,True
g:\Ai-CDD\data\raw\dataset\test\NORMAL\normal_01038.png,NORMAL,NORMAL,0.9999,True
g:\Ai-CDD\data\raw\dataset\test\NORMAL\normal_01039.png,NORMAL,NORMAL,1.0,True
g:\Ai-CDD\data\raw\dataset\test\NORMAL\normal_01040.png,NORMAL,NORMAL,1.0,True
g:\Ai-CDD\data\raw\dataset\test\NORMAL\normal_01041.png,NORMAL,NORMAL,1.0,True
g:\Ai-CDD\data\raw\dataset\test\NORMAL\normal_01042.png,NORMAL,NORMAL,1.0,True
g:\Ai-CDD\data\raw\dataset\test\NORMAL\normal_01043.png,NORMAL,NORMAL,1.0,True
g:\Ai-CDD\data\raw\dataset\test\NORMAL\normal_01044.png,NORMAL,NORMAL,1.0,True
g:\Ai-CDD\data\raw\dataset\test\NORMAL\normal_01045.png,NORMAL,NORMAL,1.0,True
g:\Ai-CDD\data\raw\dataset\test\NORMAL\normal_01046.png,NORMAL,NORMAL,1.0,True
g:\Ai-CDD\data\raw\dataset\test\NORMAL\normal_01047.png,NORMAL,NORMAL,1.0,True
g:\Ai-CDD\data\raw\dataset\test\NORMAL\normal_01048.png,NORMAL,NORMAL,1.0,True
g:\Ai-CDD\data\raw\dataset\test\NORMAL\normal_01049.png,NORMAL,NORMAL,1.0,True
g:\Ai-CDD\data\raw\dataset\test\NORMAL\normal_01050.png,NORMAL,NORMAL,1.0,True
g:\Ai-CDD\data\raw\dataset\test\NORMAL\normal_01051.png,NORMAL,NORMAL,1.0,True
g:\Ai-CDD\data\raw\dataset\test\NORMAL\normal_01052.png,NORMAL,NORMAL,1.0,True
g:\Ai-CDD\data\raw\dataset\test\NORMAL\normal_01053.png,NORMAL,NORMAL,1.0,True
g:\Ai-CDD\data\raw\dataset\test\NORMAL\normal_01054.png,NORMAL,NORMAL,1.0,True
g:\Ai-CDD\data\raw\dataset\test\NORMAL\normal_01055.png,NORMAL,NORMAL,1.0,True
g:\Ai-CDD\data\raw\dataset\test\NORMAL\normal_01056.png,NORMAL,NORMAL,1.0,True
g:\Ai-CDD\data\raw\dataset\test\NORMAL\normal_01057.png,NORMAL,NORMAL,1.0,True
g:\Ai-CDD\data\raw\dataset\test\NORMAL\normal_01058.png,NORMAL,NORMAL,1.0,True
g:\Ai-CDD\data\raw\dataset\test\NORMAL\normal_01059.png,NORMAL,NORMAL,1.0,True
g:\Ai-CDD\data\raw\dataset\test\NORMAL\normal_01060.png,NORMAL,NORMAL,1.0,True
g:\Ai-CDD\data\raw\dataset\test\NORMAL\normal_01061.png,NORMAL,NORMAL,1.0,True
g:\Ai-CDD\data\raw\dataset\test\NORMAL\normal_01062.png,NORMAL,NORMAL,1.0,True
g:\Ai-CDD\data\raw\dataset\test\NORMAL\normal_01063.png,NORMAL,NORMAL,1.0,True
g:\Ai-CDD\data\raw\dataset\test\NORMAL\normal_01064.png,NORMAL,NORMAL,1.0,True
g:\Ai-CDD\data\raw\dataset\test\NORMAL\normal_01065.png,NORMAL,NORMAL,1.0,True
g:\Ai-CDD\data\raw\dataset\test\NORMAL\normal_01066.png,NORMAL,NORMAL,1.0,True
g:\Ai-CDD\data\raw\dataset\test\NORMAL\normal_01067.png,NORMAL,NORMAL,0.9986,True
g:\Ai-CDD\data\raw\dataset\test\NORMAL\normal_01068.png,NORMAL,NORMAL,1.0,True
g:\Ai-CDD\data\raw\dataset\test\NORMAL\normal_01069.png,NORMAL,NORMAL,1.0,True
g:\Ai-CDD\data\raw\dataset\test\NORMAL\normal_01070.png,NORMAL,NORMAL,1.0,True
g:\Ai-CDD\data\raw\dataset\test\NORMAL\normal_01071.png,NORMAL,NORMAL,1.0,True
g:\Ai-CDD\data\raw\dataset\test\NORMAL\normal_01072.png,NORMAL,NORMAL,1.0,True
g:\Ai-CDD\data\raw\dataset\test\NORMAL\normal_01073.png,NORMAL,NORMAL,1.0,True
g:\Ai-CDD\data\raw\dataset\test\NORMAL\normal_01074.png,NORMAL,NORMAL,1.0,True
g:\Ai-CDD\data\raw\dataset\test\NORMAL\normal_01075.png,NORMAL,NORMAL,1.0,True
g:\Ai-CDD\data\raw\dataset\test\NORMAL\normal_01076.png,NORMAL,NORMAL,1.0,True
g:\Ai-CDD\data\raw\dataset\test\NORMAL\normal_01077.png,NORMAL,NORMAL,0.9994,True
g:\Ai-CDD\data\raw\dataset\test\NORMAL\normal_01078.png,NORMAL,NORMAL,1.0,True
g:\Ai-CDD\data\raw\dataset\test\NORMAL\normal_01079.png,NORMAL,NORMAL,1.0,True
g:\Ai-CDD\data\raw\dataset\test\NORMAL\normal_01080.png,NORMAL,TUBERCULOSIS,0.9994,False
g:\Ai-CDD\data\raw\dataset\test\NORMAL\normal_01081.png,NORMAL,TUBERCULOSIS,0.9184,False
g:\Ai-CDD\data\raw\dataset\test\NORMAL\normal_01082.png,NORMAL,NORMAL,1.0,True
g:\Ai-CDD\data\raw\dataset\test\NORMAL\normal_01083.png,NORMAL,NORMAL,0.9998,True
g:\Ai-CDD\data\raw\dataset\test\NORMAL\normal_01084.png,NORMAL,NORMAL,1.0,True
g:\Ai-CDD\data\raw\dataset\test\NORMAL\normal_01085.png,NORMAL,NORMAL,0.9992,True
g:\Ai-CDD\data\raw\dataset\test\NORMAL\normal_01086.png,NORMAL,NORMAL,0.9995,True
g:\Ai-CDD\data\raw\dataset\test\NORMAL\normal_01087.png,NORMAL,TUBERCULOSIS,0.9993,False
g:\Ai-CDD\data\raw\dataset\test\NORMAL\normal_01088.png,NORMAL,TUBERCULOSIS,0.8246,False
g:\Ai-CDD\data\raw\dataset\test\NORMAL\normal_01089.png,NORMAL,TUBERCULOSIS,0.9993,False
g:\Ai-CDD\data\raw\dataset\test\NORMAL\normal_01090.png,NORMAL,NORMAL,0.9181,True
g:\Ai-CDD\data\raw\dataset\test\NORMAL\normal_01091.png,NORMAL,NORMAL,1.0,True
g:\Ai-CDD\data\raw\dataset\test\NORMAL\normal_01092.png,NORMAL,NORMAL,1.0,True
g:\Ai-CDD\data\raw\dataset\test\NORMAL\normal_01093.png,NORMAL,TUBERCULOSIS,0.6816,False
g:\Ai-CDD\data\raw\dataset\test\NORMAL\normal_01094.png,NORMAL,TUBERCULOSIS,0.9952,False
g:\Ai-CDD\data\raw\dataset\test\NORMAL\normal_01095.png,NORMAL,TUBERCULOSIS,0.9918,False
g:\Ai-CDD\data\raw\dataset\test\NORMAL\normal_01096.png,NORMAL,NORMAL,0.9997,True
g:\Ai-CDD\data\raw\dataset\test\NORMAL\normal_01097.png,NORMAL,NORMAL,0.9999,True
g:\Ai-CDD\data\raw\dataset\test\NORMAL\normal_01098.png,NORMAL,TUBERCULOSIS,0.9888,False
g:\Ai-CDD\data\raw\dataset\test\NORMAL\normal_01099.png,NORMAL,NORMAL,0.9919,True
g:\Ai-CDD\data\raw\dataset\test\NORMAL\normal_01100.png,NORMAL,TUBERCULOSIS,0.9837,False
g:\Ai-CDD\data\raw\dataset\test\NORMAL\normal_01101.png,NORMAL,TUBERCULOSIS,0.9999,False
g:\Ai-CDD\data\raw\dataset\test\NORMAL\normal_01102.png,NORMAL,NORMAL,1.0,True
g:\Ai-CDD\data\raw\dataset\test\NORMAL\normal_01103.png,NORMAL,NORMAL,0.9999,True
g:\Ai-CDD\data\raw\dataset\test\NORMAL\normal_01104.png,NORMAL,NORMAL,0.9994,True
g:\Ai-CDD\data\raw\dataset\test\NORMAL\normal_01105.png,NORMAL,NORMAL,0.9998,True
g:\Ai-CDD\data\raw\dataset\test\NORMAL\normal_01106.png,NORMAL,NORMAL,0.9992,True
g:\Ai-CDD\data\raw\dataset\test\NORMAL\normal_01107.png,NORMAL,NORMAL,1.0,True
g:\Ai-CDD\data\raw\dataset\test\NORMAL\normal_01108.png,NORMAL,NORMAL,0.9984,True
g:\Ai-CDD\data\raw\dataset\test\NORMAL\normal_01109.png,NORMAL,NORMAL,0.9992,True
g:\Ai-CDD\data\raw\dataset\test\NORMAL\normal_01110.png,NORMAL,NORMAL,0.9999,True
g:\Ai-CDD\data\raw\dataset\test\NORMAL\normal_01111.png,NORMAL,NORMAL,1.0,True
g:\Ai-CDD\data\raw\dataset\test\NORMAL\normal_01112.png,NORMAL,TUBERCULOSIS,0.9687,False
g:\Ai-CDD\data\raw\dataset\test\NORMAL\normal_01113.png,NORMAL,NORMAL,0.7646,True
g:\Ai-CDD\data\raw\dataset\test\NORMAL\normal_01114.png,NORMAL,NORMAL,1.0,True
g:\Ai-CDD\data\raw\dataset\test\NORMAL\normal_01115.png,NORMAL,NORMAL,0.9999,True
g:\Ai-CDD\data\raw\dataset\test\NORMAL\normal_01116.png,NORMAL,NORMAL,0.9995,True
g:\Ai-CDD\data\raw\dataset\test\NORMAL\normal_01117.png,NORMAL,NORMAL,1.0,True
g:\Ai-CDD\data\raw\dataset\test\NORMAL\normal_01118.png,NORMAL,NORMAL,0.9999,True
g:\Ai-CDD\data\raw\dataset\test\NORMAL\normal_01119.png,NORMAL,NORMAL,0.9999,True
g:\Ai-CDD\data\raw\dataset\test\NORMAL\normal_01120.png,NORMAL,NORMAL,1.0,True
g:\Ai-CDD\data\raw\dataset\test\NORMAL\normal_01121.png,NORMAL,NORMAL,0.9998,True
g:\Ai-CDD\data\raw\dataset\test\NORMAL\normal_01122.png,NORMAL,TUBERCULOSIS,0.8204,False
g:\Ai-CDD\data\raw\dataset\test\NORMAL\normal_01123.png,NORMAL,NORMAL,0.9995,True
g:\Ai-CDD\data\raw\dataset\test\NORMAL\normal_01124.png,NORMAL,TUBERCULOSIS,0.9427,False
g:\Ai-CDD\data\raw\dataset\test\NORMAL\normal_01125.png,NORMAL,NORMAL,0.9993,True
g:\Ai-CDD\data\raw\dataset\test\NORMAL\normal_01126.png,NORMAL,NORMAL,0.9959,True
g:\Ai-CDD\data\raw\dataset\test\NORMAL\normal_01127.png,NORMAL,TUBERCULOSIS,1.0,False
g:\Ai-CDD\data\raw\dataset\test\NORMAL\normal_01128.png,NORMAL,NORMAL,0.9999,True
g:\Ai-CDD\data\raw\dataset\test\NORMAL\normal_01129.png,NORMAL,NORMAL,0.9999,True
g:\Ai-CDD\data\raw\dataset\test\NORMAL\normal_01130.png,NORMAL,NORMAL,0.9999,True
g:\Ai-CDD\data\raw\dataset\test\NORMAL\normal_01131.png,NORMAL,TUBERCULOSIS,0.9006,False
g:\Ai-CDD\data\raw\dataset\test\NORMAL\normal_01132.png,NORMAL,NORMAL,1.0,True
g:\Ai-CDD\data\raw\dataset\test\NORMAL\normal_01133.png,NORMAL,NORMAL,0.9982,True
g:\Ai-CDD\data\raw\dataset\test\NORMAL\normal_01134.png,NORMAL,NORMAL,0.9999,True
g:\Ai-CDD\data\raw\dataset\test\NORMAL\normal_01135.png,NORMAL,TUBERCULOSIS,1.0,False
g:\Ai-CDD\data\raw\dataset\test\NORMAL\normal_01136.png,NORMAL,NORMAL,0.9996,True
g:\Ai-CDD\data\raw\dataset\test\NORMAL\normal_01137.png,NORMAL,NORMAL,0.9731,True
g:\Ai-CDD\data\raw\dataset\test\NORMAL\normal_01138.png,NORMAL,NORMAL,1.0,True
g:\Ai-CDD\data\raw\dataset\test\NORMAL\normal_01139.png,NORMAL,TUBERCULOSIS,0.6498,False
g:\Ai-CDD\data\raw\dataset\test\NORMAL\normal_01140.png,NORMAL,NORMAL,0.921,True
g:\Ai-CDD\data\raw\dataset\test\NORMAL\normal_01141.png,NORMAL,TUBERCULOSIS,1.0,False
g:\Ai-CDD\data\raw\dataset\test\NORMAL\normal_01142.png,NORMAL,NORMAL,0.9959,True
g:\Ai-CDD\data\raw\dataset\test\NORMAL\normal_01143.png,NORMAL,TUBERCULOSIS,0.9968,False
g:\Ai-CDD\data\raw\dataset\test\NORMAL\normal_01144.png,NORMAL,NORMAL,1.0,True
g:\Ai-CDD\data\raw\dataset\test\NORMAL\normal_01145.png,NORMAL,NORMAL,0.9992,True
g:\Ai-CDD\data\raw\dataset\test\NORMAL\normal_01146.png,NORMAL,TUBERCULOSIS,0.6006,False
g:\Ai-CDD\data\raw\dataset\test\NORMAL\normal_01147.png,NORMAL,NORMAL,0.9999,True
g:\Ai-CDD\data\raw\dataset\test\NORMAL\normal_01148.png,NORMAL,NORMAL,0.9999,True
g:\Ai-CDD\data\raw\dataset\test\NORMAL\normal_01149.png,NORMAL,NORMAL,0.8732,True
g:\Ai-CDD\data\raw\dataset\test\NORMAL\normal_01150.png,NORMAL,NORMAL,0.778,True
g:\Ai-CDD\data\raw\dataset\test\NORMAL\normal_01151.png,NORMAL,NORMAL,1.0,True
g:\Ai-CDD\data\raw\dataset\test\NORMAL\normal_01152.png,NORMAL,NORMAL,0.9996,True
g:\Ai-CDD\data\raw\dataset\test\NORMAL\normal_01153.png,NORMAL,NORMAL,1.0,True
g:\Ai-CDD\data\raw\dataset\test\NORMAL\normal_01154.png,NORMAL,TUBERCULOSIS,0.9644,False
g:\Ai-CDD\data\raw\dataset\test\NORMAL\normal_01155.png,NORMAL,NORMAL,0.9999,True
g:\Ai-CDD\data\raw\dataset\test\NORMAL\normal_01156.png,NORMAL,NORMAL,1.0,True
g:\Ai-CDD\data\raw\dataset\test\NORMAL\normal_01157.png,NORMAL,TUBERCULOSIS,0.9213,False
g:\Ai-CDD\data\raw\dataset\test\NORMAL\normal_01158.png,NORMAL,NORMAL,0.9991,True
g:\Ai-CDD\data\raw\dataset\test\NORMAL\normal_01159.png,NORMAL,TUBERCULOSIS,0.9999,False
g:\Ai-CDD\data\raw\dataset\test\NORMAL\normal_01160.png,NORMAL,TUBERCULOSIS,0.9907,False
g:\Ai-CDD\data\raw\dataset\test\NORMAL\normal_01161.png,NORMAL,NORMAL,0.9999,True
g:\Ai-CDD\data\raw\dataset\test\NORMAL\normal_01162.png,NORMAL,NORMAL,1.0,True
g:\Ai-CDD\data\raw\dataset\test\NORMAL\normal_01163.png,NORMAL,TUBERCULOSIS,0.9918,False
g:\Ai-CDD\data\raw\dataset\test\TUBERCULOSIS\tb_00001.png,TUBERCULOSIS,TUBERCULOSIS,1.0,True
g:\Ai-CDD\data\raw\dataset\test\TUBERCULOSIS\tb_00002.png,TUBERCULOSIS,NORMAL,0.6604,False
g:\Ai-CDD\data\raw\dataset\test\TUBERCULOSIS\tb_00003.png,TUBERCULOSIS,NORMAL,0.9665,False
g:\Ai-CDD\data\raw\dataset\test\TUBERCULOSIS\tb_00004.png,TUBERCULOSIS,TUBERCULOSIS,0.8728,True
g:\Ai-CDD\data\raw\dataset\test\TUBERCULOSIS\tb_00005.png,TUBERCULOSIS,NORMAL,0.9998,False
g:\Ai-CDD\data\raw\dataset\test\TUBERCULOSIS\tb_00006.png,TUBERCULOSIS,TUBERCULOSIS,1.0,True
g:\Ai-CDD\data\raw\dataset\test\TUBERCULOSIS\tb_00007.png,TUBERCULOSIS,NORMAL,0.9999,False
g:\Ai-CDD\data\raw\dataset\test\TUBERCULOSIS\tb_00008.png,TUBERCULOSIS,NORMAL,1.0,False
g:\Ai-CDD\data\raw\dataset\test\TUBERCULOSIS\tb_00009.png,TUBERCULOSIS,NORMAL,1.0,False
g:\Ai-CDD\data\raw\dataset\test\TUBERCULOSIS\tb_00010.png,TUBERCULOSIS,NORMAL,0.9956,False
g:\Ai-CDD\data\raw\dataset\test\TUBERCULOSIS\tb_00011.png,TUBERCULOSIS,NORMAL,0.9993,False
g:\Ai-CDD\data\raw\dataset\test\TUBERCULOSIS\tb_00012.png,TUBERCULOSIS,TUBERCULOSIS,1.0,True
g:\Ai-CDD\data\raw\dataset\test\TUBERCULOSIS\tb_00013.png,TUBERCULOSIS,TUBERCULOSIS,1.0,True
g:\Ai-CDD\data\raw\dataset\test\TUBERCULOSIS\tb_00014.png,TUBERCULOSIS,TUBERCULOSIS,0.997,True
g:\Ai-CDD\data\raw\dataset\test\TUBERCULOSIS\tb_00015.png,TUBERCULOSIS,TUBERCULOSIS,1.0,True
g:\Ai-CDD\data\raw\dataset\test\TUBERCULOSIS\tb_00016.png,TUBERCULOSIS,NORMAL,1.0,False
g:\Ai-CDD\data\raw\dataset\test\TUBERCULOSIS\tb_00017.png,TUBERCULOSIS,TUBERCULOSIS,1.0,True
g:\Ai-CDD\data\raw\dataset\test\TUBERCULOSIS\tb_00018.png,TUBERCULOSIS,TUBERCULOSIS,1.0,True
g:\Ai-CDD\data\raw\dataset\test\TUBERCULOSIS\tb_00019.png,TUBERCULOSIS,TUBERCULOSIS,1.0,True
g:\Ai-CDD\data\raw\dataset\test\TUBERCULOSIS\tb_00020.png,TUBERCULOSIS,TUBERCULOSIS,1.0,True
g:\Ai-CDD\data\raw\dataset\test\TUBERCULOSIS\tb_00021.png,TUBERCULOSIS,TUBERCULOSIS,1.0,True
g:\Ai-CDD\data\raw\dataset\test\TUBERCULOSIS\tb_00022.png,TUBERCULOSIS,TUBERCULOSIS,1.0,True
g:\Ai-CDD\data\raw\dataset\test\TUBERCULOSIS\tb_00023.png,TUBERCULOSIS,TUBERCULOSIS,1.0,True
g:\Ai-CDD\data\raw\dataset\test\TUBERCULOSIS\tb_00024.png,TUBERCULOSIS,TUBERCULOSIS,1.0,True
g:\Ai-CDD\data\raw\dataset\test\TUBERCULOSIS\tb_00025.png,TUBERCULOSIS,NORMAL,0.9997,False
g:\Ai-CDD\data\raw\dataset\test\TUBERCULOSIS\tb_00026.png,TUBERCULOSIS,NORMAL,0.7449,False
g:\Ai-CDD\data\raw\dataset\test\TUBERCULOSIS\tb_00027.png,TUBERCULOSIS,TUBERCULOSIS,1.0,True
g:\Ai-CDD\data\raw\dataset\test\TUBERCULOSIS\tb_00028.png,TUBERCULOSIS,TUBERCULOSIS,1.0,True
g:\Ai-CDD\data\raw\dataset\test\TUBERCULOSIS\tb_00029.png,TUBERCULOSIS,TUBERCULOSIS,0.9999,True
g:\Ai-CDD\data\raw\dataset\test\TUBERCULOSIS\tb_00030.png,TUBERCULOSIS,TUBERCULOSIS,1.0,True
g:\Ai-CDD\data\raw\dataset\test\TUBERCULOSIS\tb_00031.png,TUBERCULOSIS,TUBERCULOSIS,1.0,True
g:\Ai-CDD\data\raw\dataset\test\TUBERCULOSIS\tb_00032.png,TUBERCULOSIS,NORMAL,1.0,False
g:\Ai-CDD\data\raw\dataset\test\TUBERCULOSIS\tb_00033.png,TUBERCULOSIS,TUBERCULOSIS,1.0,True
g:\Ai-CDD\data\raw\dataset\test\TUBERCULOSIS\tb_00034.png,TUBERCULOSIS,TUBERCULOSIS,1.0,True
g:\Ai-CDD\data\raw\dataset\test\TUBERCULOSIS\tb_00035.png,TUBERCULOSIS,TUBERCULOSIS,0.9994,True
g:\Ai-CDD\data\raw\dataset\test\TUBERCULOSIS\tb_00036.png,TUBERCULOSIS,NORMAL,0.9999,False
g:\Ai-CDD\data\raw\dataset\test\TUBERCULOSIS\tb_00037.png,TUBERCULOSIS,TUBERCULOSIS,1.0,True
g:\Ai-CDD\data\raw\dataset\test\TUBERCULOSIS\tb_00038.png,TUBERCULOSIS,TUBERCULOSIS,1.0,True
g:\Ai-CDD\data\raw\dataset\test\TUBERCULOSIS\tb_00039.png,TUBERCULOSIS,TUBERCULOSIS,1.0,True
g:\Ai-CDD\data\raw\dataset\test\TUBERCULOSIS\tb_00040.png,TUBERCULOSIS,NORMAL,0.9999,False
g:\Ai-CDD\data\raw\dataset\test\TUBERCULOSIS\tb_00041.png,TUBERCULOSIS,TUBERCULOSIS,1.0,True
g:\Ai-CDD\data\raw\dataset\test\TUBERCULOSIS\tb_00042.png,TUBERCULOSIS,TUBERCULOSIS,0.9994,True
g:\Ai-CDD\data\raw\dataset\test\TUBERCULOSIS\tb_00043.png,TUBERCULOSIS,NORMAL,0.9993,False
g:\Ai-CDD\data\raw\dataset\test\TUBERCULOSIS\tb_00044.png,TUBERCULOSIS,NORMAL,0.9999,False
g:\Ai-CDD\data\raw\dataset\test\TUBERCULOSIS\tb_00045.png,TUBERCULOSIS,TUBERCULOSIS,1.0,True
g:\Ai-CDD\data\raw\dataset\test\TUBERCULOSIS\tb_00046.png,TUBERCULOSIS,NORMAL,0.9444,False
g:\Ai-CDD\data\raw\dataset\test\TUBERCULOSIS\tb_00047.png,TUBERCULOSIS,NORMAL,0.9999,False
g:\Ai-CDD\data\raw\dataset\test\TUBERCULOSIS\tb_00048.png,TUBERCULOSIS,TUBERCULOSIS,1.0,True
g:\Ai-CDD\data\raw\dataset\test\TUBERCULOSIS\tb_00049.png,TUBERCULOSIS,TUBERCULOSIS,1.0,True
g:\Ai-CDD\data\raw\dataset\test\TUBERCULOSIS\tb_00050.png,TUBERCULOSIS,TUBERCULOSIS,1.0,True
g:\Ai-CDD\data\raw\dataset\test\TUBERCULOSIS\tb_00051.png,TUBERCULOSIS,TUBERCULOSIS,1.0,True
g:\Ai-CDD\data\raw\dataset\test\TUBERCULOSIS\tb_00052.png,TUBERCULOSIS,TUBERCULOSIS,1.0,True
g:\Ai-CDD\data\raw\dataset\test\TUBERCULOSIS\tb_00053.png,TUBERCULOSIS,TUBERCULOSIS,1.0,True
g:\Ai-CDD\data\raw\dataset\test\TUBERCULOSIS\tb_00054.png,TUBERCULOSIS,TUBERCULOSIS,1.0,True
g:\Ai-CDD\data\raw\dataset\test\TUBERCULOSIS\tb_00055.png,TUBERCULOSIS,TUBERCULOSIS,1.0,True
g:\Ai-CDD\data\raw\dataset\test\TUBERCULOSIS\tb_00056.png,TUBERCULOSIS,TUBERCULOSIS,1.0,True
g:\Ai-CDD\data\raw\dataset\test\TUBERCULOSIS\tb_00057.png,TUBERCULOSIS,TUBERCULOSIS,1.0,True
g:\Ai-CDD\data\raw\dataset\test\TUBERCULOSIS\tb_00058.png,TUBERCULOSIS,TUBERCULOSIS,1.0,True
g:\Ai-CDD\data\raw\dataset\test\TUBERCULOSIS\tb_00059.png,TUBERCULOSIS,TUBERCULOSIS,0.9999,True
g:\Ai-CDD\data\raw\dataset\test\TUBERCULOSIS\tb_00060.png,TUBERCULOSIS,TUBERCULOSIS,1.0,True
g:\Ai-CDD\data\raw\dataset\test\TUBERCULOSIS\tb_00061.png,TUBERCULOSIS,TUBERCULOSIS,1.0,True
g:\Ai-CDD\data\raw\dataset\test\TUBERCULOSIS\tb_00062.png,TUBERCULOSIS,TUBERCULOSIS,1.0,True
g:\Ai-CDD\data\raw\dataset\test\TUBERCULOSIS\tb_00063.png,TUBERCULOSIS,TUBERCULOSIS,1.0,True
g:\Ai-CDD\data\raw\dataset\test\TUBERCULOSIS\tb_00064.png,TUBERCULOSIS,TUBERCULOSIS,1.0,True
g:\Ai-CDD\data\raw\dataset\test\TUBERCULOSIS\tb_00065.png,TUBERCULOSIS,TUBERCULOSIS,1.0,True
g:\Ai-CDD\data\raw\dataset\test\TUBERCULOSIS\tb_00066.png,TUBERCULOSIS,TUBERCULOSIS,1.0,True
g:\Ai-CDD\data\raw\dataset\test\TUBERCULOSIS\tb_00067.png,TUBERCULOSIS,TUBERCULOSIS,1.0,True
g:\Ai-CDD\data\raw\dataset\test\TUBERCULOSIS\tb_00068.png,TUBERCULOSIS,TUBERCULOSIS,1.0,True
g:\Ai-CDD\data\raw\dataset\test\TUBERCULOSIS\tb_00069.png,TUBERCULOSIS,TUBERCULOSIS,1.0,True
g:\Ai-CDD\data\raw\dataset\test\TUBERCULOSIS\tb_00070.png,TUBERCULOSIS,NORMAL,0.9998,False
g:\Ai-CDD\data\raw\dataset\test\TUBERCULOSIS\tb_00071.png,TUBERCULOSIS,TUBERCULOSIS,1.0,True
g:\Ai-CDD\data\raw\dataset\test\TUBERCULOSIS\tb_00072.png,TUBERCULOSIS,TUBERCULOSIS,1.0,True
g:\Ai-CDD\data\raw\dataset\test\TUBERCULOSIS\tb_00073.png,TUBERCULOSIS,TUBERCULOSIS,1.0,True
g:\Ai-CDD\data\raw\dataset\test\TUBERCULOSIS\tb_00074.png,TUBERCULOSIS,TUBERCULOSIS,1.0,True
g:\Ai-CDD\data\raw\dataset\test\TUBERCULOSIS\tb_00075.png,TUBERCULOSIS,NORMAL,0.9523,False
g:\Ai-CDD\data\raw\dataset\test\TUBERCULOSIS\tb_00076.png,TUBERCULOSIS,TUBERCULOSIS,1.0,True
g:\Ai-CDD\data\raw\dataset\test\TUBERCULOSIS\tb_00077.png,TUBERCULOSIS,TUBERCULOSIS,0.8968,True
g:\Ai-CDD\data\raw\dataset\test\TUBERCULOSIS\tb_00078.png,TUBERCULOSIS,TUBERCULOSIS,1.0,True
g:\Ai-CDD\data\raw\dataset\test\TUBERCULOSIS\tb_00079.png,TUBERCULOSIS,NORMAL,0.9993,False
g:\Ai-CDD\data\raw\dataset\test\TUBERCULOSIS\tb_00080.png,TUBERCULOSIS,NORMAL,0.9802,False
g:\Ai-CDD\data\raw\dataset\test\TUBERCULOSIS\tb_00081.png,TUBERCULOSIS,TUBERCULOSIS,1.0,True
g:\Ai-CDD\data\raw\dataset\test\TUBERCULOSIS\tb_00082.png,TUBERCULOSIS,TUBERCULOSIS,1.0,True
g:\Ai-CDD\data\raw\dataset\test\TUBERCULOSIS\tb_00083.png,TUBERCULOSIS,TUBERCULOSIS,1.0,True
g:\Ai-CDD\data\raw\dataset\test\TUBERCULOSIS\tb_00084.png,TUBERCULOSIS,TUBERCULOSIS,1.0,True
g:\Ai-CDD\data\raw\dataset\test\TUBERCULOSIS\tb_00085.png,TUBERCULOSIS,TUBERCULOSIS,1.0,True
g:\Ai-CDD\data\raw\dataset\test\TUBERCULOSIS\tb_00086.png,TUBERCULOSIS,TUBERCULOSIS,1.0,True
g:\Ai-CDD\data\raw\dataset\test\TUBERCULOSIS\tb_00087.png,TUBERCULOSIS,TUBERCULOSIS,1.0,True
g:\Ai-CDD\data\raw\dataset\test\TUBERCULOSIS\tb_00088.png,TUBERCULOSIS,TUBERCULOSIS,1.0,True
g:\Ai-CDD\data\raw\dataset\test\TUBERCULOSIS\tb_00089.png,TUBERCULOSIS,TUBERCULOSIS,1.0,True
g:\Ai-CDD\data\raw\dataset\test\TUBERCULOSIS\tb_00090.png,TUBERCULOSIS,TUBERCULOSIS,1.0,True
g:\Ai-CDD\data\raw\dataset\test\TUBERCULOSIS\tb_00091.png,TUBERCULOSIS,NORMAL,1.0,False
g:\Ai-CDD\data\raw\dataset\test\TUBERCULOSIS\tb_00092.png,TUBERCULOSIS,NORMAL,0.999,False
g:\Ai-CDD\data\raw\dataset\test\TUBERCULOSIS\tb_00093.png,TUBERCULOSIS,NORMAL,0.9999,False
g:\Ai-CDD\data\raw\dataset\test\TUBERCULOSIS\tb_00094.png,TUBERCULOSIS,TUBERCULOSIS,1.0,True
g:\Ai-CDD\data\raw\dataset\test\TUBERCULOSIS\tb_00095.png,TUBERCULOSIS,TUBERCULOSIS,1.0,True
g:\Ai-CDD\data\raw\dataset\test\TUBERCULOSIS\tb_00096.png,TUBERCULOSIS,TUBERCULOSIS,1.0,True
g:\Ai-CDD\data\raw\dataset\test\TUBERCULOSIS\tb_00097.png,TUBERCULOSIS,TUBERCULOSIS,1.0,True
g:\Ai-CDD\data\raw\dataset\test\TUBERCULOSIS\tb_00098.png,TUBERCULOSIS,TUBERCULOSIS,1.0,True
g:\Ai-CDD\data\raw\dataset\test\TUBERCULOSIS\tb_00099.png,TUBERCULOSIS,TUBERCULOSIS,1.0,True
g:\Ai-CDD\data\raw\dataset\test\TUBERCULOSIS\tb_00100.png,TUBERCULOSIS,TUBERCULOSIS,1.0,True
g:\Ai-CDD\data\raw\dataset\test\TUBERCULOSIS\tb_00101.png,TUBERCULOSIS,NORMAL,0.9417,False
g:\Ai-CDD\data\raw\dataset\test\TUBERCULOSIS\tb_00102.png,TUBERCULOSIS,TUBERCULOSIS,1.0,True
g:\Ai-CDD\data\raw\dataset\test\TUBERCULOSIS\tb_00103.png,TUBERCULOSIS,TUBERCULOSIS,1.0,True
g:\Ai-CDD\data\raw\dataset\test\TUBERCULOSIS\tb_00104.png,TUBERCULOSIS,TUBERCULOSIS,1.0,True
g:\Ai-CDD\data\raw\dataset\test\TUBERCULOSIS\tb_00105.png,TUBERCULOSIS,NORMAL,0.9999,False
g:\Ai-CDD\data\raw\dataset\test\TUBERCULOSIS\tb_00106.png,TUBERCULOSIS,NORMAL,0.9999,False
g:\Ai-CDD\data\raw\dataset\test\TUBERCULOSIS\tb_00107.png,TUBERCULOSIS,TUBERCULOSIS,1.0,True
g:\Ai-CDD\data\raw\dataset\test\TUBERCULOSIS\tb_00108.png,TUBERCULOSIS,TUBERCULOSIS,1.0,True
g:\Ai-CDD\data\raw\dataset\test\TUBERCULOSIS\tb_00109.png,TUBERCULOSIS,TUBERCULOSIS,1.0,True
g:\Ai-CDD\data\raw\dataset\test\TUBERCULOSIS\tb_00110.png,TUBERCULOSIS,TUBERCULOSIS,1.0,True
g:\Ai-CDD\data\raw\dataset\test\TUBERCULOSIS\tb_00111.png,TUBERCULOSIS,TUBERCULOSIS,1.0,True
g:\Ai-CDD\data\raw\dataset\test\TUBERCULOSIS\tb_00112.png,TUBERCULOSIS,TUBERCULOSIS,1.0,True
g:\Ai-CDD\data\raw\dataset\test\TUBERCULOSIS\tb_00113.png,TUBERCULOSIS,NORMAL,0.9991,False
g:\Ai-CDD\data\raw\dataset\test\TUBERCULOSIS\tb_00114.png,TUBERCULOSIS,NORMAL,0.9983,False
g:\Ai-CDD\data\raw\dataset\test\TUBERCULOSIS\tb_00115.png,TUBERCULOSIS,NORMAL,1.0,False
g:\Ai-CDD\data\raw\dataset\test\TUBERCULOSIS\tb_00116.png,TUBERCULOSIS,TUBERCULOSIS,1.0,True
g:\Ai-CDD\data\raw\dataset\test\TUBERCULOSIS\tb_00117.png,TUBERCULOSIS,NORMAL,0.9871,False
g:\Ai-CDD\data\raw\dataset\test\TUBERCULOSIS\tb_00118.png,TUBERCULOSIS,NORMAL,0.9999,False
g:\Ai-CDD\data\raw\dataset\test\TUBERCULOSIS\tb_00119.png,TUBERCULOSIS,NORMAL,0.9999,False
g:\Ai-CDD\data\raw\dataset\test\TUBERCULOSIS\tb_00120.png,TUBERCULOSIS,TUBERCULOSIS,0.9659,True
g:\Ai-CDD\data\raw\dataset\test\TUBERCULOSIS\tb_00121.png,TUBERCULOSIS,NORMAL,1.0,False
g:\Ai-CDD\data\raw\dataset\test\TUBERCULOSIS\tb_00122.png,TUBERCULOSIS,NORMAL,1.0,False
g:\Ai-CDD\data\raw\dataset\test\TUBERCULOSIS\tb_00123.png,TUBERCULOSIS,TUBERCULOSIS,1.0,True
g:\Ai-CDD\data\raw\dataset\test\TUBERCULOSIS\tb_00124.png,TUBERCULOSIS,TUBERCULOSIS,1.0,True
g:\Ai-CDD\data\raw\dataset\test\TUBERCULOSIS\tb_00125.png,TUBERCULOSIS,TUBERCULOSIS,1.0,True
g:\Ai-CDD\data\raw\dataset\test\TUBERCULOSIS\tb_00126.png,TUBERCULOSIS,TUBERCULOSIS,1.0,True
g:\Ai-CDD\data\raw\dataset\test\TUBERCULOSIS\tb_00127.png,TUBERCULOSIS,TUBERCULOSIS,1.0,True
g:\Ai-CDD\data\raw\dataset\test\TUBERCULOSIS\tb_00128.png,TUBERCULOSIS,TUBERCULOSIS,1.0,True
g:\Ai-CDD\data\raw\dataset\test\TUBERCULOSIS\tb_00129.png,TUBERCULOSIS,TUBERCULOSIS,1.0,True
g:\Ai-CDD\data\raw\dataset\test\TUBERCULOSIS\tb_00130.png,TUBERCULOSIS,TUBERCULOSIS,1.0,True
g:\Ai-CDD\data\raw\dataset\test\TUBERCULOSIS\tb_00131.png,TUBERCULOSIS,TUBERCULOSIS,1.0,True
g:\Ai-CDD\data\raw\dataset\test\TUBERCULOSIS\tb_00132.png,TUBERCULOSIS,TUBERCULOSIS,1.0,True
g:\Ai-CDD\data\raw\dataset\test\TUBERCULOSIS\tb_00133.png,TUBERCULOSIS,TUBERCULOSIS,1.0,True
g:\Ai-CDD\data\raw\dataset\test\TUBERCULOSIS\tb_00134.png,TUBERCULOSIS,TUBERCULOSIS,1.0,True
g:\Ai-CDD\data\raw\dataset\test\TUBERCULOSIS\tb_00135.png,TUBERCULOSIS,TUBERCULOSIS,1.0,True
g:\Ai-CDD\data\raw\dataset\test\TUBERCULOSIS\tb_00136.png,TUBERCULOSIS,TUBERCULOSIS,1.0,True
g:\Ai-CDD\data\raw\dataset\test\TUBERCULOSIS\tb_00137.png,TUBERCULOSIS,TUBERCULOSIS,1.0,True
g:\Ai-CDD\data\raw\dataset\test\TUBERCULOSIS\tb_00138.png,TUBERCULOSIS,TUBERCULOSIS,1.0,True
g:\Ai-CDD\data\raw\dataset\test\TUBERCULOSIS\tb_00139.png,TUBERCULOSIS,TUBERCULOSIS,1.0,True
g:\Ai-CDD\data\raw\dataset\test\TUBERCULOSIS\tb_00140.png,TUBERCULOSIS,TUBERCULOSIS,1.0,True
g:\Ai-CDD\data\raw\dataset\test\TUBERCULOSIS\tb_00141.png,TUBERCULOSIS,TUBERCULOSIS,1.0,True
g:\Ai-CDD\data\raw\dataset\test\TUBERCULOSIS\tb_00142.png,TUBERCULOSIS,NORMAL,0.9417,False
g:\Ai-CDD\data\raw\dataset\test\TUBERCULOSIS\tb_00143.png,TUBERCULOSIS,TUBERCULOSIS,1.0,True
g:\Ai-CDD\data\raw\dataset\test\TUBERCULOSIS\tb_00144.png,TUBERCULOSIS,TUBERCULOSIS,1.0,True
g:\Ai-CDD\data\raw\dataset\test\TUBERCULOSIS\tb_00145.png,TUBERCULOSIS,TUBERCULOSIS,1.0,True
g:\Ai-CDD\data\raw\dataset\test\TUBERCULOSIS\tb_00146.png,TUBERCULOSIS,TUBERCULOSIS,1.0,True
g:\Ai-CDD\data\raw\dataset\test\TUBERCULOSIS\tb_00147.png,TUBERCULOSIS,TUBERCULOSIS,1.0,True
g:\Ai-CDD\data\raw\dataset\test\TUBERCULOSIS\tb_00148.png,TUBERCULOSIS,TUBERCULOSIS,1.0,True
g:\Ai-CDD\data\raw\dataset\test\TUBERCULOSIS\tb_00149.png,TUBERCULOSIS,TUBERCULOSIS,1.0,True
g:\Ai-CDD\data\raw\dataset\test\TUBERCULOSIS\tb_00150.png,TUBERCULOSIS,TUBERCULOSIS,1.0,True
g:\Ai-CDD\data\raw\dataset\test\TUBERCULOSIS\tb_00151.png,TUBERCULOSIS,TUBERCULOSIS,1.0,True
g:\Ai-CDD\data\raw\dataset\test\TUBERCULOSIS\tb_00152.png,TUBERCULOSIS,TUBERCULOSIS,1.0,True
g:\Ai-CDD\data\raw\dataset\test\TUBERCULOSIS\tb_00153.png,TUBERCULOSIS,NORMAL,0.9998,False
g:\Ai-CDD\data\raw\dataset\test\TUBERCULOSIS\tb_00154.png,TUBERCULOSIS,TUBERCULOSIS,0.9999,True
g:\Ai-CDD\data\raw\dataset\test\TUBERCULOSIS\tb_00155.png,TUBERCULOSIS,TUBERCULOSIS,1.0,True
g:\Ai-CDD\data\raw\dataset\test\TUBERCULOSIS\tb_00156.png,TUBERCULOSIS,TUBERCULOSIS,1.0,True
g:\Ai-CDD\data\raw\dataset\test\TUBERCULOSIS\tb_00157.png,TUBERCULOSIS,TUBERCULOSIS,1.0,True
g:\Ai-CDD\data\raw\dataset\test\TUBERCULOSIS\tb_00158.png,TUBERCULOSIS,TUBERCULOSIS,1.0,True
g:\Ai-CDD\data\raw\dataset\test\TUBERCULOSIS\tb_00159.png,TUBERCULOSIS,TUBERCULOSIS,1.0,True
g:\Ai-CDD\data\raw\dataset\test\TUBERCULOSIS\tb_00160.png,TUBERCULOSIS,TUBERCULOSIS,1.0,True
g:\Ai-CDD\data\raw\dataset\test\TUBERCULOSIS\tb_00161.png,TUBERCULOSIS,TUBERCULOSIS,0.9979,True
g:\Ai-CDD\data\raw\dataset\test\TUBERCULOSIS\tb_00162.png,TUBERCULOSIS,TUBERCULOSIS,1.0,True
g:\Ai-CDD\data\raw\dataset\test\TUBERCULOSIS\tb_00163.png,TUBERCULOSIS,TUBERCULOSIS,1.0,True
g:\Ai-CDD\data\raw\dataset\test\TUBERCULOSIS\tb_00164.png,TUBERCULOSIS,TUBERCULOSIS,1.0,True
g:\Ai-CDD\data\raw\dataset\test\TUBERCULOSIS\tb_00165.png,TUBERCULOSIS,TUBERCULOSIS,1.0,True
g:\Ai-CDD\data\raw\dataset\test\TUBERCULOSIS\tb_00166.png,TUBERCULOSIS,TUBERCULOSIS,1.0,True
g:\Ai-CDD\data\raw\dataset\test\TUBERCULOSIS\tb_00167.png,TUBERCULOSIS,TUBERCULOSIS,1.0,True
g:\Ai-CDD\data\raw\dataset\test\TUBERCULOSIS\tb_00168.png,TUBERCULOSIS,TUBERCULOSIS,1.0,True
g:\Ai-CDD\data\raw\dataset\test\TUBERCULOSIS\tb_00169.png,TUBERCULOSIS,TUBERCULOSIS,1.0,True
g:\Ai-CDD\data\raw\dataset\test\TUBERCULOSIS\tb_00170.png,TUBERCULOSIS,TUBERCULOSIS,1.0,True
g:\Ai-CDD\data\raw\dataset\test\TUBERCULOSIS\tb_00171.png,TUBERCULOSIS,TUBERCULOSIS,1.0,True
g:\Ai-CDD\data\raw\dataset\test\TUBERCULOSIS\tb_00172.png,TUBERCULOSIS,TUBERCULOSIS,1.0,True
g:\Ai-CDD\data\raw\dataset\test\TUBERCULOSIS\tb_00173.png,TUBERCULOSIS,TUBERCULOSIS,1.0,True
g:\Ai-CDD\data\raw\dataset\test\TUBERCULOSIS\tb_00174.png,TUBERCULOSIS,TUBERCULOSIS,1.0,True
g:\Ai-CDD\data\raw\dataset\test\TUBERCULOSIS\tb_00175.png,TUBERCULOSIS,TUBERCULOSIS,1.0,True
g:\Ai-CDD\data\raw\dataset\test\TUBERCULOSIS\tb_00176.png,TUBERCULOSIS,TUBERCULOSIS,0.9998,True
g:\Ai-CDD\data\raw\dataset\test\TUBERCULOSIS\tb_00177.png,TUBERCULOSIS,TUBERCULOSIS,1.0,True
g:\Ai-CDD\data\raw\dataset\test\TUBERCULOSIS\tb_00178.png,TUBERCULOSIS,NORMAL,0.9998,False
g:\Ai-CDD\data\raw\dataset\test\TUBERCULOSIS\tb_00179.png,TUBERCULOSIS,TUBERCULOSIS,1.0,True
g:\Ai-CDD\data\raw\dataset\test\TUBERCULOSIS\tb_00180.png,TUBERCULOSIS,TUBERCULOSIS,1.0,True
g:\Ai-CDD\data\raw\dataset\test\TUBERCULOSIS\tb_00181.png,TUBERCULOSIS,TUBERCULOSIS,1.0,True
g:\Ai-CDD\data\raw\dataset\test\TUBERCULOSIS\tb_00182.png,TUBERCULOSIS,TUBERCULOSIS,1.0,True
g:\Ai-CDD\data\raw\dataset\test\TUBERCULOSIS\tb_00183.png,TUBERCULOSIS,TUBERCULOSIS,1.0,True
g:\Ai-CDD\data\raw\dataset\test\TUBERCULOSIS\tb_00184.png,TUBERCULOSIS,TUBERCULOSIS,1.0,True
g:\Ai-CDD\data\raw\dataset\test\TUBERCULOSIS\tb_00185.png,TUBERCULOSIS,TUBERCULOSIS,1.0,True
g:\Ai-CDD\data\raw\dataset\test\TUBERCULOSIS\tb_00186.png,TUBERCULOSIS,TUBERCULOSIS,1.0,True
g:\Ai-CDD\data\raw\dataset\test\TUBERCULOSIS\tb_00187.png,TUBERCULOSIS,NORMAL,0.9993,False
g:\Ai-CDD\data\raw\dataset\test\TUBERCULOSIS\tb_00188.png,TUBERCULOSIS,TUBERCULOSIS,0.5928,True
g:\Ai-CDD\data\raw\dataset\test\TUBERCULOSIS\tb_00189.png,TUBERCULOSIS,TUBERCULOSIS,1.0,True
g:\Ai-CDD\data\raw\dataset\test\TUBERCULOSIS\tb_00190.png,TUBERCULOSIS,TUBERCULOSIS,0.9999,True
g:\Ai-CDD\data\raw\dataset\test\TUBERCULOSIS\tb_00191.png,TUBERCULOSIS,TUBERCULOSIS,1.0,True
g:\Ai-CDD\data\raw\dataset\test\TUBERCULOSIS\tb_00192.png,TUBERCULOSIS,TUBERCULOSIS,0.9603,True
g:\Ai-CDD\data\raw\dataset\test\TUBERCULOSIS\tb_00193.png,TUBERCULOSIS,TUBERCULOSIS,1.0,True
g:\Ai-CDD\data\raw\dataset\test\TUBERCULOSIS\tb_00194.png,TUBERCULOSIS,TUBERCULOSIS,1.0,True
g:\Ai-CDD\data\raw\dataset\test\TUBERCULOSIS\tb_00195.png,TUBERCULOSIS,TUBERCULOSIS,1.0,True
g:\Ai-CDD\data\raw\dataset\test\TUBERCULOSIS\tb_00196.png,TUBERCULOSIS,TUBERCULOSIS,1.0,True
g:\Ai-CDD\data\raw\dataset\test\TUBERCULOSIS\tb_00197.png,TUBERCULOSIS,TUBERCULOSIS,0.9883,True
g:\Ai-CDD\data\raw\dataset\test\TUBERCULOSIS\tb_00198.png,TUBERCULOSIS,TUBERCULOSIS,1.0,True
g:\Ai-CDD\data\raw\dataset\test\TUBERCULOSIS\tb_00199.png,TUBERCULOSIS,TUBERCULOSIS,1.0,True
g:\Ai-CDD\data\raw\dataset\test\TUBERCULOSIS\tb_00200.png,TUBERCULOSIS,TUBERCULOSIS,1.0,True
g:\Ai-CDD\data\raw\dataset\test\TUBERCULOSIS\tb_00201.png,TUBERCULOSIS,TUBERCULOSIS,1.0,True
g:\Ai-CDD\data\raw\dataset\test\TUBERCULOSIS\tb_00202.png,TUBERCULOSIS,TUBERCULOSIS,1.0,True
g:\Ai-CDD\data\raw\dataset\test\TUBERCULOSIS\tb_00203.png,TUBERCULOSIS,TUBERCULOSIS,1.0,True
g:\Ai-CDD\data\raw\dataset\test\TUBERCULOSIS\tb_00204.png,TUBERCULOSIS,TUBERCULOSIS,1.0,True
g:\Ai-CDD\data\raw\dataset\test\TUBERCULOSIS\tb_00205.png,TUBERCULOSIS,TUBERCULOSIS,0.9994,True
g:\Ai-CDD\data\raw\dataset\test\TUBERCULOSIS\tb_00206.png,TUBERCULOSIS,TUBERCULOSIS,1.0,True
g:\Ai-CDD\data\raw\dataset\test\TUBERCULOSIS\tb_00207.png,TUBERCULOSIS,NORMAL,0.9995,False
g:\Ai-CDD\data\raw\dataset\test\TUBERCULOSIS\tb_00208.png,TUBERCULOSIS,TUBERCULOSIS,1.0,True
g:\Ai-CDD\data\raw\dataset\test\TUBERCULOSIS\tb_00209.png,TUBERCULOSIS,TUBERCULOSIS,1.0,True
g:\Ai-CDD\data\raw\dataset\test\TUBERCULOSIS\tb_00210.png,TUBERCULOSIS,TUBERCULOSIS,1.0,True
g:\Ai-CDD\data\raw\dataset\test\TUBERCULOSIS\tb_00211.png,TUBERCULOSIS,TUBERCULOSIS,1.0,True
g:\Ai-CDD\data\raw\dataset\test\TUBERCULOSIS\tb_00212.png,TUBERCULOSIS,TUBERCULOSIS,1.0,True
g:\Ai-CDD\data\raw\dataset\test\TUBERCULOSIS\tb_00213.png,TUBERCULOSIS,TUBERCULOSIS,1.0,True
g:\Ai-CDD\data\raw\dataset\test\TUBERCULOSIS\tb_00214.png,TUBERCULOSIS,TUBERCULOSIS,0.9994,True
g:\Ai-CDD\data\raw\dataset\test\TUBERCULOSIS\tb_00215.png,TUBERCULOSIS,TUBERCULOSIS,1.0,True
g:\Ai-CDD\data\raw\dataset\test\TUBERCULOSIS\tb_00216.png,TUBERCULOSIS,TUBERCULOSIS,1.0,True
g:\Ai-CDD\data\raw\dataset\test\TUBERCULOSIS\tb_00217.png,TUBERCULOSIS,TUBERCULOSIS,1.0,True
g:\Ai-CDD\data\raw\dataset\test\TUBERCULOSIS\tb_00218.png,TUBERCULOSIS,TUBERCULOSIS,1.0,True
g:\Ai-CDD\data\raw\dataset\test\TUBERCULOSIS\tb_00219.png,TUBERCULOSIS,TUBERCULOSIS,1.0,True
g:\Ai-CDD\data\raw\dataset\test\TUBERCULOSIS\tb_00220.png,TUBERCULOSIS,TUBERCULOSIS,1.0,True
g:\Ai-CDD\data\raw\dataset\test\TUBERCULOSIS\tb_00221.png,TUBERCULOSIS,TUBERCULOSIS,1.0,True
g:\Ai-CDD\data\raw\dataset\test\TUBERCULOSIS\tb_00222.png,TUBERCULOSIS,TUBERCULOSIS,1.0,True
g:\Ai-CDD\data\raw\dataset\test\TUBERCULOSIS\tb_00223.png,TUBERCULOSIS,TUBERCULOSIS,1.0,True
g:\Ai-CDD\data\raw\dataset\test\TUBERCULOSIS\tb_00224.png,TUBERCULOSIS,TUBERCULOSIS,1.0,True
g:\Ai-CDD\data\raw\dataset\test\TUBERCULOSIS\tb_00225.png,TUBERCULOSIS,TUBERCULOSIS,1.0,True
g:\Ai-CDD\data\raw\dataset\test\TUBERCULOSIS\tb_00226.png,TUBERCULOSIS,TUBERCULOSIS,1.0,True
g:\Ai-CDD\data\raw\dataset\test\TUBERCULOSIS\tb_00227.png,TUBERCULOSIS,TUBERCULOSIS,1.0,True
g:\Ai-CDD\data\raw\dataset\test\TUBERCULOSIS\tb_00228.png,TUBERCULOSIS,TUBERCULOSIS,1.0,True
g:\Ai-CDD\data\raw\dataset\test\TUBERCULOSIS\tb_00229.png,TUBERCULOSIS,TUBERCULOSIS,1.0,True
g:\Ai-CDD\data\raw\dataset\test\TUBERCULOSIS\tb_00230.png,TUBERCULOSIS,TUBERCULOSIS,1.0,True
g:\Ai-CDD\data\raw\dataset\test\TUBERCULOSIS\tb_00231.png,TUBERCULOSIS,TUBERCULOSIS,1.0,True
g:\Ai-CDD\data\raw\dataset\test\TUBERCULOSIS\tb_00232.png,TUBERCULOSIS,TUBERCULOSIS,1.0,True
g:\Ai-CDD\data\raw\dataset\test\TUBERCULOSIS\tb_00233.png,TUBERCULOSIS,TUBERCULOSIS,1.0,True
g:\Ai-CDD\data\raw\dataset\test\TUBERCULOSIS\tb_00234.png,TUBERCULOSIS,TUBERCULOSIS,1.0,True
g:\Ai-CDD\data\raw\dataset\test\TUBERCULOSIS\tb_00235.png,TUBERCULOSIS,TUBERCULOSIS,1.0,True
g:\Ai-CDD\data\raw\dataset\test\TUBERCULOSIS\tb_00236.png,TUBERCULOSIS,TUBERCULOSIS,1.0,True
g:\Ai-CDD\data\raw\dataset\test\TUBERCULOSIS\tb_00237.png,TUBERCULOSIS,TUBERCULOSIS,1.0,True
g:\Ai-CDD\data\raw\dataset\test\TUBERCULOSIS\tb_00238.png,TUBERCULOSIS,TUBERCULOSIS,0.9934,True
g:\Ai-CDD\data\raw\dataset\test\TUBERCULOSIS\tb_00239.png,TUBERCULOSIS,TUBERCULOSIS,1.0,True
g:\Ai-CDD\data\raw\dataset\test\TUBERCULOSIS\tb_00240.png,TUBERCULOSIS,TUBERCULOSIS,1.0,True
g:\Ai-CDD\data\raw\dataset\test\TUBERCULOSIS\tb_00241.png,TUBERCULOSIS,TUBERCULOSIS,1.0,True
g:\Ai-CDD\data\raw\dataset\test\TUBERCULOSIS\tb_00242.png,TUBERCULOSIS,TUBERCULOSIS,1.0,True
g:\Ai-CDD\data\raw\dataset\test\TUBERCULOSIS\tb_00243.png,TUBERCULOSIS,TUBERCULOSIS,1.0,True
g:\Ai-CDD\data\raw\dataset\test\TUBERCULOSIS\tb_00244.png,TUBERCULOSIS,TUBERCULOSIS,1.0,True
g:\Ai-CDD\data\raw\dataset\test\TUBERCULOSIS\tb_00245.png,TUBERCULOSIS,TUBERCULOSIS,1.0,True
g:\Ai-CDD\data\raw\dataset\test\TUBERCULOSIS\tb_00246.png,TUBERCULOSIS,TUBERCULOSIS,1.0,True
g:\Ai-CDD\data\raw\dataset\test\TUBERCULOSIS\tb_00247.png,TUBERCULOSIS,TUBERCULOSIS,1.0,True
g:\Ai-CDD\data\raw\dataset\test\TUBERCULOSIS\tb_00248.png,TUBERCULOSIS,TUBERCULOSIS,1.0,True
g:\Ai-CDD\data\raw\dataset\test\TUBERCULOSIS\tb_00249.png,TUBERCULOSIS,TUBERCULOSIS,1.0,True
g:\Ai-CDD\data\raw\dataset\test\TUBERCULOSIS\tb_00250.png,TUBERCULOSIS,TUBERCULOSIS,1.0,True
g:\Ai-CDD\data\raw\dataset\test\TUBERCULOSIS\tb_00251.png,TUBERCULOSIS,TUBERCULOSIS,1.0,True
g:\Ai-CDD\data\raw\dataset\test\TUBERCULOSIS\tb_00252.png,TUBERCULOSIS,TUBERCULOSIS,1.0,True
g:\Ai-CDD\data\raw\dataset\test\TUBERCULOSIS\tb_00253.png,TUBERCULOSIS,TUBERCULOSIS,1.0,True
g:\Ai-CDD\data\raw\dataset\test\TUBERCULOSIS\tb_00254.png,TUBERCULOSIS,TUBERCULOSIS,1.0,True
g:\Ai-CDD\data\raw\dataset\test\TUBERCULOSIS\tb_00255.png,TUBERCULOSIS,TUBERCULOSIS,1.0,True
g:\Ai-CDD\data\raw\dataset\test\TUBERCULOSIS\tb_00256.png,TUBERCULOSIS,NORMAL,0.7151,False
g:\Ai-CDD\data\raw\dataset\test\TUBERCULOSIS\tb_00257.png,TUBERCULOSIS,NORMAL,0.9999,False
g:\Ai-CDD\data\raw\dataset\test\TUBERCULOSIS\tb_00258.png,TUBERCULOSIS,NORMAL,0.6597,False
g:\Ai-CDD\data\raw\dataset\test\TUBERCULOSIS\tb_00259.png,TUBERCULOSIS,TUBERCULOSIS,1.0,True
g:\Ai-CDD\data\raw\dataset\test\TUBERCULOSIS\tb_00260.png,TUBERCULOSIS,TUBERCULOSIS,1.0,True
g:\Ai-CDD\data\raw\dataset\test\TUBERCULOSIS\tb_00261.png,TUBERCULOSIS,TUBERCULOSIS,1.0,True
g:\Ai-CDD\data\raw\dataset\test\TUBERCULOSIS\tb_00262.png,TUBERCULOSIS,TUBERCULOSIS,1.0,True
g:\Ai-CDD\data\raw\dataset\test\TUBERCULOSIS\tb_00263.png,TUBERCULOSIS,TUBERCULOSIS,1.0,True
g:\Ai-CDD\data\raw\dataset\test\TUBERCULOSIS\tb_00264.png,TUBERCULOSIS,TUBERCULOSIS,1.0,True
g:\Ai-CDD\data\raw\dataset\test\TUBERCULOSIS\tb_00265.png,TUBERCULOSIS,NORMAL,0.9995,False
g:\Ai-CDD\data\raw\dataset\test\TUBERCULOSIS\tb_00266.png,TUBERCULOSIS,TUBERCULOSIS,1.0,True
g:\Ai-CDD\data\raw\dataset\test\TUBERCULOSIS\tb_00267.png,TUBERCULOSIS,TUBERCULOSIS,1.0,True
g:\Ai-CDD\data\raw\dataset\test\TUBERCULOSIS\tb_00268.png,TUBERCULOSIS,TUBERCULOSIS,1.0,True
g:\Ai-CDD\data\raw\dataset\test\TUBERCULOSIS\tb_00269.png,TUBERCULOSIS,TUBERCULOSIS,1.0,True
g:\Ai-CDD\data\raw\dataset\test\TUBERCULOSIS\tb_00270.png,TUBERCULOSIS,TUBERCULOSIS,0.9901,True
g:\Ai-CDD\data\raw\dataset\test\TUBERCULOSIS\tb_00271.png,TUBERCULOSIS,TUBERCULOSIS,1.0,True
g:\Ai-CDD\data\raw\dataset\test\TUBERCULOSIS\tb_00272.png,TUBERCULOSIS,TUBERCULOSIS,1.0,True
g:\Ai-CDD\data\raw\dataset\test\TUBERCULOSIS\tb_00273.png,TUBERCULOSIS,TUBERCULOSIS,1.0,True
g:\Ai-CDD\data\raw\dataset\test\TUBERCULOSIS\tb_00274.png,TUBERCULOSIS,TUBERCULOSIS,1.0,True
g:\Ai-CDD\data\raw\dataset\test\TUBERCULOSIS\tb_00275.png,TUBERCULOSIS,TUBERCULOSIS,1.0,True
g:\Ai-CDD\data\raw\dataset\test\TUBERCULOSIS\tb_00276.png,TUBERCULOSIS,TUBERCULOSIS,1.0,True
g:\Ai-CDD\data\raw\dataset\test\TUBERCULOSIS\tb_00277.png,TUBERCULOSIS,TUBERCULOSIS,1.0,True
g:\Ai-CDD\data\raw\dataset\test\TUBERCULOSIS\tb_00278.png,TUBERCULOSIS,TUBERCULOSIS,1.0,True
g:\Ai-CDD\data\raw\dataset\test\TUBERCULOSIS\tb_00279.png,TUBERCULOSIS,TUBERCULOSIS,1.0,True
g:\Ai-CDD\data\raw\dataset\test\TUBERCULOSIS\tb_00280.png,TUBERCULOSIS,TUBERCULOSIS,1.0,True
g:\Ai-CDD\data\raw\dataset\test\TUBERCULOSIS\tb_00281.png,TUBERCULOSIS,TUBERCULOSIS,1.0,True
g:\Ai-CDD\data\raw\dataset\test\TUBERCULOSIS\tb_00282.png,TUBERCULOSIS,TUBERCULOSIS,1.0,True
g:\Ai-CDD\data\raw\dataset\test\TUBERCULOSIS\tb_00283.png,TUBERCULOSIS,TUBERCULOSIS,1.0,True
g:\Ai-CDD\data\raw\dataset\test\TUBERCULOSIS\tb_00284.png,TUBERCULOSIS,TUBERCULOSIS,1.0,True
g:\Ai-CDD\data\raw\dataset\test\TUBERCULOSIS\tb_00285.png,TUBERCULOSIS,TUBERCULOSIS,1.0,True
g:\Ai-CDD\data\raw\dataset\test\TUBERCULOSIS\tb_00286.png,TUBERCULOSIS,TUBERCULOSIS,1.0,True
g:\Ai-CDD\data\raw\dataset\test\TUBERCULOSIS\tb_00287.png,TUBERCULOSIS,TUBERCULOSIS,1.0,True
g:\Ai-CDD\data\raw\dataset\test\TUBERCULOSIS\tb_00288.png,TUBERCULOSIS,TUBERCULOSIS,1.0,True
g:\Ai-CDD\data\raw\dataset\test\TUBERCULOSIS\tb_00289.png,TUBERCULOSIS,TUBERCULOSIS,1.0,True
g:\Ai-CDD\data\raw\dataset\test\TUBERCULOSIS\tb_00290.png,TUBERCULOSIS,TUBERCULOSIS,0.9986,True
g:\Ai-CDD\data\raw\dataset\test\TUBERCULOSIS\tb_00291.png,TUBERCULOSIS,TUBERCULOSIS,1.0,True
g:\Ai-CDD\data\raw\dataset\test\TUBERCULOSIS\tb_00292.png,TUBERCULOSIS,TUBERCULOSIS,1.0,True
g:\Ai-CDD\data\raw\dataset\test\TUBERCULOSIS\tb_00293.png,TUBERCULOSIS,TUBERCULOSIS,1.0,True
g:\Ai-CDD\data\raw\dataset\test\TUBERCULOSIS\tb_00294.png,TUBERCULOSIS,TUBERCULOSIS,0.9999,True
g:\Ai-CDD\data\raw\dataset\test\TUBERCULOSIS\tb_00295.png,TUBERCULOSIS,TUBERCULOSIS,1.0,True
g:\Ai-CDD\data\raw\dataset\test\TUBERCULOSIS\tb_00296.png,TUBERCULOSIS,TUBERCULOSIS,1.0,True
g:\Ai-CDD\data\raw\dataset\test\TUBERCULOSIS\tb_00297.png,TUBERCULOSIS,TUBERCULOSIS,1.0,True
g:\Ai-CDD\data\raw\dataset\test\TUBERCULOSIS\tb_00298.png,TUBERCULOSIS,TUBERCULOSIS,1.0,True
g:\Ai-CDD\data\raw\dataset\test\TUBERCULOSIS\tb_00299.png,TUBERCULOSIS,TUBERCULOSIS,0.6555,True
g:\Ai-CDD\data\raw\dataset\test\TUBERCULOSIS\tb_00300.png,TUBERCULOSIS,TUBERCULOSIS,0.9909,True
g:\Ai-CDD\data\raw\dataset\test\TUBERCULOSIS\tb_00301.png,TUBERCULOSIS,TUBERCULOSIS,0.9275,True
g:\Ai-CDD\data\raw\dataset\test\TUBERCULOSIS\tb_00302.png,TUBERCULOSIS,TUBERCULOSIS,1.0,True
g:\Ai-CDD\data\raw\dataset\test\TUBERCULOSIS\tb_00303.png,TUBERCULOSIS,TUBERCULOSIS,1.0,True
g:\Ai-CDD\data\raw\dataset\test\TUBERCULOSIS\tb_00304.png,TUBERCULOSIS,TUBERCULOSIS,1.0,True
g:\Ai-CDD\data\raw\dataset\test\TUBERCULOSIS\tb_00305.png,TUBERCULOSIS,TUBERCULOSIS,1.0,True
g:\Ai-CDD\data\raw\dataset\test\TUBERCULOSIS\tb_00306.png,TUBERCULOSIS,TUBERCULOSIS,1.0,True
g:\Ai-CDD\data\raw\dataset\test\TUBERCULOSIS\tb_00307.png,TUBERCULOSIS,TUBERCULOSIS,1.0,True
g:\Ai-CDD\data\raw\dataset\test\TUBERCULOSIS\tb_00308.png,TUBERCULOSIS,TUBERCULOSIS,1.0,True
g:\Ai-CDD\data\raw\dataset\test\TUBERCULOSIS\tb_00309.png,TUBERCULOSIS,TUBERCULOSIS,1.0,True
g:\Ai-CDD\data\raw\dataset\test\TUBERCULOSIS\tb_00310.png,TUBERCULOSIS,TUBERCULOSIS,1.0,True
g:\Ai-CDD\data\raw\dataset\test\TUBERCULOSIS\tb_00311.png,TUBERCULOSIS,TUBERCULOSIS,1.0,True
g:\Ai-CDD\data\raw\dataset\test\TUBERCULOSIS\tb_00312.png,TUBERCULOSIS,TUBERCULOSIS,0.9999,True
g:\Ai-CDD\data\raw\dataset\test\TUBERCULOSIS\tb_00313.png,TUBERCULOSIS,TUBERCULOSIS,1.0,True
g:\Ai-CDD\data\raw\dataset\test\TUBERCULOSIS\tb_00314.png,TUBERCULOSIS,TUBERCULOSIS,1.0,True
g:\Ai-CDD\data\raw\dataset\test\TUBERCULOSIS\tb_00315.png,TUBERCULOSIS,TUBERCULOSIS,1.0,True
g:\Ai-CDD\data\raw\dataset\test\TUBERCULOSIS\tb_00316.png,TUBERCULOSIS,TUBERCULOSIS,1.0,True
g:\Ai-CDD\data\raw\dataset\test\TUBERCULOSIS\tb_00317.png,TUBERCULOSIS,TUBERCULOSIS,1.0,True
g:\Ai-CDD\data\raw\dataset\test\TUBERCULOSIS\tb_00318.png,TUBERCULOSIS,TUBERCULOSIS,0.9999,True
g:\Ai-CDD\data\raw\dataset\test\TUBERCULOSIS\tb_00319.png,TUBERCULOSIS,TUBERCULOSIS,1.0,True
g:\Ai-CDD\data\raw\dataset\test\TUBERCULOSIS\tb_00320.png,TUBERCULOSIS,TUBERCULOSIS,1.0,True
g:\Ai-CDD\data\raw\dataset\test\TUBERCULOSIS\tb_00321.png,TUBERCULOSIS,TUBERCULOSIS,1.0,True
g:\Ai-CDD\data\raw\dataset\test\TUBERCULOSIS\tb_00322.png,TUBERCULOSIS,TUBERCULOSIS,0.7603,True
g:\Ai-CDD\data\raw\dataset\test\TUBERCULOSIS\tb_00323.png,TUBERCULOSIS,TUBERCULOSIS,0.9999,True
g:\Ai-CDD\data\raw\dataset\test\TUBERCULOSIS\tb_00324.png,TUBERCULOSIS,TUBERCULOSIS,1.0,True
g:\Ai-CDD\data\raw\dataset\test\TUBERCULOSIS\tb_00325.png,TUBERCULOSIS,TUBERCULOSIS,1.0,True
g:\Ai-CDD\data\raw\dataset\test\TUBERCULOSIS\tb_00326.png,TUBERCULOSIS,TUBERCULOSIS,1.0,True
g:\Ai-CDD\data\raw\dataset\test\TUBERCULOSIS\tb_00327.png,TUBERCULOSIS,TUBERCULOSIS,1.0,True
g:\Ai-CDD\data\raw\dataset\test\TUBERCULOSIS\tb_00328.png,TUBERCULOSIS,TUBERCULOSIS,1.0,True
g:\Ai-CDD\data\raw\dataset\test\TUBERCULOSIS\tb_00329.png,TUBERCULOSIS,TUBERCULOSIS,1.0,True
g:\Ai-CDD\data\raw\dataset\test\TUBERCULOSIS\tb_00330.png,TUBERCULOSIS,TUBERCULOSIS,1.0,True
g:\Ai-CDD\data\raw\dataset\test\TUBERCULOSIS\tb_00331.png,TUBERCULOSIS,TUBERCULOSIS,1.0,True
g:\Ai-CDD\data\raw\dataset\test\TUBERCULOSIS\tb_00332.png,TUBERCULOSIS,TUBERCULOSIS,1.0,True
g:\Ai-CDD\data\raw\dataset\test\TUBERCULOSIS\tb_00333.png,TUBERCULOSIS,TUBERCULOSIS,1.0,True
g:\Ai-CDD\data\raw\dataset\test\TUBERCULOSIS\tb_00334.png,TUBERCULOSIS,TUBERCULOSIS,1.0,True
g:\Ai-CDD\data\raw\dataset\test\TUBERCULOSIS\tb_00335.png,TUBERCULOSIS,TUBERCULOSIS,1.0,True
g:\Ai-CDD\data\raw\dataset\test\TUBERCULOSIS\tb_00336.png,TUBERCULOSIS,TUBERCULOSIS,1.0,True
g:\Ai-CDD\data\raw\dataset\test\TUBERCULOSIS\tb_00337.png,TUBERCULOSIS,TUBERCULOSIS,1.0,True
g:\Ai-CDD\data\raw\dataset\test\TUBERCULOSIS\tb_00338.png,TUBERCULOSIS,TUBERCULOSIS,1.0,True
g:\Ai-CDD\data\raw\dataset\test\TUBERCULOSIS\tb_00339.png,TUBERCULOSIS,TUBERCULOSIS,1.0,True
g:\Ai-CDD\data\raw\dataset\test\TUBERCULOSIS\tb_00340.png,TUBERCULOSIS,TUBERCULOSIS,1.0,True
g:\Ai-CDD\data\raw\dataset\test\TUBERCULOSIS\tb_00341.png,TUBERCULOSIS,TUBERCULOSIS,1.0,True
g:\Ai-CDD\data\raw\dataset\test\TUBERCULOSIS\tb_00342.png,TUBERCULOSIS,TUBERCULOSIS,0.9999,True
g:\Ai-CDD\data\raw\dataset\test\TUBERCULOSIS\tb_00343.png,TUBERCULOSIS,TUBERCULOSIS,0.9993,True
g:\Ai-CDD\data\raw\dataset\test\TUBERCULOSIS\tb_00344.png,TUBERCULOSIS,TUBERCULOSIS,1.0,True
g:\Ai-CDD\data\raw\dataset\test\TUBERCULOSIS\tb_00345.png,TUBERCULOSIS,TUBERCULOSIS,1.0,True
g:\Ai-CDD\data\raw\dataset\test\TUBERCULOSIS\tb_00346.png,TUBERCULOSIS,TUBERCULOSIS,1.0,True
g:\Ai-CDD\data\raw\dataset\test\TUBERCULOSIS\tb_00347.png,TUBERCULOSIS,TUBERCULOSIS,1.0,True
g:\Ai-CDD\data\raw\dataset\test\TUBERCULOSIS\tb_00348.png,TUBERCULOSIS,TUBERCULOSIS,0.9975,True
g:\Ai-CDD\data\raw\dataset\test\TUBERCULOSIS\tb_00349.png,TUBERCULOSIS,TUBERCULOSIS,1.0,True
g:\Ai-CDD\data\raw\dataset\test\TUBERCULOSIS\tb_00350.png,TUBERCULOSIS,TUBERCULOSIS,1.0,True
g:\Ai-CDD\data\raw\dataset\test\TUBERCULOSIS\tb_00351.png,TUBERCULOSIS,TUBERCULOSIS,1.0,True
g:\Ai-CDD\data\raw\dataset\test\TUBERCULOSIS\tb_00352.png,TUBERCULOSIS,TUBERCULOSIS,1.0,True
g:\Ai-CDD\data\raw\dataset\test\TUBERCULOSIS\tb_00353.png,TUBERCULOSIS,TUBERCULOSIS,1.0,True
g:\Ai-CDD\data\raw\dataset\test\TUBERCULOSIS\tb_00354.png,TUBERCULOSIS,TUBERCULOSIS,1.0,True
g:\Ai-CDD\data\raw\dataset\test\TUBERCULOSIS\tb_00355.png,TUBERCULOSIS,TUBERCULOSIS,0.8944,True
g:\Ai-CDD\data\raw\dataset\test\TUBERCULOSIS\tb_00356.png,TUBERCULOSIS,TUBERCULOSIS,1.0,True
g:\Ai-CDD\data\raw\dataset\test\TUBERCULOSIS\tb_00357.png,TUBERCULOSIS,TUBERCULOSIS,1.0,True
g:\Ai-CDD\data\raw\dataset\test\TUBERCULOSIS\tb_00358.png,TUBERCULOSIS,TUBERCULOSIS,1.0,True
g:\Ai-CDD\data\raw\dataset\test\TUBERCULOSIS\tb_00359.png,TUBERCULOSIS,TUBERCULOSIS,1.0,True
g:\Ai-CDD\data\raw\dataset\test\TUBERCULOSIS\tb_00360.png,TUBERCULOSIS,TUBERCULOSIS,1.0,True
g:\Ai-CDD\data\raw\dataset\test\TUBERCULOSIS\tb_00361.png,TUBERCULOSIS,TUBERCULOSIS,1.0,True
g:\Ai-CDD\data\raw\dataset\test\TUBERCULOSIS\tb_00362.png,TUBERCULOSIS,TUBERCULOSIS,0.9994,True
g:\Ai-CDD\data\raw\dataset\test\TUBERCULOSIS\tb_00363.png,TUBERCULOSIS,NORMAL,0.9999,False
g:\Ai-CDD\data\raw\dataset\test\TUBERCULOSIS\tb_00364.png,TUBERCULOSIS,TUBERCULOSIS,1.0,True
g:\Ai-CDD\data\raw\dataset\test\TUBERCULOSIS\tb_00365.png,TUBERCULOSIS,NORMAL,1.0,False
g:\Ai-CDD\data\raw\dataset\test\TUBERCULOSIS\tb_00366.png,TUBERCULOSIS,TUBERCULOSIS,1.0,True
g:\Ai-CDD\data\raw\dataset\test\TUBERCULOSIS\tb_00367.png,TUBERCULOSIS,TUBERCULOSIS,1.0,True
g:\Ai-CDD\data\raw\dataset\test\TUBERCULOSIS\tb_00368.png,TUBERCULOSIS,TUBERCULOSIS,1.0,True
g:\Ai-CDD\data\raw\dataset\test\TUBERCULOSIS\tb_00369.png,TUBERCULOSIS,TUBERCULOSIS,1.0,True
g:\Ai-CDD\data\raw\dataset\test\TUBERCULOSIS\tb_00370.png,TUBERCULOSIS,TUBERCULOSIS,1.0,True
g:\Ai-CDD\data\raw\dataset\test\TUBERCULOSIS\tb_00371.png,TUBERCULOSIS,TUBERCULOSIS,1.0,True
g:\Ai-CDD\data\raw\dataset\test\TUBERCULOSIS\tb_00372.png,TUBERCULOSIS,TUBERCULOSIS,1.0,True
g:\Ai-CDD\data\raw\dataset\test\TUBERCULOSIS\tb_00373.png,TUBERCULOSIS,TUBERCULOSIS,1.0,True
g:\Ai-CDD\data\raw\dataset\test\TUBERCULOSIS\tb_00374.png,TUBERCULOSIS,TUBERCULOSIS,1.0,True
g:\Ai-CDD\data\raw\dataset\test\TUBERCULOSIS\tb_00375.png,TUBERCULOSIS,TUBERCULOSIS,0.9613,True
g:\Ai-CDD\data\raw\dataset\test\TUBERCULOSIS\tb_00376.png,TUBERCULOSIS,TUBERCULOSIS,1.0,True
g:\Ai-CDD\data\raw\dataset\test\TUBERCULOSIS\tb_00377.png,TUBERCULOSIS,TUBERCULOSIS,1.0,True
g:\Ai-CDD\data\raw\dataset\test\TUBERCULOSIS\tb_00378.png,TUBERCULOSIS,NORMAL,0.9999,False
g:\Ai-CDD\data\raw\dataset\test\TUBERCULOSIS\tb_00379.png,TUBERCULOSIS,TUBERCULOSIS,1.0,True
g:\Ai-CDD\data\raw\dataset\test\TUBERCULOSIS\tb_00380.png,TUBERCULOSIS,TUBERCULOSIS,1.0,True
g:\Ai-CDD\data\raw\dataset\test\TUBERCULOSIS\tb_00381.png,TUBERCULOSIS,TUBERCULOSIS,1.0,True
g:\Ai-CDD\data\raw\dataset\test\TUBERCULOSIS\tb_00382.png,TUBERCULOSIS,TUBERCULOSIS,1.0,True
g:\Ai-CDD\data\raw\dataset\test\TUBERCULOSIS\tb_00383.png,TUBERCULOSIS,TUBERCULOSIS,1.0,True
g:\Ai-CDD\data\raw\dataset\test\TUBERCULOSIS\tb_00384.png,TUBERCULOSIS,TUBERCULOSIS,1.0,True
g:\Ai-CDD\data\raw\dataset\test\TUBERCULOSIS\tb_00385.png,TUBERCULOSIS,TUBERCULOSIS,1.0,True
g:\Ai-CDD\data\raw\dataset\test\TUBERCULOSIS\tb_00386.png,TUBERCULOSIS,TUBERCULOSIS,1.0,True
g:\Ai-CDD\data\raw\dataset\test\TUBERCULOSIS\tb_00387.png,TUBERCULOSIS,TUBERCULOSIS,1.0,True
g:\Ai-CDD\data\raw\dataset\test\TUBERCULOSIS\tb_00388.png,TUBERCULOSIS,NORMAL,0.6973,False
g:\Ai-CDD\data\raw\dataset\test\TUBERCULOSIS\tb_00389.png,TUBERCULOSIS,TUBERCULOSIS,1.0,True
g:\Ai-CDD\data\raw\dataset\test\TUBERCULOSIS\tb_00390.png,TUBERCULOSIS,TUBERCULOSIS,1.0,True
g:\Ai-CDD\data\raw\dataset\test\TUBERCULOSIS\tb_00391.png,TUBERCULOSIS,TUBERCULOSIS,1.0,True
g:\Ai-CDD\data\raw\dataset\test\TUBERCULOSIS\tb_00392.png,TUBERCULOSIS,TUBERCULOSIS,1.0,True
g:\Ai-CDD\data\raw\dataset\test\TUBERCULOSIS\tb_00393.png,TUBERCULOSIS,TUBERCULOSIS,1.0,True
g:\Ai-CDD\data\raw\dataset\test\TUBERCULOSIS\tb_00394.png,TUBERCULOSIS,TUBERCULOSIS,1.0,True
g:\Ai-CDD\data\raw\dataset\test\TUBERCULOSIS\tb_00395.png,TUBERCULOSIS,TUBERCULOSIS,1.0,True
g:\Ai-CDD\data\raw\dataset\test\TUBERCULOSIS\tb_00396.png,TUBERCULOSIS,TUBERCULOSIS,1.0,True
g:\Ai-CDD\data\raw\dataset\test\TUBERCULOSIS\tb_00397.png,TUBERCULOSIS,TUBERCULOSIS,1.0,True
g:\Ai-CDD\data\raw\dataset\test\TUBERCULOSIS\tb_00398.png,TUBERCULOSIS,TUBERCULOSIS,1.0,True
g:\Ai-CDD\data\raw\dataset\test\TUBERCULOSIS\tb_00399.png,TUBERCULOSIS,TUBERCULOSIS,1.0,True
g:\Ai-CDD\data\raw\dataset\test\TUBERCULOSIS\tb_00400.png,TUBERCULOSIS,TUBERCULOSIS,1.0,True
g:\Ai-CDD\data\raw\dataset\test\TUBERCULOSIS\tb_00401.png,TUBERCULOSIS,TUBERCULOSIS,0.9998,True
g:\Ai-CDD\data\raw\dataset\test\TUBERCULOSIS\tb_00402.png,TUBERCULOSIS,TUBERCULOSIS,1.0,True
g:\Ai-CDD\data\raw\dataset\test\TUBERCULOSIS\tb_00403.png,TUBERCULOSIS,TUBERCULOSIS,1.0,True
g:\Ai-CDD\data\raw\dataset\test\TUBERCULOSIS\tb_00404.png,TUBERCULOSIS,TUBERCULOSIS,1.0,True
g:\Ai-CDD\data\raw\dataset\test\TUBERCULOSIS\tb_00405.png,TUBERCULOSIS,TUBERCULOSIS,1.0,True
g:\Ai-CDD\data\raw\dataset\test\TUBERCULOSIS\tb_00406.png,TUBERCULOSIS,TUBERCULOSIS,1.0,True
g:\Ai-CDD\data\raw\dataset\test\TUBERCULOSIS\tb_00407.png,TUBERCULOSIS,TUBERCULOSIS,1.0,True
g:\Ai-CDD\data\raw\dataset\test\TUBERCULOSIS\tb_00408.png,TUBERCULOSIS,TUBERCULOSIS,1.0,True
g:\Ai-CDD\data\raw\dataset\test\TUBERCULOSIS\tb_00409.png,TUBERCULOSIS,TUBERCULOSIS,1.0,True
g:\Ai-CDD\data\raw\dataset\test\TUBERCULOSIS\tb_00410.png,TUBERCULOSIS,TUBERCULOSIS,1.0,True
g:\Ai-CDD\data\raw\dataset\test\TUBERCULOSIS\tb_00411.png,TUBERCULOSIS,TUBERCULOSIS,1.0,True
g:\Ai-CDD\data\raw\dataset\test\TUBERCULOSIS\tb_00412.png,TUBERCULOSIS,TUBERCULOSIS,1.0,True
g:\Ai-CDD\data\raw\dataset\test\TUBERCULOSIS\tb_00413.png,TUBERCULOSIS,TUBERCULOSIS,1.0,True
g:\Ai-CDD\data\raw\dataset\test\TUBERCULOSIS\tb_00414.png,TUBERCULOSIS,TUBERCULOSIS,1.0,True
g:\Ai-CDD\data\raw\dataset\test\TUBERCULOSIS\tb_00415.png,TUBERCULOSIS,TUBERCULOSIS,1.0,True
g:\Ai-CDD\data\raw\dataset\test\TUBERCULOSIS\tb_00416.png,TUBERCULOSIS,TUBERCULOSIS,1.0,True
g:\Ai-CDD\data\raw\dataset\test\TUBERCULOSIS\tb_00417.png,TUBERCULOSIS,TUBERCULOSIS,1.0,True
g:\Ai-CDD\data\raw\dataset\test\TUBERCULOSIS\tb_00418.png,TUBERCULOSIS,NORMAL,0.5289,False
g:\Ai-CDD\data\raw\dataset\test\TUBERCULOSIS\tb_00419.png,TUBERCULOSIS,NORMAL,1.0,False
g:\Ai-CDD\data\raw\dataset\test\TUBERCULOSIS\tb_00420.png,TUBERCULOSIS,TUBERCULOSIS,1.0,True
g:\Ai-CDD\data\raw\dataset\test\TUBERCULOSIS\tb_00421.png,TUBERCULOSIS,NORMAL,0.9999,False
g:\Ai-CDD\data\raw\dataset\test\TUBERCULOSIS\tb_00422.png,TUBERCULOSIS,NORMAL,0.9982,False
g:\Ai-CDD\data\raw\dataset\test\TUBERCULOSIS\tb_00423.png,TUBERCULOSIS,TUBERCULOSIS,1.0,True
g:\Ai-CDD\data\raw\dataset\test\TUBERCULOSIS\tb_00424.png,TUBERCULOSIS,TUBERCULOSIS,0.987,True
g:\Ai-CDD\data\raw\dataset\test\TUBERCULOSIS\tb_00425.png,TUBERCULOSIS,NORMAL,0.9421,False
g:\Ai-CDD\data\raw\dataset\test\TUBERCULOSIS\tb_00426.png,TUBERCULOSIS,TUBERCULOSIS,1.0,True
g:\Ai-CDD\data\raw\dataset\test\TUBERCULOSIS\tb_00427.png,TUBERCULOSIS,TUBERCULOSIS,0.999,True
g:\Ai-CDD\data\raw\dataset\test\TUBERCULOSIS\tb_00428.png,TUBERCULOSIS,NORMAL,0.9395,False
g:\Ai-CDD\data\raw\dataset\test\TUBERCULOSIS\tb_00429.png,TUBERCULOSIS,TUBERCULOSIS,1.0,True
g:\Ai-CDD\data\raw\dataset\test\TUBERCULOSIS\tb_00430.png,TUBERCULOSIS,TUBERCULOSIS,1.0,True
g:\Ai-CDD\data\raw\dataset\test\TUBERCULOSIS\tb_00431.png,TUBERCULOSIS,NORMAL,1.0,False
g:\Ai-CDD\data\raw\dataset\test\TUBERCULOSIS\tb_00432.png,TUBERCULOSIS,NORMAL,0.9999,False
g:\Ai-CDD\data\raw\dataset\test\TUBERCULOSIS\tb_00433.png,TUBERCULOSIS,NORMAL,1.0,False
g:\Ai-CDD\data\raw\dataset\test\TUBERCULOSIS\tb_00434.png,TUBERCULOSIS,TUBERCULOSIS,0.9949,True
g:\Ai-CDD\data\raw\dataset\test\TUBERCULOSIS\tb_00435.png,TUBERCULOSIS,NORMAL,1.0,False
g:\Ai-CDD\data\raw\dataset\test\TUBERCULOSIS\tb_00436.png,TUBERCULOSIS,NORMAL,0.6395,False
g:\Ai-CDD\data\raw\dataset\test\TUBERCULOSIS\tb_00437.png,TUBERCULOSIS,TUBERCULOSIS,1.0,True
g:\Ai-CDD\data\raw\dataset\test\TUBERCULOSIS\tb_00438.png,TUBERCULOSIS,TUBERCULOSIS,0.5468,True
g:\Ai-CDD\data\raw\dataset\test\TUBERCULOSIS\tb_00439.png,TUBERCULOSIS,TUBERCULOSIS,1.0,True
g:\Ai-CDD\data\raw\dataset\test\TUBERCULOSIS\tb_00440.png,TUBERCULOSIS,TUBERCULOSIS,1.0,True
g:\Ai-CDD\data\raw\dataset\test\TUBERCULOSIS\tb_00441.png,TUBERCULOSIS,TUBERCULOSIS,1.0,True
g:\Ai-CDD\data\raw\dataset\test\TUBERCULOSIS\tb_00442.png,TUBERCULOSIS,TUBERCULOSIS,1.0,True
g:\Ai-CDD\data\raw\dataset\test\TUBERCULOSIS\tb_00443.png,TUBERCULOSIS,TUBERCULOSIS,1.0,True
g:\Ai-CDD\data\raw\dataset\test\TUBERCULOSIS\tb_00444.png,TUBERCULOSIS,TUBERCULOSIS,1.0,True
g:\Ai-CDD\data\raw\dataset\test\TUBERCULOSIS\tb_00445.png,TUBERCULOSIS,TUBERCULOSIS,1.0,True
g:\Ai-CDD\data\raw\dataset\test\TUBERCULOSIS\tb_00446.png,TUBERCULOSIS,TUBERCULOSIS,1.0,True
g:\Ai-CDD\data\raw\dataset\test\TUBERCULOSIS\tb_00447.png,TUBERCULOSIS,TUBERCULOSIS,1.0,True
g:\Ai-CDD\data\raw\dataset\test\TUBERCULOSIS\tb_00448.png,TUBERCULOSIS,TUBERCULOSIS,0.9997,True
g:\Ai-CDD\data\raw\dataset\test\TUBERCULOSIS\tb_00449.png,TUBERCULOSIS,NORMAL,0.9995,False
g:\Ai-CDD\data\raw\dataset\test\TUBERCULOSIS\tb_00450.png,TUBERCULOSIS,TUBERCULOSIS,1.0,True
g:\Ai-CDD\data\raw\dataset\test\TUBERCULOSIS\tb_00451.png,TUBERCULOSIS,TUBERCULOSIS,1.0,True
g:\Ai-CDD\data\raw\dataset\test\TUBERCULOSIS\tb_00452.png,TUBERCULOSIS,TUBERCULOSIS,1.0,True
g:\Ai-CDD\data\raw\dataset\test\TUBERCULOSIS\tb_00453.png,TUBERCULOSIS,TUBERCULOSIS,0.9745,True
g:\Ai-CDD\data\raw\dataset\test\TUBERCULOSIS\tb_00454.png,TUBERCULOSIS,TUBERCULOSIS,1.0,True
g:\Ai-CDD\data\raw\dataset\test\TUBERCULOSIS\tb_00455.png,TUBERCULOSIS,NORMAL,0.9988,False
g:\Ai-CDD\data\raw\dataset\test\TUBERCULOSIS\tb_00456.png,TUBERCULOSIS,TUBERCULOSIS,1.0,True
g:\Ai-CDD\data\raw\dataset\test\TUBERCULOSIS\tb_00457.png,TUBERCULOSIS,TUBERCULOSIS,0.9994,True
g:\Ai-CDD\data\raw\dataset\test\TUBERCULOSIS\tb_00458.png,TUBERCULOSIS,TUBERCULOSIS,1.0,True
g:\Ai-CDD\data\raw\dataset\test\TUBERCULOSIS\tb_00459.png,TUBERCULOSIS,TUBERCULOSIS,1.0,True
g:\Ai-CDD\data\raw\dataset\test\TUBERCULOSIS\tb_00460.png,TUBERCULOSIS,NORMAL,0.9998,False
g:\Ai-CDD\data\raw\dataset\test\TUBERCULOSIS\tb_00461.png,TUBERCULOSIS,TUBERCULOSIS,1.0,True
g:\Ai-CDD\data\raw\dataset\test\TUBERCULOSIS\tb_00462.png,TUBERCULOSIS,TUBERCULOSIS,1.0,True
g:\Ai-CDD\data\raw\dataset\test\TUBERCULOSIS\tb_00463.png,TUBERCULOSIS,TUBERCULOSIS,1.0,True
g:\Ai-CDD\data\raw\dataset\test\TUBERCULOSIS\tb_00464.png,TUBERCULOSIS,TUBERCULOSIS,0.9996,True
g:\Ai-CDD\data\raw\dataset\test\TUBERCULOSIS\tb_00465.png,TUBERCULOSIS,TUBERCULOSIS,1.0,True
g:\Ai-CDD\data\raw\dataset\test\TUBERCULOSIS\tb_00466.png,TUBERCULOSIS,TUBERCULOSIS,1.0,True
g:\Ai-CDD\data\raw\dataset\test\TUBERCULOSIS\tb_00467.png,TUBERCULOSIS,TUBERCULOSIS,0.9995,True
g:\Ai-CDD\data\raw\dataset\test\TUBERCULOSIS\tb_00468.png,TUBERCULOSIS,NORMAL,0.9834,False
g:\Ai-CDD\data\raw\dataset\test\TUBERCULOSIS\tb_00469.png,TUBERCULOSIS,TUBERCULOSIS,1.0,True
g:\Ai-CDD\data\raw\dataset\test\TUBERCULOSIS\tb_00470.png,TUBERCULOSIS,TUBERCULOSIS,1.0,True
g:\Ai-CDD\data\raw\dataset\test\TUBERCULOSIS\tb_00471.png,TUBERCULOSIS,TUBERCULOSIS,1.0,True
g:\Ai-CDD\data\raw\dataset\test\TUBERCULOSIS\tb_00472.png,TUBERCULOSIS,TUBERCULOSIS,1.0,True
g:\Ai-CDD\data\raw\dataset\test\TUBERCULOSIS\tb_00473.png,TUBERCULOSIS,TUBERCULOSIS,1.0,True
g:\Ai-CDD\data\raw\dataset\test\TUBERCULOSIS\tb_00474.png,TUBERCULOSIS,TUBERCULOSIS,1.0,True
g:\Ai-CDD\data\raw\dataset\test\TUBERCULOSIS\tb_00475.png,TUBERCULOSIS,TUBERCULOSIS,1.0,True
g:\Ai-CDD\data\raw\dataset\test\TUBERCULOSIS\tb_00476.png,TUBERCULOSIS,TUBERCULOSIS,1.0,True
g:\Ai-CDD\data\raw\dataset\test\TUBERCULOSIS\tb_00477.png,TUBERCULOSIS,TUBERCULOSIS,1.0,True
g:\Ai-CDD\data\raw\dataset\test\TUBERCULOSIS\tb_00478.png,TUBERCULOSIS,TUBERCULOSIS,1.0,True
g:\Ai-CDD\data\raw\dataset\test\TUBERCULOSIS\tb_00479.png,TUBERCULOSIS,TUBERCULOSIS,0.9996,True
g:\Ai-CDD\data\raw\dataset\test\TUBERCULOSIS\tb_00480.png,TUBERCULOSIS,TUBERCULOSIS,1.0,True
g:\Ai-CDD\data\raw\dataset\test\TUBERCULOSIS\tb_00481.png,TUBERCULOSIS,NORMAL,0.8589,False
g:\Ai-CDD\data\raw\dataset\test\TUBERCULOSIS\tb_00482.png,TUBERCULOSIS,TUBERCULOSIS,1.0,True
g:\Ai-CDD\data\raw\dataset\test\TUBERCULOSIS\tb_00483.png,TUBERCULOSIS,TUBERCULOSIS,1.0,True
g:\Ai-CDD\data\raw\dataset\test\TUBERCULOSIS\tb_00484.png,TUBERCULOSIS,TUBERCULOSIS,1.0,True
g:\Ai-CDD\data\raw\dataset\test\TUBERCULOSIS\tb_00485.png,TUBERCULOSIS,TUBERCULOSIS,1.0,True
g:\Ai-CDD\data\raw\dataset\test\TUBERCULOSIS\tb_00486.png,TUBERCULOSIS,TUBERCULOSIS,1.0,True
g:\Ai-CDD\data\raw\dataset\test\TUBERCULOSIS\tb_00487.png,TUBERCULOSIS,TUBERCULOSIS,0.9892,True
g:\Ai-CDD\data\raw\dataset\test\TUBERCULOSIS\tb_00488.png,TUBERCULOSIS,TUBERCULOSIS,1.0,True
g:\Ai-CDD\data\raw\dataset\test\TUBERCULOSIS\tb_00489.png,TUBERCULOSIS,TUBERCULOSIS,1.0,True
g:\Ai-CDD\data\raw\dataset\test\TUBERCULOSIS\tb_00490.png,TUBERCULOSIS,TUBERCULOSIS,1.0,True
g:\Ai-CDD\data\raw\dataset\test\TUBERCULOSIS\tb_00491.png,TUBERCULOSIS,TUBERCULOSIS,1.0,True
g:\Ai-CDD\data\raw\dataset\test\TUBERCULOSIS\tb_00492.png,TUBERCULOSIS,TUBERCULOSIS,1.0,True
g:\Ai-CDD\data\raw\dataset\test\TUBERCULOSIS\tb_00493.png,TUBERCULOSIS,TUBERCULOSIS,1.0,True
g:\Ai-CDD\data\raw\dataset\test\TUBERCULOSIS\tb_00494.png,TUBERCULOSIS,TUBERCULOSIS,1.0,True
g:\Ai-CDD\data\raw\dataset\test\TUBERCULOSIS\tb_00495.png,TUBERCULOSIS,TUBERCULOSIS,1.0,True
g:\Ai-CDD\data\raw\dataset\test\TUBERCULOSIS\tb_00496.png,TUBERCULOSIS,TUBERCULOSIS,0.9999,True
g:\Ai-CDD\data\raw\dataset\test\TUBERCULOSIS\tb_00497.png,TUBERCULOSIS,TUBERCULOSIS,0.9999,True
g:\Ai-CDD\data\raw\dataset\test\TUBERCULOSIS\tb_00498.png,TUBERCULOSIS,TUBERCULOSIS,1.0,True
g:\Ai-CDD\data\raw\dataset\test\TUBERCULOSIS\tb_00499.png,TUBERCULOSIS,TUBERCULOSIS,1.0,True
g:\Ai-CDD\data\raw\dataset\test\TUBERCULOSIS\tb_00500.png,TUBERCULOSIS,TUBERCULOSIS,0.9999,True
g:\Ai-CDD\data\raw\dataset\test\TUBERCULOSIS\tb_00501.png,TUBERCULOSIS,TUBERCULOSIS,1.0,True
g:\Ai-CDD\data\raw\dataset\test\TUBERCULOSIS\tb_00502.png,TUBERCULOSIS,TUBERCULOSIS,1.0,True
g:\Ai-CDD\data\raw\dataset\test\TUBERCULOSIS\tb_00503.png,TUBERCULOSIS,TUBERCULOSIS,1.0,True
g:\Ai-CDD\data\raw\dataset\test\TUBERCULOSIS\tb_00504.png,TUBERCULOSIS,TUBERCULOSIS,1.0,True
g:\Ai-CDD\data\raw\dataset\test\TUBERCULOSIS\tb_00505.png,TUBERCULOSIS,NORMAL,0.981,False
g:\Ai-CDD\data\raw\dataset\test\TUBERCULOSIS\tb_00506.png,TUBERCULOSIS,TUBERCULOSIS,1.0,True
g:\Ai-CDD\data\raw\dataset\test\TUBERCULOSIS\tb_00507.png,TUBERCULOSIS,TUBERCULOSIS,1.0,True
g:\Ai-CDD\data\raw\dataset\test\TUBERCULOSIS\tb_00508.png,TUBERCULOSIS,TUBERCULOSIS,1.0,True
g:\Ai-CDD\data\raw\dataset\test\TUBERCULOSIS\tb_00509.png,TUBERCULOSIS,TUBERCULOSIS,1.0,True
g:\Ai-CDD\data\raw\dataset\test\TUBERCULOSIS\tb_00510.png,TUBERCULOSIS,NORMAL,1.0,False
g:\Ai-CDD\data\raw\dataset\test\TUBERCULOSIS\tb_00511.png,TUBERCULOSIS,TUBERCULOSIS,0.9996,True
g:\Ai-CDD\data\raw\dataset\test\TUBERCULOSIS\tb_00512.png,TUBERCULOSIS,TUBERCULOSIS,1.0,True
g:\Ai-CDD\data\raw\dataset\test\TUBERCULOSIS\tb_00513.png,TUBERCULOSIS,TUBERCULOSIS,1.0,True
g:\Ai-CDD\data\raw\dataset\test\TUBERCULOSIS\tb_00514.png,TUBERCULOSIS,TUBERCULOSIS,1.0,True
g:\Ai-CDD\data\raw\dataset\test\TUBERCULOSIS\tb_00515.png,TUBERCULOSIS,TUBERCULOSIS,0.8968,True
g:\Ai-CDD\data\raw\dataset\test\TUBERCULOSIS\tb_00516.png,TUBERCULOSIS,TUBERCULOSIS,1.0,True
g:\Ai-CDD\data\raw\dataset\test\TUBERCULOSIS\tb_00517.png,TUBERCULOSIS,TUBERCULOSIS,1.0,True
g:\Ai-CDD\data\raw\dataset\test\TUBERCULOSIS\tb_00518.png,TUBERCULOSIS,TUBERCULOSIS,1.0,True
g:\Ai-CDD\data\raw\dataset\test\TUBERCULOSIS\tb_00519.png,TUBERCULOSIS,NORMAL,0.9993,False
g:\Ai-CDD\data\raw\dataset\test\TUBERCULOSIS\tb_00520.png,TUBERCULOSIS,TUBERCULOSIS,1.0,True
g:\Ai-CDD\data\raw\dataset\test\TUBERCULOSIS\tb_00521.png,TUBERCULOSIS,TUBERCULOSIS,1.0,True
g:\Ai-CDD\data\raw\dataset\test\TUBERCULOSIS\tb_00522.png,TUBERCULOSIS,TUBERCULOSIS,1.0,True
g:\Ai-CDD\data\raw\dataset\test\TUBERCULOSIS\tb_00523.png,TUBERCULOSIS,TUBERCULOSIS,1.0,True
g:\Ai-CDD\data\raw\dataset\test\TUBERCULOSIS\tb_00524.png,TUBERCULOSIS,TUBERCULOSIS,1.0,True
g:\Ai-CDD\data\raw\dataset\test\TUBERCULOSIS\tb_00525.png,TUBERCULOSIS,TUBERCULOSIS,0.8855,True
g:\Ai-CDD\data\raw\dataset\test\TUBERCULOSIS\tb_00526.png,TUBERCULOSIS,TUBERCULOSIS,1.0,True
g:\Ai-CDD\data\raw\dataset\test\TUBERCULOSIS\tb_00527.png,TUBERCULOSIS,TUBERCULOSIS,1.0,True
g:\Ai-CDD\data\raw\dataset\test\TUBERCULOSIS\tb_00528.png,TUBERCULOSIS,TUBERCULOSIS,1.0,True
g:\Ai-CDD\data\raw\dataset\test\TUBERCULOSIS\tb_00529.png,TUBERCULOSIS,TUBERCULOSIS,1.0,True
g:\Ai-CDD\data\raw\dataset\test\TUBERCULOSIS\tb_00530.png,TUBERCULOSIS,TUBERCULOSIS,1.0,True
g:\Ai-CDD\data\raw\dataset\test\TUBERCULOSIS\tb_00531.png,TUBERCULOSIS,TUBERCULOSIS,1.0,True
g:\Ai-CDD\data\raw\dataset\test\TUBERCULOSIS\tb_00532.png,TUBERCULOSIS,TUBERCULOSIS,1.0,True
g:\Ai-CDD\data\raw\dataset\test\TUBERCULOSIS\tb_00533.png,TUBERCULOSIS,TUBERCULOSIS,1.0,True
g:\Ai-CDD\data\raw\dataset\test\TUBERCULOSIS\tb_00534.png,TUBERCULOSIS,TUBERCULOSIS,1.0,True
g:\Ai-CDD\data\raw\dataset\test\TUBERCULOSIS\tb_00535.png,TUBERCULOSIS,TUBERCULOSIS,1.0,True
g:\Ai-CDD\data\raw\dataset\test\TUBERCULOSIS\tb_00536.png,TUBERCULOSIS,TUBERCULOSIS,1.0,True
g:\Ai-CDD\data\raw\dataset\test\TUBERCULOSIS\tb_00537.png,TUBERCULOSIS,TUBERCULOSIS,1.0,True
g:\Ai-CDD\data\raw\dataset\test\TUBERCULOSIS\tb_00538.png,TUBERCULOSIS,TUBERCULOSIS,1.0,True
g:\Ai-CDD\data\raw\dataset\test\TUBERCULOSIS\tb_00539.png,TUBERCULOSIS,TUBERCULOSIS,1.0,True
g:\Ai-CDD\data\raw\dataset\test\TUBERCULOSIS\tb_00540.png,TUBERCULOSIS,TUBERCULOSIS,1.0,True
g:\Ai-CDD\data\raw\dataset\test\TUBERCULOSIS\tb_00541.png,TUBERCULOSIS,TUBERCULOSIS,0.9986,True
g:\Ai-CDD\data\raw\dataset\test\TUBERCULOSIS\tb_00542.png,TUBERCULOSIS,TUBERCULOSIS,1.0,True
g:\Ai-CDD\data\raw\dataset\test\TUBERCULOSIS\tb_00543.png,TUBERCULOSIS,NORMAL,1.0,False
g:\Ai-CDD\data\raw\dataset\test\TUBERCULOSIS\tb_00544.png,TUBERCULOSIS,NORMAL,0.9999,False
g:\Ai-CDD\data\raw\dataset\test\TUBERCULOSIS\tb_00545.png,TUBERCULOSIS,TUBERCULOSIS,1.0,True
g:\Ai-CDD\data\raw\dataset\test\TUBERCULOSIS\tb_00546.png,TUBERCULOSIS,TUBERCULOSIS,1.0,True
g:\Ai-CDD\data\raw\dataset\test\TUBERCULOSIS\tb_00547.png,TUBERCULOSIS,TUBERCULOSIS,1.0,True
g:\Ai-CDD\data\raw\dataset\test\TUBERCULOSIS\tb_00548.png,TUBERCULOSIS,TUBERCULOSIS,1.0,True
g:\Ai-CDD\data\raw\dataset\test\TUBERCULOSIS\tb_00549.png,TUBERCULOSIS,TUBERCULOSIS,1.0,True
g:\Ai-CDD\data\raw\dataset\test\TUBERCULOSIS\tb_00550.png,TUBERCULOSIS,TUBERCULOSIS,1.0,True
g:\Ai-CDD\data\raw\dataset\test\TUBERCULOSIS\tb_00551.png,TUBERCULOSIS,TUBERCULOSIS,0.9999,True
g:\Ai-CDD\data\raw\dataset\test\TUBERCULOSIS\tb_00552.png,TUBERCULOSIS,TUBERCULOSIS,1.0,True
g:\Ai-CDD\data\raw\dataset\test\TUBERCULOSIS\tb_00553.png,TUBERCULOSIS,TUBERCULOSIS,0.9213,True
g:\Ai-CDD\data\raw\dataset\test\TUBERCULOSIS\tb_00554.png,TUBERCULOSIS,TUBERCULOSIS,0.9999,True
g:\Ai-CDD\data\raw\dataset\test\TUBERCULOSIS\tb_00555.png,TUBERCULOSIS,TUBERCULOSIS,1.0,True
