distance,class_1,file_name_1,file_path_1,class_2,file_name_2,file_path_2
4,normal,h0001.png,G:\Ai-CDD\updated_class_tb_dataset\TBX11K\imgs\health\h0001.png,normal,h0055.png,G:\Ai-CDD\updated_class_tb_dataset\TBX11K\imgs\health\h0055.png
4,normal,h0001.png,G:\Ai-CDD\updated_class_tb_dataset\TBX11K\imgs\health\h0001.png,normal,h0444.png,G:\Ai-CDD\updated_class_tb_dataset\TBX11K\imgs\health\h0444.png
4,normal,h0001.png,G:\Ai-CDD\updated_class_tb_dataset\TBX11K\imgs\health\h0001.png,normal,h1354.png,G:\Ai-CDD\updated_class_tb_dataset\TBX11K\imgs\health\h1354.png
2,normal,h0001.png,G:\Ai-CDD\updated_class_tb_dataset\TBX11K\imgs\health\h0001.png,normal,h1597.png,G:\Ai-CDD\updated_class_tb_dataset\TBX11K\imgs\health\h1597.png
4,normal,h0001.png,G:\Ai-CDD\updated_class_tb_dataset\TBX11K\imgs\health\h0001.png,normal,h1705.png,G:\Ai-CDD\updated_class_tb_dataset\TBX11K\imgs\health\h1705.png
0,normal,h0001.png,G:\Ai-CDD\updated_class_tb_dataset\TBX11K\imgs\health\h0001.png,normal,h1781.png,G:\Ai-CDD\updated_class_tb_dataset\TBX11K\imgs\health\h1781.png
4,normal,h0001.png,G:\Ai-CDD\updated_class_tb_dataset\TBX11K\imgs\health\h0001.png,normal,h2068.png,G:\Ai-CDD\updated_class_tb_dataset\TBX11K\imgs\health\h2068.png
4,normal,h0001.png,G:\Ai-CDD\updated_class_tb_dataset\TBX11K\imgs\health\h0001.png,normal,h2145.png,G:\Ai-CDD\updated_class_tb_dataset\TBX11K\imgs\health\h2145.png
4,normal,h0001.png,G:\Ai-CDD\updated_class_tb_dataset\TBX11K\imgs\health\h0001.png,normal,h2172.png,G:\Ai-CDD\updated_class_tb_dataset\TBX11K\imgs\health\h2172.png
4,normal,h0001.png,G:\Ai-CDD\updated_class_tb_dataset\TBX11K\imgs\health\h0001.png,normal,h2397.png,G:\Ai-CDD\updated_class_tb_dataset\TBX11K\imgs\health\h2397.png
4,normal,h0001.png,G:\Ai-CDD\updated_class_tb_dataset\TBX11K\imgs\health\h0001.png,normal,h2530.png,G:\Ai-CDD\updated_class_tb_dataset\TBX11K\imgs\health\h2530.png
4,normal,h0001.png,G:\Ai-CDD\updated_class_tb_dataset\TBX11K\imgs\health\h0001.png,normal,h2870.png,G:\Ai-CDD\updated_class_tb_dataset\TBX11K\imgs\health\h2870.png
4,normal,h0001.png,G:\Ai-CDD\updated_class_tb_dataset\TBX11K\imgs\health\h0001.png,normal,h3025.png,G:\Ai-CDD\updated_class_tb_dataset\TBX11K\imgs\health\h3025.png
4,normal,h0001.png,G:\Ai-CDD\updated_class_tb_dataset\TBX11K\imgs\health\h0001.png,normal,h3254.png,G:\Ai-CDD\updated_class_tb_dataset\TBX11K\imgs\health\h3254.png
4,normal,h0001.png,G:\Ai-CDD\updated_class_tb_dataset\TBX11K\imgs\health\h0001.png,normal,h3294.png,G:\Ai-CDD\updated_class_tb_dataset\TBX11K\imgs\health\h3294.png
4,normal,h0001.png,G:\Ai-CDD\updated_class_tb_dataset\TBX11K\imgs\health\h0001.png,normal,h3830.png,G:\Ai-CDD\updated_class_tb_dataset\TBX11K\imgs\health\h3830.png
4,normal,h0001.png,G:\Ai-CDD\updated_class_tb_dataset\TBX11K\imgs\health\h0001.png,normal,h3848.png,G:\Ai-CDD\updated_class_tb_dataset\TBX11K\imgs\health\h3848.png
2,normal,h0001.png,G:\Ai-CDD\updated_class_tb_dataset\TBX11K\imgs\health\h0001.png,normal,h4092.png,G:\Ai-CDD\updated_class_tb_dataset\TBX11K\imgs\health\h4092.png
4,normal,h0003.png,G:\Ai-CDD\updated_class_tb_dataset\TBX11K\imgs\health\h0003.png,normal,h1773.png,G:\Ai-CDD\updated_class_tb_dataset\TBX11K\imgs\health\h1773.png
4,normal,h0003.png,G:\Ai-CDD\updated_class_tb_dataset\TBX11K\imgs\health\h0003.png,normal,h2793.png,G:\Ai-CDD\updated_class_tb_dataset\TBX11K\imgs\health\h2793.png
4,normal,h0003.png,G:\Ai-CDD\updated_class_tb_dataset\TBX11K\imgs\health\h0003.png,normal,h3947.png,G:\Ai-CDD\updated_class_tb_dataset\TBX11K\imgs\health\h3947.png
4,normal,h0003.png,G:\Ai-CDD\updated_class_tb_dataset\TBX11K\imgs\health\h0003.png,normal,h4573.png,G:\Ai-CDD\updated_class_tb_dataset\TBX11K\imgs\health\h4573.png
4,normal,h0003.png,G:\Ai-CDD\updated_class_tb_dataset\TBX11K\imgs\health\h0003.png,tb,tb0985.png,G:\Ai-CDD\updated_class_tb_dataset\TBX11K\imgs\tb\tb0985.png
2,normal,h0009.png,G:\Ai-CDD\updated_class_tb_dataset\TBX11K\imgs\health\h0009.png,normal,h3721.png,G:\Ai-CDD\updated_class_tb_dataset\TBX11K\imgs\health\h3721.png
4,normal,h0009.png,G:\Ai-CDD\updated_class_tb_dataset\TBX11K\imgs\health\h0009.png,normal,h3849.png,G:\Ai-CDD\updated_class_tb_dataset\TBX11K\imgs\health\h3849.png
4,normal,h0009.png,G:\Ai-CDD\updated_class_tb_dataset\TBX11K\imgs\health\h0009.png,normal,h4416.png,G:\Ai-CDD\updated_class_tb_dataset\TBX11K\imgs\health\h4416.png
4,normal,h0012.png,G:\Ai-CDD\updated_class_tb_dataset\TBX11K\imgs\health\h0012.png,normal,h3824.png,G:\Ai-CDD\updated_class_tb_dataset\TBX11K\imgs\health\h3824.png
4,normal,h0016.png,G:\Ai-CDD\updated_class_tb_dataset\TBX11K\imgs\health\h0016.png,tb,tb0824.png,G:\Ai-CDD\updated_class_tb_dataset\TBX11K\imgs\tb\tb0824.png
4,normal,h0017.png,G:\Ai-CDD\updated_class_tb_dataset\TBX11K\imgs\health\h0017.png,normal,h0643.png,G:\Ai-CDD\updated_class_tb_dataset\TBX11K\imgs\health\h0643.png
4,normal,h0023.png,G:\Ai-CDD\updated_class_tb_dataset\TBX11K\imgs\health\h0023.png,normal,h2296.png,G:\Ai-CDD\updated_class_tb_dataset\TBX11K\imgs\health\h2296.png
4,normal,h0026.png,G:\Ai-CDD\updated_class_tb_dataset\TBX11K\imgs\health\h0026.png,normal,h2468.png,G:\Ai-CDD\updated_class_tb_dataset\TBX11K\imgs\health\h2468.png
4,normal,h0027.png,G:\Ai-CDD\updated_class_tb_dataset\TBX11K\imgs\health\h0027.png,normal,h4309.png,G:\Ai-CDD\updated_class_tb_dataset\TBX11K\imgs\health\h4309.png
4,normal,h0033.png,G:\Ai-CDD\updated_class_tb_dataset\TBX11K\imgs\health\h0033.png,normal,h1185.png,G:\Ai-CDD\updated_class_tb_dataset\TBX11K\imgs\health\h1185.png
4,normal,h0033.png,G:\Ai-CDD\updated_class_tb_dataset\TBX11K\imgs\health\h0033.png,normal,h2068.png,G:\Ai-CDD\updated_class_tb_dataset\TBX11K\imgs\health\h2068.png
4,normal,h0033.png,G:\Ai-CDD\updated_class_tb_dataset\TBX11K\imgs\health\h0033.png,normal,h2093.png,G:\Ai-CDD\updated_class_tb_dataset\TBX11K\imgs\health\h2093.png
4,normal,h0033.png,G:\Ai-CDD\updated_class_tb_dataset\TBX11K\imgs\health\h0033.png,normal,h2170.png,G:\Ai-CDD\updated_class_tb_dataset\TBX11K\imgs\health\h2170.png
4,normal,h0033.png,G:\Ai-CDD\updated_class_tb_dataset\TBX11K\imgs\health\h0033.png,normal,h3137.png,G:\Ai-CDD\updated_class_tb_dataset\TBX11K\imgs\health\h3137.png
4,normal,h0033.png,G:\Ai-CDD\updated_class_tb_dataset\TBX11K\imgs\health\h0033.png,normal,h3508.png,G:\Ai-CDD\updated_class_tb_dataset\TBX11K\imgs\health\h3508.png
4,normal,h0033.png,G:\Ai-CDD\updated_class_tb_dataset\TBX11K\imgs\health\h0033.png,normal,h4092.png,G:\Ai-CDD\updated_class_tb_dataset\TBX11K\imgs\health\h4092.png
4,normal,h0033.png,G:\Ai-CDD\updated_class_tb_dataset\TBX11K\imgs\health\h0033.png,tb,tb0366.png,G:\Ai-CDD\updated_class_tb_dataset\TBX11K\imgs\tb\tb0366.png
4,normal,h0034.png,G:\Ai-CDD\updated_class_tb_dataset\TBX11K\imgs\health\h0034.png,normal,h1195.png,G:\Ai-CDD\updated_class_tb_dataset\TBX11K\imgs\health\h1195.png
4,normal,h0034.png,G:\Ai-CDD\updated_class_tb_dataset\TBX11K\imgs\health\h0034.png,normal,h2226.png,G:\Ai-CDD\updated_class_tb_dataset\TBX11K\imgs\health\h2226.png
4,normal,h0034.png,G:\Ai-CDD\updated_class_tb_dataset\TBX11K\imgs\health\h0034.png,normal,h4551.png,G:\Ai-CDD\updated_class_tb_dataset\TBX11K\imgs\health\h4551.png
4,normal,h0040.png,G:\Ai-CDD\updated_class_tb_dataset\TBX11K\imgs\health\h0040.png,normal,h3045.png,G:\Ai-CDD\updated_class_tb_dataset\TBX11K\imgs\health\h3045.png
4,normal,h0041.png,G:\Ai-CDD\updated_class_tb_dataset\TBX11K\imgs\health\h0041.png,normal,h2153.png,G:\Ai-CDD\updated_class_tb_dataset\TBX11K\imgs\health\h2153.png
4,normal,h0042.png,G:\Ai-CDD\updated_class_tb_dataset\TBX11K\imgs\health\h0042.png,normal,h4610.png,G:\Ai-CDD\updated_class_tb_dataset\TBX11K\imgs\health\h4610.png
4,normal,h0043.png,G:\Ai-CDD\updated_class_tb_dataset\TBX11K\imgs\health\h0043.png,sick,s2945.png,G:\Ai-CDD\updated_class_tb_dataset\TBX11K\imgs\sick\s2945.png
4,normal,h0043.png,G:\Ai-CDD\updated_class_tb_dataset\TBX11K\imgs\health\h0043.png,sick,s4702.png,G:\Ai-CDD\updated_class_tb_dataset\TBX11K\imgs\sick\s4702.png
4,normal,h0049.png,G:\Ai-CDD\updated_class_tb_dataset\TBX11K\imgs\health\h0049.png,normal,h1567.png,G:\Ai-CDD\updated_class_tb_dataset\TBX11K\imgs\health\h1567.png
4,normal,h0049.png,G:\Ai-CDD\updated_class_tb_dataset\TBX11K\imgs\health\h0049.png,normal,h3834.png,G:\Ai-CDD\updated_class_tb_dataset\TBX11K\imgs\health\h3834.png
4,normal,h0049.png,G:\Ai-CDD\updated_class_tb_dataset\TBX11K\imgs\health\h0049.png,normal,h3970.png,G:\Ai-CDD\updated_class_tb_dataset\TBX11K\imgs\health\h3970.png
4,normal,h0049.png,G:\Ai-CDD\updated_class_tb_dataset\TBX11K\imgs\health\h0049.png,normal,h4567.png,G:\Ai-CDD\updated_class_tb_dataset\TBX11K\imgs\health\h4567.png
4,normal,h0050.png,G:\Ai-CDD\updated_class_tb_dataset\TBX11K\imgs\health\h0050.png,normal,h2490.png,G:\Ai-CDD\updated_class_tb_dataset\TBX11K\imgs\health\h2490.png
4,normal,h0051.png,G:\Ai-CDD\updated_class_tb_dataset\TBX11K\imgs\health\h0051.png,normal,h1945.png,G:\Ai-CDD\updated_class_tb_dataset\TBX11K\imgs\health\h1945.png
4,normal,h0051.png,G:\Ai-CDD\updated_class_tb_dataset\TBX11K\imgs\health\h0051.png,normal,h1958.png,G:\Ai-CDD\updated_class_tb_dataset\TBX11K\imgs\health\h1958.png
4,normal,h0053.png,G:\Ai-CDD\updated_class_tb_dataset\TBX11K\imgs\health\h0053.png,normal,h1187.png,G:\Ai-CDD\updated_class_tb_dataset\TBX11K\imgs\health\h1187.png
4,normal,h0053.png,G:\Ai-CDD\updated_class_tb_dataset\TBX11K\imgs\health\h0053.png,normal,h1385.png,G:\Ai-CDD\updated_class_tb_dataset\TBX11K\imgs\health\h1385.png
4,normal,h0053.png,G:\Ai-CDD\updated_class_tb_dataset\TBX11K\imgs\health\h0053.png,normal,h3772.png,G:\Ai-CDD\updated_class_tb_dataset\TBX11K\imgs\health\h3772.png
4,normal,h0053.png,G:\Ai-CDD\updated_class_tb_dataset\TBX11K\imgs\health\h0053.png,normal,h4652.png,G:\Ai-CDD\updated_class_tb_dataset\TBX11K\imgs\health\h4652.png
4,normal,h0053.png,G:\Ai-CDD\updated_class_tb_dataset\TBX11K\imgs\health\h0053.png,tb,tb0253.png,G:\Ai-CDD\updated_class_tb_dataset\TBX11K\imgs\tb\tb0253.png
4,normal,h0053.png,G:\Ai-CDD\updated_class_tb_dataset\TBX11K\imgs\health\h0053.png,tb,tb0576.png,G:\Ai-CDD\updated_class_tb_dataset\TBX11K\imgs\tb\tb0576.png
4,normal,h0054.png,G:\Ai-CDD\updated_class_tb_dataset\TBX11K\imgs\health\h0054.png,normal,h0477.png,G:\Ai-CDD\updated_class_tb_dataset\TBX11K\imgs\health\h0477.png
4,normal,h0054.png,G:\Ai-CDD\updated_class_tb_dataset\TBX11K\imgs\health\h0054.png,normal,h3329.png,G:\Ai-CDD\updated_class_tb_dataset\TBX11K\imgs\health\h3329.png
4,normal,h0055.png,G:\Ai-CDD\updated_class_tb_dataset\TBX11K\imgs\health\h0055.png,normal,h0781.png,G:\Ai-CDD\updated_class_tb_dataset\TBX11K\imgs\health\h0781.png
2,normal,h0055.png,G:\Ai-CDD\updated_class_tb_dataset\TBX11K\imgs\health\h0055.png,normal,h1597.png,G:\Ai-CDD\updated_class_tb_dataset\TBX11K\imgs\health\h1597.png
4,normal,h0055.png,G:\Ai-CDD\updated_class_tb_dataset\TBX11K\imgs\health\h0055.png,normal,h1781.png,G:\Ai-CDD\updated_class_tb_dataset\TBX11K\imgs\health\h1781.png
4,normal,h0055.png,G:\Ai-CDD\updated_class_tb_dataset\TBX11K\imgs\health\h0055.png,normal,h2172.png,G:\Ai-CDD\updated_class_tb_dataset\TBX11K\imgs\health\h2172.png
4,normal,h0055.png,G:\Ai-CDD\updated_class_tb_dataset\TBX11K\imgs\health\h0055.png,normal,h3659.png,G:\Ai-CDD\updated_class_tb_dataset\TBX11K\imgs\health\h3659.png
4,normal,h0061.png,G:\Ai-CDD\updated_class_tb_dataset\TBX11K\imgs\health\h0061.png,sick,s2896.png,G:\Ai-CDD\updated_class_tb_dataset\TBX11K\imgs\sick\s2896.png
4,normal,h0062.png,G:\Ai-CDD\updated_class_tb_dataset\TBX11K\imgs\health\h0062.png,normal,h2520.png,G:\Ai-CDD\updated_class_tb_dataset\TBX11K\imgs\health\h2520.png
4,normal,h0067.png,G:\Ai-CDD\updated_class_tb_dataset\TBX11K\imgs\health\h0067.png,normal,h2146.png,G:\Ai-CDD\updated_class_tb_dataset\TBX11K\imgs\health\h2146.png
4,normal,h0069.png,G:\Ai-CDD\updated_class_tb_dataset\TBX11K\imgs\health\h0069.png,normal,h3751.png,G:\Ai-CDD\updated_class_tb_dataset\TBX11K\imgs\health\h3751.png
4,normal,h0072.png,G:\Ai-CDD\updated_class_tb_dataset\TBX11K\imgs\health\h0072.png,normal,h1045.png,G:\Ai-CDD\updated_class_tb_dataset\TBX11K\imgs\health\h1045.png
4,normal,h0072.png,G:\Ai-CDD\updated_class_tb_dataset\TBX11K\imgs\health\h0072.png,normal,h1105.png,G:\Ai-CDD\updated_class_tb_dataset\TBX11K\imgs\health\h1105.png
4,normal,h0078.png,G:\Ai-CDD\updated_class_tb_dataset\TBX11K\imgs\health\h0078.png,normal,h0150.png,G:\Ai-CDD\updated_class_tb_dataset\TBX11K\imgs\health\h0150.png
4,normal,h0078.png,G:\Ai-CDD\updated_class_tb_dataset\TBX11K\imgs\health\h0078.png,normal,h2705.png,G:\Ai-CDD\updated_class_tb_dataset\TBX11K\imgs\health\h2705.png
4,normal,h0080.png,G:\Ai-CDD\updated_class_tb_dataset\TBX11K\imgs\health\h0080.png,normal,h0277.png,G:\Ai-CDD\updated_class_tb_dataset\TBX11K\imgs\health\h0277.png
4,normal,h0080.png,G:\Ai-CDD\updated_class_tb_dataset\TBX11K\imgs\health\h0080.png,normal,h0482.png,G:\Ai-CDD\updated_class_tb_dataset\TBX11K\imgs\health\h0482.png
4,normal,h0080.png,G:\Ai-CDD\updated_class_tb_dataset\TBX11K\imgs\health\h0080.png,normal,h2778.png,G:\Ai-CDD\updated_class_tb_dataset\TBX11K\imgs\health\h2778.png
4,normal,h0080.png,G:\Ai-CDD\updated_class_tb_dataset\TBX11K\imgs\health\h0080.png,normal,h4224.png,G:\Ai-CDD\updated_class_tb_dataset\TBX11K\imgs\health\h4224.png
4,normal,h0080.png,G:\Ai-CDD\updated_class_tb_dataset\TBX11K\imgs\health\h0080.png,sick,s0029.png,G:\Ai-CDD\updated_class_tb_dataset\TBX11K\imgs\sick\s0029.png
4,normal,h0080.png,G:\Ai-CDD\updated_class_tb_dataset\TBX11K\imgs\health\h0080.png,sick,s1080.png,G:\Ai-CDD\updated_class_tb_dataset\TBX11K\imgs\sick\s1080.png
4,normal,h0080.png,G:\Ai-CDD\updated_class_tb_dataset\TBX11K\imgs\health\h0080.png,tb,tb0479.png,G:\Ai-CDD\updated_class_tb_dataset\TBX11K\imgs\tb\tb0479.png
4,normal,h0081.png,G:\Ai-CDD\updated_class_tb_dataset\TBX11K\imgs\health\h0081.png,normal,h2105.png,G:\Ai-CDD\updated_class_tb_dataset\TBX11K\imgs\health\h2105.png
4,normal,h0081.png,G:\Ai-CDD\updated_class_tb_dataset\TBX11K\imgs\health\h0081.png,normal,h2177.png,G:\Ai-CDD\updated_class_tb_dataset\TBX11K\imgs\health\h2177.png
4,normal,h0081.png,G:\Ai-CDD\updated_class_tb_dataset\TBX11K\imgs\health\h0081.png,normal,h2669.png,G:\Ai-CDD\updated_class_tb_dataset\TBX11K\imgs\health\h2669.png
4,normal,h0081.png,G:\Ai-CDD\updated_class_tb_dataset\TBX11K\imgs\health\h0081.png,normal,h4903.png,G:\Ai-CDD\updated_class_tb_dataset\TBX11K\imgs\health\h4903.png
4,normal,h0083.png,G:\Ai-CDD\updated_class_tb_dataset\TBX11K\imgs\health\h0083.png,normal,h0241.png,G:\Ai-CDD\updated_class_tb_dataset\TBX11K\imgs\health\h0241.png
4,normal,h0088.png,G:\Ai-CDD\updated_class_tb_dataset\TBX11K\imgs\health\h0088.png,normal,h2335.png,G:\Ai-CDD\updated_class_tb_dataset\TBX11K\imgs\health\h2335.png
4,normal,h0090.png,G:\Ai-CDD\updated_class_tb_dataset\TBX11K\imgs\health\h0090.png,normal,h1556.png,G:\Ai-CDD\updated_class_tb_dataset\TBX11K\imgs\health\h1556.png
4,normal,h0095.png,G:\Ai-CDD\updated_class_tb_dataset\TBX11K\imgs\health\h0095.png,normal,h2271.png,G:\Ai-CDD\updated_class_tb_dataset\TBX11K\imgs\health\h2271.png
4,normal,h0097.png,G:\Ai-CDD\updated_class_tb_dataset\TBX11K\imgs\health\h0097.png,normal,h0971.png,G:\Ai-CDD\updated_class_tb_dataset\TBX11K\imgs\health\h0971.png
4,normal,h0097.png,G:\Ai-CDD\updated_class_tb_dataset\TBX11K\imgs\health\h0097.png,normal,h2427.png,G:\Ai-CDD\updated_class_tb_dataset\TBX11K\imgs\health\h2427.png
4,normal,h0097.png,G:\Ai-CDD\updated_class_tb_dataset\TBX11K\imgs\health\h0097.png,normal,h3996.png,G:\Ai-CDD\updated_class_tb_dataset\TBX11K\imgs\health\h3996.png
4,normal,h0100.png,G:\Ai-CDD\updated_class_tb_dataset\TBX11K\imgs\health\h0100.png,normal,h0212.png,G:\Ai-CDD\updated_class_tb_dataset\TBX11K\imgs\health\h0212.png
4,normal,h0100.png,G:\Ai-CDD\updated_class_tb_dataset\TBX11K\imgs\health\h0100.png,normal,h1011.png,G:\Ai-CDD\updated_class_tb_dataset\TBX11K\imgs\health\h1011.png
4,normal,h0100.png,G:\Ai-CDD\updated_class_tb_dataset\TBX11K\imgs\health\h0100.png,normal,h1139.png,G:\Ai-CDD\updated_class_tb_dataset\TBX11K\imgs\health\h1139.png
4,normal,h0100.png,G:\Ai-CDD\updated_class_tb_dataset\TBX11K\imgs\health\h0100.png,normal,h2194.png,G:\Ai-CDD\updated_class_tb_dataset\TBX11K\imgs\health\h2194.png
4,normal,h0100.png,G:\Ai-CDD\updated_class_tb_dataset\TBX11K\imgs\health\h0100.png,normal,h3916.png,G:\Ai-CDD\updated_class_tb_dataset\TBX11K\imgs\health\h3916.png
4,normal,h0101.png,G:\Ai-CDD\updated_class_tb_dataset\TBX11K\imgs\health\h0101.png,normal,h0817.png,G:\Ai-CDD\updated_class_tb_dataset\TBX11K\imgs\health\h0817.png
4,normal,h0101.png,G:\Ai-CDD\updated_class_tb_dataset\TBX11K\imgs\health\h0101.png,normal,h3443.png,G:\Ai-CDD\updated_class_tb_dataset\TBX11K\imgs\health\h3443.png
4,normal,h0102.png,G:\Ai-CDD\updated_class_tb_dataset\TBX11K\imgs\health\h0102.png,normal,h0625.png,G:\Ai-CDD\updated_class_tb_dataset\TBX11K\imgs\health\h0625.png
4,normal,h0102.png,G:\Ai-CDD\updated_class_tb_dataset\TBX11K\imgs\health\h0102.png,normal,h2942.png,G:\Ai-CDD\updated_class_tb_dataset\TBX11K\imgs\health\h2942.png
4,normal,h0102.png,G:\Ai-CDD\updated_class_tb_dataset\TBX11K\imgs\health\h0102.png,normal,h3049.png,G:\Ai-CDD\updated_class_tb_dataset\TBX11K\imgs\health\h3049.png
4,normal,h0104.png,G:\Ai-CDD\updated_class_tb_dataset\TBX11K\imgs\health\h0104.png,normal,h0482.png,G:\Ai-CDD\updated_class_tb_dataset\TBX11K\imgs\health\h0482.png
4,normal,h0104.png,G:\Ai-CDD\updated_class_tb_dataset\TBX11K\imgs\health\h0104.png,normal,h1317.png,G:\Ai-CDD\updated_class_tb_dataset\TBX11K\imgs\health\h1317.png
4,normal,h0104.png,G:\Ai-CDD\updated_class_tb_dataset\TBX11K\imgs\health\h0104.png,normal,h2520.png,G:\Ai-CDD\updated_class_tb_dataset\TBX11K\imgs\health\h2520.png
4,normal,h0104.png,G:\Ai-CDD\updated_class_tb_dataset\TBX11K\imgs\health\h0104.png,normal,h2526.png,G:\Ai-CDD\updated_class_tb_dataset\TBX11K\imgs\health\h2526.png
4,normal,h0104.png,G:\Ai-CDD\updated_class_tb_dataset\TBX11K\imgs\health\h0104.png,normal,h2662.png,G:\Ai-CDD\updated_class_tb_dataset\TBX11K\imgs\health\h2662.png
4,normal,h0104.png,G:\Ai-CDD\updated_class_tb_dataset\TBX11K\imgs\health\h0104.png,normal,h3264.png,G:\Ai-CDD\updated_class_tb_dataset\TBX11K\imgs\health\h3264.png
4,normal,h0104.png,G:\Ai-CDD\updated_class_tb_dataset\TBX11K\imgs\health\h0104.png,normal,h3797.png,G:\Ai-CDD\updated_class_tb_dataset\TBX11K\imgs\health\h3797.png
2,normal,h0104.png,G:\Ai-CDD\updated_class_tb_dataset\TBX11K\imgs\health\h0104.png,normal,h4750.png,G:\Ai-CDD\updated_class_tb_dataset\TBX11K\imgs\health\h4750.png
4,normal,h0112.png,G:\Ai-CDD\updated_class_tb_dataset\TBX11K\imgs\health\h0112.png,normal,h0164.png,G:\Ai-CDD\updated_class_tb_dataset\TBX11K\imgs\health\h0164.png
4,normal,h0115.png,G:\Ai-CDD\updated_class_tb_dataset\TBX11K\imgs\health\h0115.png,normal,h1039.png,G:\Ai-CDD\updated_class_tb_dataset\TBX11K\imgs\health\h1039.png
4,normal,h0115.png,G:\Ai-CDD\updated_class_tb_dataset\TBX11K\imgs\health\h0115.png,normal,h4636.png,G:\Ai-CDD\updated_class_tb_dataset\TBX11K\imgs\health\h4636.png
4,normal,h0115.png,G:\Ai-CDD\updated_class_tb_dataset\TBX11K\imgs\health\h0115.png,sick,s4663.png,G:\Ai-CDD\updated_class_tb_dataset\TBX11K\imgs\sick\s4663.png
4,normal,h0119.png,G:\Ai-CDD\updated_class_tb_dataset\TBX11K\imgs\health\h0119.png,sick,s0115.png,G:\Ai-CDD\updated_class_tb_dataset\TBX11K\imgs\sick\s0115.png
4,normal,h0119.png,G:\Ai-CDD\updated_class_tb_dataset\TBX11K\imgs\health\h0119.png,sick,s1620.png,G:\Ai-CDD\updated_class_tb_dataset\TBX11K\imgs\sick\s1620.png
4,normal,h0119.png,G:\Ai-CDD\updated_class_tb_dataset\TBX11K\imgs\health\h0119.png,sick,s1831.png,G:\Ai-CDD\updated_class_tb_dataset\TBX11K\imgs\sick\s1831.png
4,normal,h0119.png,G:\Ai-CDD\updated_class_tb_dataset\TBX11K\imgs\health\h0119.png,sick,s4275.png,G:\Ai-CDD\updated_class_tb_dataset\TBX11K\imgs\sick\s4275.png
4,normal,h0119.png,G:\Ai-CDD\updated_class_tb_dataset\TBX11K\imgs\health\h0119.png,sick,s4635.png,G:\Ai-CDD\updated_class_tb_dataset\TBX11K\imgs\sick\s4635.png
4,normal,h0120.png,G:\Ai-CDD\updated_class_tb_dataset\TBX11K\imgs\health\h0120.png,normal,h1926.png,G:\Ai-CDD\updated_class_tb_dataset\TBX11K\imgs\health\h1926.png
4,normal,h0120.png,G:\Ai-CDD\updated_class_tb_dataset\TBX11K\imgs\health\h0120.png,normal,h2531.png,G:\Ai-CDD\updated_class_tb_dataset\TBX11K\imgs\health\h2531.png
4,normal,h0120.png,G:\Ai-CDD\updated_class_tb_dataset\TBX11K\imgs\health\h0120.png,normal,h4402.png,G:\Ai-CDD\updated_class_tb_dataset\TBX11K\imgs\health\h4402.png
4,normal,h0120.png,G:\Ai-CDD\updated_class_tb_dataset\TBX11K\imgs\health\h0120.png,normal,h4960.png,G:\Ai-CDD\updated_class_tb_dataset\TBX11K\imgs\health\h4960.png
4,normal,h0121.png,G:\Ai-CDD\updated_class_tb_dataset\TBX11K\imgs\health\h0121.png,tb,tb0196.png,G:\Ai-CDD\updated_class_tb_dataset\TBX11K\imgs\tb\tb0196.png
4,normal,h0122.png,G:\Ai-CDD\updated_class_tb_dataset\TBX11K\imgs\health\h0122.png,normal,h2311.png,G:\Ai-CDD\updated_class_tb_dataset\TBX11K\imgs\health\h2311.png
2,normal,h0122.png,G:\Ai-CDD\updated_class_tb_dataset\TBX11K\imgs\health\h0122.png,normal,h3764.png,G:\Ai-CDD\updated_class_tb_dataset\TBX11K\imgs\health\h3764.png
2,normal,h0125.png,G:\Ai-CDD\updated_class_tb_dataset\TBX11K\imgs\health\h0125.png,normal,h0245.png,G:\Ai-CDD\updated_class_tb_dataset\TBX11K\imgs\health\h0245.png
4,normal,h0125.png,G:\Ai-CDD\updated_class_tb_dataset\TBX11K\imgs\health\h0125.png,normal,h0267.png,G:\Ai-CDD\updated_class_tb_dataset\TBX11K\imgs\health\h0267.png
4,normal,h0125.png,G:\Ai-CDD\updated_class_tb_dataset\TBX11K\imgs\health\h0125.png,normal,h3182.png,G:\Ai-CDD\updated_class_tb_dataset\TBX11K\imgs\health\h3182.png
4,normal,h0125.png,G:\Ai-CDD\updated_class_tb_dataset\TBX11K\imgs\health\h0125.png,normal,h3803.png,G:\Ai-CDD\updated_class_tb_dataset\TBX11K\imgs\health\h3803.png
4,normal,h0125.png,G:\Ai-CDD\updated_class_tb_dataset\TBX11K\imgs\health\h0125.png,normal,h4316.png,G:\Ai-CDD\updated_class_tb_dataset\TBX11K\imgs\health\h4316.png
4,normal,h0125.png,G:\Ai-CDD\updated_class_tb_dataset\TBX11K\imgs\health\h0125.png,tb,tb1004.png,G:\Ai-CDD\updated_class_tb_dataset\TBX11K\imgs\tb\tb1004.png
4,normal,h0131.png,G:\Ai-CDD\updated_class_tb_dataset\TBX11K\imgs\health\h0131.png,normal,h0270.png,G:\Ai-CDD\updated_class_tb_dataset\TBX11K\imgs\health\h0270.png
4,normal,h0131.png,G:\Ai-CDD\updated_class_tb_dataset\TBX11K\imgs\health\h0131.png,normal,h0919.png,G:\Ai-CDD\updated_class_tb_dataset\TBX11K\imgs\health\h0919.png
4,normal,h0132.png,G:\Ai-CDD\updated_class_tb_dataset\TBX11K\imgs\health\h0132.png,normal,h0643.png,G:\Ai-CDD\updated_class_tb_dataset\TBX11K\imgs\health\h0643.png
4,normal,h0132.png,G:\Ai-CDD\updated_class_tb_dataset\TBX11K\imgs\health\h0132.png,normal,h0965.png,G:\Ai-CDD\updated_class_tb_dataset\TBX11K\imgs\health\h0965.png
4,normal,h0132.png,G:\Ai-CDD\updated_class_tb_dataset\TBX11K\imgs\health\h0132.png,normal,h1130.png,G:\Ai-CDD\updated_class_tb_dataset\TBX11K\imgs\health\h1130.png
4,normal,h0132.png,G:\Ai-CDD\updated_class_tb_dataset\TBX11K\imgs\health\h0132.png,normal,h1831.png,G:\Ai-CDD\updated_class_tb_dataset\TBX11K\imgs\health\h1831.png
4,normal,h0132.png,G:\Ai-CDD\updated_class_tb_dataset\TBX11K\imgs\health\h0132.png,normal,h1895.png,G:\Ai-CDD\updated_class_tb_dataset\TBX11K\imgs\health\h1895.png
4,normal,h0132.png,G:\Ai-CDD\updated_class_tb_dataset\TBX11K\imgs\health\h0132.png,normal,h2081.png,G:\Ai-CDD\updated_class_tb_dataset\TBX11K\imgs\health\h2081.png
4,normal,h0132.png,G:\Ai-CDD\updated_class_tb_dataset\TBX11K\imgs\health\h0132.png,normal,h2593.png,G:\Ai-CDD\updated_class_tb_dataset\TBX11K\imgs\health\h2593.png
4,normal,h0132.png,G:\Ai-CDD\updated_class_tb_dataset\TBX11K\imgs\health\h0132.png,normal,h3059.png,G:\Ai-CDD\updated_class_tb_dataset\TBX11K\imgs\health\h3059.png
2,normal,h0132.png,G:\Ai-CDD\updated_class_tb_dataset\TBX11K\imgs\health\h0132.png,normal,h4788.png,G:\Ai-CDD\updated_class_tb_dataset\TBX11K\imgs\health\h4788.png
4,normal,h0132.png,G:\Ai-CDD\updated_class_tb_dataset\TBX11K\imgs\health\h0132.png,normal,h4988.png,G:\Ai-CDD\updated_class_tb_dataset\TBX11K\imgs\health\h4988.png
4,normal,h0132.png,G:\Ai-CDD\updated_class_tb_dataset\TBX11K\imgs\health\h0132.png,tb,tb0212.png,G:\Ai-CDD\updated_class_tb_dataset\TBX11K\imgs\tb\tb0212.png
4,normal,h0132.png,G:\Ai-CDD\updated_class_tb_dataset\TBX11K\imgs\health\h0132.png,tb,tb0739.png,G:\Ai-CDD\updated_class_tb_dataset\TBX11K\imgs\tb\tb0739.png
4,normal,h0134.png,G:\Ai-CDD\updated_class_tb_dataset\TBX11K\imgs\health\h0134.png,normal,h0174.png,G:\Ai-CDD\updated_class_tb_dataset\TBX11K\imgs\health\h0174.png
4,normal,h0134.png,G:\Ai-CDD\updated_class_tb_dataset\TBX11K\imgs\health\h0134.png,normal,h0920.png,G:\Ai-CDD\updated_class_tb_dataset\TBX11K\imgs\health\h0920.png
4,normal,h0134.png,G:\Ai-CDD\updated_class_tb_dataset\TBX11K\imgs\health\h0134.png,normal,h2656.png,G:\Ai-CDD\updated_class_tb_dataset\TBX11K\imgs\health\h2656.png
2,normal,h0134.png,G:\Ai-CDD\updated_class_tb_dataset\TBX11K\imgs\health\h0134.png,normal,h2775.png,G:\Ai-CDD\updated_class_tb_dataset\TBX11K\imgs\health\h2775.png
4,normal,h0134.png,G:\Ai-CDD\updated_class_tb_dataset\TBX11K\imgs\health\h0134.png,normal,h2805.png,G:\Ai-CDD\updated_class_tb_dataset\TBX11K\imgs\health\h2805.png
4,normal,h0137.png,G:\Ai-CDD\updated_class_tb_dataset\TBX11K\imgs\health\h0137.png,tb,tb0232.png,G:\Ai-CDD\updated_class_tb_dataset\TBX11K\imgs\tb\tb0232.png
4,normal,h0141.png,G:\Ai-CDD\updated_class_tb_dataset\TBX11K\imgs\health\h0141.png,normal,h2146.png,G:\Ai-CDD\updated_class_tb_dataset\TBX11K\imgs\health\h2146.png
4,normal,h0141.png,G:\Ai-CDD\updated_class_tb_dataset\TBX11K\imgs\health\h0141.png,normal,h2182.png,G:\Ai-CDD\updated_class_tb_dataset\TBX11K\imgs\health\h2182.png
4,normal,h0141.png,G:\Ai-CDD\updated_class_tb_dataset\TBX11K\imgs\health\h0141.png,normal,h4496.png,G:\Ai-CDD\updated_class_tb_dataset\TBX11K\imgs\health\h4496.png
4,normal,h0141.png,G:\Ai-CDD\updated_class_tb_dataset\TBX11K\imgs\health\h0141.png,normal,h4965.png,G:\Ai-CDD\updated_class_tb_dataset\TBX11K\imgs\health\h4965.png
4,normal,h0146.png,G:\Ai-CDD\updated_class_tb_dataset\TBX11K\imgs\health\h0146.png,normal,h1220.png,G:\Ai-CDD\updated_class_tb_dataset\TBX11K\imgs\health\h1220.png
2,normal,h0150.png,G:\Ai-CDD\updated_class_tb_dataset\TBX11K\imgs\health\h0150.png,normal,h3183.png,G:\Ai-CDD\updated_class_tb_dataset\TBX11K\imgs\health\h3183.png
4,normal,h0154.png,G:\Ai-CDD\updated_class_tb_dataset\TBX11K\imgs\health\h0154.png,normal,h3085.png,G:\Ai-CDD\updated_class_tb_dataset\TBX11K\imgs\health\h3085.png
4,normal,h0155.png,G:\Ai-CDD\updated_class_tb_dataset\TBX11K\imgs\health\h0155.png,normal,h1508.png,G:\Ai-CDD\updated_class_tb_dataset\TBX11K\imgs\health\h1508.png
4,normal,h0155.png,G:\Ai-CDD\updated_class_tb_dataset\TBX11K\imgs\health\h0155.png,normal,h3817.png,G:\Ai-CDD\updated_class_tb_dataset\TBX11K\imgs\health\h3817.png
4,normal,h0155.png,G:\Ai-CDD\updated_class_tb_dataset\TBX11K\imgs\health\h0155.png,normal,h4941.png,G:\Ai-CDD\updated_class_tb_dataset\TBX11K\imgs\health\h4941.png
4,normal,h0174.png,G:\Ai-CDD\updated_class_tb_dataset\TBX11K\imgs\health\h0174.png,normal,h2115.png,G:\Ai-CDD\updated_class_tb_dataset\TBX11K\imgs\health\h2115.png
4,normal,h0174.png,G:\Ai-CDD\updated_class_tb_dataset\TBX11K\imgs\health\h0174.png,normal,h2656.png,G:\Ai-CDD\updated_class_tb_dataset\TBX11K\imgs\health\h2656.png
4,normal,h0174.png,G:\Ai-CDD\updated_class_tb_dataset\TBX11K\imgs\health\h0174.png,normal,h4929.png,G:\Ai-CDD\updated_class_tb_dataset\TBX11K\imgs\health\h4929.png
4,normal,h0178.png,G:\Ai-CDD\updated_class_tb_dataset\TBX11K\imgs\health\h0178.png,normal,h2427.png,G:\Ai-CDD\updated_class_tb_dataset\TBX11K\imgs\health\h2427.png
4,normal,h0178.png,G:\Ai-CDD\updated_class_tb_dataset\TBX11K\imgs\health\h0178.png,normal,h3996.png,G:\Ai-CDD\updated_class_tb_dataset\TBX11K\imgs\health\h3996.png
4,normal,h0179.png,G:\Ai-CDD\updated_class_tb_dataset\TBX11K\imgs\health\h0179.png,normal,h3855.png,G:\Ai-CDD\updated_class_tb_dataset\TBX11K\imgs\health\h3855.png
4,normal,h0179.png,G:\Ai-CDD\updated_class_tb_dataset\TBX11K\imgs\health\h0179.png,normal,h4792.png,G:\Ai-CDD\updated_class_tb_dataset\TBX11K\imgs\health\h4792.png
4,normal,h0181.png,G:\Ai-CDD\updated_class_tb_dataset\TBX11K\imgs\health\h0181.png,normal,h1608.png,G:\Ai-CDD\updated_class_tb_dataset\TBX11K\imgs\health\h1608.png
4,normal,h0181.png,G:\Ai-CDD\updated_class_tb_dataset\TBX11K\imgs\health\h0181.png,normal,h2456.png,G:\Ai-CDD\updated_class_tb_dataset\TBX11K\imgs\health\h2456.png
4,normal,h0193.png,G:\Ai-CDD\updated_class_tb_dataset\TBX11K\imgs\health\h0193.png,normal,h1549.png,G:\Ai-CDD\updated_class_tb_dataset\TBX11K\imgs\health\h1549.png
4,normal,h0193.png,G:\Ai-CDD\updated_class_tb_dataset\TBX11K\imgs\health\h0193.png,normal,h4634.png,G:\Ai-CDD\updated_class_tb_dataset\TBX11K\imgs\health\h4634.png
4,normal,h0202.png,G:\Ai-CDD\updated_class_tb_dataset\TBX11K\imgs\health\h0202.png,normal,h0519.png,G:\Ai-CDD\updated_class_tb_dataset\TBX11K\imgs\health\h0519.png
4,normal,h0202.png,G:\Ai-CDD\updated_class_tb_dataset\TBX11K\imgs\health\h0202.png,normal,h4291.png,G:\Ai-CDD\updated_class_tb_dataset\TBX11K\imgs\health\h4291.png
4,normal,h0202.png,G:\Ai-CDD\updated_class_tb_dataset\TBX11K\imgs\health\h0202.png,normal,h4428.png,G:\Ai-CDD\updated_class_tb_dataset\TBX11K\imgs\health\h4428.png
4,normal,h0210.png,G:\Ai-CDD\updated_class_tb_dataset\TBX11K\imgs\health\h0210.png,normal,h4742.png,G:\Ai-CDD\updated_class_tb_dataset\TBX11K\imgs\health\h4742.png
4,normal,h0212.png,G:\Ai-CDD\updated_class_tb_dataset\TBX11K\imgs\health\h0212.png,normal,h4300.png,G:\Ai-CDD\updated_class_tb_dataset\TBX11K\imgs\health\h4300.png
4,normal,h0213.png,G:\Ai-CDD\updated_class_tb_dataset\TBX11K\imgs\health\h0213.png,normal,h0496.png,G:\Ai-CDD\updated_class_tb_dataset\TBX11K\imgs\health\h0496.png
4,normal,h0213.png,G:\Ai-CDD\updated_class_tb_dataset\TBX11K\imgs\health\h0213.png,sick,s2023.png,G:\Ai-CDD\updated_class_tb_dataset\TBX11K\imgs\sick\s2023.png
4,normal,h0213.png,G:\Ai-CDD\updated_class_tb_dataset\TBX11K\imgs\health\h0213.png,sick,s3669.png,G:\Ai-CDD\updated_class_tb_dataset\TBX11K\imgs\sick\s3669.png
4,normal,h0219.png,G:\Ai-CDD\updated_class_tb_dataset\TBX11K\imgs\health\h0219.png,normal,h4763.png,G:\Ai-CDD\updated_class_tb_dataset\TBX11K\imgs\health\h4763.png
4,normal,h0231.png,G:\Ai-CDD\updated_class_tb_dataset\TBX11K\imgs\health\h0231.png,normal,h1051.png,G:\Ai-CDD\updated_class_tb_dataset\TBX11K\imgs\health\h1051.png
4,normal,h0235.png,G:\Ai-CDD\updated_class_tb_dataset\TBX11K\imgs\health\h0235.png,tb,tb1027.png,G:\Ai-CDD\updated_class_tb_dataset\TBX11K\imgs\tb\tb1027.png
4,normal,h0236.png,G:\Ai-CDD\updated_class_tb_dataset\TBX11K\imgs\health\h0236.png,tb,tb0940.png,G:\Ai-CDD\updated_class_tb_dataset\TBX11K\imgs\tb\tb0940.png
4,normal,h0238.png,G:\Ai-CDD\updated_class_tb_dataset\TBX11K\imgs\health\h0238.png,normal,h1099.png,G:\Ai-CDD\updated_class_tb_dataset\TBX11K\imgs\health\h1099.png
4,normal,h0238.png,G:\Ai-CDD\updated_class_tb_dataset\TBX11K\imgs\health\h0238.png,normal,h2403.png,G:\Ai-CDD\updated_class_tb_dataset\TBX11K\imgs\health\h2403.png
4,normal,h0238.png,G:\Ai-CDD\updated_class_tb_dataset\TBX11K\imgs\health\h0238.png,normal,h3428.png,G:\Ai-CDD\updated_class_tb_dataset\TBX11K\imgs\health\h3428.png
4,normal,h0238.png,G:\Ai-CDD\updated_class_tb_dataset\TBX11K\imgs\health\h0238.png,normal,h3462.png,G:\Ai-CDD\updated_class_tb_dataset\TBX11K\imgs\health\h3462.png
4,normal,h0239.png,G:\Ai-CDD\updated_class_tb_dataset\TBX11K\imgs\health\h0239.png,normal,h0481.png,G:\Ai-CDD\updated_class_tb_dataset\TBX11K\imgs\health\h0481.png
4,normal,h0239.png,G:\Ai-CDD\updated_class_tb_dataset\TBX11K\imgs\health\h0239.png,normal,h0638.png,G:\Ai-CDD\updated_class_tb_dataset\TBX11K\imgs\health\h0638.png
4,normal,h0239.png,G:\Ai-CDD\updated_class_tb_dataset\TBX11K\imgs\health\h0239.png,normal,h1567.png,G:\Ai-CDD\updated_class_tb_dataset\TBX11K\imgs\health\h1567.png
4,normal,h0239.png,G:\Ai-CDD\updated_class_tb_dataset\TBX11K\imgs\health\h0239.png,normal,h3793.png,G:\Ai-CDD\updated_class_tb_dataset\TBX11K\imgs\health\h3793.png
4,normal,h0239.png,G:\Ai-CDD\updated_class_tb_dataset\TBX11K\imgs\health\h0239.png,normal,h4194.png,G:\Ai-CDD\updated_class_tb_dataset\TBX11K\imgs\health\h4194.png
4,normal,h0239.png,G:\Ai-CDD\updated_class_tb_dataset\TBX11K\imgs\health\h0239.png,normal,h4222.png,G:\Ai-CDD\updated_class_tb_dataset\TBX11K\imgs\health\h4222.png
2,normal,h0239.png,G:\Ai-CDD\updated_class_tb_dataset\TBX11K\imgs\health\h0239.png,normal,h4272.png,G:\Ai-CDD\updated_class_tb_dataset\TBX11K\imgs\health\h4272.png
4,normal,h0239.png,G:\Ai-CDD\updated_class_tb_dataset\TBX11K\imgs\health\h0239.png,normal,h4669.png,G:\Ai-CDD\updated_class_tb_dataset\TBX11K\imgs\health\h4669.png
4,normal,h0239.png,G:\Ai-CDD\updated_class_tb_dataset\TBX11K\imgs\health\h0239.png,sick,s2137.png,G:\Ai-CDD\updated_class_tb_dataset\TBX11K\imgs\sick\s2137.png
4,normal,h0239.png,G:\Ai-CDD\updated_class_tb_dataset\TBX11K\imgs\health\h0239.png,tb,tb1188.png,G:\Ai-CDD\updated_class_tb_dataset\TBX11K\imgs\tb\tb1188.png
2,normal,h0241.png,G:\Ai-CDD\updated_class_tb_dataset\TBX11K\imgs\health\h0241.png,normal,h0284.png,G:\Ai-CDD\updated_class_tb_dataset\TBX11K\imgs\health\h0284.png
4,normal,h0241.png,G:\Ai-CDD\updated_class_tb_dataset\TBX11K\imgs\health\h0241.png,normal,h0464.png,G:\Ai-CDD\updated_class_tb_dataset\TBX11K\imgs\health\h0464.png
4,normal,h0241.png,G:\Ai-CDD\updated_class_tb_dataset\TBX11K\imgs\health\h0241.png,normal,h0897.png,G:\Ai-CDD\updated_class_tb_dataset\TBX11K\imgs\health\h0897.png
4,normal,h0241.png,G:\Ai-CDD\updated_class_tb_dataset\TBX11K\imgs\health\h0241.png,normal,h0925.png,G:\Ai-CDD\updated_class_tb_dataset\TBX11K\imgs\health\h0925.png
2,normal,h0241.png,G:\Ai-CDD\updated_class_tb_dataset\TBX11K\imgs\health\h0241.png,normal,h1058.png,G:\Ai-CDD\updated_class_tb_dataset\TBX11K\imgs\health\h1058.png
4,normal,h0241.png,G:\Ai-CDD\updated_class_tb_dataset\TBX11K\imgs\health\h0241.png,normal,h1632.png,G:\Ai-CDD\updated_class_tb_dataset\TBX11K\imgs\health\h1632.png
4,normal,h0241.png,G:\Ai-CDD\updated_class_tb_dataset\TBX11K\imgs\health\h0241.png,normal,h1920.png,G:\Ai-CDD\updated_class_tb_dataset\TBX11K\imgs\health\h1920.png
4,normal,h0241.png,G:\Ai-CDD\updated_class_tb_dataset\TBX11K\imgs\health\h0241.png,normal,h2070.png,G:\Ai-CDD\updated_class_tb_dataset\TBX11K\imgs\health\h2070.png
2,normal,h0241.png,G:\Ai-CDD\updated_class_tb_dataset\TBX11K\imgs\health\h0241.png,normal,h3030.png,G:\Ai-CDD\updated_class_tb_dataset\TBX11K\imgs\health\h3030.png
2,normal,h0241.png,G:\Ai-CDD\updated_class_tb_dataset\TBX11K\imgs\health\h0241.png,normal,h3420.png,G:\Ai-CDD\updated_class_tb_dataset\TBX11K\imgs\health\h3420.png
4,normal,h0241.png,G:\Ai-CDD\updated_class_tb_dataset\TBX11K\imgs\health\h0241.png,normal,h3533.png,G:\Ai-CDD\updated_class_tb_dataset\TBX11K\imgs\health\h3533.png
4,normal,h0241.png,G:\Ai-CDD\updated_class_tb_dataset\TBX11K\imgs\health\h0241.png,tb,tb0196.png,G:\Ai-CDD\updated_class_tb_dataset\TBX11K\imgs\tb\tb0196.png
4,normal,h0244.png,G:\Ai-CDD\updated_class_tb_dataset\TBX11K\imgs\health\h0244.png,normal,h3405.png,G:\Ai-CDD\updated_class_tb_dataset\TBX11K\imgs\health\h3405.png
4,normal,h0245.png,G:\Ai-CDD\updated_class_tb_dataset\TBX11K\imgs\health\h0245.png,normal,h1637.png,G:\Ai-CDD\updated_class_tb_dataset\TBX11K\imgs\health\h1637.png
4,normal,h0245.png,G:\Ai-CDD\updated_class_tb_dataset\TBX11K\imgs\health\h0245.png,normal,h3182.png,G:\Ai-CDD\updated_class_tb_dataset\TBX11K\imgs\health\h3182.png
4,normal,h0245.png,G:\Ai-CDD\updated_class_tb_dataset\TBX11K\imgs\health\h0245.png,normal,h3482.png,G:\Ai-CDD\updated_class_tb_dataset\TBX11K\imgs\health\h3482.png
4,normal,h0245.png,G:\Ai-CDD\updated_class_tb_dataset\TBX11K\imgs\health\h0245.png,normal,h3758.png,G:\Ai-CDD\updated_class_tb_dataset\TBX11K\imgs\health\h3758.png
4,normal,h0245.png,G:\Ai-CDD\updated_class_tb_dataset\TBX11K\imgs\health\h0245.png,normal,h3803.png,G:\Ai-CDD\updated_class_tb_dataset\TBX11K\imgs\health\h3803.png
4,normal,h0245.png,G:\Ai-CDD\updated_class_tb_dataset\TBX11K\imgs\health\h0245.png,normal,h4259.png,G:\Ai-CDD\updated_class_tb_dataset\TBX11K\imgs\health\h4259.png
2,normal,h0245.png,G:\Ai-CDD\updated_class_tb_dataset\TBX11K\imgs\health\h0245.png,normal,h4316.png,G:\Ai-CDD\updated_class_tb_dataset\TBX11K\imgs\health\h4316.png
4,normal,h0245.png,G:\Ai-CDD\updated_class_tb_dataset\TBX11K\imgs\health\h0245.png,normal,h4416.png,G:\Ai-CDD\updated_class_tb_dataset\TBX11K\imgs\health\h4416.png
4,normal,h0245.png,G:\Ai-CDD\updated_class_tb_dataset\TBX11K\imgs\health\h0245.png,normal,h4694.png,G:\Ai-CDD\updated_class_tb_dataset\TBX11K\imgs\health\h4694.png
4,normal,h0245.png,G:\Ai-CDD\updated_class_tb_dataset\TBX11K\imgs\health\h0245.png,tb,tb1004.png,G:\Ai-CDD\updated_class_tb_dataset\TBX11K\imgs\tb\tb1004.png
4,normal,h0247.png,G:\Ai-CDD\updated_class_tb_dataset\TBX11K\imgs\health\h0247.png,normal,h1033.png,G:\Ai-CDD\updated_class_tb_dataset\TBX11K\imgs\health\h1033.png
4,normal,h0247.png,G:\Ai-CDD\updated_class_tb_dataset\TBX11K\imgs\health\h0247.png,normal,h3379.png,G:\Ai-CDD\updated_class_tb_dataset\TBX11K\imgs\health\h3379.png
4,normal,h0248.png,G:\Ai-CDD\updated_class_tb_dataset\TBX11K\imgs\health\h0248.png,normal,h2600.png,G:\Ai-CDD\updated_class_tb_dataset\TBX11K\imgs\health\h2600.png
4,normal,h0251.png,G:\Ai-CDD\updated_class_tb_dataset\TBX11K\imgs\health\h0251.png,tb,tb0851.png,G:\Ai-CDD\updated_class_tb_dataset\TBX11K\imgs\tb\tb0851.png
4,normal,h0252.png,G:\Ai-CDD\updated_class_tb_dataset\TBX11K\imgs\health\h0252.png,normal,h3309.png,G:\Ai-CDD\updated_class_tb_dataset\TBX11K\imgs\health\h3309.png
4,normal,h0254.png,G:\Ai-CDD\updated_class_tb_dataset\TBX11K\imgs\health\h0254.png,normal,h2634.png,G:\Ai-CDD\updated_class_tb_dataset\TBX11K\imgs\health\h2634.png
4,normal,h0254.png,G:\Ai-CDD\updated_class_tb_dataset\TBX11K\imgs\health\h0254.png,normal,h4229.png,G:\Ai-CDD\updated_class_tb_dataset\TBX11K\imgs\health\h4229.png
4,normal,h0261.png,G:\Ai-CDD\updated_class_tb_dataset\TBX11K\imgs\health\h0261.png,normal,h2819.png,G:\Ai-CDD\updated_class_tb_dataset\TBX11K\imgs\health\h2819.png
4,normal,h0262.png,G:\Ai-CDD\updated_class_tb_dataset\TBX11K\imgs\health\h0262.png,normal,h4831.png,G:\Ai-CDD\updated_class_tb_dataset\TBX11K\imgs\health\h4831.png
4,normal,h0262.png,G:\Ai-CDD\updated_class_tb_dataset\TBX11K\imgs\health\h0262.png,tb,tb0984.png,G:\Ai-CDD\updated_class_tb_dataset\TBX11K\imgs\tb\tb0984.png
4,normal,h0264.png,G:\Ai-CDD\updated_class_tb_dataset\TBX11K\imgs\health\h0264.png,normal,h4309.png,G:\Ai-CDD\updated_class_tb_dataset\TBX11K\imgs\health\h4309.png
4,normal,h0267.png,G:\Ai-CDD\updated_class_tb_dataset\TBX11K\imgs\health\h0267.png,normal,h0599.png,G:\Ai-CDD\updated_class_tb_dataset\TBX11K\imgs\health\h0599.png
4,normal,h0270.png,G:\Ai-CDD\updated_class_tb_dataset\TBX11K\imgs\health\h0270.png,normal,h3308.png,G:\Ai-CDD\updated_class_tb_dataset\TBX11K\imgs\health\h3308.png
4,normal,h0276.png,G:\Ai-CDD\updated_class_tb_dataset\TBX11K\imgs\health\h0276.png,normal,h3676.png,G:\Ai-CDD\updated_class_tb_dataset\TBX11K\imgs\health\h3676.png
4,normal,h0277.png,G:\Ai-CDD\updated_class_tb_dataset\TBX11K\imgs\health\h0277.png,normal,h0482.png,G:\Ai-CDD\updated_class_tb_dataset\TBX11K\imgs\health\h0482.png
4,normal,h0277.png,G:\Ai-CDD\updated_class_tb_dataset\TBX11K\imgs\health\h0277.png,normal,h1903.png,G:\Ai-CDD\updated_class_tb_dataset\TBX11K\imgs\health\h1903.png
4,normal,h0277.png,G:\Ai-CDD\updated_class_tb_dataset\TBX11K\imgs\health\h0277.png,normal,h2109.png,G:\Ai-CDD\updated_class_tb_dataset\TBX11K\imgs\health\h2109.png
4,normal,h0277.png,G:\Ai-CDD\updated_class_tb_dataset\TBX11K\imgs\health\h0277.png,normal,h2526.png,G:\Ai-CDD\updated_class_tb_dataset\TBX11K\imgs\health\h2526.png
2,normal,h0277.png,G:\Ai-CDD\updated_class_tb_dataset\TBX11K\imgs\health\h0277.png,normal,h2662.png,G:\Ai-CDD\updated_class_tb_dataset\TBX11K\imgs\health\h2662.png
4,normal,h0277.png,G:\Ai-CDD\updated_class_tb_dataset\TBX11K\imgs\health\h0277.png,normal,h2778.png,G:\Ai-CDD\updated_class_tb_dataset\TBX11K\imgs\health\h2778.png
4,normal,h0277.png,G:\Ai-CDD\updated_class_tb_dataset\TBX11K\imgs\health\h0277.png,normal,h3675.png,G:\Ai-CDD\updated_class_tb_dataset\TBX11K\imgs\health\h3675.png
2,normal,h0277.png,G:\Ai-CDD\updated_class_tb_dataset\TBX11K\imgs\health\h0277.png,normal,h3819.png,G:\Ai-CDD\updated_class_tb_dataset\TBX11K\imgs\health\h3819.png
4,normal,h0277.png,G:\Ai-CDD\updated_class_tb_dataset\TBX11K\imgs\health\h0277.png,normal,h4224.png,G:\Ai-CDD\updated_class_tb_dataset\TBX11K\imgs\health\h4224.png
4,normal,h0277.png,G:\Ai-CDD\updated_class_tb_dataset\TBX11K\imgs\health\h0277.png,normal,h4356.png,G:\Ai-CDD\updated_class_tb_dataset\TBX11K\imgs\health\h4356.png
4,normal,h0277.png,G:\Ai-CDD\updated_class_tb_dataset\TBX11K\imgs\health\h0277.png,normal,h4750.png,G:\Ai-CDD\updated_class_tb_dataset\TBX11K\imgs\health\h4750.png
4,normal,h0277.png,G:\Ai-CDD\updated_class_tb_dataset\TBX11K\imgs\health\h0277.png,normal,h4958.png,G:\Ai-CDD\updated_class_tb_dataset\TBX11K\imgs\health\h4958.png
2,normal,h0277.png,G:\Ai-CDD\updated_class_tb_dataset\TBX11K\imgs\health\h0277.png,sick,s1080.png,G:\Ai-CDD\updated_class_tb_dataset\TBX11K\imgs\sick\s1080.png
4,normal,h0279.png,G:\Ai-CDD\updated_class_tb_dataset\TBX11K\imgs\health\h0279.png,normal,h2226.png,G:\Ai-CDD\updated_class_tb_dataset\TBX11K\imgs\health\h2226.png
4,normal,h0282.png,G:\Ai-CDD\updated_class_tb_dataset\TBX11K\imgs\health\h0282.png,normal,h0353.png,G:\Ai-CDD\updated_class_tb_dataset\TBX11K\imgs\health\h0353.png
4,normal,h0282.png,G:\Ai-CDD\updated_class_tb_dataset\TBX11K\imgs\health\h0282.png,normal,h1185.png,G:\Ai-CDD\updated_class_tb_dataset\TBX11K\imgs\health\h1185.png
4,normal,h0282.png,G:\Ai-CDD\updated_class_tb_dataset\TBX11K\imgs\health\h0282.png,normal,h3204.png,G:\Ai-CDD\updated_class_tb_dataset\TBX11K\imgs\health\h3204.png
4,normal,h0284.png,G:\Ai-CDD\updated_class_tb_dataset\TBX11K\imgs\health\h0284.png,normal,h0464.png,G:\Ai-CDD\updated_class_tb_dataset\TBX11K\imgs\health\h0464.png
4,normal,h0284.png,G:\Ai-CDD\updated_class_tb_dataset\TBX11K\imgs\health\h0284.png,normal,h1058.png,G:\Ai-CDD\updated_class_tb_dataset\TBX11K\imgs\health\h1058.png
4,normal,h0284.png,G:\Ai-CDD\updated_class_tb_dataset\TBX11K\imgs\health\h0284.png,normal,h1361.png,G:\Ai-CDD\updated_class_tb_dataset\TBX11K\imgs\health\h1361.png
4,normal,h0284.png,G:\Ai-CDD\updated_class_tb_dataset\TBX11K\imgs\health\h0284.png,normal,h1688.png,G:\Ai-CDD\updated_class_tb_dataset\TBX11K\imgs\health\h1688.png
4,normal,h0284.png,G:\Ai-CDD\updated_class_tb_dataset\TBX11K\imgs\health\h0284.png,normal,h1689.png,G:\Ai-CDD\updated_class_tb_dataset\TBX11K\imgs\health\h1689.png
4,normal,h0284.png,G:\Ai-CDD\updated_class_tb_dataset\TBX11K\imgs\health\h0284.png,normal,h1920.png,G:\Ai-CDD\updated_class_tb_dataset\TBX11K\imgs\health\h1920.png
4,normal,h0284.png,G:\Ai-CDD\updated_class_tb_dataset\TBX11K\imgs\health\h0284.png,normal,h2070.png,G:\Ai-CDD\updated_class_tb_dataset\TBX11K\imgs\health\h2070.png
4,normal,h0284.png,G:\Ai-CDD\updated_class_tb_dataset\TBX11K\imgs\health\h0284.png,normal,h2314.png,G:\Ai-CDD\updated_class_tb_dataset\TBX11K\imgs\health\h2314.png
2,normal,h0284.png,G:\Ai-CDD\updated_class_tb_dataset\TBX11K\imgs\health\h0284.png,normal,h3030.png,G:\Ai-CDD\updated_class_tb_dataset\TBX11K\imgs\health\h3030.png
4,normal,h0284.png,G:\Ai-CDD\updated_class_tb_dataset\TBX11K\imgs\health\h0284.png,normal,h3420.png,G:\Ai-CDD\updated_class_tb_dataset\TBX11K\imgs\health\h3420.png
4,normal,h0284.png,G:\Ai-CDD\updated_class_tb_dataset\TBX11K\imgs\health\h0284.png,normal,h3533.png,G:\Ai-CDD\updated_class_tb_dataset\TBX11K\imgs\health\h3533.png
4,normal,h0284.png,G:\Ai-CDD\updated_class_tb_dataset\TBX11K\imgs\health\h0284.png,normal,h4660.png,G:\Ai-CDD\updated_class_tb_dataset\TBX11K\imgs\health\h4660.png
4,normal,h0284.png,G:\Ai-CDD\updated_class_tb_dataset\TBX11K\imgs\health\h0284.png,normal,h4908.png,G:\Ai-CDD\updated_class_tb_dataset\TBX11K\imgs\health\h4908.png
4,normal,h0285.png,G:\Ai-CDD\updated_class_tb_dataset\TBX11K\imgs\health\h0285.png,normal,h1308.png,G:\Ai-CDD\updated_class_tb_dataset\TBX11K\imgs\health\h1308.png
4,normal,h0288.png,G:\Ai-CDD\updated_class_tb_dataset\TBX11K\imgs\health\h0288.png,normal,h1252.png,G:\Ai-CDD\updated_class_tb_dataset\TBX11K\imgs\health\h1252.png
4,normal,h0306.png,G:\Ai-CDD\updated_class_tb_dataset\TBX11K\imgs\health\h0306.png,normal,h2179.png,G:\Ai-CDD\updated_class_tb_dataset\TBX11K\imgs\health\h2179.png
4,normal,h0310.png,G:\Ai-CDD\updated_class_tb_dataset\TBX11K\imgs\health\h0310.png,normal,h2160.png,G:\Ai-CDD\updated_class_tb_dataset\TBX11K\imgs\health\h2160.png
4,normal,h0310.png,G:\Ai-CDD\updated_class_tb_dataset\TBX11K\imgs\health\h0310.png,normal,h3203.png,G:\Ai-CDD\updated_class_tb_dataset\TBX11K\imgs\health\h3203.png
4,normal,h0310.png,G:\Ai-CDD\updated_class_tb_dataset\TBX11K\imgs\health\h0310.png,normal,h3947.png,G:\Ai-CDD\updated_class_tb_dataset\TBX11K\imgs\health\h3947.png
4,normal,h0310.png,G:\Ai-CDD\updated_class_tb_dataset\TBX11K\imgs\health\h0310.png,sick,s2871.png,G:\Ai-CDD\updated_class_tb_dataset\TBX11K\imgs\sick\s2871.png
4,normal,h0311.png,G:\Ai-CDD\updated_class_tb_dataset\TBX11K\imgs\health\h0311.png,normal,h3931.png,G:\Ai-CDD\updated_class_tb_dataset\TBX11K\imgs\health\h3931.png
4,normal,h0317.png,G:\Ai-CDD\updated_class_tb_dataset\TBX11K\imgs\health\h0317.png,normal,h4810.png,G:\Ai-CDD\updated_class_tb_dataset\TBX11K\imgs\health\h4810.png
4,normal,h0318.png,G:\Ai-CDD\updated_class_tb_dataset\TBX11K\imgs\health\h0318.png,normal,h2070.png,G:\Ai-CDD\updated_class_tb_dataset\TBX11K\imgs\health\h2070.png
4,normal,h0318.png,G:\Ai-CDD\updated_class_tb_dataset\TBX11K\imgs\health\h0318.png,normal,h3726.png,G:\Ai-CDD\updated_class_tb_dataset\TBX11K\imgs\health\h3726.png
4,normal,h0322.png,G:\Ai-CDD\updated_class_tb_dataset\TBX11K\imgs\health\h0322.png,tb,tb0134.png,G:\Ai-CDD\updated_class_tb_dataset\TBX11K\imgs\tb\tb0134.png
4,normal,h0323.png,G:\Ai-CDD\updated_class_tb_dataset\TBX11K\imgs\health\h0323.png,sick,s1864.png,G:\Ai-CDD\updated_class_tb_dataset\TBX11K\imgs\sick\s1864.png
4,normal,h0327.png,G:\Ai-CDD\updated_class_tb_dataset\TBX11K\imgs\health\h0327.png,normal,h1223.png,G:\Ai-CDD\updated_class_tb_dataset\TBX11K\imgs\health\h1223.png
4,normal,h0329.png,G:\Ai-CDD\updated_class_tb_dataset\TBX11K\imgs\health\h0329.png,normal,h3087.png,G:\Ai-CDD\updated_class_tb_dataset\TBX11K\imgs\health\h3087.png
4,normal,h0331.png,G:\Ai-CDD\updated_class_tb_dataset\TBX11K\imgs\health\h0331.png,normal,h1472.png,G:\Ai-CDD\updated_class_tb_dataset\TBX11K\imgs\health\h1472.png
4,normal,h0332.png,G:\Ai-CDD\updated_class_tb_dataset\TBX11K\imgs\health\h0332.png,normal,h3550.png,G:\Ai-CDD\updated_class_tb_dataset\TBX11K\imgs\health\h3550.png
4,normal,h0338.png,G:\Ai-CDD\updated_class_tb_dataset\TBX11K\imgs\health\h0338.png,normal,h2023.png,G:\Ai-CDD\updated_class_tb_dataset\TBX11K\imgs\health\h2023.png
4,normal,h0343.png,G:\Ai-CDD\updated_class_tb_dataset\TBX11K\imgs\health\h0343.png,sick,s2218.png,G:\Ai-CDD\updated_class_tb_dataset\TBX11K\imgs\sick\s2218.png
2,normal,h0345.png,G:\Ai-CDD\updated_class_tb_dataset\TBX11K\imgs\health\h0345.png,normal,h0409.png,G:\Ai-CDD\updated_class_tb_dataset\TBX11K\imgs\health\h0409.png
4,normal,h0345.png,G:\Ai-CDD\updated_class_tb_dataset\TBX11K\imgs\health\h0345.png,normal,h1162.png,G:\Ai-CDD\updated_class_tb_dataset\TBX11K\imgs\health\h1162.png
2,normal,h0345.png,G:\Ai-CDD\updated_class_tb_dataset\TBX11K\imgs\health\h0345.png,normal,h2172.png,G:\Ai-CDD\updated_class_tb_dataset\TBX11K\imgs\health\h2172.png
4,normal,h0345.png,G:\Ai-CDD\updated_class_tb_dataset\TBX11K\imgs\health\h0345.png,normal,h3500.png,G:\Ai-CDD\updated_class_tb_dataset\TBX11K\imgs\health\h3500.png
4,normal,h0345.png,G:\Ai-CDD\updated_class_tb_dataset\TBX11K\imgs\health\h0345.png,normal,h3830.png,G:\Ai-CDD\updated_class_tb_dataset\TBX11K\imgs\health\h3830.png
4,normal,h0351.png,G:\Ai-CDD\updated_class_tb_dataset\TBX11K\imgs\health\h0351.png,normal,h2656.png,G:\Ai-CDD\updated_class_tb_dataset\TBX11K\imgs\health\h2656.png
4,normal,h0353.png,G:\Ai-CDD\updated_class_tb_dataset\TBX11K\imgs\health\h0353.png,normal,h3809.png,G:\Ai-CDD\updated_class_tb_dataset\TBX11K\imgs\health\h3809.png
4,normal,h0354.png,G:\Ai-CDD\updated_class_tb_dataset\TBX11K\imgs\health\h0354.png,normal,h2627.png,G:\Ai-CDD\updated_class_tb_dataset\TBX11K\imgs\health\h2627.png
4,normal,h0354.png,G:\Ai-CDD\updated_class_tb_dataset\TBX11K\imgs\health\h0354.png,normal,h3726.png,G:\Ai-CDD\updated_class_tb_dataset\TBX11K\imgs\health\h3726.png
4,normal,h0357.png,G:\Ai-CDD\updated_class_tb_dataset\TBX11K\imgs\health\h0357.png,sick,s0557.png,G:\Ai-CDD\updated_class_tb_dataset\TBX11K\imgs\sick\s0557.png
2,normal,h0362.png,G:\Ai-CDD\updated_class_tb_dataset\TBX11K\imgs\health\h0362.png,normal,h4871.png,G:\Ai-CDD\updated_class_tb_dataset\TBX11K\imgs\health\h4871.png
4,normal,h0370.png,G:\Ai-CDD\updated_class_tb_dataset\TBX11K\imgs\health\h0370.png,normal,h3683.png,G:\Ai-CDD\updated_class_tb_dataset\TBX11K\imgs\health\h3683.png
4,normal,h0371.png,G:\Ai-CDD\updated_class_tb_dataset\TBX11K\imgs\health\h0371.png,normal,h3951.png,G:\Ai-CDD\updated_class_tb_dataset\TBX11K\imgs\health\h3951.png
4,normal,h0371.png,G:\Ai-CDD\updated_class_tb_dataset\TBX11K\imgs\health\h0371.png,normal,h4459.png,G:\Ai-CDD\updated_class_tb_dataset\TBX11K\imgs\health\h4459.png
4,normal,h0376.png,G:\Ai-CDD\updated_class_tb_dataset\TBX11K\imgs\health\h0376.png,normal,h3546.png,G:\Ai-CDD\updated_class_tb_dataset\TBX11K\imgs\health\h3546.png
4,normal,h0378.png,G:\Ai-CDD\updated_class_tb_dataset\TBX11K\imgs\health\h0378.png,normal,h2804.png,G:\Ai-CDD\updated_class_tb_dataset\TBX11K\imgs\health\h2804.png
4,normal,h0383.png,G:\Ai-CDD\updated_class_tb_dataset\TBX11K\imgs\health\h0383.png,normal,h2537.png,G:\Ai-CDD\updated_class_tb_dataset\TBX11K\imgs\health\h2537.png
4,normal,h0387.png,G:\Ai-CDD\updated_class_tb_dataset\TBX11K\imgs\health\h0387.png,normal,h1417.png,G:\Ai-CDD\updated_class_tb_dataset\TBX11K\imgs\health\h1417.png
4,normal,h0387.png,G:\Ai-CDD\updated_class_tb_dataset\TBX11K\imgs\health\h0387.png,normal,h1934.png,G:\Ai-CDD\updated_class_tb_dataset\TBX11K\imgs\health\h1934.png
4,normal,h0388.png,G:\Ai-CDD\updated_class_tb_dataset\TBX11K\imgs\health\h0388.png,normal,h0458.png,G:\Ai-CDD\updated_class_tb_dataset\TBX11K\imgs\health\h0458.png
4,normal,h0388.png,G:\Ai-CDD\updated_class_tb_dataset\TBX11K\imgs\health\h0388.png,tb,tb1112.png,G:\Ai-CDD\updated_class_tb_dataset\TBX11K\imgs\tb\tb1112.png
4,normal,h0390.png,G:\Ai-CDD\updated_class_tb_dataset\TBX11K\imgs\health\h0390.png,normal,h0986.png,G:\Ai-CDD\updated_class_tb_dataset\TBX11K\imgs\health\h0986.png
4,normal,h0393.png,G:\Ai-CDD\updated_class_tb_dataset\TBX11K\imgs\health\h0393.png,normal,h2344.png,G:\Ai-CDD\updated_class_tb_dataset\TBX11K\imgs\health\h2344.png
4,normal,h0395.png,G:\Ai-CDD\updated_class_tb_dataset\TBX11K\imgs\health\h0395.png,normal,h1400.png,G:\Ai-CDD\updated_class_tb_dataset\TBX11K\imgs\health\h1400.png
4,normal,h0395.png,G:\Ai-CDD\updated_class_tb_dataset\TBX11K\imgs\health\h0395.png,normal,h3791.png,G:\Ai-CDD\updated_class_tb_dataset\TBX11K\imgs\health\h3791.png
4,normal,h0395.png,G:\Ai-CDD\updated_class_tb_dataset\TBX11K\imgs\health\h0395.png,normal,h4366.png,G:\Ai-CDD\updated_class_tb_dataset\TBX11K\imgs\health\h4366.png
2,normal,h0395.png,G:\Ai-CDD\updated_class_tb_dataset\TBX11K\imgs\health\h0395.png,normal,h4436.png,G:\Ai-CDD\updated_class_tb_dataset\TBX11K\imgs\health\h4436.png
2,normal,h0397.png,G:\Ai-CDD\updated_class_tb_dataset\TBX11K\imgs\health\h0397.png,normal,h1899.png,G:\Ai-CDD\updated_class_tb_dataset\TBX11K\imgs\health\h1899.png
4,normal,h0397.png,G:\Ai-CDD\updated_class_tb_dataset\TBX11K\imgs\health\h0397.png,normal,h4571.png,G:\Ai-CDD\updated_class_tb_dataset\TBX11K\imgs\health\h4571.png
4,normal,h0397.png,G:\Ai-CDD\updated_class_tb_dataset\TBX11K\imgs\health\h0397.png,sick,s2293.png,G:\Ai-CDD\updated_class_tb_dataset\TBX11K\imgs\sick\s2293.png
4,normal,h0397.png,G:\Ai-CDD\updated_class_tb_dataset\TBX11K\imgs\health\h0397.png,sick,s3041.png,G:\Ai-CDD\updated_class_tb_dataset\TBX11K\imgs\sick\s3041.png
4,normal,h0397.png,G:\Ai-CDD\updated_class_tb_dataset\TBX11K\imgs\health\h0397.png,sick,s4090.png,G:\Ai-CDD\updated_class_tb_dataset\TBX11K\imgs\sick\s4090.png
4,normal,h0397.png,G:\Ai-CDD\updated_class_tb_dataset\TBX11K\imgs\health\h0397.png,tb,tb0040.png,G:\Ai-CDD\updated_class_tb_dataset\TBX11K\imgs\tb\tb0040.png
4,normal,h0402.png,G:\Ai-CDD\updated_class_tb_dataset\TBX11K\imgs\health\h0402.png,normal,h3567.png,G:\Ai-CDD\updated_class_tb_dataset\TBX11K\imgs\health\h3567.png
4,normal,h0409.png,G:\Ai-CDD\updated_class_tb_dataset\TBX11K\imgs\health\h0409.png,normal,h1162.png,G:\Ai-CDD\updated_class_tb_dataset\TBX11K\imgs\health\h1162.png
4,normal,h0409.png,G:\Ai-CDD\updated_class_tb_dataset\TBX11K\imgs\health\h0409.png,normal,h2172.png,G:\Ai-CDD\updated_class_tb_dataset\TBX11K\imgs\health\h2172.png
4,normal,h0409.png,G:\Ai-CDD\updated_class_tb_dataset\TBX11K\imgs\health\h0409.png,normal,h4183.png,G:\Ai-CDD\updated_class_tb_dataset\TBX11K\imgs\health\h4183.png
4,normal,h0412.png,G:\Ai-CDD\updated_class_tb_dataset\TBX11K\imgs\health\h0412.png,normal,h1539.png,G:\Ai-CDD\updated_class_tb_dataset\TBX11K\imgs\health\h1539.png
4,normal,h0415.png,G:\Ai-CDD\updated_class_tb_dataset\TBX11K\imgs\health\h0415.png,normal,h0464.png,G:\Ai-CDD\updated_class_tb_dataset\TBX11K\imgs\health\h0464.png
4,normal,h0415.png,G:\Ai-CDD\updated_class_tb_dataset\TBX11K\imgs\health\h0415.png,normal,h2693.png,G:\Ai-CDD\updated_class_tb_dataset\TBX11K\imgs\health\h2693.png
4,normal,h0415.png,G:\Ai-CDD\updated_class_tb_dataset\TBX11K\imgs\health\h0415.png,normal,h4142.png,G:\Ai-CDD\updated_class_tb_dataset\TBX11K\imgs\health\h4142.png
4,normal,h0415.png,G:\Ai-CDD\updated_class_tb_dataset\TBX11K\imgs\health\h0415.png,normal,h4709.png,G:\Ai-CDD\updated_class_tb_dataset\TBX11K\imgs\health\h4709.png
4,normal,h0418.png,G:\Ai-CDD\updated_class_tb_dataset\TBX11K\imgs\health\h0418.png,normal,h0906.png,G:\Ai-CDD\updated_class_tb_dataset\TBX11K\imgs\health\h0906.png
4,normal,h0424.png,G:\Ai-CDD\updated_class_tb_dataset\TBX11K\imgs\health\h0424.png,normal,h3963.png,G:\Ai-CDD\updated_class_tb_dataset\TBX11K\imgs\health\h3963.png
4,normal,h0425.png,G:\Ai-CDD\updated_class_tb_dataset\TBX11K\imgs\health\h0425.png,normal,h3140.png,G:\Ai-CDD\updated_class_tb_dataset\TBX11K\imgs\health\h3140.png
4,normal,h0425.png,G:\Ai-CDD\updated_class_tb_dataset\TBX11K\imgs\health\h0425.png,normal,h4735.png,G:\Ai-CDD\updated_class_tb_dataset\TBX11K\imgs\health\h4735.png
4,normal,h0426.png,G:\Ai-CDD\updated_class_tb_dataset\TBX11K\imgs\health\h0426.png,normal,h2845.png,G:\Ai-CDD\updated_class_tb_dataset\TBX11K\imgs\health\h2845.png
4,normal,h0427.png,G:\Ai-CDD\updated_class_tb_dataset\TBX11K\imgs\health\h0427.png,normal,h1719.png,G:\Ai-CDD\updated_class_tb_dataset\TBX11K\imgs\health\h1719.png
4,normal,h0430.png,G:\Ai-CDD\updated_class_tb_dataset\TBX11K\imgs\health\h0430.png,normal,h3533.png,G:\Ai-CDD\updated_class_tb_dataset\TBX11K\imgs\health\h3533.png
4,normal,h0430.png,G:\Ai-CDD\updated_class_tb_dataset\TBX11K\imgs\health\h0430.png,tb,tb0196.png,G:\Ai-CDD\updated_class_tb_dataset\TBX11K\imgs\tb\tb0196.png
4,normal,h0439.png,G:\Ai-CDD\updated_class_tb_dataset\TBX11K\imgs\health\h0439.png,normal,h2304.png,G:\Ai-CDD\updated_class_tb_dataset\TBX11K\imgs\health\h2304.png
4,normal,h0439.png,G:\Ai-CDD\updated_class_tb_dataset\TBX11K\imgs\health\h0439.png,normal,h3404.png,G:\Ai-CDD\updated_class_tb_dataset\TBX11K\imgs\health\h3404.png
4,normal,h0439.png,G:\Ai-CDD\updated_class_tb_dataset\TBX11K\imgs\health\h0439.png,normal,h4987.png,G:\Ai-CDD\updated_class_tb_dataset\TBX11K\imgs\health\h4987.png
4,normal,h0443.png,G:\Ai-CDD\updated_class_tb_dataset\TBX11K\imgs\health\h0443.png,normal,h0638.png,G:\Ai-CDD\updated_class_tb_dataset\TBX11K\imgs\health\h0638.png
4,normal,h0443.png,G:\Ai-CDD\updated_class_tb_dataset\TBX11K\imgs\health\h0443.png,normal,h4839.png,G:\Ai-CDD\updated_class_tb_dataset\TBX11K\imgs\health\h4839.png
4,normal,h0444.png,G:\Ai-CDD\updated_class_tb_dataset\TBX11K\imgs\health\h0444.png,normal,h0732.png,G:\Ai-CDD\updated_class_tb_dataset\TBX11K\imgs\health\h0732.png
4,normal,h0444.png,G:\Ai-CDD\updated_class_tb_dataset\TBX11K\imgs\health\h0444.png,normal,h1244.png,G:\Ai-CDD\updated_class_tb_dataset\TBX11K\imgs\health\h1244.png
4,normal,h0444.png,G:\Ai-CDD\updated_class_tb_dataset\TBX11K\imgs\health\h0444.png,normal,h1314.png,G:\Ai-CDD\updated_class_tb_dataset\TBX11K\imgs\health\h1314.png
4,normal,h0444.png,G:\Ai-CDD\updated_class_tb_dataset\TBX11K\imgs\health\h0444.png,normal,h1360.png,G:\Ai-CDD\updated_class_tb_dataset\TBX11K\imgs\health\h1360.png
2,normal,h0444.png,G:\Ai-CDD\updated_class_tb_dataset\TBX11K\imgs\health\h0444.png,normal,h1705.png,G:\Ai-CDD\updated_class_tb_dataset\TBX11K\imgs\health\h1705.png
4,normal,h0444.png,G:\Ai-CDD\updated_class_tb_dataset\TBX11K\imgs\health\h0444.png,normal,h1781.png,G:\Ai-CDD\updated_class_tb_dataset\TBX11K\imgs\health\h1781.png
4,normal,h0444.png,G:\Ai-CDD\updated_class_tb_dataset\TBX11K\imgs\health\h0444.png,normal,h2068.png,G:\Ai-CDD\updated_class_tb_dataset\TBX11K\imgs\health\h2068.png
4,normal,h0444.png,G:\Ai-CDD\updated_class_tb_dataset\TBX11K\imgs\health\h0444.png,normal,h2170.png,G:\Ai-CDD\updated_class_tb_dataset\TBX11K\imgs\health\h2170.png
4,normal,h0444.png,G:\Ai-CDD\updated_class_tb_dataset\TBX11K\imgs\health\h0444.png,normal,h2397.png,G:\Ai-CDD\updated_class_tb_dataset\TBX11K\imgs\health\h2397.png
4,normal,h0444.png,G:\Ai-CDD\updated_class_tb_dataset\TBX11K\imgs\health\h0444.png,normal,h2870.png,G:\Ai-CDD\updated_class_tb_dataset\TBX11K\imgs\health\h2870.png
4,normal,h0444.png,G:\Ai-CDD\updated_class_tb_dataset\TBX11K\imgs\health\h0444.png,normal,h2928.png,G:\Ai-CDD\updated_class_tb_dataset\TBX11K\imgs\health\h2928.png
4,normal,h0444.png,G:\Ai-CDD\updated_class_tb_dataset\TBX11K\imgs\health\h0444.png,normal,h3254.png,G:\Ai-CDD\updated_class_tb_dataset\TBX11K\imgs\health\h3254.png
4,normal,h0444.png,G:\Ai-CDD\updated_class_tb_dataset\TBX11K\imgs\health\h0444.png,normal,h3294.png,G:\Ai-CDD\updated_class_tb_dataset\TBX11K\imgs\health\h3294.png
4,normal,h0444.png,G:\Ai-CDD\updated_class_tb_dataset\TBX11K\imgs\health\h0444.png,normal,h3620.png,G:\Ai-CDD\updated_class_tb_dataset\TBX11K\imgs\health\h3620.png
4,normal,h0444.png,G:\Ai-CDD\updated_class_tb_dataset\TBX11K\imgs\health\h0444.png,normal,h3830.png,G:\Ai-CDD\updated_class_tb_dataset\TBX11K\imgs\health\h3830.png
4,normal,h0444.png,G:\Ai-CDD\updated_class_tb_dataset\TBX11K\imgs\health\h0444.png,normal,h4041.png,G:\Ai-CDD\updated_class_tb_dataset\TBX11K\imgs\health\h4041.png
4,normal,h0444.png,G:\Ai-CDD\updated_class_tb_dataset\TBX11K\imgs\health\h0444.png,normal,h4074.png,G:\Ai-CDD\updated_class_tb_dataset\TBX11K\imgs\health\h4074.png
4,normal,h0444.png,G:\Ai-CDD\updated_class_tb_dataset\TBX11K\imgs\health\h0444.png,normal,h4092.png,G:\Ai-CDD\updated_class_tb_dataset\TBX11K\imgs\health\h4092.png
4,normal,h0444.png,G:\Ai-CDD\updated_class_tb_dataset\TBX11K\imgs\health\h0444.png,normal,h4183.png,G:\Ai-CDD\updated_class_tb_dataset\TBX11K\imgs\health\h4183.png
4,normal,h0446.png,G:\Ai-CDD\updated_class_tb_dataset\TBX11K\imgs\health\h0446.png,normal,h0614.png,G:\Ai-CDD\updated_class_tb_dataset\TBX11K\imgs\health\h0614.png
4,normal,h0446.png,G:\Ai-CDD\updated_class_tb_dataset\TBX11K\imgs\health\h0446.png,normal,h2376.png,G:\Ai-CDD\updated_class_tb_dataset\TBX11K\imgs\health\h2376.png
4,normal,h0448.png,G:\Ai-CDD\updated_class_tb_dataset\TBX11K\imgs\health\h0448.png,normal,h1258.png,G:\Ai-CDD\updated_class_tb_dataset\TBX11K\imgs\health\h1258.png
4,normal,h0448.png,G:\Ai-CDD\updated_class_tb_dataset\TBX11K\imgs\health\h0448.png,normal,h1681.png,G:\Ai-CDD\updated_class_tb_dataset\TBX11K\imgs\health\h1681.png
4,normal,h0450.png,G:\Ai-CDD\updated_class_tb_dataset\TBX11K\imgs\health\h0450.png,normal,h0729.png,G:\Ai-CDD\updated_class_tb_dataset\TBX11K\imgs\health\h0729.png
2,normal,h0450.png,G:\Ai-CDD\updated_class_tb_dataset\TBX11K\imgs\health\h0450.png,normal,h1894.png,G:\Ai-CDD\updated_class_tb_dataset\TBX11K\imgs\health\h1894.png
4,normal,h0451.png,G:\Ai-CDD\updated_class_tb_dataset\TBX11K\imgs\health\h0451.png,normal,h4446.png,G:\Ai-CDD\updated_class_tb_dataset\TBX11K\imgs\health\h4446.png
4,normal,h0453.png,G:\Ai-CDD\updated_class_tb_dataset\TBX11K\imgs\health\h0453.png,normal,h2220.png,G:\Ai-CDD\updated_class_tb_dataset\TBX11K\imgs\health\h2220.png
4,normal,h0454.png,G:\Ai-CDD\updated_class_tb_dataset\TBX11K\imgs\health\h0454.png,normal,h2945.png,G:\Ai-CDD\updated_class_tb_dataset\TBX11K\imgs\health\h2945.png
4,normal,h0455.png,G:\Ai-CDD\updated_class_tb_dataset\TBX11K\imgs\health\h0455.png,normal,h4401.png,G:\Ai-CDD\updated_class_tb_dataset\TBX11K\imgs\health\h4401.png
4,normal,h0458.png,G:\Ai-CDD\updated_class_tb_dataset\TBX11K\imgs\health\h0458.png,normal,h1070.png,G:\Ai-CDD\updated_class_tb_dataset\TBX11K\imgs\health\h1070.png
4,normal,h0458.png,G:\Ai-CDD\updated_class_tb_dataset\TBX11K\imgs\health\h0458.png,normal,h1556.png,G:\Ai-CDD\updated_class_tb_dataset\TBX11K\imgs\health\h1556.png
4,normal,h0458.png,G:\Ai-CDD\updated_class_tb_dataset\TBX11K\imgs\health\h0458.png,normal,h2756.png,G:\Ai-CDD\updated_class_tb_dataset\TBX11K\imgs\health\h2756.png
4,normal,h0458.png,G:\Ai-CDD\updated_class_tb_dataset\TBX11K\imgs\health\h0458.png,tb,tb1112.png,G:\Ai-CDD\updated_class_tb_dataset\TBX11K\imgs\tb\tb1112.png
4,normal,h0464.png,G:\Ai-CDD\updated_class_tb_dataset\TBX11K\imgs\health\h0464.png,normal,h1058.png,G:\Ai-CDD\updated_class_tb_dataset\TBX11K\imgs\health\h1058.png
4,normal,h0464.png,G:\Ai-CDD\updated_class_tb_dataset\TBX11K\imgs\health\h0464.png,normal,h1893.png,G:\Ai-CDD\updated_class_tb_dataset\TBX11K\imgs\health\h1893.png
4,normal,h0464.png,G:\Ai-CDD\updated_class_tb_dataset\TBX11K\imgs\health\h0464.png,normal,h2451.png,G:\Ai-CDD\updated_class_tb_dataset\TBX11K\imgs\health\h2451.png
4,normal,h0464.png,G:\Ai-CDD\updated_class_tb_dataset\TBX11K\imgs\health\h0464.png,normal,h4142.png,G:\Ai-CDD\updated_class_tb_dataset\TBX11K\imgs\health\h4142.png
4,normal,h0467.png,G:\Ai-CDD\updated_class_tb_dataset\TBX11K\imgs\health\h0467.png,normal,h4498.png,G:\Ai-CDD\updated_class_tb_dataset\TBX11K\imgs\health\h4498.png
4,normal,h0468.png,G:\Ai-CDD\updated_class_tb_dataset\TBX11K\imgs\health\h0468.png,normal,h2943.png,G:\Ai-CDD\updated_class_tb_dataset\TBX11K\imgs\health\h2943.png
4,normal,h0472.png,G:\Ai-CDD\updated_class_tb_dataset\TBX11K\imgs\health\h0472.png,normal,h1580.png,G:\Ai-CDD\updated_class_tb_dataset\TBX11K\imgs\health\h1580.png
4,normal,h0472.png,G:\Ai-CDD\updated_class_tb_dataset\TBX11K\imgs\health\h0472.png,normal,h1772.png,G:\Ai-CDD\updated_class_tb_dataset\TBX11K\imgs\health\h1772.png
4,normal,h0472.png,G:\Ai-CDD\updated_class_tb_dataset\TBX11K\imgs\health\h0472.png,normal,h4504.png,G:\Ai-CDD\updated_class_tb_dataset\TBX11K\imgs\health\h4504.png
4,normal,h0474.png,G:\Ai-CDD\updated_class_tb_dataset\TBX11K\imgs\health\h0474.png,normal,h3017.png,G:\Ai-CDD\updated_class_tb_dataset\TBX11K\imgs\health\h3017.png
4,normal,h0477.png,G:\Ai-CDD\updated_class_tb_dataset\TBX11K\imgs\health\h0477.png,normal,h3049.png,G:\Ai-CDD\updated_class_tb_dataset\TBX11K\imgs\health\h3049.png
4,normal,h0477.png,G:\Ai-CDD\updated_class_tb_dataset\TBX11K\imgs\health\h0477.png,normal,h3735.png,G:\Ai-CDD\updated_class_tb_dataset\TBX11K\imgs\health\h3735.png
4,normal,h0479.png,G:\Ai-CDD\updated_class_tb_dataset\TBX11K\imgs\health\h0479.png,normal,h1074.png,G:\Ai-CDD\updated_class_tb_dataset\TBX11K\imgs\health\h1074.png
4,normal,h0479.png,G:\Ai-CDD\updated_class_tb_dataset\TBX11K\imgs\health\h0479.png,normal,h1090.png,G:\Ai-CDD\updated_class_tb_dataset\TBX11K\imgs\health\h1090.png
4,normal,h0479.png,G:\Ai-CDD\updated_class_tb_dataset\TBX11K\imgs\health\h0479.png,normal,h1239.png,G:\Ai-CDD\updated_class_tb_dataset\TBX11K\imgs\health\h1239.png
4,normal,h0479.png,G:\Ai-CDD\updated_class_tb_dataset\TBX11K\imgs\health\h0479.png,normal,h3005.png,G:\Ai-CDD\updated_class_tb_dataset\TBX11K\imgs\health\h3005.png
4,normal,h0480.png,G:\Ai-CDD\updated_class_tb_dataset\TBX11K\imgs\health\h0480.png,normal,h2747.png,G:\Ai-CDD\updated_class_tb_dataset\TBX11K\imgs\health\h2747.png
4,normal,h0481.png,G:\Ai-CDD\updated_class_tb_dataset\TBX11K\imgs\health\h0481.png,normal,h2288.png,G:\Ai-CDD\updated_class_tb_dataset\TBX11K\imgs\health\h2288.png
4,normal,h0481.png,G:\Ai-CDD\updated_class_tb_dataset\TBX11K\imgs\health\h0481.png,normal,h2801.png,G:\Ai-CDD\updated_class_tb_dataset\TBX11K\imgs\health\h2801.png
4,normal,h0481.png,G:\Ai-CDD\updated_class_tb_dataset\TBX11K\imgs\health\h0481.png,normal,h3348.png,G:\Ai-CDD\updated_class_tb_dataset\TBX11K\imgs\health\h3348.png
4,normal,h0482.png,G:\Ai-CDD\updated_class_tb_dataset\TBX11K\imgs\health\h0482.png,normal,h2109.png,G:\Ai-CDD\updated_class_tb_dataset\TBX11K\imgs\health\h2109.png
4,normal,h0482.png,G:\Ai-CDD\updated_class_tb_dataset\TBX11K\imgs\health\h0482.png,normal,h2471.png,G:\Ai-CDD\updated_class_tb_dataset\TBX11K\imgs\health\h2471.png
2,normal,h0482.png,G:\Ai-CDD\updated_class_tb_dataset\TBX11K\imgs\health\h0482.png,normal,h2526.png,G:\Ai-CDD\updated_class_tb_dataset\TBX11K\imgs\health\h2526.png
4,normal,h0482.png,G:\Ai-CDD\updated_class_tb_dataset\TBX11K\imgs\health\h0482.png,normal,h2662.png,G:\Ai-CDD\updated_class_tb_dataset\TBX11K\imgs\health\h2662.png
4,normal,h0482.png,G:\Ai-CDD\updated_class_tb_dataset\TBX11K\imgs\health\h0482.png,normal,h3264.png,G:\Ai-CDD\updated_class_tb_dataset\TBX11K\imgs\health\h3264.png
4,normal,h0482.png,G:\Ai-CDD\updated_class_tb_dataset\TBX11K\imgs\health\h0482.png,normal,h4224.png,G:\Ai-CDD\updated_class_tb_dataset\TBX11K\imgs\health\h4224.png
4,normal,h0482.png,G:\Ai-CDD\updated_class_tb_dataset\TBX11K\imgs\health\h0482.png,normal,h4750.png,G:\Ai-CDD\updated_class_tb_dataset\TBX11K\imgs\health\h4750.png
4,normal,h0482.png,G:\Ai-CDD\updated_class_tb_dataset\TBX11K\imgs\health\h0482.png,sick,s1507.png,G:\Ai-CDD\updated_class_tb_dataset\TBX11K\imgs\sick\s1507.png
4,normal,h0482.png,G:\Ai-CDD\updated_class_tb_dataset\TBX11K\imgs\health\h0482.png,sick,s3791.png,G:\Ai-CDD\updated_class_tb_dataset\TBX11K\imgs\sick\s3791.png
4,normal,h0482.png,G:\Ai-CDD\updated_class_tb_dataset\TBX11K\imgs\health\h0482.png,sick,s4474.png,G:\Ai-CDD\updated_class_tb_dataset\TBX11K\imgs\sick\s4474.png
4,normal,h0489.png,G:\Ai-CDD\updated_class_tb_dataset\TBX11K\imgs\health\h0489.png,sick,s4503.png,G:\Ai-CDD\updated_class_tb_dataset\TBX11K\imgs\sick\s4503.png
2,normal,h0498.png,G:\Ai-CDD\updated_class_tb_dataset\TBX11K\imgs\health\h0498.png,normal,h1827.png,G:\Ai-CDD\updated_class_tb_dataset\TBX11K\imgs\health\h1827.png
4,normal,h0498.png,G:\Ai-CDD\updated_class_tb_dataset\TBX11K\imgs\health\h0498.png,sick,s0256.png,G:\Ai-CDD\updated_class_tb_dataset\TBX11K\imgs\sick\s0256.png
4,normal,h0498.png,G:\Ai-CDD\updated_class_tb_dataset\TBX11K\imgs\health\h0498.png,sick,s2194.png,G:\Ai-CDD\updated_class_tb_dataset\TBX11K\imgs\sick\s2194.png
4,normal,h0498.png,G:\Ai-CDD\updated_class_tb_dataset\TBX11K\imgs\health\h0498.png,tb,tb1180.png,G:\Ai-CDD\updated_class_tb_dataset\TBX11K\imgs\tb\tb1180.png
4,normal,h0511.png,G:\Ai-CDD\updated_class_tb_dataset\TBX11K\imgs\health\h0511.png,normal,h3764.png,G:\Ai-CDD\updated_class_tb_dataset\TBX11K\imgs\health\h3764.png
4,normal,h0533.png,G:\Ai-CDD\updated_class_tb_dataset\TBX11K\imgs\health\h0533.png,normal,h2334.png,G:\Ai-CDD\updated_class_tb_dataset\TBX11K\imgs\health\h2334.png
4,normal,h0533.png,G:\Ai-CDD\updated_class_tb_dataset\TBX11K\imgs\health\h0533.png,normal,h2949.png,G:\Ai-CDD\updated_class_tb_dataset\TBX11K\imgs\health\h2949.png
4,normal,h0533.png,G:\Ai-CDD\updated_class_tb_dataset\TBX11K\imgs\health\h0533.png,sick,s1948.png,G:\Ai-CDD\updated_class_tb_dataset\TBX11K\imgs\sick\s1948.png
4,normal,h0538.png,G:\Ai-CDD\updated_class_tb_dataset\TBX11K\imgs\health\h0538.png,normal,h2403.png,G:\Ai-CDD\updated_class_tb_dataset\TBX11K\imgs\health\h2403.png
4,normal,h0538.png,G:\Ai-CDD\updated_class_tb_dataset\TBX11K\imgs\health\h0538.png,normal,h3011.png,G:\Ai-CDD\updated_class_tb_dataset\TBX11K\imgs\health\h3011.png
4,normal,h0538.png,G:\Ai-CDD\updated_class_tb_dataset\TBX11K\imgs\health\h0538.png,normal,h3825.png,G:\Ai-CDD\updated_class_tb_dataset\TBX11K\imgs\health\h3825.png
4,normal,h0538.png,G:\Ai-CDD\updated_class_tb_dataset\TBX11K\imgs\health\h0538.png,normal,h4675.png,G:\Ai-CDD\updated_class_tb_dataset\TBX11K\imgs\health\h4675.png
4,normal,h0538.png,G:\Ai-CDD\updated_class_tb_dataset\TBX11K\imgs\health\h0538.png,sick,s4064.png,G:\Ai-CDD\updated_class_tb_dataset\TBX11K\imgs\sick\s4064.png
4,normal,h0546.png,G:\Ai-CDD\updated_class_tb_dataset\TBX11K\imgs\health\h0546.png,normal,h1603.png,G:\Ai-CDD\updated_class_tb_dataset\TBX11K\imgs\health\h1603.png
4,normal,h0549.png,G:\Ai-CDD\updated_class_tb_dataset\TBX11K\imgs\health\h0549.png,normal,h0759.png,G:\Ai-CDD\updated_class_tb_dataset\TBX11K\imgs\health\h0759.png
4,normal,h0549.png,G:\Ai-CDD\updated_class_tb_dataset\TBX11K\imgs\health\h0549.png,normal,h0995.png,G:\Ai-CDD\updated_class_tb_dataset\TBX11K\imgs\health\h0995.png
4,normal,h0549.png,G:\Ai-CDD\updated_class_tb_dataset\TBX11K\imgs\health\h0549.png,normal,h1827.png,G:\Ai-CDD\updated_class_tb_dataset\TBX11K\imgs\health\h1827.png
4,normal,h0549.png,G:\Ai-CDD\updated_class_tb_dataset\TBX11K\imgs\health\h0549.png,normal,h3948.png,G:\Ai-CDD\updated_class_tb_dataset\TBX11K\imgs\health\h3948.png
4,normal,h0549.png,G:\Ai-CDD\updated_class_tb_dataset\TBX11K\imgs\health\h0549.png,sick,s1719.png,G:\Ai-CDD\updated_class_tb_dataset\TBX11K\imgs\sick\s1719.png
4,normal,h0549.png,G:\Ai-CDD\updated_class_tb_dataset\TBX11K\imgs\health\h0549.png,sick,s4716.png,G:\Ai-CDD\updated_class_tb_dataset\TBX11K\imgs\sick\s4716.png
4,normal,h0549.png,G:\Ai-CDD\updated_class_tb_dataset\TBX11K\imgs\health\h0549.png,tb,tb1180.png,G:\Ai-CDD\updated_class_tb_dataset\TBX11K\imgs\tb\tb1180.png
4,normal,h0555.png,G:\Ai-CDD\updated_class_tb_dataset\TBX11K\imgs\health\h0555.png,normal,h3144.png,G:\Ai-CDD\updated_class_tb_dataset\TBX11K\imgs\health\h3144.png
4,normal,h0556.png,G:\Ai-CDD\updated_class_tb_dataset\TBX11K\imgs\health\h0556.png,sick,s0623.png,G:\Ai-CDD\updated_class_tb_dataset\TBX11K\imgs\sick\s0623.png
4,normal,h0556.png,G:\Ai-CDD\updated_class_tb_dataset\TBX11K\imgs\health\h0556.png,sick,s0839.png,G:\Ai-CDD\updated_class_tb_dataset\TBX11K\imgs\sick\s0839.png
4,normal,h0556.png,G:\Ai-CDD\updated_class_tb_dataset\TBX11K\imgs\health\h0556.png,sick,s1255.png,G:\Ai-CDD\updated_class_tb_dataset\TBX11K\imgs\sick\s1255.png
4,normal,h0556.png,G:\Ai-CDD\updated_class_tb_dataset\TBX11K\imgs\health\h0556.png,sick,s1995.png,G:\Ai-CDD\updated_class_tb_dataset\TBX11K\imgs\sick\s1995.png
4,normal,h0559.png,G:\Ai-CDD\updated_class_tb_dataset\TBX11K\imgs\health\h0559.png,normal,h2805.png,G:\Ai-CDD\updated_class_tb_dataset\TBX11K\imgs\health\h2805.png
4,normal,h0564.png,G:\Ai-CDD\updated_class_tb_dataset\TBX11K\imgs\health\h0564.png,sick,s2293.png,G:\Ai-CDD\updated_class_tb_dataset\TBX11K\imgs\sick\s2293.png
4,normal,h0564.png,G:\Ai-CDD\updated_class_tb_dataset\TBX11K\imgs\health\h0564.png,sick,s4090.png,G:\Ai-CDD\updated_class_tb_dataset\TBX11K\imgs\sick\s4090.png
4,normal,h0582.png,G:\Ai-CDD\updated_class_tb_dataset\TBX11K\imgs\health\h0582.png,normal,h4976.png,G:\Ai-CDD\updated_class_tb_dataset\TBX11K\imgs\health\h4976.png
4,normal,h0583.png,G:\Ai-CDD\updated_class_tb_dataset\TBX11K\imgs\health\h0583.png,normal,h2472.png,G:\Ai-CDD\updated_class_tb_dataset\TBX11K\imgs\health\h2472.png
4,normal,h0584.png,G:\Ai-CDD\updated_class_tb_dataset\TBX11K\imgs\health\h0584.png,normal,h3048.png,G:\Ai-CDD\updated_class_tb_dataset\TBX11K\imgs\health\h3048.png
4,normal,h0588.png,G:\Ai-CDD\updated_class_tb_dataset\TBX11K\imgs\health\h0588.png,normal,h3380.png,G:\Ai-CDD\updated_class_tb_dataset\TBX11K\imgs\health\h3380.png
4,normal,h0589.png,G:\Ai-CDD\updated_class_tb_dataset\TBX11K\imgs\health\h0589.png,sick,s3087.png,G:\Ai-CDD\updated_class_tb_dataset\TBX11K\imgs\sick\s3087.png
4,normal,h0593.png,G:\Ai-CDD\updated_class_tb_dataset\TBX11K\imgs\health\h0593.png,normal,h1584.png,G:\Ai-CDD\updated_class_tb_dataset\TBX11K\imgs\health\h1584.png
4,normal,h0596.png,G:\Ai-CDD\updated_class_tb_dataset\TBX11K\imgs\health\h0596.png,normal,h2904.png,G:\Ai-CDD\updated_class_tb_dataset\TBX11K\imgs\health\h2904.png
4,normal,h0599.png,G:\Ai-CDD\updated_class_tb_dataset\TBX11K\imgs\health\h0599.png,normal,h2862.png,G:\Ai-CDD\updated_class_tb_dataset\TBX11K\imgs\health\h2862.png
4,normal,h0599.png,G:\Ai-CDD\updated_class_tb_dataset\TBX11K\imgs\health\h0599.png,normal,h4566.png,G:\Ai-CDD\updated_class_tb_dataset\TBX11K\imgs\health\h4566.png
4,normal,h0603.png,G:\Ai-CDD\updated_class_tb_dataset\TBX11K\imgs\health\h0603.png,normal,h2058.png,G:\Ai-CDD\updated_class_tb_dataset\TBX11K\imgs\health\h2058.png
4,normal,h0605.png,G:\Ai-CDD\updated_class_tb_dataset\TBX11K\imgs\health\h0605.png,normal,h4142.png,G:\Ai-CDD\updated_class_tb_dataset\TBX11K\imgs\health\h4142.png
4,normal,h0609.png,G:\Ai-CDD\updated_class_tb_dataset\TBX11K\imgs\health\h0609.png,normal,h2618.png,G:\Ai-CDD\updated_class_tb_dataset\TBX11K\imgs\health\h2618.png
4,normal,h0610.png,G:\Ai-CDD\updated_class_tb_dataset\TBX11K\imgs\health\h0610.png,normal,h0727.png,G:\Ai-CDD\updated_class_tb_dataset\TBX11K\imgs\health\h0727.png
4,normal,h0610.png,G:\Ai-CDD\updated_class_tb_dataset\TBX11K\imgs\health\h0610.png,tb,tb0134.png,G:\Ai-CDD\updated_class_tb_dataset\TBX11K\imgs\tb\tb0134.png
4,normal,h0614.png,G:\Ai-CDD\updated_class_tb_dataset\TBX11K\imgs\health\h0614.png,normal,h2376.png,G:\Ai-CDD\updated_class_tb_dataset\TBX11K\imgs\health\h2376.png
4,normal,h0614.png,G:\Ai-CDD\updated_class_tb_dataset\TBX11K\imgs\health\h0614.png,normal,h3735.png,G:\Ai-CDD\updated_class_tb_dataset\TBX11K\imgs\health\h3735.png
4,normal,h0614.png,G:\Ai-CDD\updated_class_tb_dataset\TBX11K\imgs\health\h0614.png,normal,h4401.png,G:\Ai-CDD\updated_class_tb_dataset\TBX11K\imgs\health\h4401.png
4,normal,h0616.png,G:\Ai-CDD\updated_class_tb_dataset\TBX11K\imgs\health\h0616.png,normal,h0872.png,G:\Ai-CDD\updated_class_tb_dataset\TBX11K\imgs\health\h0872.png
4,normal,h0619.png,G:\Ai-CDD\updated_class_tb_dataset\TBX11K\imgs\health\h0619.png,sick,s2896.png,G:\Ai-CDD\updated_class_tb_dataset\TBX11K\imgs\sick\s2896.png
4,normal,h0621.png,G:\Ai-CDD\updated_class_tb_dataset\TBX11K\imgs\health\h0621.png,normal,h3997.png,G:\Ai-CDD\updated_class_tb_dataset\TBX11K\imgs\health\h3997.png
4,normal,h0621.png,G:\Ai-CDD\updated_class_tb_dataset\TBX11K\imgs\health\h0621.png,tb,tb1010.png,G:\Ai-CDD\updated_class_tb_dataset\TBX11K\imgs\tb\tb1010.png
4,normal,h0626.png,G:\Ai-CDD\updated_class_tb_dataset\TBX11K\imgs\health\h0626.png,normal,h1627.png,G:\Ai-CDD\updated_class_tb_dataset\TBX11K\imgs\health\h1627.png
4,normal,h0635.png,G:\Ai-CDD\updated_class_tb_dataset\TBX11K\imgs\health\h0635.png,normal,h2357.png,G:\Ai-CDD\updated_class_tb_dataset\TBX11K\imgs\health\h2357.png
2,normal,h0638.png,G:\Ai-CDD\updated_class_tb_dataset\TBX11K\imgs\health\h0638.png,normal,h4839.png,G:\Ai-CDD\updated_class_tb_dataset\TBX11K\imgs\health\h4839.png
4,normal,h0638.png,G:\Ai-CDD\updated_class_tb_dataset\TBX11K\imgs\health\h0638.png,sick,s3412.png,G:\Ai-CDD\updated_class_tb_dataset\TBX11K\imgs\sick\s3412.png
4,normal,h0639.png,G:\Ai-CDD\updated_class_tb_dataset\TBX11K\imgs\health\h0639.png,normal,h1452.png,G:\Ai-CDD\updated_class_tb_dataset\TBX11K\imgs\health\h1452.png
4,normal,h0639.png,G:\Ai-CDD\updated_class_tb_dataset\TBX11K\imgs\health\h0639.png,normal,h4895.png,G:\Ai-CDD\updated_class_tb_dataset\TBX11K\imgs\health\h4895.png
4,normal,h0640.png,G:\Ai-CDD\updated_class_tb_dataset\TBX11K\imgs\health\h0640.png,normal,h2423.png,G:\Ai-CDD\updated_class_tb_dataset\TBX11K\imgs\health\h2423.png
4,normal,h0640.png,G:\Ai-CDD\updated_class_tb_dataset\TBX11K\imgs\health\h0640.png,normal,h2481.png,G:\Ai-CDD\updated_class_tb_dataset\TBX11K\imgs\health\h2481.png
4,normal,h0640.png,G:\Ai-CDD\updated_class_tb_dataset\TBX11K\imgs\health\h0640.png,normal,h3448.png,G:\Ai-CDD\updated_class_tb_dataset\TBX11K\imgs\health\h3448.png
4,normal,h0640.png,G:\Ai-CDD\updated_class_tb_dataset\TBX11K\imgs\health\h0640.png,normal,h4348.png,G:\Ai-CDD\updated_class_tb_dataset\TBX11K\imgs\health\h4348.png
4,normal,h0640.png,G:\Ai-CDD\updated_class_tb_dataset\TBX11K\imgs\health\h0640.png,normal,h4455.png,G:\Ai-CDD\updated_class_tb_dataset\TBX11K\imgs\health\h4455.png
4,normal,h0640.png,G:\Ai-CDD\updated_class_tb_dataset\TBX11K\imgs\health\h0640.png,normal,h4864.png,G:\Ai-CDD\updated_class_tb_dataset\TBX11K\imgs\health\h4864.png
4,normal,h0643.png,G:\Ai-CDD\updated_class_tb_dataset\TBX11K\imgs\health\h0643.png,normal,h0965.png,G:\Ai-CDD\updated_class_tb_dataset\TBX11K\imgs\health\h0965.png
4,normal,h0643.png,G:\Ai-CDD\updated_class_tb_dataset\TBX11K\imgs\health\h0643.png,normal,h2081.png,G:\Ai-CDD\updated_class_tb_dataset\TBX11K\imgs\health\h2081.png
4,normal,h0643.png,G:\Ai-CDD\updated_class_tb_dataset\TBX11K\imgs\health\h0643.png,normal,h2395.png,G:\Ai-CDD\updated_class_tb_dataset\TBX11K\imgs\health\h2395.png
4,normal,h0643.png,G:\Ai-CDD\updated_class_tb_dataset\TBX11K\imgs\health\h0643.png,normal,h3059.png,G:\Ai-CDD\updated_class_tb_dataset\TBX11K\imgs\health\h3059.png
4,normal,h0643.png,G:\Ai-CDD\updated_class_tb_dataset\TBX11K\imgs\health\h0643.png,normal,h4788.png,G:\Ai-CDD\updated_class_tb_dataset\TBX11K\imgs\health\h4788.png
4,normal,h0646.png,G:\Ai-CDD\updated_class_tb_dataset\TBX11K\imgs\health\h0646.png,normal,h2301.png,G:\Ai-CDD\updated_class_tb_dataset\TBX11K\imgs\health\h2301.png
4,normal,h0647.png,G:\Ai-CDD\updated_class_tb_dataset\TBX11K\imgs\health\h0647.png,normal,h3290.png,G:\Ai-CDD\updated_class_tb_dataset\TBX11K\imgs\health\h3290.png
4,normal,h0647.png,G:\Ai-CDD\updated_class_tb_dataset\TBX11K\imgs\health\h0647.png,sick,s3454.png,G:\Ai-CDD\updated_class_tb_dataset\TBX11K\imgs\sick\s3454.png
4,normal,h0647.png,G:\Ai-CDD\updated_class_tb_dataset\TBX11K\imgs\health\h0647.png,sick,s3786.png,G:\Ai-CDD\updated_class_tb_dataset\TBX11K\imgs\sick\s3786.png
4,normal,h0652.png,G:\Ai-CDD\updated_class_tb_dataset\TBX11K\imgs\health\h0652.png,normal,h3821.png,G:\Ai-CDD\updated_class_tb_dataset\TBX11K\imgs\health\h3821.png
4,normal,h0658.png,G:\Ai-CDD\updated_class_tb_dataset\TBX11K\imgs\health\h0658.png,normal,h0727.png,G:\Ai-CDD\updated_class_tb_dataset\TBX11K\imgs\health\h0727.png
4,normal,h0665.png,G:\Ai-CDD\updated_class_tb_dataset\TBX11K\imgs\health\h0665.png,normal,h0925.png,G:\Ai-CDD\updated_class_tb_dataset\TBX11K\imgs\health\h0925.png
4,normal,h0665.png,G:\Ai-CDD\updated_class_tb_dataset\TBX11K\imgs\health\h0665.png,sick,s3498.png,G:\Ai-CDD\updated_class_tb_dataset\TBX11K\imgs\sick\s3498.png
4,normal,h0667.png,G:\Ai-CDD\updated_class_tb_dataset\TBX11K\imgs\health\h0667.png,normal,h1077.png,G:\Ai-CDD\updated_class_tb_dataset\TBX11K\imgs\health\h1077.png
4,normal,h0667.png,G:\Ai-CDD\updated_class_tb_dataset\TBX11K\imgs\health\h0667.png,normal,h2313.png,G:\Ai-CDD\updated_class_tb_dataset\TBX11K\imgs\health\h2313.png
4,normal,h0667.png,G:\Ai-CDD\updated_class_tb_dataset\TBX11K\imgs\health\h0667.png,tb,tb0031.png,G:\Ai-CDD\updated_class_tb_dataset\TBX11K\imgs\tb\tb0031.png
4,normal,h0673.png,G:\Ai-CDD\updated_class_tb_dataset\TBX11K\imgs\health\h0673.png,sick,s2871.png,G:\Ai-CDD\updated_class_tb_dataset\TBX11K\imgs\sick\s2871.png
4,normal,h0678.png,G:\Ai-CDD\updated_class_tb_dataset\TBX11K\imgs\health\h0678.png,normal,h4255.png,G:\Ai-CDD\updated_class_tb_dataset\TBX11K\imgs\health\h4255.png
2,normal,h0678.png,G:\Ai-CDD\updated_class_tb_dataset\TBX11K\imgs\health\h0678.png,normal,h4391.png,G:\Ai-CDD\updated_class_tb_dataset\TBX11K\imgs\health\h4391.png
4,normal,h0679.png,G:\Ai-CDD\updated_class_tb_dataset\TBX11K\imgs\health\h0679.png,normal,h1814.png,G:\Ai-CDD\updated_class_tb_dataset\TBX11K\imgs\health\h1814.png
4,normal,h0681.png,G:\Ai-CDD\updated_class_tb_dataset\TBX11K\imgs\health\h0681.png,normal,h2675.png,G:\Ai-CDD\updated_class_tb_dataset\TBX11K\imgs\health\h2675.png
4,normal,h0681.png,G:\Ai-CDD\updated_class_tb_dataset\TBX11K\imgs\health\h0681.png,normal,h3758.png,G:\Ai-CDD\updated_class_tb_dataset\TBX11K\imgs\health\h3758.png
4,normal,h0681.png,G:\Ai-CDD\updated_class_tb_dataset\TBX11K\imgs\health\h0681.png,normal,h4694.png,G:\Ai-CDD\updated_class_tb_dataset\TBX11K\imgs\health\h4694.png
4,normal,h0681.png,G:\Ai-CDD\updated_class_tb_dataset\TBX11K\imgs\health\h0681.png,tb,tb1004.png,G:\Ai-CDD\updated_class_tb_dataset\TBX11K\imgs\tb\tb1004.png
4,normal,h0690.png,G:\Ai-CDD\updated_class_tb_dataset\TBX11K\imgs\health\h0690.png,normal,h2788.png,G:\Ai-CDD\updated_class_tb_dataset\TBX11K\imgs\health\h2788.png
4,normal,h0697.png,G:\Ai-CDD\updated_class_tb_dataset\TBX11K\imgs\health\h0697.png,normal,h2518.png,G:\Ai-CDD\updated_class_tb_dataset\TBX11K\imgs\health\h2518.png
4,normal,h0702.png,G:\Ai-CDD\updated_class_tb_dataset\TBX11K\imgs\health\h0702.png,normal,h2344.png,G:\Ai-CDD\updated_class_tb_dataset\TBX11K\imgs\health\h2344.png
4,normal,h0704.png,G:\Ai-CDD\updated_class_tb_dataset\TBX11K\imgs\health\h0704.png,normal,h1973.png,G:\Ai-CDD\updated_class_tb_dataset\TBX11K\imgs\health\h1973.png
4,normal,h0704.png,G:\Ai-CDD\updated_class_tb_dataset\TBX11K\imgs\health\h0704.png,normal,h4834.png,G:\Ai-CDD\updated_class_tb_dataset\TBX11K\imgs\health\h4834.png
4,normal,h0707.png,G:\Ai-CDD\updated_class_tb_dataset\TBX11K\imgs\health\h0707.png,normal,h0934.png,G:\Ai-CDD\updated_class_tb_dataset\TBX11K\imgs\health\h0934.png
4,normal,h0707.png,G:\Ai-CDD\updated_class_tb_dataset\TBX11K\imgs\health\h0707.png,normal,h2027.png,G:\Ai-CDD\updated_class_tb_dataset\TBX11K\imgs\health\h2027.png
4,normal,h0709.png,G:\Ai-CDD\updated_class_tb_dataset\TBX11K\imgs\health\h0709.png,sick,s1650.png,G:\Ai-CDD\updated_class_tb_dataset\TBX11K\imgs\sick\s1650.png
4,normal,h0712.png,G:\Ai-CDD\updated_class_tb_dataset\TBX11K\imgs\health\h0712.png,normal,h4196.png,G:\Ai-CDD\updated_class_tb_dataset\TBX11K\imgs\health\h4196.png
4,normal,h0715.png,G:\Ai-CDD\updated_class_tb_dataset\TBX11K\imgs\health\h0715.png,normal,h2107.png,G:\Ai-CDD\updated_class_tb_dataset\TBX11K\imgs\health\h2107.png
4,normal,h0717.png,G:\Ai-CDD\updated_class_tb_dataset\TBX11K\imgs\health\h0717.png,normal,h4281.png,G:\Ai-CDD\updated_class_tb_dataset\TBX11K\imgs\health\h4281.png
4,normal,h0719.png,G:\Ai-CDD\updated_class_tb_dataset\TBX11K\imgs\health\h0719.png,normal,h4630.png,G:\Ai-CDD\updated_class_tb_dataset\TBX11K\imgs\health\h4630.png
4,normal,h0722.png,G:\Ai-CDD\updated_class_tb_dataset\TBX11K\imgs\health\h0722.png,normal,h2592.png,G:\Ai-CDD\updated_class_tb_dataset\TBX11K\imgs\health\h2592.png
4,normal,h0722.png,G:\Ai-CDD\updated_class_tb_dataset\TBX11K\imgs\health\h0722.png,normal,h4440.png,G:\Ai-CDD\updated_class_tb_dataset\TBX11K\imgs\health\h4440.png
4,normal,h0727.png,G:\Ai-CDD\updated_class_tb_dataset\TBX11K\imgs\health\h0727.png,normal,h0953.png,G:\Ai-CDD\updated_class_tb_dataset\TBX11K\imgs\health\h0953.png
4,normal,h0727.png,G:\Ai-CDD\updated_class_tb_dataset\TBX11K\imgs\health\h0727.png,tb,tb0134.png,G:\Ai-CDD\updated_class_tb_dataset\TBX11K\imgs\tb\tb0134.png
4,normal,h0729.png,G:\Ai-CDD\updated_class_tb_dataset\TBX11K\imgs\health\h0729.png,normal,h2357.png,G:\Ai-CDD\updated_class_tb_dataset\TBX11K\imgs\health\h2357.png
4,normal,h0730.png,G:\Ai-CDD\updated_class_tb_dataset\TBX11K\imgs\health\h0730.png,normal,h1940.png,G:\Ai-CDD\updated_class_tb_dataset\TBX11K\imgs\health\h1940.png
4,normal,h0730.png,G:\Ai-CDD\updated_class_tb_dataset\TBX11K\imgs\health\h0730.png,normal,h4373.png,G:\Ai-CDD\updated_class_tb_dataset\TBX11K\imgs\health\h4373.png
4,normal,h0732.png,G:\Ai-CDD\updated_class_tb_dataset\TBX11K\imgs\health\h0732.png,normal,h1314.png,G:\Ai-CDD\updated_class_tb_dataset\TBX11K\imgs\health\h1314.png
4,normal,h0745.png,G:\Ai-CDD\updated_class_tb_dataset\TBX11K\imgs\health\h0745.png,normal,h3437.png,G:\Ai-CDD\updated_class_tb_dataset\TBX11K\imgs\health\h3437.png
4,normal,h0748.png,G:\Ai-CDD\updated_class_tb_dataset\TBX11K\imgs\health\h0748.png,normal,h1820.png,G:\Ai-CDD\updated_class_tb_dataset\TBX11K\imgs\health\h1820.png
4,normal,h0750.png,G:\Ai-CDD\updated_class_tb_dataset\TBX11K\imgs\health\h0750.png,normal,h2335.png,G:\Ai-CDD\updated_class_tb_dataset\TBX11K\imgs\health\h2335.png
4,normal,h0753.png,G:\Ai-CDD\updated_class_tb_dataset\TBX11K\imgs\health\h0753.png,normal,h1803.png,G:\Ai-CDD\updated_class_tb_dataset\TBX11K\imgs\health\h1803.png
4,normal,h0753.png,G:\Ai-CDD\updated_class_tb_dataset\TBX11K\imgs\health\h0753.png,normal,h3054.png,G:\Ai-CDD\updated_class_tb_dataset\TBX11K\imgs\health\h3054.png
4,normal,h0753.png,G:\Ai-CDD\updated_class_tb_dataset\TBX11K\imgs\health\h0753.png,normal,h3824.png,G:\Ai-CDD\updated_class_tb_dataset\TBX11K\imgs\health\h3824.png
4,normal,h0756.png,G:\Ai-CDD\updated_class_tb_dataset\TBX11K\imgs\health\h0756.png,tb,tb1003.png,G:\Ai-CDD\updated_class_tb_dataset\TBX11K\imgs\tb\tb1003.png
2,normal,h0759.png,G:\Ai-CDD\updated_class_tb_dataset\TBX11K\imgs\health\h0759.png,normal,h0995.png,G:\Ai-CDD\updated_class_tb_dataset\TBX11K\imgs\health\h0995.png
4,normal,h0759.png,G:\Ai-CDD\updated_class_tb_dataset\TBX11K\imgs\health\h0759.png,normal,h1317.png,G:\Ai-CDD\updated_class_tb_dataset\TBX11K\imgs\health\h1317.png
4,normal,h0759.png,G:\Ai-CDD\updated_class_tb_dataset\TBX11K\imgs\health\h0759.png,normal,h1954.png,G:\Ai-CDD\updated_class_tb_dataset\TBX11K\imgs\health\h1954.png
4,normal,h0759.png,G:\Ai-CDD\updated_class_tb_dataset\TBX11K\imgs\health\h0759.png,normal,h2520.png,G:\Ai-CDD\updated_class_tb_dataset\TBX11K\imgs\health\h2520.png
4,normal,h0759.png,G:\Ai-CDD\updated_class_tb_dataset\TBX11K\imgs\health\h0759.png,normal,h3034.png,G:\Ai-CDD\updated_class_tb_dataset\TBX11K\imgs\health\h3034.png
4,normal,h0759.png,G:\Ai-CDD\updated_class_tb_dataset\TBX11K\imgs\health\h0759.png,normal,h4239.png,G:\Ai-CDD\updated_class_tb_dataset\TBX11K\imgs\health\h4239.png
4,normal,h0759.png,G:\Ai-CDD\updated_class_tb_dataset\TBX11K\imgs\health\h0759.png,sick,s0256.png,G:\Ai-CDD\updated_class_tb_dataset\TBX11K\imgs\sick\s0256.png
2,normal,h0759.png,G:\Ai-CDD\updated_class_tb_dataset\TBX11K\imgs\health\h0759.png,sick,s1719.png,G:\Ai-CDD\updated_class_tb_dataset\TBX11K\imgs\sick\s1719.png
4,normal,h0759.png,G:\Ai-CDD\updated_class_tb_dataset\TBX11K\imgs\health\h0759.png,tb,tb0050.png,G:\Ai-CDD\updated_class_tb_dataset\TBX11K\imgs\tb\tb0050.png
4,normal,h0760.png,G:\Ai-CDD\updated_class_tb_dataset\TBX11K\imgs\health\h0760.png,tb,tb1010.png,G:\Ai-CDD\updated_class_tb_dataset\TBX11K\imgs\tb\tb1010.png
2,normal,h0762.png,G:\Ai-CDD\updated_class_tb_dataset\TBX11K\imgs\health\h0762.png,normal,h2074.png,G:\Ai-CDD\updated_class_tb_dataset\TBX11K\imgs\health\h2074.png
4,normal,h0763.png,G:\Ai-CDD\updated_class_tb_dataset\TBX11K\imgs\health\h0763.png,normal,h2654.png,G:\Ai-CDD\updated_class_tb_dataset\TBX11K\imgs\health\h2654.png
4,normal,h0764.png,G:\Ai-CDD\updated_class_tb_dataset\TBX11K\imgs\health\h0764.png,normal,h3285.png,G:\Ai-CDD\updated_class_tb_dataset\TBX11K\imgs\health\h3285.png
4,normal,h0766.png,G:\Ai-CDD\updated_class_tb_dataset\TBX11K\imgs\health\h0766.png,normal,h1826.png,G:\Ai-CDD\updated_class_tb_dataset\TBX11K\imgs\health\h1826.png
4,normal,h0766.png,G:\Ai-CDD\updated_class_tb_dataset\TBX11K\imgs\health\h0766.png,normal,h2177.png,G:\Ai-CDD\updated_class_tb_dataset\TBX11K\imgs\health\h2177.png
4,normal,h0769.png,G:\Ai-CDD\updated_class_tb_dataset\TBX11K\imgs\health\h0769.png,normal,h1132.png,G:\Ai-CDD\updated_class_tb_dataset\TBX11K\imgs\health\h1132.png
4,normal,h0770.png,G:\Ai-CDD\updated_class_tb_dataset\TBX11K\imgs\health\h0770.png,normal,h4212.png,G:\Ai-CDD\updated_class_tb_dataset\TBX11K\imgs\health\h4212.png
4,normal,h0778.png,G:\Ai-CDD\updated_class_tb_dataset\TBX11K\imgs\health\h0778.png,normal,h4456.png,G:\Ai-CDD\updated_class_tb_dataset\TBX11K\imgs\health\h4456.png
4,normal,h0779.png,G:\Ai-CDD\updated_class_tb_dataset\TBX11K\imgs\health\h0779.png,normal,h1182.png,G:\Ai-CDD\updated_class_tb_dataset\TBX11K\imgs\health\h1182.png
4,normal,h0779.png,G:\Ai-CDD\updated_class_tb_dataset\TBX11K\imgs\health\h0779.png,normal,h2164.png,G:\Ai-CDD\updated_class_tb_dataset\TBX11K\imgs\health\h2164.png
4,normal,h0779.png,G:\Ai-CDD\updated_class_tb_dataset\TBX11K\imgs\health\h0779.png,normal,h2347.png,G:\Ai-CDD\updated_class_tb_dataset\TBX11K\imgs\health\h2347.png
4,normal,h0779.png,G:\Ai-CDD\updated_class_tb_dataset\TBX11K\imgs\health\h0779.png,normal,h3633.png,G:\Ai-CDD\updated_class_tb_dataset\TBX11K\imgs\health\h3633.png
4,normal,h0779.png,G:\Ai-CDD\updated_class_tb_dataset\TBX11K\imgs\health\h0779.png,normal,h4160.png,G:\Ai-CDD\updated_class_tb_dataset\TBX11K\imgs\health\h4160.png
4,normal,h0779.png,G:\Ai-CDD\updated_class_tb_dataset\TBX11K\imgs\health\h0779.png,normal,h4510.png,G:\Ai-CDD\updated_class_tb_dataset\TBX11K\imgs\health\h4510.png
4,normal,h0781.png,G:\Ai-CDD\updated_class_tb_dataset\TBX11K\imgs\health\h0781.png,normal,h1077.png,G:\Ai-CDD\updated_class_tb_dataset\TBX11K\imgs\health\h1077.png
4,normal,h0781.png,G:\Ai-CDD\updated_class_tb_dataset\TBX11K\imgs\health\h0781.png,normal,h1358.png,G:\Ai-CDD\updated_class_tb_dataset\TBX11K\imgs\health\h1358.png
4,normal,h0781.png,G:\Ai-CDD\updated_class_tb_dataset\TBX11K\imgs\health\h0781.png,normal,h1597.png,G:\Ai-CDD\updated_class_tb_dataset\TBX11K\imgs\health\h1597.png
4,normal,h0781.png,G:\Ai-CDD\updated_class_tb_dataset\TBX11K\imgs\health\h0781.png,normal,h1906.png,G:\Ai-CDD\updated_class_tb_dataset\TBX11K\imgs\health\h1906.png
4,normal,h0781.png,G:\Ai-CDD\updated_class_tb_dataset\TBX11K\imgs\health\h0781.png,normal,h2109.png,G:\Ai-CDD\updated_class_tb_dataset\TBX11K\imgs\health\h2109.png
4,normal,h0781.png,G:\Ai-CDD\updated_class_tb_dataset\TBX11K\imgs\health\h0781.png,normal,h2172.png,G:\Ai-CDD\updated_class_tb_dataset\TBX11K\imgs\health\h2172.png
4,normal,h0781.png,G:\Ai-CDD\updated_class_tb_dataset\TBX11K\imgs\health\h0781.png,normal,h2526.png,G:\Ai-CDD\updated_class_tb_dataset\TBX11K\imgs\health\h2526.png
4,normal,h0781.png,G:\Ai-CDD\updated_class_tb_dataset\TBX11K\imgs\health\h0781.png,normal,h2662.png,G:\Ai-CDD\updated_class_tb_dataset\TBX11K\imgs\health\h2662.png
4,normal,h0781.png,G:\Ai-CDD\updated_class_tb_dataset\TBX11K\imgs\health\h0781.png,normal,h3254.png,G:\Ai-CDD\updated_class_tb_dataset\TBX11K\imgs\health\h3254.png
4,normal,h0781.png,G:\Ai-CDD\updated_class_tb_dataset\TBX11K\imgs\health\h0781.png,normal,h3500.png,G:\Ai-CDD\updated_class_tb_dataset\TBX11K\imgs\health\h3500.png
4,normal,h0781.png,G:\Ai-CDD\updated_class_tb_dataset\TBX11K\imgs\health\h0781.png,normal,h4871.png,G:\Ai-CDD\updated_class_tb_dataset\TBX11K\imgs\health\h4871.png
4,normal,h0781.png,G:\Ai-CDD\updated_class_tb_dataset\TBX11K\imgs\health\h0781.png,normal,h4958.png,G:\Ai-CDD\updated_class_tb_dataset\TBX11K\imgs\health\h4958.png
4,normal,h0783.png,G:\Ai-CDD\updated_class_tb_dataset\TBX11K\imgs\health\h0783.png,normal,h3007.png,G:\Ai-CDD\updated_class_tb_dataset\TBX11K\imgs\health\h3007.png
4,normal,h0783.png,G:\Ai-CDD\updated_class_tb_dataset\TBX11K\imgs\health\h0783.png,normal,h3099.png,G:\Ai-CDD\updated_class_tb_dataset\TBX11K\imgs\health\h3099.png
2,normal,h0783.png,G:\Ai-CDD\updated_class_tb_dataset\TBX11K\imgs\health\h0783.png,normal,h3602.png,G:\Ai-CDD\updated_class_tb_dataset\TBX11K\imgs\health\h3602.png
4,normal,h0787.png,G:\Ai-CDD\updated_class_tb_dataset\TBX11K\imgs\health\h0787.png,sick,s2978.png,G:\Ai-CDD\updated_class_tb_dataset\TBX11K\imgs\sick\s2978.png
4,normal,h0787.png,G:\Ai-CDD\updated_class_tb_dataset\TBX11K\imgs\health\h0787.png,sick,s3350.png,G:\Ai-CDD\updated_class_tb_dataset\TBX11K\imgs\sick\s3350.png
4,normal,h0795.png,G:\Ai-CDD\updated_class_tb_dataset\TBX11K\imgs\health\h0795.png,normal,h0967.png,G:\Ai-CDD\updated_class_tb_dataset\TBX11K\imgs\health\h0967.png
4,normal,h0795.png,G:\Ai-CDD\updated_class_tb_dataset\TBX11K\imgs\health\h0795.png,normal,h2286.png,G:\Ai-CDD\updated_class_tb_dataset\TBX11K\imgs\health\h2286.png
2,normal,h0796.png,G:\Ai-CDD\updated_class_tb_dataset\TBX11K\imgs\health\h0796.png,normal,h3498.png,G:\Ai-CDD\updated_class_tb_dataset\TBX11K\imgs\health\h3498.png
4,normal,h0806.png,G:\Ai-CDD\updated_class_tb_dataset\TBX11K\imgs\health\h0806.png,normal,h2446.png,G:\Ai-CDD\updated_class_tb_dataset\TBX11K\imgs\health\h2446.png
4,normal,h0812.png,G:\Ai-CDD\updated_class_tb_dataset\TBX11K\imgs\health\h0812.png,normal,h3295.png,G:\Ai-CDD\updated_class_tb_dataset\TBX11K\imgs\health\h3295.png
4,normal,h0817.png,G:\Ai-CDD\updated_class_tb_dataset\TBX11K\imgs\health\h0817.png,normal,h1250.png,G:\Ai-CDD\updated_class_tb_dataset\TBX11K\imgs\health\h1250.png
4,normal,h0817.png,G:\Ai-CDD\updated_class_tb_dataset\TBX11K\imgs\health\h0817.png,normal,h3443.png,G:\Ai-CDD\updated_class_tb_dataset\TBX11K\imgs\health\h3443.png
4,normal,h0817.png,G:\Ai-CDD\updated_class_tb_dataset\TBX11K\imgs\health\h0817.png,normal,h4531.png,G:\Ai-CDD\updated_class_tb_dataset\TBX11K\imgs\health\h4531.png
4,normal,h0818.png,G:\Ai-CDD\updated_class_tb_dataset\TBX11K\imgs\health\h0818.png,normal,h2716.png,G:\Ai-CDD\updated_class_tb_dataset\TBX11K\imgs\health\h2716.png
4,normal,h0821.png,G:\Ai-CDD\updated_class_tb_dataset\TBX11K\imgs\health\h0821.png,normal,h4791.png,G:\Ai-CDD\updated_class_tb_dataset\TBX11K\imgs\health\h4791.png
4,normal,h0825.png,G:\Ai-CDD\updated_class_tb_dataset\TBX11K\imgs\health\h0825.png,normal,h0906.png,G:\Ai-CDD\updated_class_tb_dataset\TBX11K\imgs\health\h0906.png
4,normal,h0838.png,G:\Ai-CDD\updated_class_tb_dataset\TBX11K\imgs\health\h0838.png,normal,h1940.png,G:\Ai-CDD\updated_class_tb_dataset\TBX11K\imgs\health\h1940.png
4,normal,h0838.png,G:\Ai-CDD\updated_class_tb_dataset\TBX11K\imgs\health\h0838.png,normal,h3011.png,G:\Ai-CDD\updated_class_tb_dataset\TBX11K\imgs\health\h3011.png
4,normal,h0838.png,G:\Ai-CDD\updated_class_tb_dataset\TBX11K\imgs\health\h0838.png,normal,h4594.png,G:\Ai-CDD\updated_class_tb_dataset\TBX11K\imgs\health\h4594.png
4,normal,h0838.png,G:\Ai-CDD\updated_class_tb_dataset\TBX11K\imgs\health\h0838.png,normal,h4905.png,G:\Ai-CDD\updated_class_tb_dataset\TBX11K\imgs\health\h4905.png
4,normal,h0841.png,G:\Ai-CDD\updated_class_tb_dataset\TBX11K\imgs\health\h0841.png,normal,h1181.png,G:\Ai-CDD\updated_class_tb_dataset\TBX11K\imgs\health\h1181.png
4,normal,h0841.png,G:\Ai-CDD\updated_class_tb_dataset\TBX11K\imgs\health\h0841.png,normal,h2287.png,G:\Ai-CDD\updated_class_tb_dataset\TBX11K\imgs\health\h2287.png
2,normal,h0841.png,G:\Ai-CDD\updated_class_tb_dataset\TBX11K\imgs\health\h0841.png,normal,h3147.png,G:\Ai-CDD\updated_class_tb_dataset\TBX11K\imgs\health\h3147.png
4,normal,h0841.png,G:\Ai-CDD\updated_class_tb_dataset\TBX11K\imgs\health\h0841.png,normal,h3379.png,G:\Ai-CDD\updated_class_tb_dataset\TBX11K\imgs\health\h3379.png
4,normal,h0841.png,G:\Ai-CDD\updated_class_tb_dataset\TBX11K\imgs\health\h0841.png,normal,h4617.png,G:\Ai-CDD\updated_class_tb_dataset\TBX11K\imgs\health\h4617.png
4,normal,h0842.png,G:\Ai-CDD\updated_class_tb_dataset\TBX11K\imgs\health\h0842.png,normal,h1030.png,G:\Ai-CDD\updated_class_tb_dataset\TBX11K\imgs\health\h1030.png
4,normal,h0842.png,G:\Ai-CDD\updated_class_tb_dataset\TBX11K\imgs\health\h0842.png,normal,h1202.png,G:\Ai-CDD\updated_class_tb_dataset\TBX11K\imgs\health\h1202.png
2,normal,h0842.png,G:\Ai-CDD\updated_class_tb_dataset\TBX11K\imgs\health\h0842.png,normal,h1418.png,G:\Ai-CDD\updated_class_tb_dataset\TBX11K\imgs\health\h1418.png
4,normal,h0842.png,G:\Ai-CDD\updated_class_tb_dataset\TBX11K\imgs\health\h0842.png,normal,h1689.png,G:\Ai-CDD\updated_class_tb_dataset\TBX11K\imgs\health\h1689.png
2,normal,h0842.png,G:\Ai-CDD\updated_class_tb_dataset\TBX11K\imgs\health\h0842.png,normal,h1887.png,G:\Ai-CDD\updated_class_tb_dataset\TBX11K\imgs\health\h1887.png
4,normal,h0842.png,G:\Ai-CDD\updated_class_tb_dataset\TBX11K\imgs\health\h0842.png,normal,h1899.png,G:\Ai-CDD\updated_class_tb_dataset\TBX11K\imgs\health\h1899.png
2,normal,h0842.png,G:\Ai-CDD\updated_class_tb_dataset\TBX11K\imgs\health\h0842.png,normal,h2218.png,G:\Ai-CDD\updated_class_tb_dataset\TBX11K\imgs\health\h2218.png
4,normal,h0842.png,G:\Ai-CDD\updated_class_tb_dataset\TBX11K\imgs\health\h0842.png,normal,h3307.png,G:\Ai-CDD\updated_class_tb_dataset\TBX11K\imgs\health\h3307.png
4,normal,h0842.png,G:\Ai-CDD\updated_class_tb_dataset\TBX11K\imgs\health\h0842.png,normal,h3859.png,G:\Ai-CDD\updated_class_tb_dataset\TBX11K\imgs\health\h3859.png
4,normal,h0849.png,G:\Ai-CDD\updated_class_tb_dataset\TBX11K\imgs\health\h0849.png,sick,s4983.png,G:\Ai-CDD\updated_class_tb_dataset\TBX11K\imgs\sick\s4983.png
4,normal,h0850.png,G:\Ai-CDD\updated_class_tb_dataset\TBX11K\imgs\health\h0850.png,normal,h2296.png,G:\Ai-CDD\updated_class_tb_dataset\TBX11K\imgs\health\h2296.png
4,normal,h0850.png,G:\Ai-CDD\updated_class_tb_dataset\TBX11K\imgs\health\h0850.png,normal,h2743.png,G:\Ai-CDD\updated_class_tb_dataset\TBX11K\imgs\health\h2743.png
4,normal,h0850.png,G:\Ai-CDD\updated_class_tb_dataset\TBX11K\imgs\health\h0850.png,normal,h3400.png,G:\Ai-CDD\updated_class_tb_dataset\TBX11K\imgs\health\h3400.png
2,normal,h0850.png,G:\Ai-CDD\updated_class_tb_dataset\TBX11K\imgs\health\h0850.png,normal,h3975.png,G:\Ai-CDD\updated_class_tb_dataset\TBX11K\imgs\health\h3975.png
4,normal,h0850.png,G:\Ai-CDD\updated_class_tb_dataset\TBX11K\imgs\health\h0850.png,normal,h3985.png,G:\Ai-CDD\updated_class_tb_dataset\TBX11K\imgs\health\h3985.png
4,normal,h0850.png,G:\Ai-CDD\updated_class_tb_dataset\TBX11K\imgs\health\h0850.png,normal,h4812.png,G:\Ai-CDD\updated_class_tb_dataset\TBX11K\imgs\health\h4812.png
4,normal,h0864.png,G:\Ai-CDD\updated_class_tb_dataset\TBX11K\imgs\health\h0864.png,normal,h1832.png,G:\Ai-CDD\updated_class_tb_dataset\TBX11K\imgs\health\h1832.png
4,normal,h0864.png,G:\Ai-CDD\updated_class_tb_dataset\TBX11K\imgs\health\h0864.png,normal,h3500.png,G:\Ai-CDD\updated_class_tb_dataset\TBX11K\imgs\health\h3500.png
4,normal,h0867.png,G:\Ai-CDD\updated_class_tb_dataset\TBX11K\imgs\health\h0867.png,normal,h4459.png,G:\Ai-CDD\updated_class_tb_dataset\TBX11K\imgs\health\h4459.png
4,normal,h0868.png,G:\Ai-CDD\updated_class_tb_dataset\TBX11K\imgs\health\h0868.png,normal,h4655.png,G:\Ai-CDD\updated_class_tb_dataset\TBX11K\imgs\health\h4655.png
2,normal,h0868.png,G:\Ai-CDD\updated_class_tb_dataset\TBX11K\imgs\health\h0868.png,normal,h4805.png,G:\Ai-CDD\updated_class_tb_dataset\TBX11K\imgs\health\h4805.png
4,normal,h0870.png,G:\Ai-CDD\updated_class_tb_dataset\TBX11K\imgs\health\h0870.png,normal,h4452.png,G:\Ai-CDD\updated_class_tb_dataset\TBX11K\imgs\health\h4452.png
4,normal,h0872.png,G:\Ai-CDD\updated_class_tb_dataset\TBX11K\imgs\health\h0872.png,normal,h1130.png,G:\Ai-CDD\updated_class_tb_dataset\TBX11K\imgs\health\h1130.png
4,normal,h0872.png,G:\Ai-CDD\updated_class_tb_dataset\TBX11K\imgs\health\h0872.png,normal,h3873.png,G:\Ai-CDD\updated_class_tb_dataset\TBX11K\imgs\health\h3873.png
4,normal,h0872.png,G:\Ai-CDD\updated_class_tb_dataset\TBX11K\imgs\health\h0872.png,normal,h4111.png,G:\Ai-CDD\updated_class_tb_dataset\TBX11K\imgs\health\h4111.png
4,normal,h0872.png,G:\Ai-CDD\updated_class_tb_dataset\TBX11K\imgs\health\h0872.png,normal,h4255.png,G:\Ai-CDD\updated_class_tb_dataset\TBX11K\imgs\health\h4255.png
4,normal,h0872.png,G:\Ai-CDD\updated_class_tb_dataset\TBX11K\imgs\health\h0872.png,normal,h4567.png,G:\Ai-CDD\updated_class_tb_dataset\TBX11K\imgs\health\h4567.png
4,normal,h0872.png,G:\Ai-CDD\updated_class_tb_dataset\TBX11K\imgs\health\h0872.png,sick,s4071.png,G:\Ai-CDD\updated_class_tb_dataset\TBX11K\imgs\sick\s4071.png
4,normal,h0873.png,G:\Ai-CDD\updated_class_tb_dataset\TBX11K\imgs\health\h0873.png,normal,h4165.png,G:\Ai-CDD\updated_class_tb_dataset\TBX11K\imgs\health\h4165.png
2,normal,h0875.png,G:\Ai-CDD\updated_class_tb_dataset\TBX11K\imgs\health\h0875.png,tb,tb0256.png,G:\Ai-CDD\updated_class_tb_dataset\TBX11K\imgs\tb\tb0256.png
4,normal,h0876.png,G:\Ai-CDD\updated_class_tb_dataset\TBX11K\imgs\health\h0876.png,normal,h2035.png,G:\Ai-CDD\updated_class_tb_dataset\TBX11K\imgs\health\h2035.png
4,normal,h0876.png,G:\Ai-CDD\updated_class_tb_dataset\TBX11K\imgs\health\h0876.png,normal,h2449.png,G:\Ai-CDD\updated_class_tb_dataset\TBX11K\imgs\health\h2449.png
4,normal,h0876.png,G:\Ai-CDD\updated_class_tb_dataset\TBX11K\imgs\health\h0876.png,normal,h3987.png,G:\Ai-CDD\updated_class_tb_dataset\TBX11K\imgs\health\h3987.png
4,normal,h0877.png,G:\Ai-CDD\updated_class_tb_dataset\TBX11K\imgs\health\h0877.png,normal,h4205.png,G:\Ai-CDD\updated_class_tb_dataset\TBX11K\imgs\health\h4205.png
4,normal,h0878.png,G:\Ai-CDD\updated_class_tb_dataset\TBX11K\imgs\health\h0878.png,normal,h3878.png,G:\Ai-CDD\updated_class_tb_dataset\TBX11K\imgs\health\h3878.png
2,normal,h0888.png,G:\Ai-CDD\updated_class_tb_dataset\TBX11K\imgs\health\h0888.png,normal,h2427.png,G:\Ai-CDD\updated_class_tb_dataset\TBX11K\imgs\health\h2427.png
4,normal,h0888.png,G:\Ai-CDD\updated_class_tb_dataset\TBX11K\imgs\health\h0888.png,normal,h3335.png,G:\Ai-CDD\updated_class_tb_dataset\TBX11K\imgs\health\h3335.png
4,normal,h0889.png,G:\Ai-CDD\updated_class_tb_dataset\TBX11K\imgs\health\h0889.png,normal,h1887.png,G:\Ai-CDD\updated_class_tb_dataset\TBX11K\imgs\health\h1887.png
4,normal,h0897.png,G:\Ai-CDD\updated_class_tb_dataset\TBX11K\imgs\health\h0897.png,normal,h0925.png,G:\Ai-CDD\updated_class_tb_dataset\TBX11K\imgs\health\h0925.png
4,normal,h0897.png,G:\Ai-CDD\updated_class_tb_dataset\TBX11K\imgs\health\h0897.png,normal,h1058.png,G:\Ai-CDD\updated_class_tb_dataset\TBX11K\imgs\health\h1058.png
4,normal,h0905.png,G:\Ai-CDD\updated_class_tb_dataset\TBX11K\imgs\health\h0905.png,normal,h1177.png,G:\Ai-CDD\updated_class_tb_dataset\TBX11K\imgs\health\h1177.png
4,normal,h0905.png,G:\Ai-CDD\updated_class_tb_dataset\TBX11K\imgs\health\h0905.png,normal,h3620.png,G:\Ai-CDD\updated_class_tb_dataset\TBX11K\imgs\health\h3620.png
4,normal,h0906.png,G:\Ai-CDD\updated_class_tb_dataset\TBX11K\imgs\health\h0906.png,normal,h3822.png,G:\Ai-CDD\updated_class_tb_dataset\TBX11K\imgs\health\h3822.png
2,normal,h0906.png,G:\Ai-CDD\updated_class_tb_dataset\TBX11K\imgs\health\h0906.png,normal,h4636.png,G:\Ai-CDD\updated_class_tb_dataset\TBX11K\imgs\health\h4636.png
4,normal,h0906.png,G:\Ai-CDD\updated_class_tb_dataset\TBX11K\imgs\health\h0906.png,sick,s1265.png,G:\Ai-CDD\updated_class_tb_dataset\TBX11K\imgs\sick\s1265.png
4,normal,h0906.png,G:\Ai-CDD\updated_class_tb_dataset\TBX11K\imgs\health\h0906.png,tb,tb0830.png,G:\Ai-CDD\updated_class_tb_dataset\TBX11K\imgs\tb\tb0830.png
4,normal,h0913.png,G:\Ai-CDD\updated_class_tb_dataset\TBX11K\imgs\health\h0913.png,normal,h1187.png,G:\Ai-CDD\updated_class_tb_dataset\TBX11K\imgs\health\h1187.png
4,normal,h0913.png,G:\Ai-CDD\updated_class_tb_dataset\TBX11K\imgs\health\h0913.png,normal,h3528.png,G:\Ai-CDD\updated_class_tb_dataset\TBX11K\imgs\health\h3528.png
4,normal,h0913.png,G:\Ai-CDD\updated_class_tb_dataset\TBX11K\imgs\health\h0913.png,normal,h3970.png,G:\Ai-CDD\updated_class_tb_dataset\TBX11K\imgs\health\h3970.png
4,normal,h0913.png,G:\Ai-CDD\updated_class_tb_dataset\TBX11K\imgs\health\h0913.png,normal,h4345.png,G:\Ai-CDD\updated_class_tb_dataset\TBX11K\imgs\health\h4345.png
4,normal,h0913.png,G:\Ai-CDD\updated_class_tb_dataset\TBX11K\imgs\health\h0913.png,normal,h4431.png,G:\Ai-CDD\updated_class_tb_dataset\TBX11K\imgs\health\h4431.png
4,normal,h0914.png,G:\Ai-CDD\updated_class_tb_dataset\TBX11K\imgs\health\h0914.png,normal,h4000.png,G:\Ai-CDD\updated_class_tb_dataset\TBX11K\imgs\health\h4000.png
4,normal,h0917.png,G:\Ai-CDD\updated_class_tb_dataset\TBX11K\imgs\health\h0917.png,normal,h1902.png,G:\Ai-CDD\updated_class_tb_dataset\TBX11K\imgs\health\h1902.png
4,normal,h0917.png,G:\Ai-CDD\updated_class_tb_dataset\TBX11K\imgs\health\h0917.png,normal,h3182.png,G:\Ai-CDD\updated_class_tb_dataset\TBX11K\imgs\health\h3182.png
4,normal,h0917.png,G:\Ai-CDD\updated_class_tb_dataset\TBX11K\imgs\health\h0917.png,normal,h3715.png,G:\Ai-CDD\updated_class_tb_dataset\TBX11K\imgs\health\h3715.png
4,normal,h0918.png,G:\Ai-CDD\updated_class_tb_dataset\TBX11K\imgs\health\h0918.png,normal,h1564.png,G:\Ai-CDD\updated_class_tb_dataset\TBX11K\imgs\health\h1564.png
4,normal,h0919.png,G:\Ai-CDD\updated_class_tb_dataset\TBX11K\imgs\health\h0919.png,normal,h1556.png,G:\Ai-CDD\updated_class_tb_dataset\TBX11K\imgs\health\h1556.png
2,normal,h0919.png,G:\Ai-CDD\updated_class_tb_dataset\TBX11K\imgs\health\h0919.png,sick,s3201.png,G:\Ai-CDD\updated_class_tb_dataset\TBX11K\imgs\sick\s3201.png
4,normal,h0921.png,G:\Ai-CDD\updated_class_tb_dataset\TBX11K\imgs\health\h0921.png,normal,h4863.png,G:\Ai-CDD\updated_class_tb_dataset\TBX11K\imgs\health\h4863.png
4,normal,h0925.png,G:\Ai-CDD\updated_class_tb_dataset\TBX11K\imgs\health\h0925.png,normal,h1632.png,G:\Ai-CDD\updated_class_tb_dataset\TBX11K\imgs\health\h1632.png
2,normal,h0925.png,G:\Ai-CDD\updated_class_tb_dataset\TBX11K\imgs\health\h0925.png,normal,h1920.png,G:\Ai-CDD\updated_class_tb_dataset\TBX11K\imgs\health\h1920.png
4,normal,h0928.png,G:\Ai-CDD\updated_class_tb_dataset\TBX11K\imgs\health\h0928.png,normal,h1805.png,G:\Ai-CDD\updated_class_tb_dataset\TBX11K\imgs\health\h1805.png
4,normal,h0931.png,G:\Ai-CDD\updated_class_tb_dataset\TBX11K\imgs\health\h0931.png,normal,h3599.png,G:\Ai-CDD\updated_class_tb_dataset\TBX11K\imgs\health\h3599.png
4,normal,h0931.png,G:\Ai-CDD\updated_class_tb_dataset\TBX11K\imgs\health\h0931.png,sick,s4259.png,G:\Ai-CDD\updated_class_tb_dataset\TBX11K\imgs\sick\s4259.png
4,normal,h0933.png,G:\Ai-CDD\updated_class_tb_dataset\TBX11K\imgs\health\h0933.png,normal,h1565.png,G:\Ai-CDD\updated_class_tb_dataset\TBX11K\imgs\health\h1565.png
4,normal,h0933.png,G:\Ai-CDD\updated_class_tb_dataset\TBX11K\imgs\health\h0933.png,normal,h3673.png,G:\Ai-CDD\updated_class_tb_dataset\TBX11K\imgs\health\h3673.png
4,normal,h0934.png,G:\Ai-CDD\updated_class_tb_dataset\TBX11K\imgs\health\h0934.png,normal,h1420.png,G:\Ai-CDD\updated_class_tb_dataset\TBX11K\imgs\health\h1420.png
4,normal,h0934.png,G:\Ai-CDD\updated_class_tb_dataset\TBX11K\imgs\health\h0934.png,normal,h2972.png,G:\Ai-CDD\updated_class_tb_dataset\TBX11K\imgs\health\h2972.png
4,normal,h0940.png,G:\Ai-CDD\updated_class_tb_dataset\TBX11K\imgs\health\h0940.png,sick,s0081.png,G:\Ai-CDD\updated_class_tb_dataset\TBX11K\imgs\sick\s0081.png
4,normal,h0940.png,G:\Ai-CDD\updated_class_tb_dataset\TBX11K\imgs\health\h0940.png,sick,s0398.png,G:\Ai-CDD\updated_class_tb_dataset\TBX11K\imgs\sick\s0398.png
4,normal,h0942.png,G:\Ai-CDD\updated_class_tb_dataset\TBX11K\imgs\health\h0942.png,normal,h3753.png,G:\Ai-CDD\updated_class_tb_dataset\TBX11K\imgs\health\h3753.png
4,normal,h0946.png,G:\Ai-CDD\updated_class_tb_dataset\TBX11K\imgs\health\h0946.png,normal,h1887.png,G:\Ai-CDD\updated_class_tb_dataset\TBX11K\imgs\health\h1887.png
4,normal,h0948.png,G:\Ai-CDD\updated_class_tb_dataset\TBX11K\imgs\health\h0948.png,normal,h3254.png,G:\Ai-CDD\updated_class_tb_dataset\TBX11K\imgs\health\h3254.png
4,normal,h0948.png,G:\Ai-CDD\updated_class_tb_dataset\TBX11K\imgs\health\h0948.png,normal,h3387.png,G:\Ai-CDD\updated_class_tb_dataset\TBX11K\imgs\health\h3387.png
4,normal,h0949.png,G:\Ai-CDD\updated_class_tb_dataset\TBX11K\imgs\health\h0949.png,normal,h2288.png,G:\Ai-CDD\updated_class_tb_dataset\TBX11K\imgs\health\h2288.png
4,normal,h0949.png,G:\Ai-CDD\updated_class_tb_dataset\TBX11K\imgs\health\h0949.png,normal,h3364.png,G:\Ai-CDD\updated_class_tb_dataset\TBX11K\imgs\health\h3364.png
4,normal,h0951.png,G:\Ai-CDD\updated_class_tb_dataset\TBX11K\imgs\health\h0951.png,normal,h2335.png,G:\Ai-CDD\updated_class_tb_dataset\TBX11K\imgs\health\h2335.png
4,normal,h0951.png,G:\Ai-CDD\updated_class_tb_dataset\TBX11K\imgs\health\h0951.png,normal,h2963.png,G:\Ai-CDD\updated_class_tb_dataset\TBX11K\imgs\health\h2963.png
4,normal,h0951.png,G:\Ai-CDD\updated_class_tb_dataset\TBX11K\imgs\health\h0951.png,tb,tb0684.png,G:\Ai-CDD\updated_class_tb_dataset\TBX11K\imgs\tb\tb0684.png
4,normal,h0951.png,G:\Ai-CDD\updated_class_tb_dataset\TBX11K\imgs\health\h0951.png,tb,tb0729.png,G:\Ai-CDD\updated_class_tb_dataset\TBX11K\imgs\tb\tb0729.png
4,normal,h0952.png,G:\Ai-CDD\updated_class_tb_dataset\TBX11K\imgs\health\h0952.png,tb,tb0134.png,G:\Ai-CDD\updated_class_tb_dataset\TBX11K\imgs\tb\tb0134.png
4,normal,h0958.png,G:\Ai-CDD\updated_class_tb_dataset\TBX11K\imgs\health\h0958.png,normal,h1645.png,G:\Ai-CDD\updated_class_tb_dataset\TBX11K\imgs\health\h1645.png
4,normal,h0958.png,G:\Ai-CDD\updated_class_tb_dataset\TBX11K\imgs\health\h0958.png,normal,h4194.png,G:\Ai-CDD\updated_class_tb_dataset\TBX11K\imgs\health\h4194.png
4,normal,h0960.png,G:\Ai-CDD\updated_class_tb_dataset\TBX11K\imgs\health\h0960.png,normal,h4091.png,G:\Ai-CDD\updated_class_tb_dataset\TBX11K\imgs\health\h4091.png
4,normal,h0962.png,G:\Ai-CDD\updated_class_tb_dataset\TBX11K\imgs\health\h0962.png,normal,h1944.png,G:\Ai-CDD\updated_class_tb_dataset\TBX11K\imgs\health\h1944.png
4,normal,h0962.png,G:\Ai-CDD\updated_class_tb_dataset\TBX11K\imgs\health\h0962.png,normal,h2122.png,G:\Ai-CDD\updated_class_tb_dataset\TBX11K\imgs\health\h2122.png
4,normal,h0962.png,G:\Ai-CDD\updated_class_tb_dataset\TBX11K\imgs\health\h0962.png,normal,h4074.png,G:\Ai-CDD\updated_class_tb_dataset\TBX11K\imgs\health\h4074.png
4,normal,h0965.png,G:\Ai-CDD\updated_class_tb_dataset\TBX11K\imgs\health\h0965.png,normal,h2395.png,G:\Ai-CDD\updated_class_tb_dataset\TBX11K\imgs\health\h2395.png
4,normal,h0965.png,G:\Ai-CDD\updated_class_tb_dataset\TBX11K\imgs\health\h0965.png,normal,h2593.png,G:\Ai-CDD\updated_class_tb_dataset\TBX11K\imgs\health\h2593.png
4,normal,h0965.png,G:\Ai-CDD\updated_class_tb_dataset\TBX11K\imgs\health\h0965.png,normal,h3059.png,G:\Ai-CDD\updated_class_tb_dataset\TBX11K\imgs\health\h3059.png
4,normal,h0965.png,G:\Ai-CDD\updated_class_tb_dataset\TBX11K\imgs\health\h0965.png,normal,h4788.png,G:\Ai-CDD\updated_class_tb_dataset\TBX11K\imgs\health\h4788.png
4,normal,h0965.png,G:\Ai-CDD\updated_class_tb_dataset\TBX11K\imgs\health\h0965.png,tb,tb0212.png,G:\Ai-CDD\updated_class_tb_dataset\TBX11K\imgs\tb\tb0212.png
4,normal,h0965.png,G:\Ai-CDD\updated_class_tb_dataset\TBX11K\imgs\health\h0965.png,tb,tb0739.png,G:\Ai-CDD\updated_class_tb_dataset\TBX11K\imgs\tb\tb0739.png
4,normal,h0970.png,G:\Ai-CDD\updated_class_tb_dataset\TBX11K\imgs\health\h0970.png,normal,h4818.png,G:\Ai-CDD\updated_class_tb_dataset\TBX11K\imgs\health\h4818.png
4,normal,h0972.png,G:\Ai-CDD\updated_class_tb_dataset\TBX11K\imgs\health\h0972.png,normal,h3776.png,G:\Ai-CDD\updated_class_tb_dataset\TBX11K\imgs\health\h3776.png
4,normal,h0975.png,G:\Ai-CDD\updated_class_tb_dataset\TBX11K\imgs\health\h0975.png,normal,h1060.png,G:\Ai-CDD\updated_class_tb_dataset\TBX11K\imgs\health\h1060.png
4,normal,h0975.png,G:\Ai-CDD\updated_class_tb_dataset\TBX11K\imgs\health\h0975.png,normal,h3344.png,G:\Ai-CDD\updated_class_tb_dataset\TBX11K\imgs\health\h3344.png
4,normal,h0978.png,G:\Ai-CDD\updated_class_tb_dataset\TBX11K\imgs\health\h0978.png,normal,h1656.png,G:\Ai-CDD\updated_class_tb_dataset\TBX11K\imgs\health\h1656.png
4,normal,h0985.png,G:\Ai-CDD\updated_class_tb_dataset\TBX11K\imgs\health\h0985.png,normal,h2529.png,G:\Ai-CDD\updated_class_tb_dataset\TBX11K\imgs\health\h2529.png
4,normal,h0988.png,G:\Ai-CDD\updated_class_tb_dataset\TBX11K\imgs\health\h0988.png,normal,h1637.png,G:\Ai-CDD\updated_class_tb_dataset\TBX11K\imgs\health\h1637.png
4,normal,h0988.png,G:\Ai-CDD\updated_class_tb_dataset\TBX11K\imgs\health\h0988.png,normal,h4664.png,G:\Ai-CDD\updated_class_tb_dataset\TBX11K\imgs\health\h4664.png
2,normal,h0988.png,G:\Ai-CDD\updated_class_tb_dataset\TBX11K\imgs\health\h0988.png,sick,s3115.png,G:\Ai-CDD\updated_class_tb_dataset\TBX11K\imgs\sick\s3115.png
4,normal,h0991.png,G:\Ai-CDD\updated_class_tb_dataset\TBX11K\imgs\health\h0991.png,tb,tb0824.png,G:\Ai-CDD\updated_class_tb_dataset\TBX11K\imgs\tb\tb0824.png
4,normal,h0993.png,G:\Ai-CDD\updated_class_tb_dataset\TBX11K\imgs\health\h0993.png,normal,h1862.png,G:\Ai-CDD\updated_class_tb_dataset\TBX11K\imgs\health\h1862.png
4,normal,h0993.png,G:\Ai-CDD\updated_class_tb_dataset\TBX11K\imgs\health\h0993.png,normal,h2531.png,G:\Ai-CDD\updated_class_tb_dataset\TBX11K\imgs\health\h2531.png
4,normal,h0993.png,G:\Ai-CDD\updated_class_tb_dataset\TBX11K\imgs\health\h0993.png,normal,h3035.png,G:\Ai-CDD\updated_class_tb_dataset\TBX11K\imgs\health\h3035.png
4,normal,h0993.png,G:\Ai-CDD\updated_class_tb_dataset\TBX11K\imgs\health\h0993.png,normal,h3383.png,G:\Ai-CDD\updated_class_tb_dataset\TBX11K\imgs\health\h3383.png
4,normal,h0993.png,G:\Ai-CDD\updated_class_tb_dataset\TBX11K\imgs\health\h0993.png,normal,h3742.png,G:\Ai-CDD\updated_class_tb_dataset\TBX11K\imgs\health\h3742.png
4,normal,h0993.png,G:\Ai-CDD\updated_class_tb_dataset\TBX11K\imgs\health\h0993.png,normal,h4432.png,G:\Ai-CDD\updated_class_tb_dataset\TBX11K\imgs\health\h4432.png
4,normal,h0993.png,G:\Ai-CDD\updated_class_tb_dataset\TBX11K\imgs\health\h0993.png,normal,h4526.png,G:\Ai-CDD\updated_class_tb_dataset\TBX11K\imgs\health\h4526.png
4,normal,h0995.png,G:\Ai-CDD\updated_class_tb_dataset\TBX11K\imgs\health\h0995.png,normal,h1954.png,G:\Ai-CDD\updated_class_tb_dataset\TBX11K\imgs\health\h1954.png
4,normal,h0995.png,G:\Ai-CDD\updated_class_tb_dataset\TBX11K\imgs\health\h0995.png,normal,h2520.png,G:\Ai-CDD\updated_class_tb_dataset\TBX11K\imgs\health\h2520.png
4,normal,h0995.png,G:\Ai-CDD\updated_class_tb_dataset\TBX11K\imgs\health\h0995.png,normal,h3712.png,G:\Ai-CDD\updated_class_tb_dataset\TBX11K\imgs\health\h3712.png
4,normal,h0995.png,G:\Ai-CDD\updated_class_tb_dataset\TBX11K\imgs\health\h0995.png,normal,h4239.png,G:\Ai-CDD\updated_class_tb_dataset\TBX11K\imgs\health\h4239.png
4,normal,h0995.png,G:\Ai-CDD\updated_class_tb_dataset\TBX11K\imgs\health\h0995.png,normal,h4848.png,G:\Ai-CDD\updated_class_tb_dataset\TBX11K\imgs\health\h4848.png
4,normal,h0995.png,G:\Ai-CDD\updated_class_tb_dataset\TBX11K\imgs\health\h0995.png,sick,s1719.png,G:\Ai-CDD\updated_class_tb_dataset\TBX11K\imgs\sick\s1719.png
4,normal,h0995.png,G:\Ai-CDD\updated_class_tb_dataset\TBX11K\imgs\health\h0995.png,tb,tb0050.png,G:\Ai-CDD\updated_class_tb_dataset\TBX11K\imgs\tb\tb0050.png
4,normal,h1003.png,G:\Ai-CDD\updated_class_tb_dataset\TBX11K\imgs\health\h1003.png,normal,h4437.png,G:\Ai-CDD\updated_class_tb_dataset\TBX11K\imgs\health\h4437.png
4,normal,h1004.png,G:\Ai-CDD\updated_class_tb_dataset\TBX11K\imgs\health\h1004.png,normal,h2068.png,G:\Ai-CDD\updated_class_tb_dataset\TBX11K\imgs\health\h2068.png
4,normal,h1004.png,G:\Ai-CDD\updated_class_tb_dataset\TBX11K\imgs\health\h1004.png,normal,h2263.png,G:\Ai-CDD\updated_class_tb_dataset\TBX11K\imgs\health\h2263.png
4,normal,h1004.png,G:\Ai-CDD\updated_class_tb_dataset\TBX11K\imgs\health\h1004.png,normal,h3797.png,G:\Ai-CDD\updated_class_tb_dataset\TBX11K\imgs\health\h3797.png
4,normal,h1004.png,G:\Ai-CDD\updated_class_tb_dataset\TBX11K\imgs\health\h1004.png,normal,h4979.png,G:\Ai-CDD\updated_class_tb_dataset\TBX11K\imgs\health\h4979.png
4,normal,h1006.png,G:\Ai-CDD\updated_class_tb_dataset\TBX11K\imgs\health\h1006.png,normal,h1754.png,G:\Ai-CDD\updated_class_tb_dataset\TBX11K\imgs\health\h1754.png
4,normal,h1006.png,G:\Ai-CDD\updated_class_tb_dataset\TBX11K\imgs\health\h1006.png,normal,h3063.png,G:\Ai-CDD\updated_class_tb_dataset\TBX11K\imgs\health\h3063.png
4,normal,h1006.png,G:\Ai-CDD\updated_class_tb_dataset\TBX11K\imgs\health\h1006.png,sick,s0786.png,G:\Ai-CDD\updated_class_tb_dataset\TBX11K\imgs\sick\s0786.png
4,normal,h1006.png,G:\Ai-CDD\updated_class_tb_dataset\TBX11K\imgs\health\h1006.png,tb,tb1079.png,G:\Ai-CDD\updated_class_tb_dataset\TBX11K\imgs\tb\tb1079.png
4,normal,h1009.png,G:\Ai-CDD\updated_class_tb_dataset\TBX11K\imgs\health\h1009.png,normal,h3715.png,G:\Ai-CDD\updated_class_tb_dataset\TBX11K\imgs\health\h3715.png
4,normal,h1011.png,G:\Ai-CDD\updated_class_tb_dataset\TBX11K\imgs\health\h1011.png,normal,h3916.png,G:\Ai-CDD\updated_class_tb_dataset\TBX11K\imgs\health\h3916.png
4,normal,h1015.png,G:\Ai-CDD\updated_class_tb_dataset\TBX11K\imgs\health\h1015.png,normal,h1488.png,G:\Ai-CDD\updated_class_tb_dataset\TBX11K\imgs\health\h1488.png
4,normal,h1015.png,G:\Ai-CDD\updated_class_tb_dataset\TBX11K\imgs\health\h1015.png,normal,h1928.png,G:\Ai-CDD\updated_class_tb_dataset\TBX11K\imgs\health\h1928.png
4,normal,h1017.png,G:\Ai-CDD\updated_class_tb_dataset\TBX11K\imgs\health\h1017.png,normal,h2328.png,G:\Ai-CDD\updated_class_tb_dataset\TBX11K\imgs\health\h2328.png
4,normal,h1026.png,G:\Ai-CDD\updated_class_tb_dataset\TBX11K\imgs\health\h1026.png,normal,h1364.png,G:\Ai-CDD\updated_class_tb_dataset\TBX11K\imgs\health\h1364.png
4,normal,h1032.png,G:\Ai-CDD\updated_class_tb_dataset\TBX11K\imgs\health\h1032.png,normal,h4221.png,G:\Ai-CDD\updated_class_tb_dataset\TBX11K\imgs\health\h4221.png
4,normal,h1034.png,G:\Ai-CDD\updated_class_tb_dataset\TBX11K\imgs\health\h1034.png,normal,h3354.png,G:\Ai-CDD\updated_class_tb_dataset\TBX11K\imgs\health\h3354.png
4,normal,h1039.png,G:\Ai-CDD\updated_class_tb_dataset\TBX11K\imgs\health\h1039.png,normal,h4636.png,G:\Ai-CDD\updated_class_tb_dataset\TBX11K\imgs\health\h4636.png
4,normal,h1042.png,G:\Ai-CDD\updated_class_tb_dataset\TBX11K\imgs\health\h1042.png,normal,h2907.png,G:\Ai-CDD\updated_class_tb_dataset\TBX11K\imgs\health\h2907.png
4,normal,h1042.png,G:\Ai-CDD\updated_class_tb_dataset\TBX11K\imgs\health\h1042.png,normal,h2908.png,G:\Ai-CDD\updated_class_tb_dataset\TBX11K\imgs\health\h2908.png
4,normal,h1045.png,G:\Ai-CDD\updated_class_tb_dataset\TBX11K\imgs\health\h1045.png,normal,h1662.png,G:\Ai-CDD\updated_class_tb_dataset\TBX11K\imgs\health\h1662.png
4,normal,h1045.png,G:\Ai-CDD\updated_class_tb_dataset\TBX11K\imgs\health\h1045.png,normal,h4481.png,G:\Ai-CDD\updated_class_tb_dataset\TBX11K\imgs\health\h4481.png
2,normal,h1046.png,G:\Ai-CDD\updated_class_tb_dataset\TBX11K\imgs\health\h1046.png,normal,h3932.png,G:\Ai-CDD\updated_class_tb_dataset\TBX11K\imgs\health\h3932.png
4,normal,h1046.png,G:\Ai-CDD\updated_class_tb_dataset\TBX11K\imgs\health\h1046.png,tb,tb0558.png,G:\Ai-CDD\updated_class_tb_dataset\TBX11K\imgs\tb\tb0558.png
4,normal,h1048.png,G:\Ai-CDD\updated_class_tb_dataset\TBX11K\imgs\health\h1048.png,normal,h3932.png,G:\Ai-CDD\updated_class_tb_dataset\TBX11K\imgs\health\h3932.png
4,normal,h1048.png,G:\Ai-CDD\updated_class_tb_dataset\TBX11K\imgs\health\h1048.png,tb,tb1010.png,G:\Ai-CDD\updated_class_tb_dataset\TBX11K\imgs\tb\tb1010.png
4,normal,h1049.png,G:\Ai-CDD\updated_class_tb_dataset\TBX11K\imgs\health\h1049.png,normal,h1140.png,G:\Ai-CDD\updated_class_tb_dataset\TBX11K\imgs\health\h1140.png
4,normal,h1049.png,G:\Ai-CDD\updated_class_tb_dataset\TBX11K\imgs\health\h1049.png,normal,h4216.png,G:\Ai-CDD\updated_class_tb_dataset\TBX11K\imgs\health\h4216.png
4,normal,h1049.png,G:\Ai-CDD\updated_class_tb_dataset\TBX11K\imgs\health\h1049.png,normal,h4387.png,G:\Ai-CDD\updated_class_tb_dataset\TBX11K\imgs\health\h4387.png
2,normal,h1051.png,G:\Ai-CDD\updated_class_tb_dataset\TBX11K\imgs\health\h1051.png,normal,h1057.png,G:\Ai-CDD\updated_class_tb_dataset\TBX11K\imgs\health\h1057.png
4,normal,h1051.png,G:\Ai-CDD\updated_class_tb_dataset\TBX11K\imgs\health\h1051.png,normal,h1848.png,G:\Ai-CDD\updated_class_tb_dataset\TBX11K\imgs\health\h1848.png
4,normal,h1051.png,G:\Ai-CDD\updated_class_tb_dataset\TBX11K\imgs\health\h1051.png,normal,h2328.png,G:\Ai-CDD\updated_class_tb_dataset\TBX11K\imgs\health\h2328.png
4,normal,h1051.png,G:\Ai-CDD\updated_class_tb_dataset\TBX11K\imgs\health\h1051.png,normal,h2531.png,G:\Ai-CDD\updated_class_tb_dataset\TBX11K\imgs\health\h2531.png
4,normal,h1051.png,G:\Ai-CDD\updated_class_tb_dataset\TBX11K\imgs\health\h1051.png,normal,h2697.png,G:\Ai-CDD\updated_class_tb_dataset\TBX11K\imgs\health\h2697.png
4,normal,h1051.png,G:\Ai-CDD\updated_class_tb_dataset\TBX11K\imgs\health\h1051.png,normal,h3035.png,G:\Ai-CDD\updated_class_tb_dataset\TBX11K\imgs\health\h3035.png
4,normal,h1051.png,G:\Ai-CDD\updated_class_tb_dataset\TBX11K\imgs\health\h1051.png,normal,h3135.png,G:\Ai-CDD\updated_class_tb_dataset\TBX11K\imgs\health\h3135.png
4,normal,h1051.png,G:\Ai-CDD\updated_class_tb_dataset\TBX11K\imgs\health\h1051.png,normal,h4004.png,G:\Ai-CDD\updated_class_tb_dataset\TBX11K\imgs\health\h4004.png
4,normal,h1051.png,G:\Ai-CDD\updated_class_tb_dataset\TBX11K\imgs\health\h1051.png,normal,h4548.png,G:\Ai-CDD\updated_class_tb_dataset\TBX11K\imgs\health\h4548.png
4,normal,h1051.png,G:\Ai-CDD\updated_class_tb_dataset\TBX11K\imgs\health\h1051.png,normal,h4763.png,G:\Ai-CDD\updated_class_tb_dataset\TBX11K\imgs\health\h4763.png
4,normal,h1051.png,G:\Ai-CDD\updated_class_tb_dataset\TBX11K\imgs\health\h1051.png,sick,s1206.png,G:\Ai-CDD\updated_class_tb_dataset\TBX11K\imgs\sick\s1206.png
4,normal,h1057.png,G:\Ai-CDD\updated_class_tb_dataset\TBX11K\imgs\health\h1057.png,normal,h2423.png,G:\Ai-CDD\updated_class_tb_dataset\TBX11K\imgs\health\h2423.png
4,normal,h1057.png,G:\Ai-CDD\updated_class_tb_dataset\TBX11K\imgs\health\h1057.png,normal,h2531.png,G:\Ai-CDD\updated_class_tb_dataset\TBX11K\imgs\health\h2531.png
4,normal,h1057.png,G:\Ai-CDD\updated_class_tb_dataset\TBX11K\imgs\health\h1057.png,normal,h2697.png,G:\Ai-CDD\updated_class_tb_dataset\TBX11K\imgs\health\h2697.png
4,normal,h1057.png,G:\Ai-CDD\updated_class_tb_dataset\TBX11K\imgs\health\h1057.png,normal,h4004.png,G:\Ai-CDD\updated_class_tb_dataset\TBX11K\imgs\health\h4004.png
4,normal,h1057.png,G:\Ai-CDD\updated_class_tb_dataset\TBX11K\imgs\health\h1057.png,normal,h4455.png,G:\Ai-CDD\updated_class_tb_dataset\TBX11K\imgs\health\h4455.png
4,normal,h1057.png,G:\Ai-CDD\updated_class_tb_dataset\TBX11K\imgs\health\h1057.png,normal,h4763.png,G:\Ai-CDD\updated_class_tb_dataset\TBX11K\imgs\health\h4763.png
4,normal,h1058.png,G:\Ai-CDD\updated_class_tb_dataset\TBX11K\imgs\health\h1058.png,normal,h3030.png,G:\Ai-CDD\updated_class_tb_dataset\TBX11K\imgs\health\h3030.png
4,normal,h1058.png,G:\Ai-CDD\updated_class_tb_dataset\TBX11K\imgs\health\h1058.png,normal,h3420.png,G:\Ai-CDD\updated_class_tb_dataset\TBX11K\imgs\health\h3420.png
4,normal,h1061.png,G:\Ai-CDD\updated_class_tb_dataset\TBX11K\imgs\health\h1061.png,normal,h2314.png,G:\Ai-CDD\updated_class_tb_dataset\TBX11K\imgs\health\h2314.png
4,normal,h1063.png,G:\Ai-CDD\updated_class_tb_dataset\TBX11K\imgs\health\h1063.png,normal,h3758.png,G:\Ai-CDD\updated_class_tb_dataset\TBX11K\imgs\health\h3758.png
4,normal,h1064.png,G:\Ai-CDD\updated_class_tb_dataset\TBX11K\imgs\health\h1064.png,sick,s1448.png,G:\Ai-CDD\updated_class_tb_dataset\TBX11K\imgs\sick\s1448.png
4,normal,h1066.png,G:\Ai-CDD\updated_class_tb_dataset\TBX11K\imgs\health\h1066.png,normal,h3268.png,G:\Ai-CDD\updated_class_tb_dataset\TBX11K\imgs\health\h3268.png
4,normal,h1074.png,G:\Ai-CDD\updated_class_tb_dataset\TBX11K\imgs\health\h1074.png,normal,h3005.png,G:\Ai-CDD\updated_class_tb_dataset\TBX11K\imgs\health\h3005.png
4,normal,h1074.png,G:\Ai-CDD\updated_class_tb_dataset\TBX11K\imgs\health\h1074.png,normal,h4709.png,G:\Ai-CDD\updated_class_tb_dataset\TBX11K\imgs\health\h4709.png
4,normal,h1075.png,G:\Ai-CDD\updated_class_tb_dataset\TBX11K\imgs\health\h1075.png,normal,h2593.png,G:\Ai-CDD\updated_class_tb_dataset\TBX11K\imgs\health\h2593.png
4,normal,h1075.png,G:\Ai-CDD\updated_class_tb_dataset\TBX11K\imgs\health\h1075.png,sick,s4071.png,G:\Ai-CDD\updated_class_tb_dataset\TBX11K\imgs\sick\s4071.png
4,normal,h1077.png,G:\Ai-CDD\updated_class_tb_dataset\TBX11K\imgs\health\h1077.png,normal,h2928.png,G:\Ai-CDD\updated_class_tb_dataset\TBX11K\imgs\health\h2928.png
4,normal,h1077.png,G:\Ai-CDD\updated_class_tb_dataset\TBX11K\imgs\health\h1077.png,normal,h3350.png,G:\Ai-CDD\updated_class_tb_dataset\TBX11K\imgs\health\h3350.png
4,normal,h1077.png,G:\Ai-CDD\updated_class_tb_dataset\TBX11K\imgs\health\h1077.png,normal,h4234.png,G:\Ai-CDD\updated_class_tb_dataset\TBX11K\imgs\health\h4234.png
4,normal,h1077.png,G:\Ai-CDD\updated_class_tb_dataset\TBX11K\imgs\health\h1077.png,normal,h4871.png,G:\Ai-CDD\updated_class_tb_dataset\TBX11K\imgs\health\h4871.png
4,normal,h1077.png,G:\Ai-CDD\updated_class_tb_dataset\TBX11K\imgs\health\h1077.png,tb,tb0031.png,G:\Ai-CDD\updated_class_tb_dataset\TBX11K\imgs\tb\tb0031.png
4,normal,h1078.png,G:\Ai-CDD\updated_class_tb_dataset\TBX11K\imgs\health\h1078.png,normal,h4367.png,G:\Ai-CDD\updated_class_tb_dataset\TBX11K\imgs\health\h4367.png
4,normal,h1084.png,G:\Ai-CDD\updated_class_tb_dataset\TBX11K\imgs\health\h1084.png,tb,tb1170.png,G:\Ai-CDD\updated_class_tb_dataset\TBX11K\imgs\tb\tb1170.png
4,normal,h1087.png,G:\Ai-CDD\updated_class_tb_dataset\TBX11K\imgs\health\h1087.png,normal,h4091.png,G:\Ai-CDD\updated_class_tb_dataset\TBX11K\imgs\health\h4091.png
4,normal,h1087.png,G:\Ai-CDD\updated_class_tb_dataset\TBX11K\imgs\health\h1087.png,sick,s4309.png,G:\Ai-CDD\updated_class_tb_dataset\TBX11K\imgs\sick\s4309.png
4,normal,h1089.png,G:\Ai-CDD\updated_class_tb_dataset\TBX11K\imgs\health\h1089.png,tb,tb1099.png,G:\Ai-CDD\updated_class_tb_dataset\TBX11K\imgs\tb\tb1099.png
4,normal,h1090.png,G:\Ai-CDD\updated_class_tb_dataset\TBX11K\imgs\health\h1090.png,normal,h2427.png,G:\Ai-CDD\updated_class_tb_dataset\TBX11K\imgs\health\h2427.png
4,normal,h1090.png,G:\Ai-CDD\updated_class_tb_dataset\TBX11K\imgs\health\h1090.png,tb,tb0252.png,G:\Ai-CDD\updated_class_tb_dataset\TBX11K\imgs\tb\tb0252.png
4,normal,h1091.png,G:\Ai-CDD\updated_class_tb_dataset\TBX11K\imgs\health\h1091.png,normal,h4778.png,G:\Ai-CDD\updated_class_tb_dataset\TBX11K\imgs\health\h4778.png
4,normal,h1092.png,G:\Ai-CDD\updated_class_tb_dataset\TBX11K\imgs\health\h1092.png,normal,h2623.png,G:\Ai-CDD\updated_class_tb_dataset\TBX11K\imgs\health\h2623.png
4,normal,h1099.png,G:\Ai-CDD\updated_class_tb_dataset\TBX11K\imgs\health\h1099.png,normal,h2919.png,G:\Ai-CDD\updated_class_tb_dataset\TBX11K\imgs\health\h2919.png
2,normal,h1107.png,G:\Ai-CDD\updated_class_tb_dataset\TBX11K\imgs\health\h1107.png,normal,h4388.png,G:\Ai-CDD\updated_class_tb_dataset\TBX11K\imgs\health\h4388.png
4,normal,h1121.png,G:\Ai-CDD\updated_class_tb_dataset\TBX11K\imgs\health\h1121.png,normal,h1166.png,G:\Ai-CDD\updated_class_tb_dataset\TBX11K\imgs\health\h1166.png
4,normal,h1121.png,G:\Ai-CDD\updated_class_tb_dataset\TBX11K\imgs\health\h1121.png,normal,h1887.png,G:\Ai-CDD\updated_class_tb_dataset\TBX11K\imgs\health\h1887.png
4,normal,h1121.png,G:\Ai-CDD\updated_class_tb_dataset\TBX11K\imgs\health\h1121.png,normal,h4573.png,G:\Ai-CDD\updated_class_tb_dataset\TBX11K\imgs\health\h4573.png
4,normal,h1121.png,G:\Ai-CDD\updated_class_tb_dataset\TBX11K\imgs\health\h1121.png,sick,s3298.png,G:\Ai-CDD\updated_class_tb_dataset\TBX11K\imgs\sick\s3298.png
4,normal,h1121.png,G:\Ai-CDD\updated_class_tb_dataset\TBX11K\imgs\health\h1121.png,sick,s4503.png,G:\Ai-CDD\updated_class_tb_dataset\TBX11K\imgs\sick\s4503.png
4,normal,h1121.png,G:\Ai-CDD\updated_class_tb_dataset\TBX11K\imgs\health\h1121.png,tb,tb0084.png,G:\Ai-CDD\updated_class_tb_dataset\TBX11K\imgs\tb\tb0084.png
4,normal,h1130.png,G:\Ai-CDD\updated_class_tb_dataset\TBX11K\imgs\health\h1130.png,normal,h3605.png,G:\Ai-CDD\updated_class_tb_dataset\TBX11K\imgs\health\h3605.png
4,normal,h1130.png,G:\Ai-CDD\updated_class_tb_dataset\TBX11K\imgs\health\h1130.png,normal,h3873.png,G:\Ai-CDD\updated_class_tb_dataset\TBX11K\imgs\health\h3873.png
4,normal,h1130.png,G:\Ai-CDD\updated_class_tb_dataset\TBX11K\imgs\health\h1130.png,sick,s4983.png,G:\Ai-CDD\updated_class_tb_dataset\TBX11K\imgs\sick\s4983.png
4,normal,h1132.png,G:\Ai-CDD\updated_class_tb_dataset\TBX11K\imgs\health\h1132.png,normal,h2849.png,G:\Ai-CDD\updated_class_tb_dataset\TBX11K\imgs\health\h2849.png
4,normal,h1139.png,G:\Ai-CDD\updated_class_tb_dataset\TBX11K\imgs\health\h1139.png,sick,s1528.png,G:\Ai-CDD\updated_class_tb_dataset\TBX11K\imgs\sick\s1528.png
4,normal,h1140.png,G:\Ai-CDD\updated_class_tb_dataset\TBX11K\imgs\health\h1140.png,normal,h1244.png,G:\Ai-CDD\updated_class_tb_dataset\TBX11K\imgs\health\h1244.png
4,normal,h1151.png,G:\Ai-CDD\updated_class_tb_dataset\TBX11K\imgs\health\h1151.png,normal,h1244.png,G:\Ai-CDD\updated_class_tb_dataset\TBX11K\imgs\health\h1244.png
4,normal,h1152.png,G:\Ai-CDD\updated_class_tb_dataset\TBX11K\imgs\health\h1152.png,normal,h1875.png,G:\Ai-CDD\updated_class_tb_dataset\TBX11K\imgs\health\h1875.png
4,normal,h1152.png,G:\Ai-CDD\updated_class_tb_dataset\TBX11K\imgs\health\h1152.png,normal,h3207.png,G:\Ai-CDD\updated_class_tb_dataset\TBX11K\imgs\health\h3207.png
4,normal,h1152.png,G:\Ai-CDD\updated_class_tb_dataset\TBX11K\imgs\health\h1152.png,normal,h3583.png,G:\Ai-CDD\updated_class_tb_dataset\TBX11K\imgs\health\h3583.png
4,normal,h1152.png,G:\Ai-CDD\updated_class_tb_dataset\TBX11K\imgs\health\h1152.png,tb,tb0386.png,G:\Ai-CDD\updated_class_tb_dataset\TBX11K\imgs\tb\tb0386.png
4,normal,h1152.png,G:\Ai-CDD\updated_class_tb_dataset\TBX11K\imgs\health\h1152.png,tb,tb0405.png,G:\Ai-CDD\updated_class_tb_dataset\TBX11K\imgs\tb\tb0405.png
4,normal,h1153.png,G:\Ai-CDD\updated_class_tb_dataset\TBX11K\imgs\health\h1153.png,normal,h2876.png,G:\Ai-CDD\updated_class_tb_dataset\TBX11K\imgs\health\h2876.png
4,normal,h1154.png,G:\Ai-CDD\updated_class_tb_dataset\TBX11K\imgs\health\h1154.png,normal,h1570.png,G:\Ai-CDD\updated_class_tb_dataset\TBX11K\imgs\health\h1570.png
4,normal,h1162.png,G:\Ai-CDD\updated_class_tb_dataset\TBX11K\imgs\health\h1162.png,normal,h2277.png,G:\Ai-CDD\updated_class_tb_dataset\TBX11K\imgs\health\h2277.png
2,normal,h1166.png,G:\Ai-CDD\updated_class_tb_dataset\TBX11K\imgs\health\h1166.png,normal,h1958.png,G:\Ai-CDD\updated_class_tb_dataset\TBX11K\imgs\health\h1958.png
2,normal,h1166.png,G:\Ai-CDD\updated_class_tb_dataset\TBX11K\imgs\health\h1166.png,normal,h2286.png,G:\Ai-CDD\updated_class_tb_dataset\TBX11K\imgs\health\h2286.png
4,normal,h1171.png,G:\Ai-CDD\updated_class_tb_dataset\TBX11K\imgs\health\h1171.png,tb,tb1099.png,G:\Ai-CDD\updated_class_tb_dataset\TBX11K\imgs\tb\tb1099.png
4,normal,h1181.png,G:\Ai-CDD\updated_class_tb_dataset\TBX11K\imgs\health\h1181.png,normal,h1597.png,G:\Ai-CDD\updated_class_tb_dataset\TBX11K\imgs\health\h1597.png
4,normal,h1181.png,G:\Ai-CDD\updated_class_tb_dataset\TBX11K\imgs\health\h1181.png,normal,h2287.png,G:\Ai-CDD\updated_class_tb_dataset\TBX11K\imgs\health\h2287.png
4,normal,h1181.png,G:\Ai-CDD\updated_class_tb_dataset\TBX11K\imgs\health\h1181.png,normal,h3147.png,G:\Ai-CDD\updated_class_tb_dataset\TBX11K\imgs\health\h3147.png
4,normal,h1181.png,G:\Ai-CDD\updated_class_tb_dataset\TBX11K\imgs\health\h1181.png,normal,h3675.png,G:\Ai-CDD\updated_class_tb_dataset\TBX11K\imgs\health\h3675.png
4,normal,h1182.png,G:\Ai-CDD\updated_class_tb_dataset\TBX11K\imgs\health\h1182.png,normal,h1244.png,G:\Ai-CDD\updated_class_tb_dataset\TBX11K\imgs\health\h1244.png
4,normal,h1182.png,G:\Ai-CDD\updated_class_tb_dataset\TBX11K\imgs\health\h1182.png,normal,h2164.png,G:\Ai-CDD\updated_class_tb_dataset\TBX11K\imgs\health\h2164.png
4,normal,h1182.png,G:\Ai-CDD\updated_class_tb_dataset\TBX11K\imgs\health\h1182.png,normal,h4510.png,G:\Ai-CDD\updated_class_tb_dataset\TBX11K\imgs\health\h4510.png
4,normal,h1185.png,G:\Ai-CDD\updated_class_tb_dataset\TBX11K\imgs\health\h1185.png,normal,h1705.png,G:\Ai-CDD\updated_class_tb_dataset\TBX11K\imgs\health\h1705.png
4,normal,h1185.png,G:\Ai-CDD\updated_class_tb_dataset\TBX11K\imgs\health\h1185.png,normal,h2277.png,G:\Ai-CDD\updated_class_tb_dataset\TBX11K\imgs\health\h2277.png
4,normal,h1185.png,G:\Ai-CDD\updated_class_tb_dataset\TBX11K\imgs\health\h1185.png,normal,h4092.png,G:\Ai-CDD\updated_class_tb_dataset\TBX11K\imgs\health\h4092.png
4,normal,h1186.png,G:\Ai-CDD\updated_class_tb_dataset\TBX11K\imgs\health\h1186.png,normal,h4811.png,G:\Ai-CDD\updated_class_tb_dataset\TBX11K\imgs\health\h4811.png
4,normal,h1187.png,G:\Ai-CDD\updated_class_tb_dataset\TBX11K\imgs\health\h1187.png,normal,h4345.png,G:\Ai-CDD\updated_class_tb_dataset\TBX11K\imgs\health\h4345.png
4,normal,h1187.png,G:\Ai-CDD\updated_class_tb_dataset\TBX11K\imgs\health\h1187.png,normal,h4431.png,G:\Ai-CDD\updated_class_tb_dataset\TBX11K\imgs\health\h4431.png
4,normal,h1188.png,G:\Ai-CDD\updated_class_tb_dataset\TBX11K\imgs\health\h1188.png,normal,h4746.png,G:\Ai-CDD\updated_class_tb_dataset\TBX11K\imgs\health\h4746.png
4,normal,h1189.png,G:\Ai-CDD\updated_class_tb_dataset\TBX11K\imgs\health\h1189.png,normal,h4165.png,G:\Ai-CDD\updated_class_tb_dataset\TBX11K\imgs\health\h4165.png
4,normal,h1196.png,G:\Ai-CDD\updated_class_tb_dataset\TBX11K\imgs\health\h1196.png,normal,h4515.png,G:\Ai-CDD\updated_class_tb_dataset\TBX11K\imgs\health\h4515.png
4,normal,h1198.png,G:\Ai-CDD\updated_class_tb_dataset\TBX11K\imgs\health\h1198.png,normal,h3916.png,G:\Ai-CDD\updated_class_tb_dataset\TBX11K\imgs\health\h3916.png
4,normal,h1198.png,G:\Ai-CDD\updated_class_tb_dataset\TBX11K\imgs\health\h1198.png,normal,h4351.png,G:\Ai-CDD\updated_class_tb_dataset\TBX11K\imgs\health\h4351.png
4,normal,h1199.png,G:\Ai-CDD\updated_class_tb_dataset\TBX11K\imgs\health\h1199.png,normal,h3824.png,G:\Ai-CDD\updated_class_tb_dataset\TBX11K\imgs\health\h3824.png
4,normal,h1202.png,G:\Ai-CDD\updated_class_tb_dataset\TBX11K\imgs\health\h1202.png,normal,h1433.png,G:\Ai-CDD\updated_class_tb_dataset\TBX11K\imgs\health\h1433.png
4,normal,h1202.png,G:\Ai-CDD\updated_class_tb_dataset\TBX11K\imgs\health\h1202.png,normal,h2150.png,G:\Ai-CDD\updated_class_tb_dataset\TBX11K\imgs\health\h2150.png
4,normal,h1202.png,G:\Ai-CDD\updated_class_tb_dataset\TBX11K\imgs\health\h1202.png,normal,h2218.png,G:\Ai-CDD\updated_class_tb_dataset\TBX11K\imgs\health\h2218.png
4,normal,h1204.png,G:\Ai-CDD\updated_class_tb_dataset\TBX11K\imgs\health\h1204.png,normal,h1869.png,G:\Ai-CDD\updated_class_tb_dataset\TBX11K\imgs\health\h1869.png
4,normal,h1209.png,G:\Ai-CDD\updated_class_tb_dataset\TBX11K\imgs\health\h1209.png,normal,h1444.png,G:\Ai-CDD\updated_class_tb_dataset\TBX11K\imgs\health\h1444.png
4,normal,h1210.png,G:\Ai-CDD\updated_class_tb_dataset\TBX11K\imgs\health\h1210.png,normal,h2823.png,G:\Ai-CDD\updated_class_tb_dataset\TBX11K\imgs\health\h2823.png
4,normal,h1211.png,G:\Ai-CDD\updated_class_tb_dataset\TBX11K\imgs\health\h1211.png,sick,s0544.png,G:\Ai-CDD\updated_class_tb_dataset\TBX11K\imgs\sick\s0544.png
4,normal,h1217.png,G:\Ai-CDD\updated_class_tb_dataset\TBX11K\imgs\health\h1217.png,normal,h2654.png,G:\Ai-CDD\updated_class_tb_dataset\TBX11K\imgs\health\h2654.png
4,normal,h1217.png,G:\Ai-CDD\updated_class_tb_dataset\TBX11K\imgs\health\h1217.png,normal,h4567.png,G:\Ai-CDD\updated_class_tb_dataset\TBX11K\imgs\health\h4567.png
4,normal,h1219.png,G:\Ai-CDD\updated_class_tb_dataset\TBX11K\imgs\health\h1219.png,normal,h2215.png,G:\Ai-CDD\updated_class_tb_dataset\TBX11K\imgs\health\h2215.png
4,normal,h1219.png,G:\Ai-CDD\updated_class_tb_dataset\TBX11K\imgs\health\h1219.png,normal,h2567.png,G:\Ai-CDD\updated_class_tb_dataset\TBX11K\imgs\health\h2567.png
4,normal,h1219.png,G:\Ai-CDD\updated_class_tb_dataset\TBX11K\imgs\health\h1219.png,normal,h3528.png,G:\Ai-CDD\updated_class_tb_dataset\TBX11K\imgs\health\h3528.png
4,normal,h1219.png,G:\Ai-CDD\updated_class_tb_dataset\TBX11K\imgs\health\h1219.png,normal,h4458.png,G:\Ai-CDD\updated_class_tb_dataset\TBX11K\imgs\health\h4458.png
4,normal,h1219.png,G:\Ai-CDD\updated_class_tb_dataset\TBX11K\imgs\health\h1219.png,tb,tb0576.png,G:\Ai-CDD\updated_class_tb_dataset\TBX11K\imgs\tb\tb0576.png
4,normal,h1220.png,G:\Ai-CDD\updated_class_tb_dataset\TBX11K\imgs\health\h1220.png,normal,h2593.png,G:\Ai-CDD\updated_class_tb_dataset\TBX11K\imgs\health\h2593.png
4,normal,h1220.png,G:\Ai-CDD\updated_class_tb_dataset\TBX11K\imgs\health\h1220.png,normal,h4038.png,G:\Ai-CDD\updated_class_tb_dataset\TBX11K\imgs\health\h4038.png
4,normal,h1220.png,G:\Ai-CDD\updated_class_tb_dataset\TBX11K\imgs\health\h1220.png,normal,h4675.png,G:\Ai-CDD\updated_class_tb_dataset\TBX11K\imgs\health\h4675.png
4,normal,h1227.png,G:\Ai-CDD\updated_class_tb_dataset\TBX11K\imgs\health\h1227.png,normal,h4848.png,G:\Ai-CDD\updated_class_tb_dataset\TBX11K\imgs\health\h4848.png
4,normal,h1227.png,G:\Ai-CDD\updated_class_tb_dataset\TBX11K\imgs\health\h1227.png,normal,h4945.png,G:\Ai-CDD\updated_class_tb_dataset\TBX11K\imgs\health\h4945.png
4,normal,h1233.png,G:\Ai-CDD\updated_class_tb_dataset\TBX11K\imgs\health\h1233.png,normal,h2808.png,G:\Ai-CDD\updated_class_tb_dataset\TBX11K\imgs\health\h2808.png
4,normal,h1236.png,G:\Ai-CDD\updated_class_tb_dataset\TBX11K\imgs\health\h1236.png,sick,s0681.png,G:\Ai-CDD\updated_class_tb_dataset\TBX11K\imgs\sick\s0681.png
4,normal,h1244.png,G:\Ai-CDD\updated_class_tb_dataset\TBX11K\imgs\health\h1244.png,normal,h1705.png,G:\Ai-CDD\updated_class_tb_dataset\TBX11K\imgs\health\h1705.png
4,normal,h1244.png,G:\Ai-CDD\updated_class_tb_dataset\TBX11K\imgs\health\h1244.png,normal,h1895.png,G:\Ai-CDD\updated_class_tb_dataset\TBX11K\imgs\health\h1895.png
4,normal,h1244.png,G:\Ai-CDD\updated_class_tb_dataset\TBX11K\imgs\health\h1244.png,normal,h1910.png,G:\Ai-CDD\updated_class_tb_dataset\TBX11K\imgs\health\h1910.png
4,normal,h1244.png,G:\Ai-CDD\updated_class_tb_dataset\TBX11K\imgs\health\h1244.png,normal,h2068.png,G:\Ai-CDD\updated_class_tb_dataset\TBX11K\imgs\health\h2068.png
4,normal,h1244.png,G:\Ai-CDD\updated_class_tb_dataset\TBX11K\imgs\health\h1244.png,normal,h2081.png,G:\Ai-CDD\updated_class_tb_dataset\TBX11K\imgs\health\h2081.png
4,normal,h1244.png,G:\Ai-CDD\updated_class_tb_dataset\TBX11K\imgs\health\h1244.png,normal,h2164.png,G:\Ai-CDD\updated_class_tb_dataset\TBX11K\imgs\health\h2164.png
4,normal,h1244.png,G:\Ai-CDD\updated_class_tb_dataset\TBX11K\imgs\health\h1244.png,normal,h2404.png,G:\Ai-CDD\updated_class_tb_dataset\TBX11K\imgs\health\h2404.png
4,normal,h1244.png,G:\Ai-CDD\updated_class_tb_dataset\TBX11K\imgs\health\h1244.png,normal,h3059.png,G:\Ai-CDD\updated_class_tb_dataset\TBX11K\imgs\health\h3059.png
4,normal,h1244.png,G:\Ai-CDD\updated_class_tb_dataset\TBX11K\imgs\health\h1244.png,normal,h3620.png,G:\Ai-CDD\updated_class_tb_dataset\TBX11K\imgs\health\h3620.png
4,normal,h1244.png,G:\Ai-CDD\updated_class_tb_dataset\TBX11K\imgs\health\h1244.png,normal,h4041.png,G:\Ai-CDD\updated_class_tb_dataset\TBX11K\imgs\health\h4041.png
4,normal,h1244.png,G:\Ai-CDD\updated_class_tb_dataset\TBX11K\imgs\health\h1244.png,normal,h4387.png,G:\Ai-CDD\updated_class_tb_dataset\TBX11K\imgs\health\h4387.png
4,normal,h1244.png,G:\Ai-CDD\updated_class_tb_dataset\TBX11K\imgs\health\h1244.png,normal,h4510.png,G:\Ai-CDD\updated_class_tb_dataset\TBX11K\imgs\health\h4510.png
4,normal,h1244.png,G:\Ai-CDD\updated_class_tb_dataset\TBX11K\imgs\health\h1244.png,tb,tb0739.png,G:\Ai-CDD\updated_class_tb_dataset\TBX11K\imgs\tb\tb0739.png
4,normal,h1250.png,G:\Ai-CDD\updated_class_tb_dataset\TBX11K\imgs\health\h1250.png,normal,h1621.png,G:\Ai-CDD\updated_class_tb_dataset\TBX11K\imgs\health\h1621.png
4,normal,h1252.png,G:\Ai-CDD\updated_class_tb_dataset\TBX11K\imgs\health\h1252.png,normal,h1982.png,G:\Ai-CDD\updated_class_tb_dataset\TBX11K\imgs\health\h1982.png
4,normal,h1252.png,G:\Ai-CDD\updated_class_tb_dataset\TBX11K\imgs\health\h1252.png,normal,h3482.png,G:\Ai-CDD\updated_class_tb_dataset\TBX11K\imgs\health\h3482.png
4,normal,h1252.png,G:\Ai-CDD\updated_class_tb_dataset\TBX11K\imgs\health\h1252.png,sick,s4346.png,G:\Ai-CDD\updated_class_tb_dataset\TBX11K\imgs\sick\s4346.png
4,normal,h1255.png,G:\Ai-CDD\updated_class_tb_dataset\TBX11K\imgs\health\h1255.png,normal,h3035.png,G:\Ai-CDD\updated_class_tb_dataset\TBX11K\imgs\health\h3035.png
4,normal,h1255.png,G:\Ai-CDD\updated_class_tb_dataset\TBX11K\imgs\health\h1255.png,normal,h4383.png,G:\Ai-CDD\updated_class_tb_dataset\TBX11K\imgs\health\h4383.png
4,normal,h1255.png,G:\Ai-CDD\updated_class_tb_dataset\TBX11K\imgs\health\h1255.png,normal,h4530.png,G:\Ai-CDD\updated_class_tb_dataset\TBX11K\imgs\health\h4530.png
4,normal,h1256.png,G:\Ai-CDD\updated_class_tb_dataset\TBX11K\imgs\health\h1256.png,normal,h3215.png,G:\Ai-CDD\updated_class_tb_dataset\TBX11K\imgs\health\h3215.png
4,normal,h1257.png,G:\Ai-CDD\updated_class_tb_dataset\TBX11K\imgs\health\h1257.png,normal,h4246.png,G:\Ai-CDD\updated_class_tb_dataset\TBX11K\imgs\health\h4246.png
4,normal,h1259.png,G:\Ai-CDD\updated_class_tb_dataset\TBX11K\imgs\health\h1259.png,normal,h1675.png,G:\Ai-CDD\updated_class_tb_dataset\TBX11K\imgs\health\h1675.png
4,normal,h1259.png,G:\Ai-CDD\updated_class_tb_dataset\TBX11K\imgs\health\h1259.png,normal,h3344.png,G:\Ai-CDD\updated_class_tb_dataset\TBX11K\imgs\health\h3344.png
2,normal,h1262.png,G:\Ai-CDD\updated_class_tb_dataset\TBX11K\imgs\health\h1262.png,normal,h1902.png,G:\Ai-CDD\updated_class_tb_dataset\TBX11K\imgs\health\h1902.png
4,normal,h1262.png,G:\Ai-CDD\updated_class_tb_dataset\TBX11K\imgs\health\h1262.png,sick,s2449.png,G:\Ai-CDD\updated_class_tb_dataset\TBX11K\imgs\sick\s2449.png
4,normal,h1263.png,G:\Ai-CDD\updated_class_tb_dataset\TBX11K\imgs\health\h1263.png,normal,h1511.png,G:\Ai-CDD\updated_class_tb_dataset\TBX11K\imgs\health\h1511.png
4,normal,h1263.png,G:\Ai-CDD\updated_class_tb_dataset\TBX11K\imgs\health\h1263.png,normal,h3495.png,G:\Ai-CDD\updated_class_tb_dataset\TBX11K\imgs\health\h3495.png
4,normal,h1263.png,G:\Ai-CDD\updated_class_tb_dataset\TBX11K\imgs\health\h1263.png,sick,s4062.png,G:\Ai-CDD\updated_class_tb_dataset\TBX11K\imgs\sick\s4062.png
4,normal,h1270.png,G:\Ai-CDD\updated_class_tb_dataset\TBX11K\imgs\health\h1270.png,normal,h1459.png,G:\Ai-CDD\updated_class_tb_dataset\TBX11K\imgs\health\h1459.png
2,normal,h1270.png,G:\Ai-CDD\updated_class_tb_dataset\TBX11K\imgs\health\h1270.png,normal,h3768.png,G:\Ai-CDD\updated_class_tb_dataset\TBX11K\imgs\health\h3768.png
4,normal,h1270.png,G:\Ai-CDD\updated_class_tb_dataset\TBX11K\imgs\health\h1270.png,normal,h4291.png,G:\Ai-CDD\updated_class_tb_dataset\TBX11K\imgs\health\h4291.png
4,normal,h1270.png,G:\Ai-CDD\updated_class_tb_dataset\TBX11K\imgs\health\h1270.png,normal,h4613.png,G:\Ai-CDD\updated_class_tb_dataset\TBX11K\imgs\health\h4613.png
4,normal,h1272.png,G:\Ai-CDD\updated_class_tb_dataset\TBX11K\imgs\health\h1272.png,normal,h3303.png,G:\Ai-CDD\updated_class_tb_dataset\TBX11K\imgs\health\h3303.png
4,normal,h1274.png,G:\Ai-CDD\updated_class_tb_dataset\TBX11K\imgs\health\h1274.png,normal,h3862.png,G:\Ai-CDD\updated_class_tb_dataset\TBX11K\imgs\health\h3862.png
4,normal,h1281.png,G:\Ai-CDD\updated_class_tb_dataset\TBX11K\imgs\health\h1281.png,normal,h1360.png,G:\Ai-CDD\updated_class_tb_dataset\TBX11K\imgs\health\h1360.png
4,normal,h1281.png,G:\Ai-CDD\updated_class_tb_dataset\TBX11K\imgs\health\h1281.png,normal,h3331.png,G:\Ai-CDD\updated_class_tb_dataset\TBX11K\imgs\health\h3331.png
4,normal,h1281.png,G:\Ai-CDD\updated_class_tb_dataset\TBX11K\imgs\health\h1281.png,sick,s1423.png,G:\Ai-CDD\updated_class_tb_dataset\TBX11K\imgs\sick\s1423.png
2,normal,h1283.png,G:\Ai-CDD\updated_class_tb_dataset\TBX11K\imgs\health\h1283.png,tb,tb0141.png,G:\Ai-CDD\updated_class_tb_dataset\TBX11K\imgs\tb\tb0141.png
4,normal,h1286.png,G:\Ai-CDD\updated_class_tb_dataset\TBX11K\imgs\health\h1286.png,normal,h2514.png,G:\Ai-CDD\updated_class_tb_dataset\TBX11K\imgs\health\h2514.png
4,normal,h1301.png,G:\Ai-CDD\updated_class_tb_dataset\TBX11K\imgs\health\h1301.png,sick,s2218.png,G:\Ai-CDD\updated_class_tb_dataset\TBX11K\imgs\sick\s2218.png
4,normal,h1304.png,G:\Ai-CDD\updated_class_tb_dataset\TBX11K\imgs\health\h1304.png,normal,h3131.png,G:\Ai-CDD\updated_class_tb_dataset\TBX11K\imgs\health\h3131.png
4,normal,h1307.png,G:\Ai-CDD\updated_class_tb_dataset\TBX11K\imgs\health\h1307.png,tb,tb0766.png,G:\Ai-CDD\updated_class_tb_dataset\TBX11K\imgs\tb\tb0766.png
4,normal,h1309.png,G:\Ai-CDD\updated_class_tb_dataset\TBX11K\imgs\health\h1309.png,normal,h2216.png,G:\Ai-CDD\updated_class_tb_dataset\TBX11K\imgs\health\h2216.png
4,normal,h1314.png,G:\Ai-CDD\updated_class_tb_dataset\TBX11K\imgs\health\h1314.png,normal,h1360.png,G:\Ai-CDD\updated_class_tb_dataset\TBX11K\imgs\health\h1360.png
4,normal,h1314.png,G:\Ai-CDD\updated_class_tb_dataset\TBX11K\imgs\health\h1314.png,normal,h1992.png,G:\Ai-CDD\updated_class_tb_dataset\TBX11K\imgs\health\h1992.png
2,normal,h1314.png,G:\Ai-CDD\updated_class_tb_dataset\TBX11K\imgs\health\h1314.png,normal,h3331.png,G:\Ai-CDD\updated_class_tb_dataset\TBX11K\imgs\health\h3331.png
4,normal,h1314.png,G:\Ai-CDD\updated_class_tb_dataset\TBX11K\imgs\health\h1314.png,normal,h4183.png,G:\Ai-CDD\updated_class_tb_dataset\TBX11K\imgs\health\h4183.png
4,normal,h1314.png,G:\Ai-CDD\updated_class_tb_dataset\TBX11K\imgs\health\h1314.png,tb,tb0355.png,G:\Ai-CDD\updated_class_tb_dataset\TBX11K\imgs\tb\tb0355.png
4,normal,h1315.png,G:\Ai-CDD\updated_class_tb_dataset\TBX11K\imgs\health\h1315.png,normal,h4019.png,G:\Ai-CDD\updated_class_tb_dataset\TBX11K\imgs\health\h4019.png
4,normal,h1317.png,G:\Ai-CDD\updated_class_tb_dataset\TBX11K\imgs\health\h1317.png,normal,h2526.png,G:\Ai-CDD\updated_class_tb_dataset\TBX11K\imgs\health\h2526.png
4,normal,h1317.png,G:\Ai-CDD\updated_class_tb_dataset\TBX11K\imgs\health\h1317.png,normal,h2662.png,G:\Ai-CDD\updated_class_tb_dataset\TBX11K\imgs\health\h2662.png
4,normal,h1317.png,G:\Ai-CDD\updated_class_tb_dataset\TBX11K\imgs\health\h1317.png,normal,h3034.png,G:\Ai-CDD\updated_class_tb_dataset\TBX11K\imgs\health\h3034.png
4,normal,h1317.png,G:\Ai-CDD\updated_class_tb_dataset\TBX11K\imgs\health\h1317.png,normal,h3797.png,G:\Ai-CDD\updated_class_tb_dataset\TBX11K\imgs\health\h3797.png
4,normal,h1317.png,G:\Ai-CDD\updated_class_tb_dataset\TBX11K\imgs\health\h1317.png,normal,h4356.png,G:\Ai-CDD\updated_class_tb_dataset\TBX11K\imgs\health\h4356.png
2,normal,h1317.png,G:\Ai-CDD\updated_class_tb_dataset\TBX11K\imgs\health\h1317.png,normal,h4750.png,G:\Ai-CDD\updated_class_tb_dataset\TBX11K\imgs\health\h4750.png
4,normal,h1317.png,G:\Ai-CDD\updated_class_tb_dataset\TBX11K\imgs\health\h1317.png,sick,s1719.png,G:\Ai-CDD\updated_class_tb_dataset\TBX11K\imgs\sick\s1719.png
4,normal,h1320.png,G:\Ai-CDD\updated_class_tb_dataset\TBX11K\imgs\health\h1320.png,normal,h2177.png,G:\Ai-CDD\updated_class_tb_dataset\TBX11K\imgs\health\h2177.png
4,normal,h1320.png,G:\Ai-CDD\updated_class_tb_dataset\TBX11K\imgs\health\h1320.png,normal,h3859.png,G:\Ai-CDD\updated_class_tb_dataset\TBX11K\imgs\health\h3859.png
4,normal,h1334.png,G:\Ai-CDD\updated_class_tb_dataset\TBX11K\imgs\health\h1334.png,normal,h4908.png,G:\Ai-CDD\updated_class_tb_dataset\TBX11K\imgs\health\h4908.png
4,normal,h1340.png,G:\Ai-CDD\updated_class_tb_dataset\TBX11K\imgs\health\h1340.png,normal,h2176.png,G:\Ai-CDD\updated_class_tb_dataset\TBX11K\imgs\health\h2176.png
4,normal,h1340.png,G:\Ai-CDD\updated_class_tb_dataset\TBX11K\imgs\health\h1340.png,normal,h3751.png,G:\Ai-CDD\updated_class_tb_dataset\TBX11K\imgs\health\h3751.png
4,normal,h1343.png,G:\Ai-CDD\updated_class_tb_dataset\TBX11K\imgs\health\h1343.png,normal,h3735.png,G:\Ai-CDD\updated_class_tb_dataset\TBX11K\imgs\health\h3735.png
4,normal,h1343.png,G:\Ai-CDD\updated_class_tb_dataset\TBX11K\imgs\health\h1343.png,normal,h3967.png,G:\Ai-CDD\updated_class_tb_dataset\TBX11K\imgs\health\h3967.png
4,normal,h1348.png,G:\Ai-CDD\updated_class_tb_dataset\TBX11K\imgs\health\h1348.png,normal,h2474.png,G:\Ai-CDD\updated_class_tb_dataset\TBX11K\imgs\health\h2474.png
4,normal,h1354.png,G:\Ai-CDD\updated_class_tb_dataset\TBX11K\imgs\health\h1354.png,normal,h1781.png,G:\Ai-CDD\updated_class_tb_dataset\TBX11K\imgs\health\h1781.png
4,normal,h1354.png,G:\Ai-CDD\updated_class_tb_dataset\TBX11K\imgs\health\h1354.png,normal,h2068.png,G:\Ai-CDD\updated_class_tb_dataset\TBX11K\imgs\health\h2068.png
4,normal,h1354.png,G:\Ai-CDD\updated_class_tb_dataset\TBX11K\imgs\health\h1354.png,normal,h3294.png,G:\Ai-CDD\updated_class_tb_dataset\TBX11K\imgs\health\h3294.png
2,normal,h1354.png,G:\Ai-CDD\updated_class_tb_dataset\TBX11K\imgs\health\h1354.png,normal,h4092.png,G:\Ai-CDD\updated_class_tb_dataset\TBX11K\imgs\health\h4092.png
4,normal,h1354.png,G:\Ai-CDD\updated_class_tb_dataset\TBX11K\imgs\health\h1354.png,normal,h4273.png,G:\Ai-CDD\updated_class_tb_dataset\TBX11K\imgs\health\h4273.png
4,normal,h1354.png,G:\Ai-CDD\updated_class_tb_dataset\TBX11K\imgs\health\h1354.png,normal,h4979.png,G:\Ai-CDD\updated_class_tb_dataset\TBX11K\imgs\health\h4979.png
4,normal,h1358.png,G:\Ai-CDD\updated_class_tb_dataset\TBX11K\imgs\health\h1358.png,normal,h2662.png,G:\Ai-CDD\updated_class_tb_dataset\TBX11K\imgs\health\h2662.png
4,normal,h1358.png,G:\Ai-CDD\updated_class_tb_dataset\TBX11K\imgs\health\h1358.png,normal,h2801.png,G:\Ai-CDD\updated_class_tb_dataset\TBX11K\imgs\health\h2801.png
4,normal,h1358.png,G:\Ai-CDD\updated_class_tb_dataset\TBX11K\imgs\health\h1358.png,normal,h4958.png,G:\Ai-CDD\updated_class_tb_dataset\TBX11K\imgs\health\h4958.png
4,normal,h1358.png,G:\Ai-CDD\updated_class_tb_dataset\TBX11K\imgs\health\h1358.png,sick,s2777.png,G:\Ai-CDD\updated_class_tb_dataset\TBX11K\imgs\sick\s2777.png
4,normal,h1358.png,G:\Ai-CDD\updated_class_tb_dataset\TBX11K\imgs\health\h1358.png,tb,tb0031.png,G:\Ai-CDD\updated_class_tb_dataset\TBX11K\imgs\tb\tb0031.png
4,normal,h1359.png,G:\Ai-CDD\updated_class_tb_dataset\TBX11K\imgs\health\h1359.png,normal,h4371.png,G:\Ai-CDD\updated_class_tb_dataset\TBX11K\imgs\health\h4371.png
4,normal,h1359.png,G:\Ai-CDD\updated_class_tb_dataset\TBX11K\imgs\health\h1359.png,normal,h4647.png,G:\Ai-CDD\updated_class_tb_dataset\TBX11K\imgs\health\h4647.png
4,normal,h1359.png,G:\Ai-CDD\updated_class_tb_dataset\TBX11K\imgs\health\h1359.png,normal,h4965.png,G:\Ai-CDD\updated_class_tb_dataset\TBX11K\imgs\health\h4965.png
4,normal,h1360.png,G:\Ai-CDD\updated_class_tb_dataset\TBX11K\imgs\health\h1360.png,normal,h2908.png,G:\Ai-CDD\updated_class_tb_dataset\TBX11K\imgs\health\h2908.png
4,normal,h1360.png,G:\Ai-CDD\updated_class_tb_dataset\TBX11K\imgs\health\h1360.png,normal,h4074.png,G:\Ai-CDD\updated_class_tb_dataset\TBX11K\imgs\health\h4074.png
4,normal,h1360.png,G:\Ai-CDD\updated_class_tb_dataset\TBX11K\imgs\health\h1360.png,normal,h4183.png,G:\Ai-CDD\updated_class_tb_dataset\TBX11K\imgs\health\h4183.png
4,normal,h1363.png,G:\Ai-CDD\updated_class_tb_dataset\TBX11K\imgs\health\h1363.png,normal,h3849.png,G:\Ai-CDD\updated_class_tb_dataset\TBX11K\imgs\health\h3849.png
4,normal,h1363.png,G:\Ai-CDD\updated_class_tb_dataset\TBX11K\imgs\health\h1363.png,normal,h4416.png,G:\Ai-CDD\updated_class_tb_dataset\TBX11K\imgs\health\h4416.png
4,normal,h1363.png,G:\Ai-CDD\updated_class_tb_dataset\TBX11K\imgs\health\h1363.png,normal,h4694.png,G:\Ai-CDD\updated_class_tb_dataset\TBX11K\imgs\health\h4694.png
2,normal,h1363.png,G:\Ai-CDD\updated_class_tb_dataset\TBX11K\imgs\health\h1363.png,normal,h4960.png,G:\Ai-CDD\updated_class_tb_dataset\TBX11K\imgs\health\h4960.png
4,normal,h1365.png,G:\Ai-CDD\updated_class_tb_dataset\TBX11K\imgs\health\h1365.png,sick,s3027.png,G:\Ai-CDD\updated_class_tb_dataset\TBX11K\imgs\sick\s3027.png
4,normal,h1366.png,G:\Ai-CDD\updated_class_tb_dataset\TBX11K\imgs\health\h1366.png,normal,h2228.png,G:\Ai-CDD\updated_class_tb_dataset\TBX11K\imgs\health\h2228.png
4,normal,h1366.png,G:\Ai-CDD\updated_class_tb_dataset\TBX11K\imgs\health\h1366.png,normal,h2401.png,G:\Ai-CDD\updated_class_tb_dataset\TBX11K\imgs\health\h2401.png
4,normal,h1366.png,G:\Ai-CDD\updated_class_tb_dataset\TBX11K\imgs\health\h1366.png,normal,h2491.png,G:\Ai-CDD\updated_class_tb_dataset\TBX11K\imgs\health\h2491.png
4,normal,h1366.png,G:\Ai-CDD\updated_class_tb_dataset\TBX11K\imgs\health\h1366.png,normal,h3808.png,G:\Ai-CDD\updated_class_tb_dataset\TBX11K\imgs\health\h3808.png
4,normal,h1368.png,G:\Ai-CDD\updated_class_tb_dataset\TBX11K\imgs\health\h1368.png,normal,h2466.png,G:\Ai-CDD\updated_class_tb_dataset\TBX11K\imgs\health\h2466.png
4,normal,h1383.png,G:\Ai-CDD\updated_class_tb_dataset\TBX11K\imgs\health\h1383.png,normal,h2221.png,G:\Ai-CDD\updated_class_tb_dataset\TBX11K\imgs\health\h2221.png
4,normal,h1384.png,G:\Ai-CDD\updated_class_tb_dataset\TBX11K\imgs\health\h1384.png,normal,h3710.png,G:\Ai-CDD\updated_class_tb_dataset\TBX11K\imgs\health\h3710.png
4,normal,h1385.png,G:\Ai-CDD\updated_class_tb_dataset\TBX11K\imgs\health\h1385.png,normal,h1645.png,G:\Ai-CDD\updated_class_tb_dataset\TBX11K\imgs\health\h1645.png
4,normal,h1385.png,G:\Ai-CDD\updated_class_tb_dataset\TBX11K\imgs\health\h1385.png,normal,h3983.png,G:\Ai-CDD\updated_class_tb_dataset\TBX11K\imgs\health\h3983.png
4,normal,h1385.png,G:\Ai-CDD\updated_class_tb_dataset\TBX11K\imgs\health\h1385.png,normal,h4652.png,G:\Ai-CDD\updated_class_tb_dataset\TBX11K\imgs\health\h4652.png
4,normal,h1385.png,G:\Ai-CDD\updated_class_tb_dataset\TBX11K\imgs\health\h1385.png,normal,h4933.png,G:\Ai-CDD\updated_class_tb_dataset\TBX11K\imgs\health\h4933.png
4,normal,h1389.png,G:\Ai-CDD\updated_class_tb_dataset\TBX11K\imgs\health\h1389.png,sick,s1619.png,G:\Ai-CDD\updated_class_tb_dataset\TBX11K\imgs\sick\s1619.png
4,normal,h1395.png,G:\Ai-CDD\updated_class_tb_dataset\TBX11K\imgs\health\h1395.png,tb,tb0595.png,G:\Ai-CDD\updated_class_tb_dataset\TBX11K\imgs\tb\tb0595.png
4,normal,h1400.png,G:\Ai-CDD\updated_class_tb_dataset\TBX11K\imgs\health\h1400.png,normal,h3916.png,G:\Ai-CDD\updated_class_tb_dataset\TBX11K\imgs\health\h3916.png
4,normal,h1400.png,G:\Ai-CDD\updated_class_tb_dataset\TBX11K\imgs\health\h1400.png,normal,h4344.png,G:\Ai-CDD\updated_class_tb_dataset\TBX11K\imgs\health\h4344.png
4,normal,h1400.png,G:\Ai-CDD\updated_class_tb_dataset\TBX11K\imgs\health\h1400.png,normal,h4436.png,G:\Ai-CDD\updated_class_tb_dataset\TBX11K\imgs\health\h4436.png
4,normal,h1404.png,G:\Ai-CDD\updated_class_tb_dataset\TBX11K\imgs\health\h1404.png,normal,h1616.png,G:\Ai-CDD\updated_class_tb_dataset\TBX11K\imgs\health\h1616.png
4,normal,h1404.png,G:\Ai-CDD\updated_class_tb_dataset\TBX11K\imgs\health\h1404.png,normal,h1626.png,G:\Ai-CDD\updated_class_tb_dataset\TBX11K\imgs\health\h1626.png
4,normal,h1408.png,G:\Ai-CDD\updated_class_tb_dataset\TBX11K\imgs\health\h1408.png,normal,h4999.png,G:\Ai-CDD\updated_class_tb_dataset\TBX11K\imgs\health\h4999.png
4,normal,h1410.png,G:\Ai-CDD\updated_class_tb_dataset\TBX11K\imgs\health\h1410.png,normal,h3182.png,G:\Ai-CDD\updated_class_tb_dataset\TBX11K\imgs\health\h3182.png
4,normal,h1417.png,G:\Ai-CDD\updated_class_tb_dataset\TBX11K\imgs\health\h1417.png,normal,h3204.png,G:\Ai-CDD\updated_class_tb_dataset\TBX11K\imgs\health\h3204.png
4,normal,h1417.png,G:\Ai-CDD\updated_class_tb_dataset\TBX11K\imgs\health\h1417.png,normal,h4261.png,G:\Ai-CDD\updated_class_tb_dataset\TBX11K\imgs\health\h4261.png
2,normal,h1418.png,G:\Ai-CDD\updated_class_tb_dataset\TBX11K\imgs\health\h1418.png,normal,h1887.png,G:\Ai-CDD\updated_class_tb_dataset\TBX11K\imgs\health\h1887.png
4,normal,h1418.png,G:\Ai-CDD\updated_class_tb_dataset\TBX11K\imgs\health\h1418.png,normal,h2218.png,G:\Ai-CDD\updated_class_tb_dataset\TBX11K\imgs\health\h2218.png
4,normal,h1420.png,G:\Ai-CDD\updated_class_tb_dataset\TBX11K\imgs\health\h1420.png,normal,h1689.png,G:\Ai-CDD\updated_class_tb_dataset\TBX11K\imgs\health\h1689.png
4,normal,h1420.png,G:\Ai-CDD\updated_class_tb_dataset\TBX11K\imgs\health\h1420.png,normal,h4660.png,G:\Ai-CDD\updated_class_tb_dataset\TBX11K\imgs\health\h4660.png
4,normal,h1422.png,G:\Ai-CDD\updated_class_tb_dataset\TBX11K\imgs\health\h1422.png,normal,h2027.png,G:\Ai-CDD\updated_class_tb_dataset\TBX11K\imgs\health\h2027.png
4,normal,h1423.png,G:\Ai-CDD\updated_class_tb_dataset\TBX11K\imgs\health\h1423.png,normal,h4074.png,G:\Ai-CDD\updated_class_tb_dataset\TBX11K\imgs\health\h4074.png
4,normal,h1423.png,G:\Ai-CDD\updated_class_tb_dataset\TBX11K\imgs\health\h1423.png,normal,h4236.png,G:\Ai-CDD\updated_class_tb_dataset\TBX11K\imgs\health\h4236.png
4,normal,h1424.png,G:\Ai-CDD\updated_class_tb_dataset\TBX11K\imgs\health\h1424.png,normal,h3463.png,G:\Ai-CDD\updated_class_tb_dataset\TBX11K\imgs\health\h3463.png
4,normal,h1424.png,G:\Ai-CDD\updated_class_tb_dataset\TBX11K\imgs\health\h1424.png,sick,s0815.png,G:\Ai-CDD\updated_class_tb_dataset\TBX11K\imgs\sick\s0815.png
4,normal,h1424.png,G:\Ai-CDD\updated_class_tb_dataset\TBX11K\imgs\health\h1424.png,sick,s0944.png,G:\Ai-CDD\updated_class_tb_dataset\TBX11K\imgs\sick\s0944.png
4,normal,h1434.png,G:\Ai-CDD\updated_class_tb_dataset\TBX11K\imgs\health\h1434.png,normal,h2777.png,G:\Ai-CDD\updated_class_tb_dataset\TBX11K\imgs\health\h2777.png
4,normal,h1435.png,G:\Ai-CDD\updated_class_tb_dataset\TBX11K\imgs\health\h1435.png,normal,h4166.png,G:\Ai-CDD\updated_class_tb_dataset\TBX11K\imgs\health\h4166.png
4,normal,h1435.png,G:\Ai-CDD\updated_class_tb_dataset\TBX11K\imgs\health\h1435.png,sick,s0972.png,G:\Ai-CDD\updated_class_tb_dataset\TBX11K\imgs\sick\s0972.png
4,normal,h1435.png,G:\Ai-CDD\updated_class_tb_dataset\TBX11K\imgs\health\h1435.png,tb,tb1004.png,G:\Ai-CDD\updated_class_tb_dataset\TBX11K\imgs\tb\tb1004.png
4,normal,h1441.png,G:\Ai-CDD\updated_class_tb_dataset\TBX11K\imgs\health\h1441.png,normal,h2871.png,G:\Ai-CDD\updated_class_tb_dataset\TBX11K\imgs\health\h2871.png
4,normal,h1444.png,G:\Ai-CDD\updated_class_tb_dataset\TBX11K\imgs\health\h1444.png,normal,h2890.png,G:\Ai-CDD\updated_class_tb_dataset\TBX11K\imgs\health\h2890.png
4,normal,h1451.png,G:\Ai-CDD\updated_class_tb_dataset\TBX11K\imgs\health\h1451.png,normal,h2604.png,G:\Ai-CDD\updated_class_tb_dataset\TBX11K\imgs\health\h2604.png
4,normal,h1451.png,G:\Ai-CDD\updated_class_tb_dataset\TBX11K\imgs\health\h1451.png,normal,h3533.png,G:\Ai-CDD\updated_class_tb_dataset\TBX11K\imgs\health\h3533.png
4,normal,h1451.png,G:\Ai-CDD\updated_class_tb_dataset\TBX11K\imgs\health\h1451.png,normal,h4142.png,G:\Ai-CDD\updated_class_tb_dataset\TBX11K\imgs\health\h4142.png
4,normal,h1451.png,G:\Ai-CDD\updated_class_tb_dataset\TBX11K\imgs\health\h1451.png,normal,h4615.png,G:\Ai-CDD\updated_class_tb_dataset\TBX11K\imgs\health\h4615.png
4,normal,h1453.png,G:\Ai-CDD\updated_class_tb_dataset\TBX11K\imgs\health\h1453.png,normal,h4486.png,G:\Ai-CDD\updated_class_tb_dataset\TBX11K\imgs\health\h4486.png
4,normal,h1457.png,G:\Ai-CDD\updated_class_tb_dataset\TBX11K\imgs\health\h1457.png,normal,h1906.png,G:\Ai-CDD\updated_class_tb_dataset\TBX11K\imgs\health\h1906.png
4,normal,h1457.png,G:\Ai-CDD\updated_class_tb_dataset\TBX11K\imgs\health\h1457.png,normal,h3254.png,G:\Ai-CDD\updated_class_tb_dataset\TBX11K\imgs\health\h3254.png
4,normal,h1457.png,G:\Ai-CDD\updated_class_tb_dataset\TBX11K\imgs\health\h1457.png,normal,h3500.png,G:\Ai-CDD\updated_class_tb_dataset\TBX11K\imgs\health\h3500.png
4,normal,h1457.png,G:\Ai-CDD\updated_class_tb_dataset\TBX11K\imgs\health\h1457.png,normal,h4467.png,G:\Ai-CDD\updated_class_tb_dataset\TBX11K\imgs\health\h4467.png
4,normal,h1459.png,G:\Ai-CDD\updated_class_tb_dataset\TBX11K\imgs\health\h1459.png,normal,h3066.png,G:\Ai-CDD\updated_class_tb_dataset\TBX11K\imgs\health\h3066.png
4,normal,h1459.png,G:\Ai-CDD\updated_class_tb_dataset\TBX11K\imgs\health\h1459.png,normal,h3448.png,G:\Ai-CDD\updated_class_tb_dataset\TBX11K\imgs\health\h3448.png
4,normal,h1459.png,G:\Ai-CDD\updated_class_tb_dataset\TBX11K\imgs\health\h1459.png,normal,h3768.png,G:\Ai-CDD\updated_class_tb_dataset\TBX11K\imgs\health\h3768.png
4,normal,h1459.png,G:\Ai-CDD\updated_class_tb_dataset\TBX11K\imgs\health\h1459.png,normal,h4613.png,G:\Ai-CDD\updated_class_tb_dataset\TBX11K\imgs\health\h4613.png
4,normal,h1462.png,G:\Ai-CDD\updated_class_tb_dataset\TBX11K\imgs\health\h1462.png,normal,h1517.png,G:\Ai-CDD\updated_class_tb_dataset\TBX11K\imgs\health\h1517.png
4,normal,h1462.png,G:\Ai-CDD\updated_class_tb_dataset\TBX11K\imgs\health\h1462.png,normal,h4261.png,G:\Ai-CDD\updated_class_tb_dataset\TBX11K\imgs\health\h4261.png
4,normal,h1466.png,G:\Ai-CDD\updated_class_tb_dataset\TBX11K\imgs\health\h1466.png,normal,h3047.png,G:\Ai-CDD\updated_class_tb_dataset\TBX11K\imgs\health\h3047.png
4,normal,h1468.png,G:\Ai-CDD\updated_class_tb_dataset\TBX11K\imgs\health\h1468.png,normal,h2846.png,G:\Ai-CDD\updated_class_tb_dataset\TBX11K\imgs\health\h2846.png
4,normal,h1468.png,G:\Ai-CDD\updated_class_tb_dataset\TBX11K\imgs\health\h1468.png,normal,h3475.png,G:\Ai-CDD\updated_class_tb_dataset\TBX11K\imgs\health\h3475.png
4,normal,h1472.png,G:\Ai-CDD\updated_class_tb_dataset\TBX11K\imgs\health\h1472.png,normal,h3027.png,G:\Ai-CDD\updated_class_tb_dataset\TBX11K\imgs\health\h3027.png
4,normal,h1481.png,G:\Ai-CDD\updated_class_tb_dataset\TBX11K\imgs\health\h1481.png,normal,h4995.png,G:\Ai-CDD\updated_class_tb_dataset\TBX11K\imgs\health\h4995.png
4,normal,h1488.png,G:\Ai-CDD\updated_class_tb_dataset\TBX11K\imgs\health\h1488.png,normal,h2697.png,G:\Ai-CDD\updated_class_tb_dataset\TBX11K\imgs\health\h2697.png
4,normal,h1488.png,G:\Ai-CDD\updated_class_tb_dataset\TBX11K\imgs\health\h1488.png,normal,h3803.png,G:\Ai-CDD\updated_class_tb_dataset\TBX11K\imgs\health\h3803.png
4,normal,h1488.png,G:\Ai-CDD\updated_class_tb_dataset\TBX11K\imgs\health\h1488.png,normal,h4455.png,G:\Ai-CDD\updated_class_tb_dataset\TBX11K\imgs\health\h4455.png
4,normal,h1488.png,G:\Ai-CDD\updated_class_tb_dataset\TBX11K\imgs\health\h1488.png,normal,h4630.png,G:\Ai-CDD\updated_class_tb_dataset\TBX11K\imgs\health\h4630.png
4,normal,h1488.png,G:\Ai-CDD\updated_class_tb_dataset\TBX11K\imgs\health\h1488.png,normal,h4763.png,G:\Ai-CDD\updated_class_tb_dataset\TBX11K\imgs\health\h4763.png
2,normal,h1503.png,G:\Ai-CDD\updated_class_tb_dataset\TBX11K\imgs\health\h1503.png,normal,h4874.png,G:\Ai-CDD\updated_class_tb_dataset\TBX11K\imgs\health\h4874.png
4,normal,h1508.png,G:\Ai-CDD\updated_class_tb_dataset\TBX11K\imgs\health\h1508.png,normal,h3817.png,G:\Ai-CDD\updated_class_tb_dataset\TBX11K\imgs\health\h3817.png
4,normal,h1508.png,G:\Ai-CDD\updated_class_tb_dataset\TBX11K\imgs\health\h1508.png,normal,h4941.png,G:\Ai-CDD\updated_class_tb_dataset\TBX11K\imgs\health\h4941.png
4,normal,h1517.png,G:\Ai-CDD\updated_class_tb_dataset\TBX11K\imgs\health\h1517.png,normal,h1658.png,G:\Ai-CDD\updated_class_tb_dataset\TBX11K\imgs\health\h1658.png
4,normal,h1517.png,G:\Ai-CDD\updated_class_tb_dataset\TBX11K\imgs\health\h1517.png,normal,h2176.png,G:\Ai-CDD\updated_class_tb_dataset\TBX11K\imgs\health\h2176.png
4,normal,h1517.png,G:\Ai-CDD\updated_class_tb_dataset\TBX11K\imgs\health\h1517.png,normal,h2177.png,G:\Ai-CDD\updated_class_tb_dataset\TBX11K\imgs\health\h2177.png
4,normal,h1517.png,G:\Ai-CDD\updated_class_tb_dataset\TBX11K\imgs\health\h1517.png,normal,h2493.png,G:\Ai-CDD\updated_class_tb_dataset\TBX11K\imgs\health\h2493.png
4,normal,h1517.png,G:\Ai-CDD\updated_class_tb_dataset\TBX11K\imgs\health\h1517.png,normal,h3859.png,G:\Ai-CDD\updated_class_tb_dataset\TBX11K\imgs\health\h3859.png
4,normal,h1517.png,G:\Ai-CDD\updated_class_tb_dataset\TBX11K\imgs\health\h1517.png,normal,h4261.png,G:\Ai-CDD\updated_class_tb_dataset\TBX11K\imgs\health\h4261.png
4,normal,h1519.png,G:\Ai-CDD\updated_class_tb_dataset\TBX11K\imgs\health\h1519.png,normal,h2344.png,G:\Ai-CDD\updated_class_tb_dataset\TBX11K\imgs\health\h2344.png
4,normal,h1520.png,G:\Ai-CDD\updated_class_tb_dataset\TBX11K\imgs\health\h1520.png,normal,h3912.png,G:\Ai-CDD\updated_class_tb_dataset\TBX11K\imgs\health\h3912.png
4,normal,h1521.png,G:\Ai-CDD\updated_class_tb_dataset\TBX11K\imgs\health\h1521.png,normal,h2848.png,G:\Ai-CDD\updated_class_tb_dataset\TBX11K\imgs\health\h2848.png
4,normal,h1522.png,G:\Ai-CDD\updated_class_tb_dataset\TBX11K\imgs\health\h1522.png,normal,h2450.png,G:\Ai-CDD\updated_class_tb_dataset\TBX11K\imgs\health\h2450.png
4,normal,h1522.png,G:\Ai-CDD\updated_class_tb_dataset\TBX11K\imgs\health\h1522.png,tb,tb0037.png,G:\Ai-CDD\updated_class_tb_dataset\TBX11K\imgs\tb\tb0037.png
2,normal,h1524.png,G:\Ai-CDD\updated_class_tb_dataset\TBX11K\imgs\health\h1524.png,normal,h2908.png,G:\Ai-CDD\updated_class_tb_dataset\TBX11K\imgs\health\h2908.png
4,normal,h1529.png,G:\Ai-CDD\updated_class_tb_dataset\TBX11K\imgs\health\h1529.png,normal,h2379.png,G:\Ai-CDD\updated_class_tb_dataset\TBX11K\imgs\health\h2379.png
4,normal,h1529.png,G:\Ai-CDD\updated_class_tb_dataset\TBX11K\imgs\health\h1529.png,normal,h2945.png,G:\Ai-CDD\updated_class_tb_dataset\TBX11K\imgs\health\h2945.png
4,normal,h1530.png,G:\Ai-CDD\updated_class_tb_dataset\TBX11K\imgs\health\h1530.png,normal,h2864.png,G:\Ai-CDD\updated_class_tb_dataset\TBX11K\imgs\health\h2864.png
4,normal,h1532.png,G:\Ai-CDD\updated_class_tb_dataset\TBX11K\imgs\health\h1532.png,normal,h2500.png,G:\Ai-CDD\updated_class_tb_dataset\TBX11K\imgs\health\h2500.png
4,normal,h1532.png,G:\Ai-CDD\updated_class_tb_dataset\TBX11K\imgs\health\h1532.png,normal,h4153.png,G:\Ai-CDD\updated_class_tb_dataset\TBX11K\imgs\health\h4153.png
2,normal,h1540.png,G:\Ai-CDD\updated_class_tb_dataset\TBX11K\imgs\health\h1540.png,sick,s3943.png,G:\Ai-CDD\updated_class_tb_dataset\TBX11K\imgs\sick\s3943.png
4,normal,h1540.png,G:\Ai-CDD\updated_class_tb_dataset\TBX11K\imgs\health\h1540.png,sick,s4062.png,G:\Ai-CDD\updated_class_tb_dataset\TBX11K\imgs\sick\s4062.png
4,normal,h1542.png,G:\Ai-CDD\updated_class_tb_dataset\TBX11K\imgs\health\h1542.png,normal,h3862.png,G:\Ai-CDD\updated_class_tb_dataset\TBX11K\imgs\health\h3862.png
4,normal,h1556.png,G:\Ai-CDD\updated_class_tb_dataset\TBX11K\imgs\health\h1556.png,normal,h2756.png,G:\Ai-CDD\updated_class_tb_dataset\TBX11K\imgs\health\h2756.png
4,normal,h1557.png,G:\Ai-CDD\updated_class_tb_dataset\TBX11K\imgs\health\h1557.png,normal,h3207.png,G:\Ai-CDD\updated_class_tb_dataset\TBX11K\imgs\health\h3207.png
4,normal,h1557.png,G:\Ai-CDD\updated_class_tb_dataset\TBX11K\imgs\health\h1557.png,sick,s1719.png,G:\Ai-CDD\updated_class_tb_dataset\TBX11K\imgs\sick\s1719.png
4,normal,h1558.png,G:\Ai-CDD\updated_class_tb_dataset\TBX11K\imgs\health\h1558.png,normal,h1892.png,G:\Ai-CDD\updated_class_tb_dataset\TBX11K\imgs\health\h1892.png
4,normal,h1558.png,G:\Ai-CDD\updated_class_tb_dataset\TBX11K\imgs\health\h1558.png,normal,h2828.png,G:\Ai-CDD\updated_class_tb_dataset\TBX11K\imgs\health\h2828.png
4,normal,h1558.png,G:\Ai-CDD\updated_class_tb_dataset\TBX11K\imgs\health\h1558.png,normal,h4446.png,G:\Ai-CDD\updated_class_tb_dataset\TBX11K\imgs\health\h4446.png
4,normal,h1558.png,G:\Ai-CDD\updated_class_tb_dataset\TBX11K\imgs\health\h1558.png,normal,h4812.png,G:\Ai-CDD\updated_class_tb_dataset\TBX11K\imgs\health\h4812.png
4,normal,h1560.png,G:\Ai-CDD\updated_class_tb_dataset\TBX11K\imgs\health\h1560.png,normal,h3904.png,G:\Ai-CDD\updated_class_tb_dataset\TBX11K\imgs\health\h3904.png
4,normal,h1560.png,G:\Ai-CDD\updated_class_tb_dataset\TBX11K\imgs\health\h1560.png,tb,tb0664.png,G:\Ai-CDD\updated_class_tb_dataset\TBX11K\imgs\tb\tb0664.png
4,normal,h1560.png,G:\Ai-CDD\updated_class_tb_dataset\TBX11K\imgs\health\h1560.png,tb,tb1181.png,G:\Ai-CDD\updated_class_tb_dataset\TBX11K\imgs\tb\tb1181.png
4,normal,h1561.png,G:\Ai-CDD\updated_class_tb_dataset\TBX11K\imgs\health\h1561.png,normal,h2070.png,G:\Ai-CDD\updated_class_tb_dataset\TBX11K\imgs\health\h2070.png
4,normal,h1567.png,G:\Ai-CDD\updated_class_tb_dataset\TBX11K\imgs\health\h1567.png,normal,h3834.png,G:\Ai-CDD\updated_class_tb_dataset\TBX11K\imgs\health\h3834.png
4,normal,h1567.png,G:\Ai-CDD\updated_class_tb_dataset\TBX11K\imgs\health\h1567.png,normal,h3927.png,G:\Ai-CDD\updated_class_tb_dataset\TBX11K\imgs\health\h3927.png
4,normal,h1567.png,G:\Ai-CDD\updated_class_tb_dataset\TBX11K\imgs\health\h1567.png,normal,h3970.png,G:\Ai-CDD\updated_class_tb_dataset\TBX11K\imgs\health\h3970.png
4,normal,h1567.png,G:\Ai-CDD\updated_class_tb_dataset\TBX11K\imgs\health\h1567.png,normal,h4194.png,G:\Ai-CDD\updated_class_tb_dataset\TBX11K\imgs\health\h4194.png
4,normal,h1567.png,G:\Ai-CDD\updated_class_tb_dataset\TBX11K\imgs\health\h1567.png,normal,h4272.png,G:\Ai-CDD\updated_class_tb_dataset\TBX11K\imgs\health\h4272.png
4,normal,h1567.png,G:\Ai-CDD\updated_class_tb_dataset\TBX11K\imgs\health\h1567.png,sick,s2137.png,G:\Ai-CDD\updated_class_tb_dataset\TBX11K\imgs\sick\s2137.png
4,normal,h1567.png,G:\Ai-CDD\updated_class_tb_dataset\TBX11K\imgs\health\h1567.png,tb,tb1188.png,G:\Ai-CDD\updated_class_tb_dataset\TBX11K\imgs\tb\tb1188.png
4,normal,h1570.png,G:\Ai-CDD\updated_class_tb_dataset\TBX11K\imgs\health\h1570.png,normal,h2218.png,G:\Ai-CDD\updated_class_tb_dataset\TBX11K\imgs\health\h2218.png
2,normal,h1570.png,G:\Ai-CDD\updated_class_tb_dataset\TBX11K\imgs\health\h1570.png,sick,s2871.png,G:\Ai-CDD\updated_class_tb_dataset\TBX11K\imgs\sick\s2871.png
4,normal,h1571.png,G:\Ai-CDD\updated_class_tb_dataset\TBX11K\imgs\health\h1571.png,normal,h2862.png,G:\Ai-CDD\updated_class_tb_dataset\TBX11K\imgs\health\h2862.png
4,normal,h1582.png,G:\Ai-CDD\updated_class_tb_dataset\TBX11K\imgs\health\h1582.png,normal,h4746.png,G:\Ai-CDD\updated_class_tb_dataset\TBX11K\imgs\health\h4746.png
4,normal,h1584.png,G:\Ai-CDD\updated_class_tb_dataset\TBX11K\imgs\health\h1584.png,normal,h3110.png,G:\Ai-CDD\updated_class_tb_dataset\TBX11K\imgs\health\h3110.png
4,normal,h1584.png,G:\Ai-CDD\updated_class_tb_dataset\TBX11K\imgs\health\h1584.png,normal,h4680.png,G:\Ai-CDD\updated_class_tb_dataset\TBX11K\imgs\health\h4680.png
4,normal,h1595.png,G:\Ai-CDD\updated_class_tb_dataset\TBX11K\imgs\health\h1595.png,normal,h4951.png,G:\Ai-CDD\updated_class_tb_dataset\TBX11K\imgs\health\h4951.png
2,normal,h1597.png,G:\Ai-CDD\updated_class_tb_dataset\TBX11K\imgs\health\h1597.png,normal,h1781.png,G:\Ai-CDD\updated_class_tb_dataset\TBX11K\imgs\health\h1781.png
4,normal,h1597.png,G:\Ai-CDD\updated_class_tb_dataset\TBX11K\imgs\health\h1597.png,normal,h2172.png,G:\Ai-CDD\updated_class_tb_dataset\TBX11K\imgs\health\h2172.png
4,normal,h1597.png,G:\Ai-CDD\updated_class_tb_dataset\TBX11K\imgs\health\h1597.png,normal,h3254.png,G:\Ai-CDD\updated_class_tb_dataset\TBX11K\imgs\health\h3254.png
4,normal,h1597.png,G:\Ai-CDD\updated_class_tb_dataset\TBX11K\imgs\health\h1597.png,normal,h3294.png,G:\Ai-CDD\updated_class_tb_dataset\TBX11K\imgs\health\h3294.png
4,normal,h1597.png,G:\Ai-CDD\updated_class_tb_dataset\TBX11K\imgs\health\h1597.png,normal,h3387.png,G:\Ai-CDD\updated_class_tb_dataset\TBX11K\imgs\health\h3387.png
4,normal,h1597.png,G:\Ai-CDD\updated_class_tb_dataset\TBX11K\imgs\health\h1597.png,normal,h3675.png,G:\Ai-CDD\updated_class_tb_dataset\TBX11K\imgs\health\h3675.png
4,normal,h1597.png,G:\Ai-CDD\updated_class_tb_dataset\TBX11K\imgs\health\h1597.png,normal,h3830.png,G:\Ai-CDD\updated_class_tb_dataset\TBX11K\imgs\health\h3830.png
4,normal,h1597.png,G:\Ai-CDD\updated_class_tb_dataset\TBX11K\imgs\health\h1597.png,normal,h4092.png,G:\Ai-CDD\updated_class_tb_dataset\TBX11K\imgs\health\h4092.png
4,normal,h1597.png,G:\Ai-CDD\updated_class_tb_dataset\TBX11K\imgs\health\h1597.png,normal,h4617.png,G:\Ai-CDD\updated_class_tb_dataset\TBX11K\imgs\health\h4617.png
4,normal,h1618.png,G:\Ai-CDD\updated_class_tb_dataset\TBX11K\imgs\health\h1618.png,normal,h3490.png,G:\Ai-CDD\updated_class_tb_dataset\TBX11K\imgs\health\h3490.png
4,normal,h1627.png,G:\Ai-CDD\updated_class_tb_dataset\TBX11K\imgs\health\h1627.png,normal,h3292.png,G:\Ai-CDD\updated_class_tb_dataset\TBX11K\imgs\health\h3292.png
4,normal,h1632.png,G:\Ai-CDD\updated_class_tb_dataset\TBX11K\imgs\health\h1632.png,normal,h1920.png,G:\Ai-CDD\updated_class_tb_dataset\TBX11K\imgs\health\h1920.png
4,normal,h1632.png,G:\Ai-CDD\updated_class_tb_dataset\TBX11K\imgs\health\h1632.png,normal,h3420.png,G:\Ai-CDD\updated_class_tb_dataset\TBX11K\imgs\health\h3420.png
2,normal,h1634.png,G:\Ai-CDD\updated_class_tb_dataset\TBX11K\imgs\health\h1634.png,normal,h1876.png,G:\Ai-CDD\updated_class_tb_dataset\TBX11K\imgs\health\h1876.png
4,normal,h1634.png,G:\Ai-CDD\updated_class_tb_dataset\TBX11K\imgs\health\h1634.png,normal,h4660.png,G:\Ai-CDD\updated_class_tb_dataset\TBX11K\imgs\health\h4660.png
4,normal,h1637.png,G:\Ai-CDD\updated_class_tb_dataset\TBX11K\imgs\health\h1637.png,normal,h3758.png,G:\Ai-CDD\updated_class_tb_dataset\TBX11K\imgs\health\h3758.png
4,normal,h1641.png,G:\Ai-CDD\updated_class_tb_dataset\TBX11K\imgs\health\h1641.png,normal,h4377.png,G:\Ai-CDD\updated_class_tb_dataset\TBX11K\imgs\health\h4377.png
4,normal,h1642.png,G:\Ai-CDD\updated_class_tb_dataset\TBX11K\imgs\health\h1642.png,normal,h4941.png,G:\Ai-CDD\updated_class_tb_dataset\TBX11K\imgs\health\h4941.png
2,normal,h1645.png,G:\Ai-CDD\updated_class_tb_dataset\TBX11K\imgs\health\h1645.png,normal,h3970.png,G:\Ai-CDD\updated_class_tb_dataset\TBX11K\imgs\health\h3970.png
4,normal,h1645.png,G:\Ai-CDD\updated_class_tb_dataset\TBX11K\imgs\health\h1645.png,normal,h3983.png,G:\Ai-CDD\updated_class_tb_dataset\TBX11K\imgs\health\h3983.png
4,normal,h1645.png,G:\Ai-CDD\updated_class_tb_dataset\TBX11K\imgs\health\h1645.png,normal,h4933.png,G:\Ai-CDD\updated_class_tb_dataset\TBX11K\imgs\health\h4933.png
4,normal,h1645.png,G:\Ai-CDD\updated_class_tb_dataset\TBX11K\imgs\health\h1645.png,sick,s4075.png,G:\Ai-CDD\updated_class_tb_dataset\TBX11K\imgs\sick\s4075.png
4,normal,h1645.png,G:\Ai-CDD\updated_class_tb_dataset\TBX11K\imgs\health\h1645.png,tb,tb1030.png,G:\Ai-CDD\updated_class_tb_dataset\TBX11K\imgs\tb\tb1030.png
4,normal,h1648.png,G:\Ai-CDD\updated_class_tb_dataset\TBX11K\imgs\health\h1648.png,normal,h4432.png,G:\Ai-CDD\updated_class_tb_dataset\TBX11K\imgs\health\h4432.png
4,normal,h1650.png,G:\Ai-CDD\updated_class_tb_dataset\TBX11K\imgs\health\h1650.png,normal,h3378.png,G:\Ai-CDD\updated_class_tb_dataset\TBX11K\imgs\health\h3378.png
4,normal,h1651.png,G:\Ai-CDD\updated_class_tb_dataset\TBX11K\imgs\health\h1651.png,normal,h2622.png,G:\Ai-CDD\updated_class_tb_dataset\TBX11K\imgs\health\h2622.png
4,normal,h1653.png,G:\Ai-CDD\updated_class_tb_dataset\TBX11K\imgs\health\h1653.png,normal,h4309.png,G:\Ai-CDD\updated_class_tb_dataset\TBX11K\imgs\health\h4309.png
4,normal,h1656.png,G:\Ai-CDD\updated_class_tb_dataset\TBX11K\imgs\health\h1656.png,normal,h2656.png,G:\Ai-CDD\updated_class_tb_dataset\TBX11K\imgs\health\h2656.png
4,normal,h1656.png,G:\Ai-CDD\updated_class_tb_dataset\TBX11K\imgs\health\h1656.png,normal,h4988.png,G:\Ai-CDD\updated_class_tb_dataset\TBX11K\imgs\health\h4988.png
4,normal,h1658.png,G:\Ai-CDD\updated_class_tb_dataset\TBX11K\imgs\health\h1658.png,normal,h2177.png,G:\Ai-CDD\updated_class_tb_dataset\TBX11K\imgs\health\h2177.png
4,normal,h1658.png,G:\Ai-CDD\updated_class_tb_dataset\TBX11K\imgs\health\h1658.png,normal,h2919.png,G:\Ai-CDD\updated_class_tb_dataset\TBX11K\imgs\health\h2919.png
4,normal,h1662.png,G:\Ai-CDD\updated_class_tb_dataset\TBX11K\imgs\health\h1662.png,normal,h4332.png,G:\Ai-CDD\updated_class_tb_dataset\TBX11K\imgs\health\h4332.png
4,normal,h1663.png,G:\Ai-CDD\updated_class_tb_dataset\TBX11K\imgs\health\h1663.png,normal,h4727.png,G:\Ai-CDD\updated_class_tb_dataset\TBX11K\imgs\health\h4727.png
4,normal,h1672.png,G:\Ai-CDD\updated_class_tb_dataset\TBX11K\imgs\health\h1672.png,normal,h2805.png,G:\Ai-CDD\updated_class_tb_dataset\TBX11K\imgs\health\h2805.png
4,normal,h1675.png,G:\Ai-CDD\updated_class_tb_dataset\TBX11K\imgs\health\h1675.png,normal,h3344.png,G:\Ai-CDD\updated_class_tb_dataset\TBX11K\imgs\health\h3344.png
4,normal,h1681.png,G:\Ai-CDD\updated_class_tb_dataset\TBX11K\imgs\health\h1681.png,normal,h2925.png,G:\Ai-CDD\updated_class_tb_dataset\TBX11K\imgs\health\h2925.png
4,normal,h1688.png,G:\Ai-CDD\updated_class_tb_dataset\TBX11K\imgs\health\h1688.png,normal,h2070.png,G:\Ai-CDD\updated_class_tb_dataset\TBX11K\imgs\health\h2070.png
4,normal,h1688.png,G:\Ai-CDD\updated_class_tb_dataset\TBX11K\imgs\health\h1688.png,normal,h2314.png,G:\Ai-CDD\updated_class_tb_dataset\TBX11K\imgs\health\h2314.png
4,normal,h1688.png,G:\Ai-CDD\updated_class_tb_dataset\TBX11K\imgs\health\h1688.png,normal,h3644.png,G:\Ai-CDD\updated_class_tb_dataset\TBX11K\imgs\health\h3644.png
4,normal,h1689.png,G:\Ai-CDD\updated_class_tb_dataset\TBX11K\imgs\health\h1689.png,normal,h1887.png,G:\Ai-CDD\updated_class_tb_dataset\TBX11K\imgs\health\h1887.png
4,normal,h1689.png,G:\Ai-CDD\updated_class_tb_dataset\TBX11K\imgs\health\h1689.png,normal,h2669.png,G:\Ai-CDD\updated_class_tb_dataset\TBX11K\imgs\health\h2669.png
4,normal,h1694.png,G:\Ai-CDD\updated_class_tb_dataset\TBX11K\imgs\health\h1694.png,tb,tb0253.png,G:\Ai-CDD\updated_class_tb_dataset\TBX11K\imgs\tb\tb0253.png
4,normal,h1694.png,G:\Ai-CDD\updated_class_tb_dataset\TBX11K\imgs\health\h1694.png,tb,tb0576.png,G:\Ai-CDD\updated_class_tb_dataset\TBX11K\imgs\tb\tb0576.png
4,normal,h1702.png,G:\Ai-CDD\updated_class_tb_dataset\TBX11K\imgs\health\h1702.png,normal,h2178.png,G:\Ai-CDD\updated_class_tb_dataset\TBX11K\imgs\health\h2178.png
4,normal,h1705.png,G:\Ai-CDD\updated_class_tb_dataset\TBX11K\imgs\health\h1705.png,normal,h1781.png,G:\Ai-CDD\updated_class_tb_dataset\TBX11K\imgs\health\h1781.png
4,normal,h1705.png,G:\Ai-CDD\updated_class_tb_dataset\TBX11K\imgs\health\h1705.png,normal,h1944.png,G:\Ai-CDD\updated_class_tb_dataset\TBX11K\imgs\health\h1944.png
4,normal,h1705.png,G:\Ai-CDD\updated_class_tb_dataset\TBX11K\imgs\health\h1705.png,normal,h2068.png,G:\Ai-CDD\updated_class_tb_dataset\TBX11K\imgs\health\h2068.png
4,normal,h1705.png,G:\Ai-CDD\updated_class_tb_dataset\TBX11K\imgs\health\h1705.png,normal,h2397.png,G:\Ai-CDD\updated_class_tb_dataset\TBX11K\imgs\health\h2397.png
4,normal,h1705.png,G:\Ai-CDD\updated_class_tb_dataset\TBX11K\imgs\health\h1705.png,normal,h2870.png,G:\Ai-CDD\updated_class_tb_dataset\TBX11K\imgs\health\h2870.png
4,normal,h1705.png,G:\Ai-CDD\updated_class_tb_dataset\TBX11K\imgs\health\h1705.png,normal,h3254.png,G:\Ai-CDD\updated_class_tb_dataset\TBX11K\imgs\health\h3254.png
4,normal,h1705.png,G:\Ai-CDD\updated_class_tb_dataset\TBX11K\imgs\health\h1705.png,normal,h3294.png,G:\Ai-CDD\updated_class_tb_dataset\TBX11K\imgs\health\h3294.png
4,normal,h1705.png,G:\Ai-CDD\updated_class_tb_dataset\TBX11K\imgs\health\h1705.png,normal,h3620.png,G:\Ai-CDD\updated_class_tb_dataset\TBX11K\imgs\health\h3620.png
4,normal,h1705.png,G:\Ai-CDD\updated_class_tb_dataset\TBX11K\imgs\health\h1705.png,normal,h3830.png,G:\Ai-CDD\updated_class_tb_dataset\TBX11K\imgs\health\h3830.png
4,normal,h1705.png,G:\Ai-CDD\updated_class_tb_dataset\TBX11K\imgs\health\h1705.png,normal,h4041.png,G:\Ai-CDD\updated_class_tb_dataset\TBX11K\imgs\health\h4041.png
4,normal,h1705.png,G:\Ai-CDD\updated_class_tb_dataset\TBX11K\imgs\health\h1705.png,normal,h4092.png,G:\Ai-CDD\updated_class_tb_dataset\TBX11K\imgs\health\h4092.png
4,normal,h1715.png,G:\Ai-CDD\updated_class_tb_dataset\TBX11K\imgs\health\h1715.png,normal,h3626.png,G:\Ai-CDD\updated_class_tb_dataset\TBX11K\imgs\health\h3626.png
4,normal,h1717.png,G:\Ai-CDD\updated_class_tb_dataset\TBX11K\imgs\health\h1717.png,normal,h4219.png,G:\Ai-CDD\updated_class_tb_dataset\TBX11K\imgs\health\h4219.png
2,normal,h1719.png,G:\Ai-CDD\updated_class_tb_dataset\TBX11K\imgs\health\h1719.png,normal,h2837.png,G:\Ai-CDD\updated_class_tb_dataset\TBX11K\imgs\health\h2837.png
4,normal,h1734.png,G:\Ai-CDD\updated_class_tb_dataset\TBX11K\imgs\health\h1734.png,normal,h3791.png,G:\Ai-CDD\updated_class_tb_dataset\TBX11K\imgs\health\h3791.png
4,normal,h1734.png,G:\Ai-CDD\updated_class_tb_dataset\TBX11K\imgs\health\h1734.png,normal,h4052.png,G:\Ai-CDD\updated_class_tb_dataset\TBX11K\imgs\health\h4052.png
4,normal,h1751.png,G:\Ai-CDD\updated_class_tb_dataset\TBX11K\imgs\health\h1751.png,normal,h3528.png,G:\Ai-CDD\updated_class_tb_dataset\TBX11K\imgs\health\h3528.png
4,normal,h1751.png,G:\Ai-CDD\updated_class_tb_dataset\TBX11K\imgs\health\h1751.png,normal,h4289.png,G:\Ai-CDD\updated_class_tb_dataset\TBX11K\imgs\health\h4289.png
4,normal,h1753.png,G:\Ai-CDD\updated_class_tb_dataset\TBX11K\imgs\health\h1753.png,normal,h4743.png,G:\Ai-CDD\updated_class_tb_dataset\TBX11K\imgs\health\h4743.png
2,normal,h1754.png,G:\Ai-CDD\updated_class_tb_dataset\TBX11K\imgs\health\h1754.png,normal,h1956.png,G:\Ai-CDD\updated_class_tb_dataset\TBX11K\imgs\health\h1956.png
4,normal,h1754.png,G:\Ai-CDD\updated_class_tb_dataset\TBX11K\imgs\health\h1754.png,normal,h3063.png,G:\Ai-CDD\updated_class_tb_dataset\TBX11K\imgs\health\h3063.png
4,normal,h1754.png,G:\Ai-CDD\updated_class_tb_dataset\TBX11K\imgs\health\h1754.png,normal,h3207.png,G:\Ai-CDD\updated_class_tb_dataset\TBX11K\imgs\health\h3207.png
4,normal,h1754.png,G:\Ai-CDD\updated_class_tb_dataset\TBX11K\imgs\health\h1754.png,normal,h3948.png,G:\Ai-CDD\updated_class_tb_dataset\TBX11K\imgs\health\h3948.png
4,normal,h1755.png,G:\Ai-CDD\updated_class_tb_dataset\TBX11K\imgs\health\h1755.png,normal,h4109.png,G:\Ai-CDD\updated_class_tb_dataset\TBX11K\imgs\health\h4109.png
4,normal,h1756.png,G:\Ai-CDD\updated_class_tb_dataset\TBX11K\imgs\health\h1756.png,normal,h2011.png,G:\Ai-CDD\updated_class_tb_dataset\TBX11K\imgs\health\h2011.png
4,normal,h1756.png,G:\Ai-CDD\updated_class_tb_dataset\TBX11K\imgs\health\h1756.png,normal,h4428.png,G:\Ai-CDD\updated_class_tb_dataset\TBX11K\imgs\health\h4428.png
4,normal,h1756.png,G:\Ai-CDD\updated_class_tb_dataset\TBX11K\imgs\health\h1756.png,normal,h4744.png,G:\Ai-CDD\updated_class_tb_dataset\TBX11K\imgs\health\h4744.png
4,normal,h1759.png,G:\Ai-CDD\updated_class_tb_dataset\TBX11K\imgs\health\h1759.png,normal,h1855.png,G:\Ai-CDD\updated_class_tb_dataset\TBX11K\imgs\health\h1855.png
4,normal,h1767.png,G:\Ai-CDD\updated_class_tb_dataset\TBX11K\imgs\health\h1767.png,normal,h2530.png,G:\Ai-CDD\updated_class_tb_dataset\TBX11K\imgs\health\h2530.png
4,normal,h1774.png,G:\Ai-CDD\updated_class_tb_dataset\TBX11K\imgs\health\h1774.png,tb,tb0015.png,G:\Ai-CDD\updated_class_tb_dataset\TBX11K\imgs\tb\tb0015.png
4,normal,h1775.png,G:\Ai-CDD\updated_class_tb_dataset\TBX11K\imgs\health\h1775.png,normal,h2296.png,G:\Ai-CDD\updated_class_tb_dataset\TBX11K\imgs\health\h2296.png
4,normal,h1778.png,G:\Ai-CDD\updated_class_tb_dataset\TBX11K\imgs\health\h1778.png,normal,h2995.png,G:\Ai-CDD\updated_class_tb_dataset\TBX11K\imgs\health\h2995.png
4,normal,h1778.png,G:\Ai-CDD\updated_class_tb_dataset\TBX11K\imgs\health\h1778.png,tb,tb0226.png,G:\Ai-CDD\updated_class_tb_dataset\TBX11K\imgs\tb\tb0226.png
4,normal,h1779.png,G:\Ai-CDD\updated_class_tb_dataset\TBX11K\imgs\health\h1779.png,normal,h4297.png,G:\Ai-CDD\updated_class_tb_dataset\TBX11K\imgs\health\h4297.png
4,normal,h1781.png,G:\Ai-CDD\updated_class_tb_dataset\TBX11K\imgs\health\h1781.png,normal,h2068.png,G:\Ai-CDD\updated_class_tb_dataset\TBX11K\imgs\health\h2068.png
4,normal,h1781.png,G:\Ai-CDD\updated_class_tb_dataset\TBX11K\imgs\health\h1781.png,normal,h2145.png,G:\Ai-CDD\updated_class_tb_dataset\TBX11K\imgs\health\h2145.png
4,normal,h1781.png,G:\Ai-CDD\updated_class_tb_dataset\TBX11K\imgs\health\h1781.png,normal,h2172.png,G:\Ai-CDD\updated_class_tb_dataset\TBX11K\imgs\health\h2172.png
4,normal,h1781.png,G:\Ai-CDD\updated_class_tb_dataset\TBX11K\imgs\health\h1781.png,normal,h2397.png,G:\Ai-CDD\updated_class_tb_dataset\TBX11K\imgs\health\h2397.png
4,normal,h1781.png,G:\Ai-CDD\updated_class_tb_dataset\TBX11K\imgs\health\h1781.png,normal,h2530.png,G:\Ai-CDD\updated_class_tb_dataset\TBX11K\imgs\health\h2530.png
4,normal,h1781.png,G:\Ai-CDD\updated_class_tb_dataset\TBX11K\imgs\health\h1781.png,normal,h2870.png,G:\Ai-CDD\updated_class_tb_dataset\TBX11K\imgs\health\h2870.png
4,normal,h1781.png,G:\Ai-CDD\updated_class_tb_dataset\TBX11K\imgs\health\h1781.png,normal,h3025.png,G:\Ai-CDD\updated_class_tb_dataset\TBX11K\imgs\health\h3025.png
4,normal,h1781.png,G:\Ai-CDD\updated_class_tb_dataset\TBX11K\imgs\health\h1781.png,normal,h3254.png,G:\Ai-CDD\updated_class_tb_dataset\TBX11K\imgs\health\h3254.png
4,normal,h1781.png,G:\Ai-CDD\updated_class_tb_dataset\TBX11K\imgs\health\h1781.png,normal,h3294.png,G:\Ai-CDD\updated_class_tb_dataset\TBX11K\imgs\health\h3294.png
4,normal,h1781.png,G:\Ai-CDD\updated_class_tb_dataset\TBX11K\imgs\health\h1781.png,normal,h3830.png,G:\Ai-CDD\updated_class_tb_dataset\TBX11K\imgs\health\h3830.png
4,normal,h1781.png,G:\Ai-CDD\updated_class_tb_dataset\TBX11K\imgs\health\h1781.png,normal,h3848.png,G:\Ai-CDD\updated_class_tb_dataset\TBX11K\imgs\health\h3848.png
2,normal,h1781.png,G:\Ai-CDD\updated_class_tb_dataset\TBX11K\imgs\health\h1781.png,normal,h4092.png,G:\Ai-CDD\updated_class_tb_dataset\TBX11K\imgs\health\h4092.png
4,normal,h1786.png,G:\Ai-CDD\updated_class_tb_dataset\TBX11K\imgs\health\h1786.png,normal,h2885.png,G:\Ai-CDD\updated_class_tb_dataset\TBX11K\imgs\health\h2885.png
4,normal,h1786.png,G:\Ai-CDD\updated_class_tb_dataset\TBX11K\imgs\health\h1786.png,normal,h3735.png,G:\Ai-CDD\updated_class_tb_dataset\TBX11K\imgs\health\h3735.png
4,normal,h1786.png,G:\Ai-CDD\updated_class_tb_dataset\TBX11K\imgs\health\h1786.png,normal,h4366.png,G:\Ai-CDD\updated_class_tb_dataset\TBX11K\imgs\health\h4366.png
4,normal,h1803.png,G:\Ai-CDD\updated_class_tb_dataset\TBX11K\imgs\health\h1803.png,normal,h2014.png,G:\Ai-CDD\updated_class_tb_dataset\TBX11K\imgs\health\h2014.png
2,normal,h1816.png,G:\Ai-CDD\updated_class_tb_dataset\TBX11K\imgs\health\h1816.png,normal,h1932.png,G:\Ai-CDD\updated_class_tb_dataset\TBX11K\imgs\health\h1932.png
4,normal,h1823.png,G:\Ai-CDD\updated_class_tb_dataset\TBX11K\imgs\health\h1823.png,normal,h2750.png,G:\Ai-CDD\updated_class_tb_dataset\TBX11K\imgs\health\h2750.png
4,normal,h1823.png,G:\Ai-CDD\updated_class_tb_dataset\TBX11K\imgs\health\h1823.png,normal,h4423.png,G:\Ai-CDD\updated_class_tb_dataset\TBX11K\imgs\health\h4423.png
4,normal,h1826.png,G:\Ai-CDD\updated_class_tb_dataset\TBX11K\imgs\health\h1826.png,normal,h2177.png,G:\Ai-CDD\updated_class_tb_dataset\TBX11K\imgs\health\h2177.png
4,normal,h1826.png,G:\Ai-CDD\updated_class_tb_dataset\TBX11K\imgs\health\h1826.png,normal,h2523.png,G:\Ai-CDD\updated_class_tb_dataset\TBX11K\imgs\health\h2523.png
4,normal,h1827.png,G:\Ai-CDD\updated_class_tb_dataset\TBX11K\imgs\health\h1827.png,normal,h2076.png,G:\Ai-CDD\updated_class_tb_dataset\TBX11K\imgs\health\h2076.png
4,normal,h1827.png,G:\Ai-CDD\updated_class_tb_dataset\TBX11K\imgs\health\h1827.png,normal,h2520.png,G:\Ai-CDD\updated_class_tb_dataset\TBX11K\imgs\health\h2520.png
2,normal,h1827.png,G:\Ai-CDD\updated_class_tb_dataset\TBX11K\imgs\health\h1827.png,sick,s0256.png,G:\Ai-CDD\updated_class_tb_dataset\TBX11K\imgs\sick\s0256.png
4,normal,h1827.png,G:\Ai-CDD\updated_class_tb_dataset\TBX11K\imgs\health\h1827.png,sick,s1719.png,G:\Ai-CDD\updated_class_tb_dataset\TBX11K\imgs\sick\s1719.png
2,normal,h1827.png,G:\Ai-CDD\updated_class_tb_dataset\TBX11K\imgs\health\h1827.png,sick,s2194.png,G:\Ai-CDD\updated_class_tb_dataset\TBX11K\imgs\sick\s2194.png
4,normal,h1827.png,G:\Ai-CDD\updated_class_tb_dataset\TBX11K\imgs\health\h1827.png,sick,s4843.png,G:\Ai-CDD\updated_class_tb_dataset\TBX11K\imgs\sick\s4843.png
4,normal,h1827.png,G:\Ai-CDD\updated_class_tb_dataset\TBX11K\imgs\health\h1827.png,tb,tb0322.png,G:\Ai-CDD\updated_class_tb_dataset\TBX11K\imgs\tb\tb0322.png
4,normal,h1827.png,G:\Ai-CDD\updated_class_tb_dataset\TBX11K\imgs\health\h1827.png,tb,tb0386.png,G:\Ai-CDD\updated_class_tb_dataset\TBX11K\imgs\tb\tb0386.png
2,normal,h1827.png,G:\Ai-CDD\updated_class_tb_dataset\TBX11K\imgs\health\h1827.png,tb,tb1180.png,G:\Ai-CDD\updated_class_tb_dataset\TBX11K\imgs\tb\tb1180.png
4,normal,h1828.png,G:\Ai-CDD\updated_class_tb_dataset\TBX11K\imgs\health\h1828.png,normal,h4859.png,G:\Ai-CDD\updated_class_tb_dataset\TBX11K\imgs\health\h4859.png
4,normal,h1831.png,G:\Ai-CDD\updated_class_tb_dataset\TBX11K\imgs\health\h1831.png,normal,h2110.png,G:\Ai-CDD\updated_class_tb_dataset\TBX11K\imgs\health\h2110.png
4,normal,h1831.png,G:\Ai-CDD\updated_class_tb_dataset\TBX11K\imgs\health\h1831.png,normal,h2255.png,G:\Ai-CDD\updated_class_tb_dataset\TBX11K\imgs\health\h2255.png
4,normal,h1831.png,G:\Ai-CDD\updated_class_tb_dataset\TBX11K\imgs\health\h1831.png,normal,h3673.png,G:\Ai-CDD\updated_class_tb_dataset\TBX11K\imgs\health\h3673.png
4,normal,h1831.png,G:\Ai-CDD\updated_class_tb_dataset\TBX11K\imgs\health\h1831.png,normal,h3753.png,G:\Ai-CDD\updated_class_tb_dataset\TBX11K\imgs\health\h3753.png
4,normal,h1831.png,G:\Ai-CDD\updated_class_tb_dataset\TBX11K\imgs\health\h1831.png,normal,h4655.png,G:\Ai-CDD\updated_class_tb_dataset\TBX11K\imgs\health\h4655.png
2,normal,h1831.png,G:\Ai-CDD\updated_class_tb_dataset\TBX11K\imgs\health\h1831.png,normal,h4788.png,G:\Ai-CDD\updated_class_tb_dataset\TBX11K\imgs\health\h4788.png
4,normal,h1831.png,G:\Ai-CDD\updated_class_tb_dataset\TBX11K\imgs\health\h1831.png,normal,h4988.png,G:\Ai-CDD\updated_class_tb_dataset\TBX11K\imgs\health\h4988.png
4,normal,h1831.png,G:\Ai-CDD\updated_class_tb_dataset\TBX11K\imgs\health\h1831.png,tb,tb0212.png,G:\Ai-CDD\updated_class_tb_dataset\TBX11K\imgs\tb\tb0212.png
4,normal,h1832.png,G:\Ai-CDD\updated_class_tb_dataset\TBX11K\imgs\health\h1832.png,normal,h2257.png,G:\Ai-CDD\updated_class_tb_dataset\TBX11K\imgs\health\h2257.png
4,normal,h1832.png,G:\Ai-CDD\updated_class_tb_dataset\TBX11K\imgs\health\h1832.png,normal,h2801.png,G:\Ai-CDD\updated_class_tb_dataset\TBX11K\imgs\health\h2801.png
2,normal,h1832.png,G:\Ai-CDD\updated_class_tb_dataset\TBX11K\imgs\health\h1832.png,normal,h3348.png,G:\Ai-CDD\updated_class_tb_dataset\TBX11K\imgs\health\h3348.png
4,normal,h1832.png,G:\Ai-CDD\updated_class_tb_dataset\TBX11K\imgs\health\h1832.png,normal,h3756.png,G:\Ai-CDD\updated_class_tb_dataset\TBX11K\imgs\health\h3756.png
4,normal,h1843.png,G:\Ai-CDD\updated_class_tb_dataset\TBX11K\imgs\health\h1843.png,normal,h4168.png,G:\Ai-CDD\updated_class_tb_dataset\TBX11K\imgs\health\h4168.png
4,normal,h1848.png,G:\Ai-CDD\updated_class_tb_dataset\TBX11K\imgs\health\h1848.png,normal,h4390.png,G:\Ai-CDD\updated_class_tb_dataset\TBX11K\imgs\health\h4390.png
4,normal,h1849.png,G:\Ai-CDD\updated_class_tb_dataset\TBX11K\imgs\health\h1849.png,normal,h4391.png,G:\Ai-CDD\updated_class_tb_dataset\TBX11K\imgs\health\h4391.png
4,normal,h1850.png,G:\Ai-CDD\updated_class_tb_dataset\TBX11K\imgs\health\h1850.png,tb,tb0234.png,G:\Ai-CDD\updated_class_tb_dataset\TBX11K\imgs\tb\tb0234.png
4,normal,h1852.png,G:\Ai-CDD\updated_class_tb_dataset\TBX11K\imgs\health\h1852.png,normal,h2207.png,G:\Ai-CDD\updated_class_tb_dataset\TBX11K\imgs\health\h2207.png
4,normal,h1855.png,G:\Ai-CDD\updated_class_tb_dataset\TBX11K\imgs\health\h1855.png,normal,h3721.png,G:\Ai-CDD\updated_class_tb_dataset\TBX11K\imgs\health\h3721.png
4,normal,h1862.png,G:\Ai-CDD\updated_class_tb_dataset\TBX11K\imgs\health\h1862.png,normal,h2294.png,G:\Ai-CDD\updated_class_tb_dataset\TBX11K\imgs\health\h2294.png
4,normal,h1862.png,G:\Ai-CDD\updated_class_tb_dataset\TBX11K\imgs\health\h1862.png,normal,h2885.png,G:\Ai-CDD\updated_class_tb_dataset\TBX11K\imgs\health\h2885.png
4,normal,h1862.png,G:\Ai-CDD\updated_class_tb_dataset\TBX11K\imgs\health\h1862.png,normal,h3035.png,G:\Ai-CDD\updated_class_tb_dataset\TBX11K\imgs\health\h3035.png
2,normal,h1862.png,G:\Ai-CDD\updated_class_tb_dataset\TBX11K\imgs\health\h1862.png,normal,h4252.png,G:\Ai-CDD\updated_class_tb_dataset\TBX11K\imgs\health\h4252.png
2,normal,h1862.png,G:\Ai-CDD\updated_class_tb_dataset\TBX11K\imgs\health\h1862.png,normal,h4526.png,G:\Ai-CDD\updated_class_tb_dataset\TBX11K\imgs\health\h4526.png
4,normal,h1866.png,G:\Ai-CDD\updated_class_tb_dataset\TBX11K\imgs\health\h1866.png,normal,h2712.png,G:\Ai-CDD\updated_class_tb_dataset\TBX11K\imgs\health\h2712.png
4,normal,h1866.png,G:\Ai-CDD\updated_class_tb_dataset\TBX11K\imgs\health\h1866.png,sick,s0044.png,G:\Ai-CDD\updated_class_tb_dataset\TBX11K\imgs\sick\s0044.png
4,normal,h1868.png,G:\Ai-CDD\updated_class_tb_dataset\TBX11K\imgs\health\h1868.png,normal,h3071.png,G:\Ai-CDD\updated_class_tb_dataset\TBX11K\imgs\health\h3071.png
4,normal,h1868.png,G:\Ai-CDD\updated_class_tb_dataset\TBX11K\imgs\health\h1868.png,normal,h4351.png,G:\Ai-CDD\updated_class_tb_dataset\TBX11K\imgs\health\h4351.png
4,normal,h1871.png,G:\Ai-CDD\updated_class_tb_dataset\TBX11K\imgs\health\h1871.png,normal,h2814.png,G:\Ai-CDD\updated_class_tb_dataset\TBX11K\imgs\health\h2814.png
4,normal,h1876.png,G:\Ai-CDD\updated_class_tb_dataset\TBX11K\imgs\health\h1876.png,normal,h4615.png,G:\Ai-CDD\updated_class_tb_dataset\TBX11K\imgs\health\h4615.png
4,normal,h1876.png,G:\Ai-CDD\updated_class_tb_dataset\TBX11K\imgs\health\h1876.png,normal,h4660.png,G:\Ai-CDD\updated_class_tb_dataset\TBX11K\imgs\health\h4660.png
4,normal,h1883.png,G:\Ai-CDD\updated_class_tb_dataset\TBX11K\imgs\health\h1883.png,normal,h3639.png,G:\Ai-CDD\updated_class_tb_dataset\TBX11K\imgs\health\h3639.png
2,normal,h1884.png,G:\Ai-CDD\updated_class_tb_dataset\TBX11K\imgs\health\h1884.png,normal,h3441.png,G:\Ai-CDD\updated_class_tb_dataset\TBX11K\imgs\health\h3441.png
4,normal,h1886.png,G:\Ai-CDD\updated_class_tb_dataset\TBX11K\imgs\health\h1886.png,normal,h4227.png,G:\Ai-CDD\updated_class_tb_dataset\TBX11K\imgs\health\h4227.png
4,normal,h1887.png,G:\Ai-CDD\updated_class_tb_dataset\TBX11K\imgs\health\h1887.png,normal,h2218.png,G:\Ai-CDD\updated_class_tb_dataset\TBX11K\imgs\health\h2218.png
4,normal,h1887.png,G:\Ai-CDD\updated_class_tb_dataset\TBX11K\imgs\health\h1887.png,normal,h4660.png,G:\Ai-CDD\updated_class_tb_dataset\TBX11K\imgs\health\h4660.png
4,normal,h1887.png,G:\Ai-CDD\updated_class_tb_dataset\TBX11K\imgs\health\h1887.png,sick,s4503.png,G:\Ai-CDD\updated_class_tb_dataset\TBX11K\imgs\sick\s4503.png
4,normal,h1887.png,G:\Ai-CDD\updated_class_tb_dataset\TBX11K\imgs\health\h1887.png,tb,tb0084.png,G:\Ai-CDD\updated_class_tb_dataset\TBX11K\imgs\tb\tb0084.png
4,normal,h1895.png,G:\Ai-CDD\updated_class_tb_dataset\TBX11K\imgs\health\h1895.png,normal,h2164.png,G:\Ai-CDD\updated_class_tb_dataset\TBX11K\imgs\health\h2164.png
4,normal,h1895.png,G:\Ai-CDD\updated_class_tb_dataset\TBX11K\imgs\health\h1895.png,normal,h4988.png,G:\Ai-CDD\updated_class_tb_dataset\TBX11K\imgs\health\h4988.png
4,normal,h1895.png,G:\Ai-CDD\updated_class_tb_dataset\TBX11K\imgs\health\h1895.png,tb,tb0739.png,G:\Ai-CDD\updated_class_tb_dataset\TBX11K\imgs\tb\tb0739.png
4,normal,h1899.png,G:\Ai-CDD\updated_class_tb_dataset\TBX11K\imgs\health\h1899.png,normal,h2218.png,G:\Ai-CDD\updated_class_tb_dataset\TBX11K\imgs\health\h2218.png
4,normal,h1899.png,G:\Ai-CDD\updated_class_tb_dataset\TBX11K\imgs\health\h1899.png,normal,h2457.png,G:\Ai-CDD\updated_class_tb_dataset\TBX11K\imgs\health\h2457.png
2,normal,h1899.png,G:\Ai-CDD\updated_class_tb_dataset\TBX11K\imgs\health\h1899.png,sick,s3041.png,G:\Ai-CDD\updated_class_tb_dataset\TBX11K\imgs\sick\s3041.png
4,normal,h1902.png,G:\Ai-CDD\updated_class_tb_dataset\TBX11K\imgs\health\h1902.png,normal,h3182.png,G:\Ai-CDD\updated_class_tb_dataset\TBX11K\imgs\health\h3182.png
2,normal,h1902.png,G:\Ai-CDD\updated_class_tb_dataset\TBX11K\imgs\health\h1902.png,sick,s2449.png,G:\Ai-CDD\updated_class_tb_dataset\TBX11K\imgs\sick\s2449.png
4,normal,h1903.png,G:\Ai-CDD\updated_class_tb_dataset\TBX11K\imgs\health\h1903.png,normal,h2028.png,G:\Ai-CDD\updated_class_tb_dataset\TBX11K\imgs\health\h2028.png
4,normal,h1903.png,G:\Ai-CDD\updated_class_tb_dataset\TBX11K\imgs\health\h1903.png,normal,h2778.png,G:\Ai-CDD\updated_class_tb_dataset\TBX11K\imgs\health\h2778.png
4,normal,h1903.png,G:\Ai-CDD\updated_class_tb_dataset\TBX11K\imgs\health\h1903.png,normal,h4356.png,G:\Ai-CDD\updated_class_tb_dataset\TBX11K\imgs\health\h4356.png
4,normal,h1903.png,G:\Ai-CDD\updated_class_tb_dataset\TBX11K\imgs\health\h1903.png,sick,s1080.png,G:\Ai-CDD\updated_class_tb_dataset\TBX11K\imgs\sick\s1080.png
4,normal,h1903.png,G:\Ai-CDD\updated_class_tb_dataset\TBX11K\imgs\health\h1903.png,sick,s2422.png,G:\Ai-CDD\updated_class_tb_dataset\TBX11K\imgs\sick\s2422.png
4,normal,h1906.png,G:\Ai-CDD\updated_class_tb_dataset\TBX11K\imgs\health\h1906.png,normal,h2172.png,G:\Ai-CDD\updated_class_tb_dataset\TBX11K\imgs\health\h2172.png
4,normal,h1906.png,G:\Ai-CDD\updated_class_tb_dataset\TBX11K\imgs\health\h1906.png,normal,h3500.png,G:\Ai-CDD\updated_class_tb_dataset\TBX11K\imgs\health\h3500.png
4,normal,h1906.png,G:\Ai-CDD\updated_class_tb_dataset\TBX11K\imgs\health\h1906.png,normal,h3828.png,G:\Ai-CDD\updated_class_tb_dataset\TBX11K\imgs\health\h3828.png
4,normal,h1907.png,G:\Ai-CDD\updated_class_tb_dataset\TBX11K\imgs\health\h1907.png,normal,h3514.png,G:\Ai-CDD\updated_class_tb_dataset\TBX11K\imgs\health\h3514.png
4,normal,h1910.png,G:\Ai-CDD\updated_class_tb_dataset\TBX11K\imgs\health\h1910.png,normal,h4216.png,G:\Ai-CDD\updated_class_tb_dataset\TBX11K\imgs\health\h4216.png
4,normal,h1910.png,G:\Ai-CDD\updated_class_tb_dataset\TBX11K\imgs\health\h1910.png,normal,h4450.png,G:\Ai-CDD\updated_class_tb_dataset\TBX11K\imgs\health\h4450.png
4,normal,h1910.png,G:\Ai-CDD\updated_class_tb_dataset\TBX11K\imgs\health\h1910.png,normal,h4510.png,G:\Ai-CDD\updated_class_tb_dataset\TBX11K\imgs\health\h4510.png
4,normal,h1916.png,G:\Ai-CDD\updated_class_tb_dataset\TBX11K\imgs\health\h1916.png,normal,h2667.png,G:\Ai-CDD\updated_class_tb_dataset\TBX11K\imgs\health\h2667.png
4,normal,h1925.png,G:\Ai-CDD\updated_class_tb_dataset\TBX11K\imgs\health\h1925.png,normal,h4419.png,G:\Ai-CDD\updated_class_tb_dataset\TBX11K\imgs\health\h4419.png
4,normal,h1926.png,G:\Ai-CDD\updated_class_tb_dataset\TBX11K\imgs\health\h1926.png,normal,h3365.png,G:\Ai-CDD\updated_class_tb_dataset\TBX11K\imgs\health\h3365.png
4,normal,h1926.png,G:\Ai-CDD\updated_class_tb_dataset\TBX11K\imgs\health\h1926.png,normal,h4960.png,G:\Ai-CDD\updated_class_tb_dataset\TBX11K\imgs\health\h4960.png
4,normal,h1926.png,G:\Ai-CDD\updated_class_tb_dataset\TBX11K\imgs\health\h1926.png,sick,s1833.png,G:\Ai-CDD\updated_class_tb_dataset\TBX11K\imgs\sick\s1833.png
4,normal,h1929.png,G:\Ai-CDD\updated_class_tb_dataset\TBX11K\imgs\health\h1929.png,normal,h3417.png,G:\Ai-CDD\updated_class_tb_dataset\TBX11K\imgs\health\h3417.png
4,normal,h1932.png,G:\Ai-CDD\updated_class_tb_dataset\TBX11K\imgs\health\h1932.png,normal,h4770.png,G:\Ai-CDD\updated_class_tb_dataset\TBX11K\imgs\health\h4770.png
4,normal,h1933.png,G:\Ai-CDD\updated_class_tb_dataset\TBX11K\imgs\health\h1933.png,normal,h3904.png,G:\Ai-CDD\updated_class_tb_dataset\TBX11K\imgs\health\h3904.png
4,normal,h1933.png,G:\Ai-CDD\updated_class_tb_dataset\TBX11K\imgs\health\h1933.png,tb,tb0664.png,G:\Ai-CDD\updated_class_tb_dataset\TBX11K\imgs\tb\tb0664.png
4,normal,h1933.png,G:\Ai-CDD\updated_class_tb_dataset\TBX11K\imgs\health\h1933.png,tb,tb1181.png,G:\Ai-CDD\updated_class_tb_dataset\TBX11K\imgs\tb\tb1181.png
4,normal,h1934.png,G:\Ai-CDD\updated_class_tb_dataset\TBX11K\imgs\health\h1934.png,normal,h2716.png,G:\Ai-CDD\updated_class_tb_dataset\TBX11K\imgs\health\h2716.png
4,normal,h1934.png,G:\Ai-CDD\updated_class_tb_dataset\TBX11K\imgs\health\h1934.png,normal,h3820.png,G:\Ai-CDD\updated_class_tb_dataset\TBX11K\imgs\health\h3820.png
4,normal,h1935.png,G:\Ai-CDD\updated_class_tb_dataset\TBX11K\imgs\health\h1935.png,normal,h4095.png,G:\Ai-CDD\updated_class_tb_dataset\TBX11K\imgs\health\h4095.png
4,normal,h1935.png,G:\Ai-CDD\updated_class_tb_dataset\TBX11K\imgs\health\h1935.png,normal,h4124.png,G:\Ai-CDD\updated_class_tb_dataset\TBX11K\imgs\health\h4124.png
4,normal,h1935.png,G:\Ai-CDD\updated_class_tb_dataset\TBX11K\imgs\health\h1935.png,normal,h4504.png,G:\Ai-CDD\updated_class_tb_dataset\TBX11K\imgs\health\h4504.png
4,normal,h1935.png,G:\Ai-CDD\updated_class_tb_dataset\TBX11K\imgs\health\h1935.png,normal,h4625.png,G:\Ai-CDD\updated_class_tb_dataset\TBX11K\imgs\health\h4625.png
4,normal,h1940.png,G:\Ai-CDD\updated_class_tb_dataset\TBX11K\imgs\health\h1940.png,normal,h2307.png,G:\Ai-CDD\updated_class_tb_dataset\TBX11K\imgs\health\h2307.png
4,normal,h1940.png,G:\Ai-CDD\updated_class_tb_dataset\TBX11K\imgs\health\h1940.png,normal,h4905.png,G:\Ai-CDD\updated_class_tb_dataset\TBX11K\imgs\health\h4905.png
4,normal,h1944.png,G:\Ai-CDD\updated_class_tb_dataset\TBX11K\imgs\health\h1944.png,normal,h2094.png,G:\Ai-CDD\updated_class_tb_dataset\TBX11K\imgs\health\h2094.png
4,normal,h1944.png,G:\Ai-CDD\updated_class_tb_dataset\TBX11K\imgs\health\h1944.png,normal,h2122.png,G:\Ai-CDD\updated_class_tb_dataset\TBX11K\imgs\health\h2122.png
4,normal,h1944.png,G:\Ai-CDD\updated_class_tb_dataset\TBX11K\imgs\health\h1944.png,normal,h3034.png,G:\Ai-CDD\updated_class_tb_dataset\TBX11K\imgs\health\h3034.png
4,normal,h1944.png,G:\Ai-CDD\updated_class_tb_dataset\TBX11K\imgs\health\h1944.png,normal,h4074.png,G:\Ai-CDD\updated_class_tb_dataset\TBX11K\imgs\health\h4074.png
4,normal,h1944.png,G:\Ai-CDD\updated_class_tb_dataset\TBX11K\imgs\health\h1944.png,normal,h4839.png,G:\Ai-CDD\updated_class_tb_dataset\TBX11K\imgs\health\h4839.png
4,normal,h1944.png,G:\Ai-CDD\updated_class_tb_dataset\TBX11K\imgs\health\h1944.png,tb,tb0751.png,G:\Ai-CDD\updated_class_tb_dataset\TBX11K\imgs\tb\tb0751.png
4,normal,h1949.png,G:\Ai-CDD\updated_class_tb_dataset\TBX11K\imgs\health\h1949.png,normal,h2865.png,G:\Ai-CDD\updated_class_tb_dataset\TBX11K\imgs\health\h2865.png
4,normal,h1953.png,G:\Ai-CDD\updated_class_tb_dataset\TBX11K\imgs\health\h1953.png,normal,h3659.png,G:\Ai-CDD\updated_class_tb_dataset\TBX11K\imgs\health\h3659.png
2,normal,h1953.png,G:\Ai-CDD\updated_class_tb_dataset\TBX11K\imgs\health\h1953.png,normal,h4387.png,G:\Ai-CDD\updated_class_tb_dataset\TBX11K\imgs\health\h4387.png
4,normal,h1954.png,G:\Ai-CDD\updated_class_tb_dataset\TBX11K\imgs\health\h1954.png,sick,s1343.png,G:\Ai-CDD\updated_class_tb_dataset\TBX11K\imgs\sick\s1343.png
4,normal,h1956.png,G:\Ai-CDD\updated_class_tb_dataset\TBX11K\imgs\health\h1956.png,normal,h3948.png,G:\Ai-CDD\updated_class_tb_dataset\TBX11K\imgs\health\h3948.png
2,normal,h1958.png,G:\Ai-CDD\updated_class_tb_dataset\TBX11K\imgs\health\h1958.png,normal,h2286.png,G:\Ai-CDD\updated_class_tb_dataset\TBX11K\imgs\health\h2286.png
4,normal,h1958.png,G:\Ai-CDD\updated_class_tb_dataset\TBX11K\imgs\health\h1958.png,tb,tb0342.png,G:\Ai-CDD\updated_class_tb_dataset\TBX11K\imgs\tb\tb0342.png
4,normal,h1960.png,G:\Ai-CDD\updated_class_tb_dataset\TBX11K\imgs\health\h1960.png,normal,h3620.png,G:\Ai-CDD\updated_class_tb_dataset\TBX11K\imgs\health\h3620.png
4,normal,h1960.png,G:\Ai-CDD\updated_class_tb_dataset\TBX11K\imgs\health\h1960.png,normal,h3830.png,G:\Ai-CDD\updated_class_tb_dataset\TBX11K\imgs\health\h3830.png
4,normal,h1960.png,G:\Ai-CDD\updated_class_tb_dataset\TBX11K\imgs\health\h1960.png,sick,s3412.png,G:\Ai-CDD\updated_class_tb_dataset\TBX11K\imgs\sick\s3412.png
4,normal,h1962.png,G:\Ai-CDD\updated_class_tb_dataset\TBX11K\imgs\health\h1962.png,normal,h2524.png,G:\Ai-CDD\updated_class_tb_dataset\TBX11K\imgs\health\h2524.png
4,normal,h1970.png,G:\Ai-CDD\updated_class_tb_dataset\TBX11K\imgs\health\h1970.png,normal,h3039.png,G:\Ai-CDD\updated_class_tb_dataset\TBX11K\imgs\health\h3039.png
4,normal,h1970.png,G:\Ai-CDD\updated_class_tb_dataset\TBX11K\imgs\health\h1970.png,normal,h3742.png,G:\Ai-CDD\updated_class_tb_dataset\TBX11K\imgs\health\h3742.png
4,normal,h1973.png,G:\Ai-CDD\updated_class_tb_dataset\TBX11K\imgs\health\h1973.png,normal,h4834.png,G:\Ai-CDD\updated_class_tb_dataset\TBX11K\imgs\health\h4834.png
4,normal,h1976.png,G:\Ai-CDD\updated_class_tb_dataset\TBX11K\imgs\health\h1976.png,normal,h4255.png,G:\Ai-CDD\updated_class_tb_dataset\TBX11K\imgs\health\h4255.png
4,normal,h1981.png,G:\Ai-CDD\updated_class_tb_dataset\TBX11K\imgs\health\h1981.png,normal,h4625.png,G:\Ai-CDD\updated_class_tb_dataset\TBX11K\imgs\health\h4625.png
4,normal,h1982.png,G:\Ai-CDD\updated_class_tb_dataset\TBX11K\imgs\health\h1982.png,normal,h1993.png,G:\Ai-CDD\updated_class_tb_dataset\TBX11K\imgs\health\h1993.png
2,normal,h1982.png,G:\Ai-CDD\updated_class_tb_dataset\TBX11K\imgs\health\h1982.png,normal,h3482.png,G:\Ai-CDD\updated_class_tb_dataset\TBX11K\imgs\health\h3482.png
4,normal,h1993.png,G:\Ai-CDD\updated_class_tb_dataset\TBX11K\imgs\health\h1993.png,normal,h3895.png,G:\Ai-CDD\updated_class_tb_dataset\TBX11K\imgs\health\h3895.png
4,normal,h2007.png,G:\Ai-CDD\updated_class_tb_dataset\TBX11K\imgs\health\h2007.png,normal,h3497.png,G:\Ai-CDD\updated_class_tb_dataset\TBX11K\imgs\health\h3497.png
4,normal,h2007.png,G:\Ai-CDD\updated_class_tb_dataset\TBX11K\imgs\health\h2007.png,normal,h4362.png,G:\Ai-CDD\updated_class_tb_dataset\TBX11K\imgs\health\h4362.png
4,normal,h2011.png,G:\Ai-CDD\updated_class_tb_dataset\TBX11K\imgs\health\h2011.png,normal,h2423.png,G:\Ai-CDD\updated_class_tb_dataset\TBX11K\imgs\health\h2423.png
4,normal,h2011.png,G:\Ai-CDD\updated_class_tb_dataset\TBX11K\imgs\health\h2011.png,normal,h3821.png,G:\Ai-CDD\updated_class_tb_dataset\TBX11K\imgs\health\h3821.png
4,normal,h2011.png,G:\Ai-CDD\updated_class_tb_dataset\TBX11K\imgs\health\h2011.png,normal,h4348.png,G:\Ai-CDD\updated_class_tb_dataset\TBX11K\imgs\health\h4348.png
4,normal,h2011.png,G:\Ai-CDD\updated_class_tb_dataset\TBX11K\imgs\health\h2011.png,normal,h4428.png,G:\Ai-CDD\updated_class_tb_dataset\TBX11K\imgs\health\h4428.png
4,normal,h2022.png,G:\Ai-CDD\updated_class_tb_dataset\TBX11K\imgs\health\h2022.png,normal,h3147.png,G:\Ai-CDD\updated_class_tb_dataset\TBX11K\imgs\health\h3147.png
4,normal,h2022.png,G:\Ai-CDD\updated_class_tb_dataset\TBX11K\imgs\health\h2022.png,sick,s4583.png,G:\Ai-CDD\updated_class_tb_dataset\TBX11K\imgs\sick\s4583.png
4,normal,h2023.png,G:\Ai-CDD\updated_class_tb_dataset\TBX11K\imgs\health\h2023.png,normal,h3828.png,G:\Ai-CDD\updated_class_tb_dataset\TBX11K\imgs\health\h3828.png
2,normal,h2035.png,G:\Ai-CDD\updated_class_tb_dataset\TBX11K\imgs\health\h2035.png,normal,h3987.png,G:\Ai-CDD\updated_class_tb_dataset\TBX11K\imgs\health\h3987.png
4,normal,h2043.png,G:\Ai-CDD\updated_class_tb_dataset\TBX11K\imgs\health\h2043.png,normal,h3061.png,G:\Ai-CDD\updated_class_tb_dataset\TBX11K\imgs\health\h3061.png
2,normal,h2055.png,G:\Ai-CDD\updated_class_tb_dataset\TBX11K\imgs\health\h2055.png,sick,s0664.png,G:\Ai-CDD\updated_class_tb_dataset\TBX11K\imgs\sick\s0664.png
4,normal,h2058.png,G:\Ai-CDD\updated_class_tb_dataset\TBX11K\imgs\health\h2058.png,normal,h2514.png,G:\Ai-CDD\updated_class_tb_dataset\TBX11K\imgs\health\h2514.png
4,normal,h2058.png,G:\Ai-CDD\updated_class_tb_dataset\TBX11K\imgs\health\h2058.png,normal,h2716.png,G:\Ai-CDD\updated_class_tb_dataset\TBX11K\imgs\health\h2716.png
4,normal,h2058.png,G:\Ai-CDD\updated_class_tb_dataset\TBX11K\imgs\health\h2058.png,normal,h3534.png,G:\Ai-CDD\updated_class_tb_dataset\TBX11K\imgs\health\h3534.png
4,normal,h2058.png,G:\Ai-CDD\updated_class_tb_dataset\TBX11K\imgs\health\h2058.png,normal,h4180.png,G:\Ai-CDD\updated_class_tb_dataset\TBX11K\imgs\health\h4180.png
4,normal,h2059.png,G:\Ai-CDD\updated_class_tb_dataset\TBX11K\imgs\health\h2059.png,normal,h2520.png,G:\Ai-CDD\updated_class_tb_dataset\TBX11K\imgs\health\h2520.png
4,normal,h2059.png,G:\Ai-CDD\updated_class_tb_dataset\TBX11K\imgs\health\h2059.png,normal,h2662.png,G:\Ai-CDD\updated_class_tb_dataset\TBX11K\imgs\health\h2662.png
4,normal,h2059.png,G:\Ai-CDD\updated_class_tb_dataset\TBX11K\imgs\health\h2059.png,normal,h2801.png,G:\Ai-CDD\updated_class_tb_dataset\TBX11K\imgs\health\h2801.png
4,normal,h2059.png,G:\Ai-CDD\updated_class_tb_dataset\TBX11K\imgs\health\h2059.png,normal,h3269.png,G:\Ai-CDD\updated_class_tb_dataset\TBX11K\imgs\health\h3269.png
4,normal,h2059.png,G:\Ai-CDD\updated_class_tb_dataset\TBX11K\imgs\health\h2059.png,normal,h3461.png,G:\Ai-CDD\updated_class_tb_dataset\TBX11K\imgs\health\h3461.png
4,normal,h2059.png,G:\Ai-CDD\updated_class_tb_dataset\TBX11K\imgs\health\h2059.png,normal,h3675.png,G:\Ai-CDD\updated_class_tb_dataset\TBX11K\imgs\health\h3675.png
2,normal,h2059.png,G:\Ai-CDD\updated_class_tb_dataset\TBX11K\imgs\health\h2059.png,normal,h4495.png,G:\Ai-CDD\updated_class_tb_dataset\TBX11K\imgs\health\h4495.png
4,normal,h2063.png,G:\Ai-CDD\updated_class_tb_dataset\TBX11K\imgs\health\h2063.png,normal,h4803.png,G:\Ai-CDD\updated_class_tb_dataset\TBX11K\imgs\health\h4803.png
4,normal,h2064.png,G:\Ai-CDD\updated_class_tb_dataset\TBX11K\imgs\health\h2064.png,normal,h2480.png,G:\Ai-CDD\updated_class_tb_dataset\TBX11K\imgs\health\h2480.png
2,normal,h2065.png,G:\Ai-CDD\updated_class_tb_dataset\TBX11K\imgs\health\h2065.png,normal,h3931.png,G:\Ai-CDD\updated_class_tb_dataset\TBX11K\imgs\health\h3931.png
4,normal,h2066.png,G:\Ai-CDD\updated_class_tb_dataset\TBX11K\imgs\health\h2066.png,sick,s1134.png,G:\Ai-CDD\updated_class_tb_dataset\TBX11K\imgs\sick\s1134.png
4,normal,h2066.png,G:\Ai-CDD\updated_class_tb_dataset\TBX11K\imgs\health\h2066.png,sick,s4414.png,G:\Ai-CDD\updated_class_tb_dataset\TBX11K\imgs\sick\s4414.png
4,normal,h2068.png,G:\Ai-CDD\updated_class_tb_dataset\TBX11K\imgs\health\h2068.png,normal,h2170.png,G:\Ai-CDD\updated_class_tb_dataset\TBX11K\imgs\health\h2170.png
4,normal,h2068.png,G:\Ai-CDD\updated_class_tb_dataset\TBX11K\imgs\health\h2068.png,normal,h2172.png,G:\Ai-CDD\updated_class_tb_dataset\TBX11K\imgs\health\h2172.png
4,normal,h2068.png,G:\Ai-CDD\updated_class_tb_dataset\TBX11K\imgs\health\h2068.png,normal,h2307.png,G:\Ai-CDD\updated_class_tb_dataset\TBX11K\imgs\health\h2307.png
4,normal,h2068.png,G:\Ai-CDD\updated_class_tb_dataset\TBX11K\imgs\health\h2068.png,normal,h3254.png,G:\Ai-CDD\updated_class_tb_dataset\TBX11K\imgs\health\h3254.png
4,normal,h2068.png,G:\Ai-CDD\updated_class_tb_dataset\TBX11K\imgs\health\h2068.png,normal,h4092.png,G:\Ai-CDD\updated_class_tb_dataset\TBX11K\imgs\health\h4092.png
4,normal,h2068.png,G:\Ai-CDD\updated_class_tb_dataset\TBX11K\imgs\health\h2068.png,tb,tb0366.png,G:\Ai-CDD\updated_class_tb_dataset\TBX11K\imgs\tb\tb0366.png
4,normal,h2069.png,G:\Ai-CDD\updated_class_tb_dataset\TBX11K\imgs\health\h2069.png,sick,s2690.png,G:\Ai-CDD\updated_class_tb_dataset\TBX11K\imgs\sick\s2690.png
4,normal,h2070.png,G:\Ai-CDD\updated_class_tb_dataset\TBX11K\imgs\health\h2070.png,normal,h2314.png,G:\Ai-CDD\updated_class_tb_dataset\TBX11K\imgs\health\h2314.png
4,normal,h2070.png,G:\Ai-CDD\updated_class_tb_dataset\TBX11K\imgs\health\h2070.png,normal,h2836.png,G:\Ai-CDD\updated_class_tb_dataset\TBX11K\imgs\health\h2836.png
4,normal,h2070.png,G:\Ai-CDD\updated_class_tb_dataset\TBX11K\imgs\health\h2070.png,normal,h2901.png,G:\Ai-CDD\updated_class_tb_dataset\TBX11K\imgs\health\h2901.png
4,normal,h2070.png,G:\Ai-CDD\updated_class_tb_dataset\TBX11K\imgs\health\h2070.png,normal,h3030.png,G:\Ai-CDD\updated_class_tb_dataset\TBX11K\imgs\health\h3030.png
4,normal,h2070.png,G:\Ai-CDD\updated_class_tb_dataset\TBX11K\imgs\health\h2070.png,normal,h3420.png,G:\Ai-CDD\updated_class_tb_dataset\TBX11K\imgs\health\h3420.png
4,normal,h2071.png,G:\Ai-CDD\updated_class_tb_dataset\TBX11K\imgs\health\h2071.png,normal,h3340.png,G:\Ai-CDD\updated_class_tb_dataset\TBX11K\imgs\health\h3340.png
4,normal,h2076.png,G:\Ai-CDD\updated_class_tb_dataset\TBX11K\imgs\health\h2076.png,sick,s0256.png,G:\Ai-CDD\updated_class_tb_dataset\TBX11K\imgs\sick\s0256.png
2,normal,h2081.png,G:\Ai-CDD\updated_class_tb_dataset\TBX11K\imgs\health\h2081.png,normal,h3059.png,G:\Ai-CDD\updated_class_tb_dataset\TBX11K\imgs\health\h3059.png
4,normal,h2081.png,G:\Ai-CDD\updated_class_tb_dataset\TBX11K\imgs\health\h2081.png,normal,h4788.png,G:\Ai-CDD\updated_class_tb_dataset\TBX11K\imgs\health\h4788.png
4,normal,h2081.png,G:\Ai-CDD\updated_class_tb_dataset\TBX11K\imgs\health\h2081.png,normal,h4988.png,G:\Ai-CDD\updated_class_tb_dataset\TBX11K\imgs\health\h4988.png
2,normal,h2081.png,G:\Ai-CDD\updated_class_tb_dataset\TBX11K\imgs\health\h2081.png,tb,tb0739.png,G:\Ai-CDD\updated_class_tb_dataset\TBX11K\imgs\tb\tb0739.png
4,normal,h2094.png,G:\Ai-CDD\updated_class_tb_dataset\TBX11K\imgs\health\h2094.png,normal,h2122.png,G:\Ai-CDD\updated_class_tb_dataset\TBX11K\imgs\health\h2122.png
4,normal,h2094.png,G:\Ai-CDD\updated_class_tb_dataset\TBX11K\imgs\health\h2094.png,normal,h2277.png,G:\Ai-CDD\updated_class_tb_dataset\TBX11K\imgs\health\h2277.png
4,normal,h2101.png,G:\Ai-CDD\updated_class_tb_dataset\TBX11K\imgs\health\h2101.png,normal,h2105.png,G:\Ai-CDD\updated_class_tb_dataset\TBX11K\imgs\health\h2105.png
4,normal,h2101.png,G:\Ai-CDD\updated_class_tb_dataset\TBX11K\imgs\health\h2101.png,normal,h2150.png,G:\Ai-CDD\updated_class_tb_dataset\TBX11K\imgs\health\h2150.png
4,normal,h2101.png,G:\Ai-CDD\updated_class_tb_dataset\TBX11K\imgs\health\h2101.png,normal,h2218.png,G:\Ai-CDD\updated_class_tb_dataset\TBX11K\imgs\health\h2218.png
4,normal,h2101.png,G:\Ai-CDD\updated_class_tb_dataset\TBX11K\imgs\health\h2101.png,normal,h2493.png,G:\Ai-CDD\updated_class_tb_dataset\TBX11K\imgs\health\h2493.png
4,normal,h2105.png,G:\Ai-CDD\updated_class_tb_dataset\TBX11K\imgs\health\h2105.png,normal,h2458.png,G:\Ai-CDD\updated_class_tb_dataset\TBX11K\imgs\health\h2458.png
4,normal,h2108.png,G:\Ai-CDD\updated_class_tb_dataset\TBX11K\imgs\health\h2108.png,normal,h4452.png,G:\Ai-CDD\updated_class_tb_dataset\TBX11K\imgs\health\h4452.png
4,normal,h2108.png,G:\Ai-CDD\updated_class_tb_dataset\TBX11K\imgs\health\h2108.png,normal,h4669.png,G:\Ai-CDD\updated_class_tb_dataset\TBX11K\imgs\health\h4669.png
2,normal,h2109.png,G:\Ai-CDD\updated_class_tb_dataset\TBX11K\imgs\health\h2109.png,normal,h2526.png,G:\Ai-CDD\updated_class_tb_dataset\TBX11K\imgs\health\h2526.png
2,normal,h2109.png,G:\Ai-CDD\updated_class_tb_dataset\TBX11K\imgs\health\h2109.png,normal,h2662.png,G:\Ai-CDD\updated_class_tb_dataset\TBX11K\imgs\health\h2662.png
4,normal,h2109.png,G:\Ai-CDD\updated_class_tb_dataset\TBX11K\imgs\health\h2109.png,normal,h3348.png,G:\Ai-CDD\updated_class_tb_dataset\TBX11K\imgs\health\h3348.png
4,normal,h2109.png,G:\Ai-CDD\updated_class_tb_dataset\TBX11K\imgs\health\h2109.png,normal,h3500.png,G:\Ai-CDD\updated_class_tb_dataset\TBX11K\imgs\health\h3500.png
4,normal,h2109.png,G:\Ai-CDD\updated_class_tb_dataset\TBX11K\imgs\health\h2109.png,normal,h3675.png,G:\Ai-CDD\updated_class_tb_dataset\TBX11K\imgs\health\h3675.png
4,normal,h2109.png,G:\Ai-CDD\updated_class_tb_dataset\TBX11K\imgs\health\h2109.png,normal,h3819.png,G:\Ai-CDD\updated_class_tb_dataset\TBX11K\imgs\health\h3819.png
4,normal,h2109.png,G:\Ai-CDD\updated_class_tb_dataset\TBX11K\imgs\health\h2109.png,normal,h4750.png,G:\Ai-CDD\updated_class_tb_dataset\TBX11K\imgs\health\h4750.png
4,normal,h2109.png,G:\Ai-CDD\updated_class_tb_dataset\TBX11K\imgs\health\h2109.png,normal,h4769.png,G:\Ai-CDD\updated_class_tb_dataset\TBX11K\imgs\health\h4769.png
4,normal,h2109.png,G:\Ai-CDD\updated_class_tb_dataset\TBX11K\imgs\health\h2109.png,normal,h4958.png,G:\Ai-CDD\updated_class_tb_dataset\TBX11K\imgs\health\h4958.png
4,normal,h2109.png,G:\Ai-CDD\updated_class_tb_dataset\TBX11K\imgs\health\h2109.png,sick,s1507.png,G:\Ai-CDD\updated_class_tb_dataset\TBX11K\imgs\sick\s1507.png
4,normal,h2113.png,G:\Ai-CDD\updated_class_tb_dataset\TBX11K\imgs\health\h2113.png,normal,h3049.png,G:\Ai-CDD\updated_class_tb_dataset\TBX11K\imgs\health\h3049.png
4,normal,h2115.png,G:\Ai-CDD\updated_class_tb_dataset\TBX11K\imgs\health\h2115.png,normal,h4929.png,G:\Ai-CDD\updated_class_tb_dataset\TBX11K\imgs\health\h4929.png
4,normal,h2122.png,G:\Ai-CDD\updated_class_tb_dataset\TBX11K\imgs\health\h2122.png,normal,h2323.png,G:\Ai-CDD\updated_class_tb_dataset\TBX11K\imgs\health\h2323.png
4,normal,h2133.png,G:\Ai-CDD\updated_class_tb_dataset\TBX11K\imgs\health\h2133.png,normal,h2456.png,G:\Ai-CDD\updated_class_tb_dataset\TBX11K\imgs\health\h2456.png
4,normal,h2133.png,G:\Ai-CDD\updated_class_tb_dataset\TBX11K\imgs\health\h2133.png,normal,h3331.png,G:\Ai-CDD\updated_class_tb_dataset\TBX11K\imgs\health\h3331.png
4,normal,h2133.png,G:\Ai-CDD\updated_class_tb_dataset\TBX11K\imgs\health\h2133.png,normal,h3341.png,G:\Ai-CDD\updated_class_tb_dataset\TBX11K\imgs\health\h3341.png
4,normal,h2133.png,G:\Ai-CDD\updated_class_tb_dataset\TBX11K\imgs\health\h2133.png,normal,h4256.png,G:\Ai-CDD\updated_class_tb_dataset\TBX11K\imgs\health\h4256.png
4,normal,h2138.png,G:\Ai-CDD\updated_class_tb_dataset\TBX11K\imgs\health\h2138.png,normal,h3034.png,G:\Ai-CDD\updated_class_tb_dataset\TBX11K\imgs\health\h3034.png
4,normal,h2145.png,G:\Ai-CDD\updated_class_tb_dataset\TBX11K\imgs\health\h2145.png,normal,h2530.png,G:\Ai-CDD\updated_class_tb_dataset\TBX11K\imgs\health\h2530.png
2,normal,h2145.png,G:\Ai-CDD\updated_class_tb_dataset\TBX11K\imgs\health\h2145.png,normal,h3848.png,G:\Ai-CDD\updated_class_tb_dataset\TBX11K\imgs\health\h3848.png
4,normal,h2145.png,G:\Ai-CDD\updated_class_tb_dataset\TBX11K\imgs\health\h2145.png,normal,h4912.png,G:\Ai-CDD\updated_class_tb_dataset\TBX11K\imgs\health\h4912.png
4,normal,h2146.png,G:\Ai-CDD\updated_class_tb_dataset\TBX11K\imgs\health\h2146.png,normal,h2862.png,G:\Ai-CDD\updated_class_tb_dataset\TBX11K\imgs\health\h2862.png
4,normal,h2146.png,G:\Ai-CDD\updated_class_tb_dataset\TBX11K\imgs\health\h2146.png,normal,h4300.png,G:\Ai-CDD\updated_class_tb_dataset\TBX11K\imgs\health\h4300.png
4,normal,h2146.png,G:\Ai-CDD\updated_class_tb_dataset\TBX11K\imgs\health\h2146.png,normal,h4496.png,G:\Ai-CDD\updated_class_tb_dataset\TBX11K\imgs\health\h4496.png
4,normal,h2146.png,G:\Ai-CDD\updated_class_tb_dataset\TBX11K\imgs\health\h2146.png,normal,h4965.png,G:\Ai-CDD\updated_class_tb_dataset\TBX11K\imgs\health\h4965.png
4,normal,h2147.png,G:\Ai-CDD\updated_class_tb_dataset\TBX11K\imgs\health\h2147.png,normal,h2369.png,G:\Ai-CDD\updated_class_tb_dataset\TBX11K\imgs\health\h2369.png
4,normal,h2150.png,G:\Ai-CDD\updated_class_tb_dataset\TBX11K\imgs\health\h2150.png,normal,h2218.png,G:\Ai-CDD\updated_class_tb_dataset\TBX11K\imgs\health\h2218.png
4,normal,h2150.png,G:\Ai-CDD\updated_class_tb_dataset\TBX11K\imgs\health\h2150.png,sick,s4781.png,G:\Ai-CDD\updated_class_tb_dataset\TBX11K\imgs\sick\s4781.png
4,normal,h2153.png,G:\Ai-CDD\updated_class_tb_dataset\TBX11K\imgs\health\h2153.png,sick,s4191.png,G:\Ai-CDD\updated_class_tb_dataset\TBX11K\imgs\sick\s4191.png
4,normal,h2158.png,G:\Ai-CDD\updated_class_tb_dataset\TBX11K\imgs\health\h2158.png,normal,h2847.png,G:\Ai-CDD\updated_class_tb_dataset\TBX11K\imgs\health\h2847.png
4,normal,h2164.png,G:\Ai-CDD\updated_class_tb_dataset\TBX11K\imgs\health\h2164.png,normal,h2347.png,G:\Ai-CDD\updated_class_tb_dataset\TBX11K\imgs\health\h2347.png
4,normal,h2164.png,G:\Ai-CDD\updated_class_tb_dataset\TBX11K\imgs\health\h2164.png,normal,h4510.png,G:\Ai-CDD\updated_class_tb_dataset\TBX11K\imgs\health\h4510.png
4,normal,h2170.png,G:\Ai-CDD\updated_class_tb_dataset\TBX11K\imgs\health\h2170.png,normal,h2307.png,G:\Ai-CDD\updated_class_tb_dataset\TBX11K\imgs\health\h2307.png
4,normal,h2170.png,G:\Ai-CDD\updated_class_tb_dataset\TBX11K\imgs\health\h2170.png,normal,h2520.png,G:\Ai-CDD\updated_class_tb_dataset\TBX11K\imgs\health\h2520.png
4,normal,h2170.png,G:\Ai-CDD\updated_class_tb_dataset\TBX11K\imgs\health\h2170.png,normal,h3254.png,G:\Ai-CDD\updated_class_tb_dataset\TBX11K\imgs\health\h3254.png
4,normal,h2170.png,G:\Ai-CDD\updated_class_tb_dataset\TBX11K\imgs\health\h2170.png,normal,h4636.png,G:\Ai-CDD\updated_class_tb_dataset\TBX11K\imgs\health\h4636.png
4,normal,h2170.png,G:\Ai-CDD\updated_class_tb_dataset\TBX11K\imgs\health\h2170.png,tb,tb0083.png,G:\Ai-CDD\updated_class_tb_dataset\TBX11K\imgs\tb\tb0083.png
4,normal,h2172.png,G:\Ai-CDD\updated_class_tb_dataset\TBX11K\imgs\health\h2172.png,normal,h2404.png,G:\Ai-CDD\updated_class_tb_dataset\TBX11K\imgs\health\h2404.png
4,normal,h2172.png,G:\Ai-CDD\updated_class_tb_dataset\TBX11K\imgs\health\h2172.png,normal,h3254.png,G:\Ai-CDD\updated_class_tb_dataset\TBX11K\imgs\health\h3254.png
2,normal,h2172.png,G:\Ai-CDD\updated_class_tb_dataset\TBX11K\imgs\health\h2172.png,normal,h3500.png,G:\Ai-CDD\updated_class_tb_dataset\TBX11K\imgs\health\h3500.png
2,normal,h2172.png,G:\Ai-CDD\updated_class_tb_dataset\TBX11K\imgs\health\h2172.png,normal,h3830.png,G:\Ai-CDD\updated_class_tb_dataset\TBX11K\imgs\health\h3830.png
4,normal,h2172.png,G:\Ai-CDD\updated_class_tb_dataset\TBX11K\imgs\health\h2172.png,tb,tb0409.png,G:\Ai-CDD\updated_class_tb_dataset\TBX11K\imgs\tb\tb0409.png
4,normal,h2173.png,G:\Ai-CDD\updated_class_tb_dataset\TBX11K\imgs\health\h2173.png,normal,h2732.png,G:\Ai-CDD\updated_class_tb_dataset\TBX11K\imgs\health\h2732.png
2,normal,h2174.png,G:\Ai-CDD\updated_class_tb_dataset\TBX11K\imgs\health\h2174.png,normal,h3910.png,G:\Ai-CDD\updated_class_tb_dataset\TBX11K\imgs\health\h3910.png
4,normal,h2176.png,G:\Ai-CDD\updated_class_tb_dataset\TBX11K\imgs\health\h2176.png,normal,h2269.png,G:\Ai-CDD\updated_class_tb_dataset\TBX11K\imgs\health\h2269.png
4,normal,h2176.png,G:\Ai-CDD\updated_class_tb_dataset\TBX11K\imgs\health\h2176.png,normal,h3605.png,G:\Ai-CDD\updated_class_tb_dataset\TBX11K\imgs\health\h3605.png
4,normal,h2176.png,G:\Ai-CDD\updated_class_tb_dataset\TBX11K\imgs\health\h2176.png,normal,h3859.png,G:\Ai-CDD\updated_class_tb_dataset\TBX11K\imgs\health\h3859.png
4,normal,h2176.png,G:\Ai-CDD\updated_class_tb_dataset\TBX11K\imgs\health\h2176.png,normal,h4261.png,G:\Ai-CDD\updated_class_tb_dataset\TBX11K\imgs\health\h4261.png
4,normal,h2177.png,G:\Ai-CDD\updated_class_tb_dataset\TBX11K\imgs\health\h2177.png,normal,h4903.png,G:\Ai-CDD\updated_class_tb_dataset\TBX11K\imgs\health\h4903.png
4,normal,h2179.png,G:\Ai-CDD\updated_class_tb_dataset\TBX11K\imgs\health\h2179.png,normal,h4960.png,G:\Ai-CDD\updated_class_tb_dataset\TBX11K\imgs\health\h4960.png
4,normal,h2181.png,G:\Ai-CDD\updated_class_tb_dataset\TBX11K\imgs\health\h2181.png,normal,h2778.png,G:\Ai-CDD\updated_class_tb_dataset\TBX11K\imgs\health\h2778.png
2,normal,h2181.png,G:\Ai-CDD\updated_class_tb_dataset\TBX11K\imgs\health\h2181.png,normal,h3608.png,G:\Ai-CDD\updated_class_tb_dataset\TBX11K\imgs\health\h3608.png
4,normal,h2181.png,G:\Ai-CDD\updated_class_tb_dataset\TBX11K\imgs\health\h2181.png,normal,h4569.png,G:\Ai-CDD\updated_class_tb_dataset\TBX11K\imgs\health\h4569.png
4,normal,h2181.png,G:\Ai-CDD\updated_class_tb_dataset\TBX11K\imgs\health\h2181.png,sick,s4316.png,G:\Ai-CDD\updated_class_tb_dataset\TBX11K\imgs\sick\s4316.png
4,normal,h2191.png,G:\Ai-CDD\updated_class_tb_dataset\TBX11K\imgs\health\h2191.png,normal,h4402.png,G:\Ai-CDD\updated_class_tb_dataset\TBX11K\imgs\health\h4402.png
4,normal,h2191.png,G:\Ai-CDD\updated_class_tb_dataset\TBX11K\imgs\health\h2191.png,sick,s2218.png,G:\Ai-CDD\updated_class_tb_dataset\TBX11K\imgs\sick\s2218.png
4,normal,h2198.png,G:\Ai-CDD\updated_class_tb_dataset\TBX11K\imgs\health\h2198.png,normal,h4213.png,G:\Ai-CDD\updated_class_tb_dataset\TBX11K\imgs\health\h4213.png
4,normal,h2198.png,G:\Ai-CDD\updated_class_tb_dataset\TBX11K\imgs\health\h2198.png,normal,h4880.png,G:\Ai-CDD\updated_class_tb_dataset\TBX11K\imgs\health\h4880.png
4,normal,h2199.png,G:\Ai-CDD\updated_class_tb_dataset\TBX11K\imgs\health\h2199.png,normal,h2323.png,G:\Ai-CDD\updated_class_tb_dataset\TBX11K\imgs\health\h2323.png
4,normal,h2199.png,G:\Ai-CDD\updated_class_tb_dataset\TBX11K\imgs\health\h2199.png,normal,h3034.png,G:\Ai-CDD\updated_class_tb_dataset\TBX11K\imgs\health\h3034.png
4,normal,h2199.png,G:\Ai-CDD\updated_class_tb_dataset\TBX11K\imgs\health\h2199.png,normal,h3109.png,G:\Ai-CDD\updated_class_tb_dataset\TBX11K\imgs\health\h3109.png
4,normal,h2202.png,G:\Ai-CDD\updated_class_tb_dataset\TBX11K\imgs\health\h2202.png,normal,h2530.png,G:\Ai-CDD\updated_class_tb_dataset\TBX11K\imgs\health\h2530.png
4,normal,h2214.png,G:\Ai-CDD\updated_class_tb_dataset\TBX11K\imgs\health\h2214.png,sick,s2777.png,G:\Ai-CDD\updated_class_tb_dataset\TBX11K\imgs\sick\s2777.png
4,normal,h2215.png,G:\Ai-CDD\updated_class_tb_dataset\TBX11K\imgs\health\h2215.png,normal,h2567.png,G:\Ai-CDD\updated_class_tb_dataset\TBX11K\imgs\health\h2567.png
4,normal,h2215.png,G:\Ai-CDD\updated_class_tb_dataset\TBX11K\imgs\health\h2215.png,normal,h4458.png,G:\Ai-CDD\updated_class_tb_dataset\TBX11K\imgs\health\h4458.png
4,normal,h2218.png,G:\Ai-CDD\updated_class_tb_dataset\TBX11K\imgs\health\h2218.png,normal,h2493.png,G:\Ai-CDD\updated_class_tb_dataset\TBX11K\imgs\health\h2493.png
4,normal,h2218.png,G:\Ai-CDD\updated_class_tb_dataset\TBX11K\imgs\health\h2218.png,normal,h2786.png,G:\Ai-CDD\updated_class_tb_dataset\TBX11K\imgs\health\h2786.png
4,normal,h2218.png,G:\Ai-CDD\updated_class_tb_dataset\TBX11K\imgs\health\h2218.png,normal,h3859.png,G:\Ai-CDD\updated_class_tb_dataset\TBX11K\imgs\health\h3859.png
4,normal,h2218.png,G:\Ai-CDD\updated_class_tb_dataset\TBX11K\imgs\health\h2218.png,sick,s2871.png,G:\Ai-CDD\updated_class_tb_dataset\TBX11K\imgs\sick\s2871.png
4,normal,h2220.png,G:\Ai-CDD\updated_class_tb_dataset\TBX11K\imgs\health\h2220.png,normal,h3963.png,G:\Ai-CDD\updated_class_tb_dataset\TBX11K\imgs\health\h3963.png
4,normal,h2220.png,G:\Ai-CDD\updated_class_tb_dataset\TBX11K\imgs\health\h2220.png,normal,h4939.png,G:\Ai-CDD\updated_class_tb_dataset\TBX11K\imgs\health\h4939.png
4,normal,h2221.png,G:\Ai-CDD\updated_class_tb_dataset\TBX11K\imgs\health\h2221.png,normal,h4389.png,G:\Ai-CDD\updated_class_tb_dataset\TBX11K\imgs\health\h4389.png
4,normal,h2228.png,G:\Ai-CDD\updated_class_tb_dataset\TBX11K\imgs\health\h2228.png,normal,h2960.png,G:\Ai-CDD\updated_class_tb_dataset\TBX11K\imgs\health\h2960.png
4,normal,h2228.png,G:\Ai-CDD\updated_class_tb_dataset\TBX11K\imgs\health\h2228.png,normal,h3808.png,G:\Ai-CDD\updated_class_tb_dataset\TBX11K\imgs\health\h3808.png
4,normal,h2229.png,G:\Ai-CDD\updated_class_tb_dataset\TBX11K\imgs\health\h2229.png,normal,h2681.png,G:\Ai-CDD\updated_class_tb_dataset\TBX11K\imgs\health\h2681.png
4,normal,h2229.png,G:\Ai-CDD\updated_class_tb_dataset\TBX11K\imgs\health\h2229.png,normal,h4473.png,G:\Ai-CDD\updated_class_tb_dataset\TBX11K\imgs\health\h4473.png
4,normal,h2237.png,G:\Ai-CDD\updated_class_tb_dataset\TBX11K\imgs\health\h2237.png,normal,h3656.png,G:\Ai-CDD\updated_class_tb_dataset\TBX11K\imgs\health\h3656.png
4,normal,h2246.png,G:\Ai-CDD\updated_class_tb_dataset\TBX11K\imgs\health\h2246.png,normal,h2778.png,G:\Ai-CDD\updated_class_tb_dataset\TBX11K\imgs\health\h2778.png
4,normal,h2246.png,G:\Ai-CDD\updated_class_tb_dataset\TBX11K\imgs\health\h2246.png,normal,h4356.png,G:\Ai-CDD\updated_class_tb_dataset\TBX11K\imgs\health\h4356.png
4,normal,h2248.png,G:\Ai-CDD\updated_class_tb_dataset\TBX11K\imgs\health\h2248.png,sick,s2230.png,G:\Ai-CDD\updated_class_tb_dataset\TBX11K\imgs\sick\s2230.png
4,normal,h2251.png,G:\Ai-CDD\updated_class_tb_dataset\TBX11K\imgs\health\h2251.png,normal,h3270.png,G:\Ai-CDD\updated_class_tb_dataset\TBX11K\imgs\health\h3270.png
4,normal,h2255.png,G:\Ai-CDD\updated_class_tb_dataset\TBX11K\imgs\health\h2255.png,normal,h2656.png,G:\Ai-CDD\updated_class_tb_dataset\TBX11K\imgs\health\h2656.png
2,normal,h2255.png,G:\Ai-CDD\updated_class_tb_dataset\TBX11K\imgs\health\h2255.png,normal,h3416.png,G:\Ai-CDD\updated_class_tb_dataset\TBX11K\imgs\health\h3416.png
4,normal,h2255.png,G:\Ai-CDD\updated_class_tb_dataset\TBX11K\imgs\health\h2255.png,normal,h3673.png,G:\Ai-CDD\updated_class_tb_dataset\TBX11K\imgs\health\h3673.png
4,normal,h2255.png,G:\Ai-CDD\updated_class_tb_dataset\TBX11K\imgs\health\h2255.png,normal,h3727.png,G:\Ai-CDD\updated_class_tb_dataset\TBX11K\imgs\health\h3727.png
4,normal,h2255.png,G:\Ai-CDD\updated_class_tb_dataset\TBX11K\imgs\health\h2255.png,normal,h3753.png,G:\Ai-CDD\updated_class_tb_dataset\TBX11K\imgs\health\h3753.png
4,normal,h2257.png,G:\Ai-CDD\updated_class_tb_dataset\TBX11K\imgs\health\h2257.png,normal,h3046.png,G:\Ai-CDD\updated_class_tb_dataset\TBX11K\imgs\health\h3046.png
4,normal,h2257.png,G:\Ai-CDD\updated_class_tb_dataset\TBX11K\imgs\health\h2257.png,normal,h3348.png,G:\Ai-CDD\updated_class_tb_dataset\TBX11K\imgs\health\h3348.png
4,normal,h2257.png,G:\Ai-CDD\updated_class_tb_dataset\TBX11K\imgs\health\h2257.png,normal,h3675.png,G:\Ai-CDD\updated_class_tb_dataset\TBX11K\imgs\health\h3675.png
4,normal,h2257.png,G:\Ai-CDD\updated_class_tb_dataset\TBX11K\imgs\health\h2257.png,normal,h4769.png,G:\Ai-CDD\updated_class_tb_dataset\TBX11K\imgs\health\h4769.png
4,normal,h2257.png,G:\Ai-CDD\updated_class_tb_dataset\TBX11K\imgs\health\h2257.png,sick,s4965.png,G:\Ai-CDD\updated_class_tb_dataset\TBX11K\imgs\sick\s4965.png
4,normal,h2257.png,G:\Ai-CDD\updated_class_tb_dataset\TBX11K\imgs\health\h2257.png,tb,tb0350.png,G:\Ai-CDD\updated_class_tb_dataset\TBX11K\imgs\tb\tb0350.png
4,normal,h2263.png,G:\Ai-CDD\updated_class_tb_dataset\TBX11K\imgs\health\h2263.png,normal,h2520.png,G:\Ai-CDD\updated_class_tb_dataset\TBX11K\imgs\health\h2520.png
4,normal,h2263.png,G:\Ai-CDD\updated_class_tb_dataset\TBX11K\imgs\health\h2263.png,normal,h3025.png,G:\Ai-CDD\updated_class_tb_dataset\TBX11K\imgs\health\h3025.png
4,normal,h2263.png,G:\Ai-CDD\updated_class_tb_dataset\TBX11K\imgs\health\h2263.png,normal,h3408.png,G:\Ai-CDD\updated_class_tb_dataset\TBX11K\imgs\health\h3408.png
4,normal,h2263.png,G:\Ai-CDD\updated_class_tb_dataset\TBX11K\imgs\health\h2263.png,normal,h4239.png,G:\Ai-CDD\updated_class_tb_dataset\TBX11K\imgs\health\h4239.png
4,normal,h2263.png,G:\Ai-CDD\updated_class_tb_dataset\TBX11K\imgs\health\h2263.png,normal,h4286.png,G:\Ai-CDD\updated_class_tb_dataset\TBX11K\imgs\health\h4286.png
4,normal,h2263.png,G:\Ai-CDD\updated_class_tb_dataset\TBX11K\imgs\health\h2263.png,normal,h4419.png,G:\Ai-CDD\updated_class_tb_dataset\TBX11K\imgs\health\h4419.png
4,normal,h2268.png,G:\Ai-CDD\updated_class_tb_dataset\TBX11K\imgs\health\h2268.png,normal,h4467.png,G:\Ai-CDD\updated_class_tb_dataset\TBX11K\imgs\health\h4467.png
4,normal,h2268.png,G:\Ai-CDD\updated_class_tb_dataset\TBX11K\imgs\health\h2268.png,sick,s1037.png,G:\Ai-CDD\updated_class_tb_dataset\TBX11K\imgs\sick\s1037.png
4,normal,h2272.png,G:\Ai-CDD\updated_class_tb_dataset\TBX11K\imgs\health\h2272.png,normal,h4326.png,G:\Ai-CDD\updated_class_tb_dataset\TBX11K\imgs\health\h4326.png
4,normal,h2277.png,G:\Ai-CDD\updated_class_tb_dataset\TBX11K\imgs\health\h2277.png,normal,h2880.png,G:\Ai-CDD\updated_class_tb_dataset\TBX11K\imgs\health\h2880.png
4,normal,h2277.png,G:\Ai-CDD\updated_class_tb_dataset\TBX11K\imgs\health\h2277.png,normal,h4092.png,G:\Ai-CDD\updated_class_tb_dataset\TBX11K\imgs\health\h4092.png
4,normal,h2277.png,G:\Ai-CDD\updated_class_tb_dataset\TBX11K\imgs\health\h2277.png,normal,h4636.png,G:\Ai-CDD\updated_class_tb_dataset\TBX11K\imgs\health\h4636.png
4,normal,h2282.png,G:\Ai-CDD\updated_class_tb_dataset\TBX11K\imgs\health\h2282.png,normal,h3010.png,G:\Ai-CDD\updated_class_tb_dataset\TBX11K\imgs\health\h3010.png
4,normal,h2286.png,G:\Ai-CDD\updated_class_tb_dataset\TBX11K\imgs\health\h2286.png,sick,s4503.png,G:\Ai-CDD\updated_class_tb_dataset\TBX11K\imgs\sick\s4503.png
4,normal,h2287.png,G:\Ai-CDD\updated_class_tb_dataset\TBX11K\imgs\health\h2287.png,normal,h3025.png,G:\Ai-CDD\updated_class_tb_dataset\TBX11K\imgs\health\h3025.png
4,normal,h2287.png,G:\Ai-CDD\updated_class_tb_dataset\TBX11K\imgs\health\h2287.png,normal,h3675.png,G:\Ai-CDD\updated_class_tb_dataset\TBX11K\imgs\health\h3675.png
4,normal,h2296.png,G:\Ai-CDD\updated_class_tb_dataset\TBX11K\imgs\health\h2296.png,normal,h2625.png,G:\Ai-CDD\updated_class_tb_dataset\TBX11K\imgs\health\h2625.png
4,normal,h2296.png,G:\Ai-CDD\updated_class_tb_dataset\TBX11K\imgs\health\h2296.png,normal,h3400.png,G:\Ai-CDD\updated_class_tb_dataset\TBX11K\imgs\health\h3400.png
4,normal,h2296.png,G:\Ai-CDD\updated_class_tb_dataset\TBX11K\imgs\health\h2296.png,normal,h3443.png,G:\Ai-CDD\updated_class_tb_dataset\TBX11K\imgs\health\h3443.png
4,normal,h2296.png,G:\Ai-CDD\updated_class_tb_dataset\TBX11K\imgs\health\h2296.png,normal,h3975.png,G:\Ai-CDD\updated_class_tb_dataset\TBX11K\imgs\health\h3975.png
4,normal,h2296.png,G:\Ai-CDD\updated_class_tb_dataset\TBX11K\imgs\health\h2296.png,normal,h4812.png,G:\Ai-CDD\updated_class_tb_dataset\TBX11K\imgs\health\h4812.png
4,normal,h2296.png,G:\Ai-CDD\updated_class_tb_dataset\TBX11K\imgs\health\h2296.png,sick,s2449.png,G:\Ai-CDD\updated_class_tb_dataset\TBX11K\imgs\sick\s2449.png
2,normal,h2301.png,G:\Ai-CDD\updated_class_tb_dataset\TBX11K\imgs\health\h2301.png,normal,h3757.png,G:\Ai-CDD\updated_class_tb_dataset\TBX11K\imgs\health\h3757.png
4,normal,h2301.png,G:\Ai-CDD\updated_class_tb_dataset\TBX11K\imgs\health\h2301.png,normal,h3918.png,G:\Ai-CDD\updated_class_tb_dataset\TBX11K\imgs\health\h3918.png
4,normal,h2301.png,G:\Ai-CDD\updated_class_tb_dataset\TBX11K\imgs\health\h2301.png,normal,h4173.png,G:\Ai-CDD\updated_class_tb_dataset\TBX11K\imgs\health\h4173.png
4,normal,h2303.png,G:\Ai-CDD\updated_class_tb_dataset\TBX11K\imgs\health\h2303.png,normal,h3406.png,G:\Ai-CDD\updated_class_tb_dataset\TBX11K\imgs\health\h3406.png
4,normal,h2304.png,G:\Ai-CDD\updated_class_tb_dataset\TBX11K\imgs\health\h2304.png,normal,h3404.png,G:\Ai-CDD\updated_class_tb_dataset\TBX11K\imgs\health\h3404.png
4,normal,h2307.png,G:\Ai-CDD\updated_class_tb_dataset\TBX11K\imgs\health\h2307.png,normal,h3254.png,G:\Ai-CDD\updated_class_tb_dataset\TBX11K\imgs\health\h3254.png
4,normal,h2309.png,G:\Ai-CDD\updated_class_tb_dataset\TBX11K\imgs\health\h2309.png,normal,h4428.png,G:\Ai-CDD\updated_class_tb_dataset\TBX11K\imgs\health\h4428.png
4,normal,h2309.png,G:\Ai-CDD\updated_class_tb_dataset\TBX11K\imgs\health\h2309.png,sick,s4346.png,G:\Ai-CDD\updated_class_tb_dataset\TBX11K\imgs\sick\s4346.png
4,normal,h2311.png,G:\Ai-CDD\updated_class_tb_dataset\TBX11K\imgs\health\h2311.png,normal,h3621.png,G:\Ai-CDD\updated_class_tb_dataset\TBX11K\imgs\health\h3621.png
2,normal,h2311.png,G:\Ai-CDD\updated_class_tb_dataset\TBX11K\imgs\health\h2311.png,normal,h3764.png,G:\Ai-CDD\updated_class_tb_dataset\TBX11K\imgs\health\h3764.png
4,normal,h2313.png,G:\Ai-CDD\updated_class_tb_dataset\TBX11K\imgs\health\h2313.png,normal,h4135.png,G:\Ai-CDD\updated_class_tb_dataset\TBX11K\imgs\health\h4135.png
4,normal,h2313.png,G:\Ai-CDD\updated_class_tb_dataset\TBX11K\imgs\health\h2313.png,normal,h4234.png,G:\Ai-CDD\updated_class_tb_dataset\TBX11K\imgs\health\h4234.png
4,normal,h2313.png,G:\Ai-CDD\updated_class_tb_dataset\TBX11K\imgs\health\h2313.png,normal,h4831.png,G:\Ai-CDD\updated_class_tb_dataset\TBX11K\imgs\health\h4831.png
4,normal,h2313.png,G:\Ai-CDD\updated_class_tb_dataset\TBX11K\imgs\health\h2313.png,tb,tb0031.png,G:\Ai-CDD\updated_class_tb_dataset\TBX11K\imgs\tb\tb0031.png
4,normal,h2314.png,G:\Ai-CDD\updated_class_tb_dataset\TBX11K\imgs\health\h2314.png,normal,h2901.png,G:\Ai-CDD\updated_class_tb_dataset\TBX11K\imgs\health\h2901.png
4,normal,h2314.png,G:\Ai-CDD\updated_class_tb_dataset\TBX11K\imgs\health\h2314.png,normal,h3420.png,G:\Ai-CDD\updated_class_tb_dataset\TBX11K\imgs\health\h3420.png
4,normal,h2314.png,G:\Ai-CDD\updated_class_tb_dataset\TBX11K\imgs\health\h2314.png,normal,h3644.png,G:\Ai-CDD\updated_class_tb_dataset\TBX11K\imgs\health\h3644.png
4,normal,h2323.png,G:\Ai-CDD\updated_class_tb_dataset\TBX11K\imgs\health\h2323.png,normal,h4074.png,G:\Ai-CDD\updated_class_tb_dataset\TBX11K\imgs\health\h4074.png
4,normal,h2323.png,G:\Ai-CDD\updated_class_tb_dataset\TBX11K\imgs\health\h2323.png,normal,h4856.png,G:\Ai-CDD\updated_class_tb_dataset\TBX11K\imgs\health\h4856.png
4,normal,h2325.png,G:\Ai-CDD\updated_class_tb_dataset\TBX11K\imgs\health\h2325.png,sick,s0183.png,G:\Ai-CDD\updated_class_tb_dataset\TBX11K\imgs\sick\s0183.png
4,normal,h2328.png,G:\Ai-CDD\updated_class_tb_dataset\TBX11K\imgs\health\h2328.png,normal,h3035.png,G:\Ai-CDD\updated_class_tb_dataset\TBX11K\imgs\health\h3035.png
4,normal,h2328.png,G:\Ai-CDD\updated_class_tb_dataset\TBX11K\imgs\health\h2328.png,normal,h4371.png,G:\Ai-CDD\updated_class_tb_dataset\TBX11K\imgs\health\h4371.png
4,normal,h2334.png,G:\Ai-CDD\updated_class_tb_dataset\TBX11K\imgs\health\h2334.png,normal,h2949.png,G:\Ai-CDD\updated_class_tb_dataset\TBX11K\imgs\health\h2949.png
4,normal,h2334.png,G:\Ai-CDD\updated_class_tb_dataset\TBX11K\imgs\health\h2334.png,normal,h3247.png,G:\Ai-CDD\updated_class_tb_dataset\TBX11K\imgs\health\h3247.png
4,normal,h2334.png,G:\Ai-CDD\updated_class_tb_dataset\TBX11K\imgs\health\h2334.png,sick,s1154.png,G:\Ai-CDD\updated_class_tb_dataset\TBX11K\imgs\sick\s1154.png
4,normal,h2342.png,G:\Ai-CDD\updated_class_tb_dataset\TBX11K\imgs\health\h2342.png,normal,h4758.png,G:\Ai-CDD\updated_class_tb_dataset\TBX11K\imgs\health\h4758.png
4,normal,h2344.png,G:\Ai-CDD\updated_class_tb_dataset\TBX11K\imgs\health\h2344.png,normal,h4791.png,G:\Ai-CDD\updated_class_tb_dataset\TBX11K\imgs\health\h4791.png
4,normal,h2347.png,G:\Ai-CDD\updated_class_tb_dataset\TBX11K\imgs\health\h2347.png,normal,h3656.png,G:\Ai-CDD\updated_class_tb_dataset\TBX11K\imgs\health\h3656.png
2,normal,h2347.png,G:\Ai-CDD\updated_class_tb_dataset\TBX11K\imgs\health\h2347.png,normal,h4510.png,G:\Ai-CDD\updated_class_tb_dataset\TBX11K\imgs\health\h4510.png
4,normal,h2353.png,G:\Ai-CDD\updated_class_tb_dataset\TBX11K\imgs\health\h2353.png,normal,h4211.png,G:\Ai-CDD\updated_class_tb_dataset\TBX11K\imgs\health\h4211.png
4,normal,h2362.png,G:\Ai-CDD\updated_class_tb_dataset\TBX11K\imgs\health\h2362.png,tb,tb0732.png,G:\Ai-CDD\updated_class_tb_dataset\TBX11K\imgs\tb\tb0732.png
4,normal,h2363.png,G:\Ai-CDD\updated_class_tb_dataset\TBX11K\imgs\health\h2363.png,sick,s2099.png,G:\Ai-CDD\updated_class_tb_dataset\TBX11K\imgs\sick\s2099.png
4,normal,h2363.png,G:\Ai-CDD\updated_class_tb_dataset\TBX11K\imgs\health\h2363.png,sick,s4385.png,G:\Ai-CDD\updated_class_tb_dataset\TBX11K\imgs\sick\s4385.png
4,normal,h2363.png,G:\Ai-CDD\updated_class_tb_dataset\TBX11K\imgs\health\h2363.png,tb,tb0349.png,G:\Ai-CDD\updated_class_tb_dataset\TBX11K\imgs\tb\tb0349.png
4,normal,h2368.png,G:\Ai-CDD\updated_class_tb_dataset\TBX11K\imgs\health\h2368.png,sick,s2899.png,G:\Ai-CDD\updated_class_tb_dataset\TBX11K\imgs\sick\s2899.png
4,normal,h2371.png,G:\Ai-CDD\updated_class_tb_dataset\TBX11K\imgs\health\h2371.png,normal,h3247.png,G:\Ai-CDD\updated_class_tb_dataset\TBX11K\imgs\health\h3247.png
4,normal,h2376.png,G:\Ai-CDD\updated_class_tb_dataset\TBX11K\imgs\health\h2376.png,normal,h4366.png,G:\Ai-CDD\updated_class_tb_dataset\TBX11K\imgs\health\h4366.png
4,normal,h2378.png,G:\Ai-CDD\updated_class_tb_dataset\TBX11K\imgs\health\h2378.png,normal,h4896.png,G:\Ai-CDD\updated_class_tb_dataset\TBX11K\imgs\health\h4896.png
4,normal,h2380.png,G:\Ai-CDD\updated_class_tb_dataset\TBX11K\imgs\health\h2380.png,sick,s0029.png,G:\Ai-CDD\updated_class_tb_dataset\TBX11K\imgs\sick\s0029.png
4,normal,h2380.png,G:\Ai-CDD\updated_class_tb_dataset\TBX11K\imgs\health\h2380.png,sick,s1037.png,G:\Ai-CDD\updated_class_tb_dataset\TBX11K\imgs\sick\s1037.png
4,normal,h2385.png,G:\Ai-CDD\updated_class_tb_dataset\TBX11K\imgs\health\h2385.png,tb,tb1099.png,G:\Ai-CDD\updated_class_tb_dataset\TBX11K\imgs\tb\tb1099.png
4,normal,h2397.png,G:\Ai-CDD\updated_class_tb_dataset\TBX11K\imgs\health\h2397.png,normal,h2870.png,G:\Ai-CDD\updated_class_tb_dataset\TBX11K\imgs\health\h2870.png
4,normal,h2397.png,G:\Ai-CDD\updated_class_tb_dataset\TBX11K\imgs\health\h2397.png,normal,h3830.png,G:\Ai-CDD\updated_class_tb_dataset\TBX11K\imgs\health\h3830.png
4,normal,h2397.png,G:\Ai-CDD\updated_class_tb_dataset\TBX11K\imgs\health\h2397.png,normal,h4041.png,G:\Ai-CDD\updated_class_tb_dataset\TBX11K\imgs\health\h4041.png
4,normal,h2397.png,G:\Ai-CDD\updated_class_tb_dataset\TBX11K\imgs\health\h2397.png,normal,h4391.png,G:\Ai-CDD\updated_class_tb_dataset\TBX11K\imgs\health\h4391.png
4,normal,h2397.png,G:\Ai-CDD\updated_class_tb_dataset\TBX11K\imgs\health\h2397.png,normal,h4912.png,G:\Ai-CDD\updated_class_tb_dataset\TBX11K\imgs\health\h4912.png
2,normal,h2403.png,G:\Ai-CDD\updated_class_tb_dataset\TBX11K\imgs\health\h2403.png,normal,h3091.png,G:\Ai-CDD\updated_class_tb_dataset\TBX11K\imgs\health\h3091.png
4,normal,h2403.png,G:\Ai-CDD\updated_class_tb_dataset\TBX11K\imgs\health\h2403.png,normal,h3990.png,G:\Ai-CDD\updated_class_tb_dataset\TBX11K\imgs\health\h3990.png
4,normal,h2404.png,G:\Ai-CDD\updated_class_tb_dataset\TBX11K\imgs\health\h2404.png,tb,tb0813.png,G:\Ai-CDD\updated_class_tb_dataset\TBX11K\imgs\tb\tb0813.png
4,normal,h2408.png,G:\Ai-CDD\updated_class_tb_dataset\TBX11K\imgs\health\h2408.png,normal,h3684.png,G:\Ai-CDD\updated_class_tb_dataset\TBX11K\imgs\health\h3684.png
4,normal,h2412.png,G:\Ai-CDD\updated_class_tb_dataset\TBX11K\imgs\health\h2412.png,normal,h2530.png,G:\Ai-CDD\updated_class_tb_dataset\TBX11K\imgs\health\h2530.png
4,normal,h2413.png,G:\Ai-CDD\updated_class_tb_dataset\TBX11K\imgs\health\h2413.png,normal,h4939.png,G:\Ai-CDD\updated_class_tb_dataset\TBX11K\imgs\health\h4939.png
4,normal,h2413.png,G:\Ai-CDD\updated_class_tb_dataset\TBX11K\imgs\health\h2413.png,tb,tb0253.png,G:\Ai-CDD\updated_class_tb_dataset\TBX11K\imgs\tb\tb0253.png
4,normal,h2423.png,G:\Ai-CDD\updated_class_tb_dataset\TBX11K\imgs\health\h2423.png,normal,h2531.png,G:\Ai-CDD\updated_class_tb_dataset\TBX11K\imgs\health\h2531.png
4,normal,h2423.png,G:\Ai-CDD\updated_class_tb_dataset\TBX11K\imgs\health\h2423.png,normal,h4348.png,G:\Ai-CDD\updated_class_tb_dataset\TBX11K\imgs\health\h4348.png
4,normal,h2423.png,G:\Ai-CDD\updated_class_tb_dataset\TBX11K\imgs\health\h2423.png,normal,h4402.png,G:\Ai-CDD\updated_class_tb_dataset\TBX11K\imgs\health\h4402.png
4,normal,h2423.png,G:\Ai-CDD\updated_class_tb_dataset\TBX11K\imgs\health\h2423.png,normal,h4455.png,G:\Ai-CDD\updated_class_tb_dataset\TBX11K\imgs\health\h4455.png
4,normal,h2423.png,G:\Ai-CDD\updated_class_tb_dataset\TBX11K\imgs\health\h2423.png,normal,h4613.png,G:\Ai-CDD\updated_class_tb_dataset\TBX11K\imgs\health\h4613.png
4,normal,h2423.png,G:\Ai-CDD\updated_class_tb_dataset\TBX11K\imgs\health\h2423.png,normal,h4744.png,G:\Ai-CDD\updated_class_tb_dataset\TBX11K\imgs\health\h4744.png
2,normal,h2427.png,G:\Ai-CDD\updated_class_tb_dataset\TBX11K\imgs\health\h2427.png,normal,h3335.png,G:\Ai-CDD\updated_class_tb_dataset\TBX11K\imgs\health\h3335.png
4,normal,h2427.png,G:\Ai-CDD\updated_class_tb_dataset\TBX11K\imgs\health\h2427.png,normal,h3996.png,G:\Ai-CDD\updated_class_tb_dataset\TBX11K\imgs\health\h3996.png
4,normal,h2431.png,G:\Ai-CDD\updated_class_tb_dataset\TBX11K\imgs\health\h2431.png,normal,h2662.png,G:\Ai-CDD\updated_class_tb_dataset\TBX11K\imgs\health\h2662.png
4,normal,h2431.png,G:\Ai-CDD\updated_class_tb_dataset\TBX11K\imgs\health\h2431.png,normal,h4205.png,G:\Ai-CDD\updated_class_tb_dataset\TBX11K\imgs\health\h4205.png
4,normal,h2431.png,G:\Ai-CDD\updated_class_tb_dataset\TBX11K\imgs\health\h2431.png,normal,h4958.png,G:\Ai-CDD\updated_class_tb_dataset\TBX11K\imgs\health\h4958.png
4,normal,h2439.png,G:\Ai-CDD\updated_class_tb_dataset\TBX11K\imgs\health\h2439.png,sick,s4313.png,G:\Ai-CDD\updated_class_tb_dataset\TBX11K\imgs\sick\s4313.png
4,normal,h2444.png,G:\Ai-CDD\updated_class_tb_dataset\TBX11K\imgs\health\h2444.png,normal,h4246.png,G:\Ai-CDD\updated_class_tb_dataset\TBX11K\imgs\health\h4246.png
4,normal,h2449.png,G:\Ai-CDD\updated_class_tb_dataset\TBX11K\imgs\health\h2449.png,normal,h3050.png,G:\Ai-CDD\updated_class_tb_dataset\TBX11K\imgs\health\h3050.png
4,normal,h2450.png,G:\Ai-CDD\updated_class_tb_dataset\TBX11K\imgs\health\h2450.png,normal,h2946.png,G:\Ai-CDD\updated_class_tb_dataset\TBX11K\imgs\health\h2946.png
4,normal,h2455.png,G:\Ai-CDD\updated_class_tb_dataset\TBX11K\imgs\health\h2455.png,tb,tb0059.png,G:\Ai-CDD\updated_class_tb_dataset\TBX11K\imgs\tb\tb0059.png
4,normal,h2456.png,G:\Ai-CDD\updated_class_tb_dataset\TBX11K\imgs\health\h2456.png,normal,h3449.png,G:\Ai-CDD\updated_class_tb_dataset\TBX11K\imgs\health\h3449.png
4,normal,h2457.png,G:\Ai-CDD\updated_class_tb_dataset\TBX11K\imgs\health\h2457.png,sick,s3041.png,G:\Ai-CDD\updated_class_tb_dataset\TBX11K\imgs\sick\s3041.png
4,normal,h2458.png,G:\Ai-CDD\updated_class_tb_dataset\TBX11K\imgs\health\h2458.png,normal,h4418.png,G:\Ai-CDD\updated_class_tb_dataset\TBX11K\imgs\health\h4418.png
4,normal,h2459.png,G:\Ai-CDD\updated_class_tb_dataset\TBX11K\imgs\health\h2459.png,normal,h2883.png,G:\Ai-CDD\updated_class_tb_dataset\TBX11K\imgs\health\h2883.png
4,normal,h2466.png,G:\Ai-CDD\updated_class_tb_dataset\TBX11K\imgs\health\h2466.png,normal,h4286.png,G:\Ai-CDD\updated_class_tb_dataset\TBX11K\imgs\health\h4286.png
4,normal,h2471.png,G:\Ai-CDD\updated_class_tb_dataset\TBX11K\imgs\health\h2471.png,normal,h4467.png,G:\Ai-CDD\updated_class_tb_dataset\TBX11K\imgs\health\h4467.png
4,normal,h2471.png,G:\Ai-CDD\updated_class_tb_dataset\TBX11K\imgs\health\h2471.png,sick,s1310.png,G:\Ai-CDD\updated_class_tb_dataset\TBX11K\imgs\sick\s1310.png
4,normal,h2471.png,G:\Ai-CDD\updated_class_tb_dataset\TBX11K\imgs\health\h2471.png,sick,s3241.png,G:\Ai-CDD\updated_class_tb_dataset\TBX11K\imgs\sick\s3241.png
4,normal,h2476.png,G:\Ai-CDD\updated_class_tb_dataset\TBX11K\imgs\health\h2476.png,normal,h4580.png,G:\Ai-CDD\updated_class_tb_dataset\TBX11K\imgs\health\h4580.png
4,normal,h2477.png,G:\Ai-CDD\updated_class_tb_dataset\TBX11K\imgs\health\h2477.png,normal,h4197.png,G:\Ai-CDD\updated_class_tb_dataset\TBX11K\imgs\health\h4197.png
4,normal,h2491.png,G:\Ai-CDD\updated_class_tb_dataset\TBX11K\imgs\health\h2491.png,normal,h2586.png,G:\Ai-CDD\updated_class_tb_dataset\TBX11K\imgs\health\h2586.png
4,normal,h2491.png,G:\Ai-CDD\updated_class_tb_dataset\TBX11K\imgs\health\h2491.png,normal,h2872.png,G:\Ai-CDD\updated_class_tb_dataset\TBX11K\imgs\health\h2872.png
4,normal,h2491.png,G:\Ai-CDD\updated_class_tb_dataset\TBX11K\imgs\health\h2491.png,normal,h3808.png,G:\Ai-CDD\updated_class_tb_dataset\TBX11K\imgs\health\h3808.png
4,normal,h2493.png,G:\Ai-CDD\updated_class_tb_dataset\TBX11K\imgs\health\h2493.png,normal,h2643.png,G:\Ai-CDD\updated_class_tb_dataset\TBX11K\imgs\health\h2643.png
4,normal,h2493.png,G:\Ai-CDD\updated_class_tb_dataset\TBX11K\imgs\health\h2493.png,normal,h2871.png,G:\Ai-CDD\updated_class_tb_dataset\TBX11K\imgs\health\h2871.png
4,normal,h2494.png,G:\Ai-CDD\updated_class_tb_dataset\TBX11K\imgs\health\h2494.png,normal,h2934.png,G:\Ai-CDD\updated_class_tb_dataset\TBX11K\imgs\health\h2934.png
4,normal,h2494.png,G:\Ai-CDD\updated_class_tb_dataset\TBX11K\imgs\health\h2494.png,normal,h4419.png,G:\Ai-CDD\updated_class_tb_dataset\TBX11K\imgs\health\h4419.png
4,normal,h2500.png,G:\Ai-CDD\updated_class_tb_dataset\TBX11K\imgs\health\h2500.png,normal,h4247.png,G:\Ai-CDD\updated_class_tb_dataset\TBX11K\imgs\health\h4247.png
4,normal,h2505.png,G:\Ai-CDD\updated_class_tb_dataset\TBX11K\imgs\health\h2505.png,normal,h3101.png,G:\Ai-CDD\updated_class_tb_dataset\TBX11K\imgs\health\h3101.png
4,normal,h2505.png,G:\Ai-CDD\updated_class_tb_dataset\TBX11K\imgs\health\h2505.png,normal,h4403.png,G:\Ai-CDD\updated_class_tb_dataset\TBX11K\imgs\health\h4403.png
4,normal,h2508.png,G:\Ai-CDD\updated_class_tb_dataset\TBX11K\imgs\health\h2508.png,normal,h3912.png,G:\Ai-CDD\updated_class_tb_dataset\TBX11K\imgs\health\h3912.png
4,normal,h2518.png,G:\Ai-CDD\updated_class_tb_dataset\TBX11K\imgs\health\h2518.png,normal,h3951.png,G:\Ai-CDD\updated_class_tb_dataset\TBX11K\imgs\health\h3951.png
4,normal,h2518.png,G:\Ai-CDD\updated_class_tb_dataset\TBX11K\imgs\health\h2518.png,normal,h4812.png,G:\Ai-CDD\updated_class_tb_dataset\TBX11K\imgs\health\h4812.png
4,normal,h2520.png,G:\Ai-CDD\updated_class_tb_dataset\TBX11K\imgs\health\h2520.png,normal,h3133.png,G:\Ai-CDD\updated_class_tb_dataset\TBX11K\imgs\health\h3133.png
4,normal,h2520.png,G:\Ai-CDD\updated_class_tb_dataset\TBX11K\imgs\health\h2520.png,normal,h3264.png,G:\Ai-CDD\updated_class_tb_dataset\TBX11K\imgs\health\h3264.png
4,normal,h2520.png,G:\Ai-CDD\updated_class_tb_dataset\TBX11K\imgs\health\h2520.png,normal,h3461.png,G:\Ai-CDD\updated_class_tb_dataset\TBX11K\imgs\health\h3461.png
4,normal,h2520.png,G:\Ai-CDD\updated_class_tb_dataset\TBX11K\imgs\health\h2520.png,normal,h3508.png,G:\Ai-CDD\updated_class_tb_dataset\TBX11K\imgs\health\h3508.png
4,normal,h2520.png,G:\Ai-CDD\updated_class_tb_dataset\TBX11K\imgs\health\h2520.png,normal,h3797.png,G:\Ai-CDD\updated_class_tb_dataset\TBX11K\imgs\health\h3797.png
4,normal,h2520.png,G:\Ai-CDD\updated_class_tb_dataset\TBX11K\imgs\health\h2520.png,normal,h3822.png,G:\Ai-CDD\updated_class_tb_dataset\TBX11K\imgs\health\h3822.png
2,normal,h2520.png,G:\Ai-CDD\updated_class_tb_dataset\TBX11K\imgs\health\h2520.png,normal,h4239.png,G:\Ai-CDD\updated_class_tb_dataset\TBX11K\imgs\health\h4239.png
4,normal,h2520.png,G:\Ai-CDD\updated_class_tb_dataset\TBX11K\imgs\health\h2520.png,normal,h4495.png,G:\Ai-CDD\updated_class_tb_dataset\TBX11K\imgs\health\h4495.png
4,normal,h2520.png,G:\Ai-CDD\updated_class_tb_dataset\TBX11K\imgs\health\h2520.png,normal,h4636.png,G:\Ai-CDD\updated_class_tb_dataset\TBX11K\imgs\health\h4636.png
4,normal,h2520.png,G:\Ai-CDD\updated_class_tb_dataset\TBX11K\imgs\health\h2520.png,normal,h4848.png,G:\Ai-CDD\updated_class_tb_dataset\TBX11K\imgs\health\h4848.png
4,normal,h2520.png,G:\Ai-CDD\updated_class_tb_dataset\TBX11K\imgs\health\h2520.png,sick,s0256.png,G:\Ai-CDD\updated_class_tb_dataset\TBX11K\imgs\sick\s0256.png
4,normal,h2520.png,G:\Ai-CDD\updated_class_tb_dataset\TBX11K\imgs\health\h2520.png,sick,s1719.png,G:\Ai-CDD\updated_class_tb_dataset\TBX11K\imgs\sick\s1719.png
4,normal,h2520.png,G:\Ai-CDD\updated_class_tb_dataset\TBX11K\imgs\health\h2520.png,tb,tb0050.png,G:\Ai-CDD\updated_class_tb_dataset\TBX11K\imgs\tb\tb0050.png
4,normal,h2520.png,G:\Ai-CDD\updated_class_tb_dataset\TBX11K\imgs\health\h2520.png,tb,tb0830.png,G:\Ai-CDD\updated_class_tb_dataset\TBX11K\imgs\tb\tb0830.png
4,normal,h2521.png,G:\Ai-CDD\updated_class_tb_dataset\TBX11K\imgs\health\h2521.png,normal,h4286.png,G:\Ai-CDD\updated_class_tb_dataset\TBX11K\imgs\health\h4286.png
4,normal,h2522.png,G:\Ai-CDD\updated_class_tb_dataset\TBX11K\imgs\health\h2522.png,normal,h2936.png,G:\Ai-CDD\updated_class_tb_dataset\TBX11K\imgs\health\h2936.png
2,normal,h2526.png,G:\Ai-CDD\updated_class_tb_dataset\TBX11K\imgs\health\h2526.png,normal,h2662.png,G:\Ai-CDD\updated_class_tb_dataset\TBX11K\imgs\health\h2662.png
4,normal,h2526.png,G:\Ai-CDD\updated_class_tb_dataset\TBX11K\imgs\health\h2526.png,normal,h3348.png,G:\Ai-CDD\updated_class_tb_dataset\TBX11K\imgs\health\h3348.png
4,normal,h2526.png,G:\Ai-CDD\updated_class_tb_dataset\TBX11K\imgs\health\h2526.png,normal,h3500.png,G:\Ai-CDD\updated_class_tb_dataset\TBX11K\imgs\health\h3500.png
4,normal,h2526.png,G:\Ai-CDD\updated_class_tb_dataset\TBX11K\imgs\health\h2526.png,normal,h3587.png,G:\Ai-CDD\updated_class_tb_dataset\TBX11K\imgs\health\h3587.png
4,normal,h2526.png,G:\Ai-CDD\updated_class_tb_dataset\TBX11K\imgs\health\h2526.png,normal,h3675.png,G:\Ai-CDD\updated_class_tb_dataset\TBX11K\imgs\health\h3675.png
4,normal,h2526.png,G:\Ai-CDD\updated_class_tb_dataset\TBX11K\imgs\health\h2526.png,normal,h3797.png,G:\Ai-CDD\updated_class_tb_dataset\TBX11K\imgs\health\h3797.png
4,normal,h2526.png,G:\Ai-CDD\updated_class_tb_dataset\TBX11K\imgs\health\h2526.png,normal,h3819.png,G:\Ai-CDD\updated_class_tb_dataset\TBX11K\imgs\health\h3819.png
2,normal,h2526.png,G:\Ai-CDD\updated_class_tb_dataset\TBX11K\imgs\health\h2526.png,normal,h4750.png,G:\Ai-CDD\updated_class_tb_dataset\TBX11K\imgs\health\h4750.png
4,normal,h2526.png,G:\Ai-CDD\updated_class_tb_dataset\TBX11K\imgs\health\h2526.png,normal,h4958.png,G:\Ai-CDD\updated_class_tb_dataset\TBX11K\imgs\health\h4958.png
4,normal,h2530.png,G:\Ai-CDD\updated_class_tb_dataset\TBX11K\imgs\health\h2530.png,normal,h2593.png,G:\Ai-CDD\updated_class_tb_dataset\TBX11K\imgs\health\h2593.png
4,normal,h2530.png,G:\Ai-CDD\updated_class_tb_dataset\TBX11K\imgs\health\h2530.png,normal,h2870.png,G:\Ai-CDD\updated_class_tb_dataset\TBX11K\imgs\health\h2870.png
4,normal,h2530.png,G:\Ai-CDD\updated_class_tb_dataset\TBX11K\imgs\health\h2530.png,normal,h3848.png,G:\Ai-CDD\updated_class_tb_dataset\TBX11K\imgs\health\h3848.png
4,normal,h2530.png,G:\Ai-CDD\updated_class_tb_dataset\TBX11K\imgs\health\h2530.png,normal,h3873.png,G:\Ai-CDD\updated_class_tb_dataset\TBX11K\imgs\health\h3873.png
4,normal,h2530.png,G:\Ai-CDD\updated_class_tb_dataset\TBX11K\imgs\health\h2530.png,normal,h4571.png,G:\Ai-CDD\updated_class_tb_dataset\TBX11K\imgs\health\h4571.png
4,normal,h2531.png,G:\Ai-CDD\updated_class_tb_dataset\TBX11K\imgs\health\h2531.png,normal,h3039.png,G:\Ai-CDD\updated_class_tb_dataset\TBX11K\imgs\health\h3039.png
4,normal,h2531.png,G:\Ai-CDD\updated_class_tb_dataset\TBX11K\imgs\health\h2531.png,normal,h3383.png,G:\Ai-CDD\updated_class_tb_dataset\TBX11K\imgs\health\h3383.png
4,normal,h2531.png,G:\Ai-CDD\updated_class_tb_dataset\TBX11K\imgs\health\h2531.png,normal,h3742.png,G:\Ai-CDD\updated_class_tb_dataset\TBX11K\imgs\health\h3742.png
2,normal,h2531.png,G:\Ai-CDD\updated_class_tb_dataset\TBX11K\imgs\health\h2531.png,normal,h4004.png,G:\Ai-CDD\updated_class_tb_dataset\TBX11K\imgs\health\h4004.png
4,normal,h2531.png,G:\Ai-CDD\updated_class_tb_dataset\TBX11K\imgs\health\h2531.png,normal,h4402.png,G:\Ai-CDD\updated_class_tb_dataset\TBX11K\imgs\health\h4402.png
4,normal,h2531.png,G:\Ai-CDD\updated_class_tb_dataset\TBX11K\imgs\health\h2531.png,normal,h4432.png,G:\Ai-CDD\updated_class_tb_dataset\TBX11K\imgs\health\h4432.png
4,normal,h2531.png,G:\Ai-CDD\updated_class_tb_dataset\TBX11K\imgs\health\h2531.png,normal,h4762.png,G:\Ai-CDD\updated_class_tb_dataset\TBX11K\imgs\health\h4762.png
4,normal,h2533.png,G:\Ai-CDD\updated_class_tb_dataset\TBX11K\imgs\health\h2533.png,tb,tb1099.png,G:\Ai-CDD\updated_class_tb_dataset\TBX11K\imgs\tb\tb1099.png
4,normal,h2547.png,G:\Ai-CDD\updated_class_tb_dataset\TBX11K\imgs\health\h2547.png,normal,h3354.png,G:\Ai-CDD\updated_class_tb_dataset\TBX11K\imgs\health\h3354.png
4,normal,h2547.png,G:\Ai-CDD\updated_class_tb_dataset\TBX11K\imgs\health\h2547.png,tb,tb0229.png,G:\Ai-CDD\updated_class_tb_dataset\TBX11K\imgs\tb\tb0229.png
4,normal,h2565.png,G:\Ai-CDD\updated_class_tb_dataset\TBX11K\imgs\health\h2565.png,normal,h2735.png,G:\Ai-CDD\updated_class_tb_dataset\TBX11K\imgs\health\h2735.png
4,normal,h2565.png,G:\Ai-CDD\updated_class_tb_dataset\TBX11K\imgs\health\h2565.png,normal,h4063.png,G:\Ai-CDD\updated_class_tb_dataset\TBX11K\imgs\health\h4063.png
4,normal,h2567.png,G:\Ai-CDD\updated_class_tb_dataset\TBX11K\imgs\health\h2567.png,normal,h4458.png,G:\Ai-CDD\updated_class_tb_dataset\TBX11K\imgs\health\h4458.png
4,normal,h2577.png,G:\Ai-CDD\updated_class_tb_dataset\TBX11K\imgs\health\h2577.png,normal,h3830.png,G:\Ai-CDD\updated_class_tb_dataset\TBX11K\imgs\health\h3830.png
4,normal,h2579.png,G:\Ai-CDD\updated_class_tb_dataset\TBX11K\imgs\health\h2579.png,normal,h2634.png,G:\Ai-CDD\updated_class_tb_dataset\TBX11K\imgs\health\h2634.png
4,normal,h2592.png,G:\Ai-CDD\updated_class_tb_dataset\TBX11K\imgs\health\h2592.png,normal,h4440.png,G:\Ai-CDD\updated_class_tb_dataset\TBX11K\imgs\health\h4440.png
4,normal,h2593.png,G:\Ai-CDD\updated_class_tb_dataset\TBX11K\imgs\health\h2593.png,normal,h3059.png,G:\Ai-CDD\updated_class_tb_dataset\TBX11K\imgs\health\h3059.png
4,normal,h2593.png,G:\Ai-CDD\updated_class_tb_dataset\TBX11K\imgs\health\h2593.png,normal,h3825.png,G:\Ai-CDD\updated_class_tb_dataset\TBX11K\imgs\health\h3825.png
4,normal,h2593.png,G:\Ai-CDD\updated_class_tb_dataset\TBX11K\imgs\health\h2593.png,normal,h4038.png,G:\Ai-CDD\updated_class_tb_dataset\TBX11K\imgs\health\h4038.png
4,normal,h2593.png,G:\Ai-CDD\updated_class_tb_dataset\TBX11K\imgs\health\h2593.png,normal,h4788.png,G:\Ai-CDD\updated_class_tb_dataset\TBX11K\imgs\health\h4788.png
4,normal,h2593.png,G:\Ai-CDD\updated_class_tb_dataset\TBX11K\imgs\health\h2593.png,sick,s0063.png,G:\Ai-CDD\updated_class_tb_dataset\TBX11K\imgs\sick\s0063.png
4,normal,h2593.png,G:\Ai-CDD\updated_class_tb_dataset\TBX11K\imgs\health\h2593.png,sick,s2293.png,G:\Ai-CDD\updated_class_tb_dataset\TBX11K\imgs\sick\s2293.png
4,normal,h2593.png,G:\Ai-CDD\updated_class_tb_dataset\TBX11K\imgs\health\h2593.png,sick,s4071.png,G:\Ai-CDD\updated_class_tb_dataset\TBX11K\imgs\sick\s4071.png
4,normal,h2593.png,G:\Ai-CDD\updated_class_tb_dataset\TBX11K\imgs\health\h2593.png,sick,s4090.png,G:\Ai-CDD\updated_class_tb_dataset\TBX11K\imgs\sick\s4090.png
4,normal,h2593.png,G:\Ai-CDD\updated_class_tb_dataset\TBX11K\imgs\health\h2593.png,sick,s4983.png,G:\Ai-CDD\updated_class_tb_dataset\TBX11K\imgs\sick\s4983.png
4,normal,h2593.png,G:\Ai-CDD\updated_class_tb_dataset\TBX11K\imgs\health\h2593.png,tb,tb0212.png,G:\Ai-CDD\updated_class_tb_dataset\TBX11K\imgs\tb\tb0212.png
4,normal,h2593.png,G:\Ai-CDD\updated_class_tb_dataset\TBX11K\imgs\health\h2593.png,tb,tb0739.png,G:\Ai-CDD\updated_class_tb_dataset\TBX11K\imgs\tb\tb0739.png
4,normal,h2593.png,G:\Ai-CDD\updated_class_tb_dataset\TBX11K\imgs\health\h2593.png,tb,tb1030.png,G:\Ai-CDD\updated_class_tb_dataset\TBX11K\imgs\tb\tb1030.png
4,normal,h2602.png,G:\Ai-CDD\updated_class_tb_dataset\TBX11K\imgs\health\h2602.png,normal,h3070.png,G:\Ai-CDD\updated_class_tb_dataset\TBX11K\imgs\health\h3070.png
4,normal,h2602.png,G:\Ai-CDD\updated_class_tb_dataset\TBX11K\imgs\health\h2602.png,normal,h3542.png,G:\Ai-CDD\updated_class_tb_dataset\TBX11K\imgs\health\h3542.png
4,normal,h2604.png,G:\Ai-CDD\updated_class_tb_dataset\TBX11K\imgs\health\h2604.png,normal,h2768.png,G:\Ai-CDD\updated_class_tb_dataset\TBX11K\imgs\health\h2768.png
4,normal,h2604.png,G:\Ai-CDD\updated_class_tb_dataset\TBX11K\imgs\health\h2604.png,normal,h2791.png,G:\Ai-CDD\updated_class_tb_dataset\TBX11K\imgs\health\h2791.png
4,normal,h2604.png,G:\Ai-CDD\updated_class_tb_dataset\TBX11K\imgs\health\h2604.png,normal,h2901.png,G:\Ai-CDD\updated_class_tb_dataset\TBX11K\imgs\health\h2901.png
4,normal,h2606.png,G:\Ai-CDD\updated_class_tb_dataset\TBX11K\imgs\health\h2606.png,normal,h4440.png,G:\Ai-CDD\updated_class_tb_dataset\TBX11K\imgs\health\h4440.png
4,normal,h2611.png,G:\Ai-CDD\updated_class_tb_dataset\TBX11K\imgs\health\h2611.png,normal,h3745.png,G:\Ai-CDD\updated_class_tb_dataset\TBX11K\imgs\health\h3745.png
4,normal,h2616.png,G:\Ai-CDD\updated_class_tb_dataset\TBX11K\imgs\health\h2616.png,normal,h2972.png,G:\Ai-CDD\updated_class_tb_dataset\TBX11K\imgs\health\h2972.png
4,normal,h2618.png,G:\Ai-CDD\updated_class_tb_dataset\TBX11K\imgs\health\h2618.png,normal,h3386.png,G:\Ai-CDD\updated_class_tb_dataset\TBX11K\imgs\health\h3386.png
4,normal,h2618.png,G:\Ai-CDD\updated_class_tb_dataset\TBX11K\imgs\health\h2618.png,normal,h4951.png,G:\Ai-CDD\updated_class_tb_dataset\TBX11K\imgs\health\h4951.png
4,normal,h2621.png,G:\Ai-CDD\updated_class_tb_dataset\TBX11K\imgs\health\h2621.png,normal,h4254.png,G:\Ai-CDD\updated_class_tb_dataset\TBX11K\imgs\health\h4254.png
4,normal,h2624.png,G:\Ai-CDD\updated_class_tb_dataset\TBX11K\imgs\health\h2624.png,normal,h4017.png,G:\Ai-CDD\updated_class_tb_dataset\TBX11K\imgs\health\h4017.png
4,normal,h2625.png,G:\Ai-CDD\updated_class_tb_dataset\TBX11K\imgs\health\h2625.png,normal,h3400.png,G:\Ai-CDD\updated_class_tb_dataset\TBX11K\imgs\health\h3400.png
4,normal,h2625.png,G:\Ai-CDD\updated_class_tb_dataset\TBX11K\imgs\health\h2625.png,normal,h4206.png,G:\Ai-CDD\updated_class_tb_dataset\TBX11K\imgs\health\h4206.png
4,normal,h2643.png,G:\Ai-CDD\updated_class_tb_dataset\TBX11K\imgs\health\h2643.png,normal,h2871.png,G:\Ai-CDD\updated_class_tb_dataset\TBX11K\imgs\health\h2871.png
4,normal,h2643.png,G:\Ai-CDD\updated_class_tb_dataset\TBX11K\imgs\health\h2643.png,normal,h4908.png,G:\Ai-CDD\updated_class_tb_dataset\TBX11K\imgs\health\h4908.png
4,normal,h2656.png,G:\Ai-CDD\updated_class_tb_dataset\TBX11K\imgs\health\h2656.png,normal,h2775.png,G:\Ai-CDD\updated_class_tb_dataset\TBX11K\imgs\health\h2775.png
4,normal,h2656.png,G:\Ai-CDD\updated_class_tb_dataset\TBX11K\imgs\health\h2656.png,normal,h3127.png,G:\Ai-CDD\updated_class_tb_dataset\TBX11K\imgs\health\h3127.png
4,normal,h2656.png,G:\Ai-CDD\updated_class_tb_dataset\TBX11K\imgs\health\h2656.png,normal,h3416.png,G:\Ai-CDD\updated_class_tb_dataset\TBX11K\imgs\health\h3416.png
4,normal,h2656.png,G:\Ai-CDD\updated_class_tb_dataset\TBX11K\imgs\health\h2656.png,normal,h4970.png,G:\Ai-CDD\updated_class_tb_dataset\TBX11K\imgs\health\h4970.png
4,normal,h2661.png,G:\Ai-CDD\updated_class_tb_dataset\TBX11K\imgs\health\h2661.png,normal,h4677.png,G:\Ai-CDD\updated_class_tb_dataset\TBX11K\imgs\health\h4677.png
4,normal,h2662.png,G:\Ai-CDD\updated_class_tb_dataset\TBX11K\imgs\health\h2662.png,normal,h2778.png,G:\Ai-CDD\updated_class_tb_dataset\TBX11K\imgs\health\h2778.png
4,normal,h2662.png,G:\Ai-CDD\updated_class_tb_dataset\TBX11K\imgs\health\h2662.png,normal,h2801.png,G:\Ai-CDD\updated_class_tb_dataset\TBX11K\imgs\health\h2801.png
4,normal,h2662.png,G:\Ai-CDD\updated_class_tb_dataset\TBX11K\imgs\health\h2662.png,normal,h3348.png,G:\Ai-CDD\updated_class_tb_dataset\TBX11K\imgs\health\h3348.png
4,normal,h2662.png,G:\Ai-CDD\updated_class_tb_dataset\TBX11K\imgs\health\h2662.png,normal,h3500.png,G:\Ai-CDD\updated_class_tb_dataset\TBX11K\imgs\health\h3500.png
4,normal,h2662.png,G:\Ai-CDD\updated_class_tb_dataset\TBX11K\imgs\health\h2662.png,normal,h3587.png,G:\Ai-CDD\updated_class_tb_dataset\TBX11K\imgs\health\h3587.png
2,normal,h2662.png,G:\Ai-CDD\updated_class_tb_dataset\TBX11K\imgs\health\h2662.png,normal,h3675.png,G:\Ai-CDD\updated_class_tb_dataset\TBX11K\imgs\health\h3675.png
2,normal,h2662.png,G:\Ai-CDD\updated_class_tb_dataset\TBX11K\imgs\health\h2662.png,normal,h3819.png,G:\Ai-CDD\updated_class_tb_dataset\TBX11K\imgs\health\h3819.png
4,normal,h2662.png,G:\Ai-CDD\updated_class_tb_dataset\TBX11K\imgs\health\h2662.png,normal,h4356.png,G:\Ai-CDD\updated_class_tb_dataset\TBX11K\imgs\health\h4356.png
2,normal,h2662.png,G:\Ai-CDD\updated_class_tb_dataset\TBX11K\imgs\health\h2662.png,normal,h4750.png,G:\Ai-CDD\updated_class_tb_dataset\TBX11K\imgs\health\h4750.png
2,normal,h2662.png,G:\Ai-CDD\updated_class_tb_dataset\TBX11K\imgs\health\h2662.png,normal,h4958.png,G:\Ai-CDD\updated_class_tb_dataset\TBX11K\imgs\health\h4958.png
4,normal,h2662.png,G:\Ai-CDD\updated_class_tb_dataset\TBX11K\imgs\health\h2662.png,sick,s1080.png,G:\Ai-CDD\updated_class_tb_dataset\TBX11K\imgs\sick\s1080.png
4,normal,h2669.png,G:\Ai-CDD\updated_class_tb_dataset\TBX11K\imgs\health\h2669.png,normal,h3428.png,G:\Ai-CDD\updated_class_tb_dataset\TBX11K\imgs\health\h3428.png
4,normal,h2676.png,G:\Ai-CDD\updated_class_tb_dataset\TBX11K\imgs\health\h2676.png,normal,h4236.png,G:\Ai-CDD\updated_class_tb_dataset\TBX11K\imgs\health\h4236.png
4,normal,h2691.png,G:\Ai-CDD\updated_class_tb_dataset\TBX11K\imgs\health\h2691.png,sick,s1744.png,G:\Ai-CDD\updated_class_tb_dataset\TBX11K\imgs\sick\s1744.png
4,normal,h2691.png,G:\Ai-CDD\updated_class_tb_dataset\TBX11K\imgs\health\h2691.png,sick,s3523.png,G:\Ai-CDD\updated_class_tb_dataset\TBX11K\imgs\sick\s3523.png
4,normal,h2692.png,G:\Ai-CDD\updated_class_tb_dataset\TBX11K\imgs\health\h2692.png,normal,h3781.png,G:\Ai-CDD\updated_class_tb_dataset\TBX11K\imgs\health\h3781.png
2,normal,h2697.png,G:\Ai-CDD\updated_class_tb_dataset\TBX11K\imgs\health\h2697.png,normal,h3085.png,G:\Ai-CDD\updated_class_tb_dataset\TBX11K\imgs\health\h3085.png
4,normal,h2705.png,G:\Ai-CDD\updated_class_tb_dataset\TBX11K\imgs\health\h2705.png,normal,h4359.png,G:\Ai-CDD\updated_class_tb_dataset\TBX11K\imgs\health\h4359.png
4,normal,h2712.png,G:\Ai-CDD\updated_class_tb_dataset\TBX11K\imgs\health\h2712.png,sick,s1719.png,G:\Ai-CDD\updated_class_tb_dataset\TBX11K\imgs\sick\s1719.png
4,normal,h2712.png,G:\Ai-CDD\updated_class_tb_dataset\TBX11K\imgs\health\h2712.png,tb,tb0264.png,G:\Ai-CDD\updated_class_tb_dataset\TBX11K\imgs\tb\tb0264.png
4,normal,h2715.png,G:\Ai-CDD\updated_class_tb_dataset\TBX11K\imgs\health\h2715.png,normal,h4253.png,G:\Ai-CDD\updated_class_tb_dataset\TBX11K\imgs\health\h4253.png
4,normal,h2719.png,G:\Ai-CDD\updated_class_tb_dataset\TBX11K\imgs\health\h2719.png,normal,h4219.png,G:\Ai-CDD\updated_class_tb_dataset\TBX11K\imgs\health\h4219.png
4,normal,h2735.png,G:\Ai-CDD\updated_class_tb_dataset\TBX11K\imgs\health\h2735.png,normal,h4217.png,G:\Ai-CDD\updated_class_tb_dataset\TBX11K\imgs\health\h4217.png
4,normal,h2735.png,G:\Ai-CDD\updated_class_tb_dataset\TBX11K\imgs\health\h2735.png,normal,h4269.png,G:\Ai-CDD\updated_class_tb_dataset\TBX11K\imgs\health\h4269.png
4,normal,h2738.png,G:\Ai-CDD\updated_class_tb_dataset\TBX11K\imgs\health\h2738.png,normal,h2963.png,G:\Ai-CDD\updated_class_tb_dataset\TBX11K\imgs\health\h2963.png
4,normal,h2738.png,G:\Ai-CDD\updated_class_tb_dataset\TBX11K\imgs\health\h2738.png,normal,h3803.png,G:\Ai-CDD\updated_class_tb_dataset\TBX11K\imgs\health\h3803.png
2,normal,h2738.png,G:\Ai-CDD\updated_class_tb_dataset\TBX11K\imgs\health\h2738.png,normal,h4561.png,G:\Ai-CDD\updated_class_tb_dataset\TBX11K\imgs\health\h4561.png
4,normal,h2738.png,G:\Ai-CDD\updated_class_tb_dataset\TBX11K\imgs\health\h2738.png,normal,h4811.png,G:\Ai-CDD\updated_class_tb_dataset\TBX11K\imgs\health\h4811.png
4,normal,h2738.png,G:\Ai-CDD\updated_class_tb_dataset\TBX11K\imgs\health\h2738.png,sick,s4259.png,G:\Ai-CDD\updated_class_tb_dataset\TBX11K\imgs\sick\s4259.png
4,normal,h2739.png,G:\Ai-CDD\updated_class_tb_dataset\TBX11K\imgs\health\h2739.png,normal,h3144.png,G:\Ai-CDD\updated_class_tb_dataset\TBX11K\imgs\health\h3144.png
4,normal,h2740.png,G:\Ai-CDD\updated_class_tb_dataset\TBX11K\imgs\health\h2740.png,normal,h3475.png,G:\Ai-CDD\updated_class_tb_dataset\TBX11K\imgs\health\h3475.png
4,normal,h2743.png,G:\Ai-CDD\updated_class_tb_dataset\TBX11K\imgs\health\h2743.png,normal,h3975.png,G:\Ai-CDD\updated_class_tb_dataset\TBX11K\imgs\health\h3975.png
4,normal,h2747.png,G:\Ai-CDD\updated_class_tb_dataset\TBX11K\imgs\health\h2747.png,sick,s1619.png,G:\Ai-CDD\updated_class_tb_dataset\TBX11K\imgs\sick\s1619.png
4,normal,h2747.png,G:\Ai-CDD\updated_class_tb_dataset\TBX11K\imgs\health\h2747.png,sick,s3041.png,G:\Ai-CDD\updated_class_tb_dataset\TBX11K\imgs\sick\s3041.png
4,normal,h2750.png,G:\Ai-CDD\updated_class_tb_dataset\TBX11K\imgs\health\h2750.png,normal,h2871.png,G:\Ai-CDD\updated_class_tb_dataset\TBX11K\imgs\health\h2871.png
4,normal,h2750.png,G:\Ai-CDD\updated_class_tb_dataset\TBX11K\imgs\health\h2750.png,normal,h3441.png,G:\Ai-CDD\updated_class_tb_dataset\TBX11K\imgs\health\h3441.png
4,normal,h2750.png,G:\Ai-CDD\updated_class_tb_dataset\TBX11K\imgs\health\h2750.png,normal,h3449.png,G:\Ai-CDD\updated_class_tb_dataset\TBX11K\imgs\health\h3449.png
4,normal,h2750.png,G:\Ai-CDD\updated_class_tb_dataset\TBX11K\imgs\health\h2750.png,normal,h4019.png,G:\Ai-CDD\updated_class_tb_dataset\TBX11K\imgs\health\h4019.png
4,normal,h2750.png,G:\Ai-CDD\updated_class_tb_dataset\TBX11K\imgs\health\h2750.png,normal,h4423.png,G:\Ai-CDD\updated_class_tb_dataset\TBX11K\imgs\health\h4423.png
4,normal,h2752.png,G:\Ai-CDD\updated_class_tb_dataset\TBX11K\imgs\health\h2752.png,tb,tb0242.png,G:\Ai-CDD\updated_class_tb_dataset\TBX11K\imgs\tb\tb0242.png
4,normal,h2756.png,G:\Ai-CDD\updated_class_tb_dataset\TBX11K\imgs\health\h2756.png,normal,h4943.png,G:\Ai-CDD\updated_class_tb_dataset\TBX11K\imgs\health\h4943.png
4,normal,h2756.png,G:\Ai-CDD\updated_class_tb_dataset\TBX11K\imgs\health\h2756.png,tb,tb1112.png,G:\Ai-CDD\updated_class_tb_dataset\TBX11K\imgs\tb\tb1112.png
4,normal,h2758.png,G:\Ai-CDD\updated_class_tb_dataset\TBX11K\imgs\health\h2758.png,normal,h3820.png,G:\Ai-CDD\updated_class_tb_dataset\TBX11K\imgs\health\h3820.png
4,normal,h2769.png,G:\Ai-CDD\updated_class_tb_dataset\TBX11K\imgs\health\h2769.png,normal,h3938.png,G:\Ai-CDD\updated_class_tb_dataset\TBX11K\imgs\health\h3938.png
4,normal,h2774.png,G:\Ai-CDD\updated_class_tb_dataset\TBX11K\imgs\health\h2774.png,normal,h4380.png,G:\Ai-CDD\updated_class_tb_dataset\TBX11K\imgs\health\h4380.png
4,normal,h2775.png,G:\Ai-CDD\updated_class_tb_dataset\TBX11K\imgs\health\h2775.png,normal,h2805.png,G:\Ai-CDD\updated_class_tb_dataset\TBX11K\imgs\health\h2805.png
4,normal,h2778.png,G:\Ai-CDD\updated_class_tb_dataset\TBX11K\imgs\health\h2778.png,normal,h3387.png,G:\Ai-CDD\updated_class_tb_dataset\TBX11K\imgs\health\h3387.png
4,normal,h2778.png,G:\Ai-CDD\updated_class_tb_dataset\TBX11K\imgs\health\h2778.png,normal,h3608.png,G:\Ai-CDD\updated_class_tb_dataset\TBX11K\imgs\health\h3608.png
4,normal,h2778.png,G:\Ai-CDD\updated_class_tb_dataset\TBX11K\imgs\health\h2778.png,normal,h3819.png,G:\Ai-CDD\updated_class_tb_dataset\TBX11K\imgs\health\h3819.png
4,normal,h2778.png,G:\Ai-CDD\updated_class_tb_dataset\TBX11K\imgs\health\h2778.png,normal,h4356.png,G:\Ai-CDD\updated_class_tb_dataset\TBX11K\imgs\health\h4356.png
4,normal,h2778.png,G:\Ai-CDD\updated_class_tb_dataset\TBX11K\imgs\health\h2778.png,normal,h4536.png,G:\Ai-CDD\updated_class_tb_dataset\TBX11K\imgs\health\h4536.png
4,normal,h2778.png,G:\Ai-CDD\updated_class_tb_dataset\TBX11K\imgs\health\h2778.png,normal,h4569.png,G:\Ai-CDD\updated_class_tb_dataset\TBX11K\imgs\health\h4569.png
4,normal,h2778.png,G:\Ai-CDD\updated_class_tb_dataset\TBX11K\imgs\health\h2778.png,sick,s1080.png,G:\Ai-CDD\updated_class_tb_dataset\TBX11K\imgs\sick\s1080.png
4,normal,h2786.png,G:\Ai-CDD\updated_class_tb_dataset\TBX11K\imgs\health\h2786.png,normal,h3820.png,G:\Ai-CDD\updated_class_tb_dataset\TBX11K\imgs\health\h3820.png
4,normal,h2801.png,G:\Ai-CDD\updated_class_tb_dataset\TBX11K\imgs\health\h2801.png,normal,h3269.png,G:\Ai-CDD\updated_class_tb_dataset\TBX11K\imgs\health\h3269.png
2,normal,h2801.png,G:\Ai-CDD\updated_class_tb_dataset\TBX11K\imgs\health\h2801.png,normal,h3348.png,G:\Ai-CDD\updated_class_tb_dataset\TBX11K\imgs\health\h3348.png
4,normal,h2801.png,G:\Ai-CDD\updated_class_tb_dataset\TBX11K\imgs\health\h2801.png,normal,h3675.png,G:\Ai-CDD\updated_class_tb_dataset\TBX11K\imgs\health\h3675.png
4,normal,h2805.png,G:\Ai-CDD\updated_class_tb_dataset\TBX11K\imgs\health\h2805.png,normal,h4359.png,G:\Ai-CDD\updated_class_tb_dataset\TBX11K\imgs\health\h4359.png
4,normal,h2808.png,G:\Ai-CDD\updated_class_tb_dataset\TBX11K\imgs\health\h2808.png,normal,h3538.png,G:\Ai-CDD\updated_class_tb_dataset\TBX11K\imgs\health\h3538.png
4,normal,h2815.png,G:\Ai-CDD\updated_class_tb_dataset\TBX11K\imgs\health\h2815.png,normal,h3063.png,G:\Ai-CDD\updated_class_tb_dataset\TBX11K\imgs\health\h3063.png
4,normal,h2828.png,G:\Ai-CDD\updated_class_tb_dataset\TBX11K\imgs\health\h2828.png,normal,h4812.png,G:\Ai-CDD\updated_class_tb_dataset\TBX11K\imgs\health\h4812.png
4,normal,h2831.png,G:\Ai-CDD\updated_class_tb_dataset\TBX11K\imgs\health\h2831.png,normal,h4431.png,G:\Ai-CDD\updated_class_tb_dataset\TBX11K\imgs\health\h4431.png
4,normal,h2846.png,G:\Ai-CDD\updated_class_tb_dataset\TBX11K\imgs\health\h2846.png,normal,h3475.png,G:\Ai-CDD\updated_class_tb_dataset\TBX11K\imgs\health\h3475.png
4,normal,h2849.png,G:\Ai-CDD\updated_class_tb_dataset\TBX11K\imgs\health\h2849.png,normal,h4151.png,G:\Ai-CDD\updated_class_tb_dataset\TBX11K\imgs\health\h4151.png
4,normal,h2852.png,G:\Ai-CDD\updated_class_tb_dataset\TBX11K\imgs\health\h2852.png,normal,h3104.png,G:\Ai-CDD\updated_class_tb_dataset\TBX11K\imgs\health\h3104.png
4,normal,h2859.png,G:\Ai-CDD\updated_class_tb_dataset\TBX11K\imgs\health\h2859.png,normal,h4151.png,G:\Ai-CDD\updated_class_tb_dataset\TBX11K\imgs\health\h4151.png
4,normal,h2859.png,G:\Ai-CDD\updated_class_tb_dataset\TBX11K\imgs\health\h2859.png,sick,s1528.png,G:\Ai-CDD\updated_class_tb_dataset\TBX11K\imgs\sick\s1528.png
4,normal,h2862.png,G:\Ai-CDD\updated_class_tb_dataset\TBX11K\imgs\health\h2862.png,normal,h4566.png,G:\Ai-CDD\updated_class_tb_dataset\TBX11K\imgs\health\h4566.png
4,normal,h2870.png,G:\Ai-CDD\updated_class_tb_dataset\TBX11K\imgs\health\h2870.png,normal,h3830.png,G:\Ai-CDD\updated_class_tb_dataset\TBX11K\imgs\health\h3830.png
4,normal,h2880.png,G:\Ai-CDD\updated_class_tb_dataset\TBX11K\imgs\health\h2880.png,normal,h2928.png,G:\Ai-CDD\updated_class_tb_dataset\TBX11K\imgs\health\h2928.png
4,normal,h2880.png,G:\Ai-CDD\updated_class_tb_dataset\TBX11K\imgs\health\h2880.png,normal,h4092.png,G:\Ai-CDD\updated_class_tb_dataset\TBX11K\imgs\health\h4092.png
4,normal,h2880.png,G:\Ai-CDD\updated_class_tb_dataset\TBX11K\imgs\health\h2880.png,normal,h4236.png,G:\Ai-CDD\updated_class_tb_dataset\TBX11K\imgs\health\h4236.png
4,normal,h2880.png,G:\Ai-CDD\updated_class_tb_dataset\TBX11K\imgs\health\h2880.png,normal,h4575.png,G:\Ai-CDD\updated_class_tb_dataset\TBX11K\imgs\health\h4575.png
4,normal,h2882.png,G:\Ai-CDD\updated_class_tb_dataset\TBX11K\imgs\health\h2882.png,normal,h3182.png,G:\Ai-CDD\updated_class_tb_dataset\TBX11K\imgs\health\h3182.png
4,normal,h2885.png,G:\Ai-CDD\updated_class_tb_dataset\TBX11K\imgs\health\h2885.png,normal,h4027.png,G:\Ai-CDD\updated_class_tb_dataset\TBX11K\imgs\health\h4027.png
4,normal,h2885.png,G:\Ai-CDD\updated_class_tb_dataset\TBX11K\imgs\health\h2885.png,normal,h4252.png,G:\Ai-CDD\updated_class_tb_dataset\TBX11K\imgs\health\h4252.png
4,normal,h2885.png,G:\Ai-CDD\updated_class_tb_dataset\TBX11K\imgs\health\h2885.png,normal,h4326.png,G:\Ai-CDD\updated_class_tb_dataset\TBX11K\imgs\health\h4326.png
4,normal,h2885.png,G:\Ai-CDD\updated_class_tb_dataset\TBX11K\imgs\health\h2885.png,normal,h4526.png,G:\Ai-CDD\updated_class_tb_dataset\TBX11K\imgs\health\h4526.png
4,normal,h2886.png,G:\Ai-CDD\updated_class_tb_dataset\TBX11K\imgs\health\h2886.png,normal,h4084.png,G:\Ai-CDD\updated_class_tb_dataset\TBX11K\imgs\health\h4084.png
4,normal,h2890.png,G:\Ai-CDD\updated_class_tb_dataset\TBX11K\imgs\health\h2890.png,normal,h4457.png,G:\Ai-CDD\updated_class_tb_dataset\TBX11K\imgs\health\h4457.png
4,normal,h2908.png,G:\Ai-CDD\updated_class_tb_dataset\TBX11K\imgs\health\h2908.png,normal,h4074.png,G:\Ai-CDD\updated_class_tb_dataset\TBX11K\imgs\health\h4074.png
4,normal,h2914.png,G:\Ai-CDD\updated_class_tb_dataset\TBX11K\imgs\health\h2914.png,normal,h3793.png,G:\Ai-CDD\updated_class_tb_dataset\TBX11K\imgs\health\h3793.png
4,normal,h2914.png,G:\Ai-CDD\updated_class_tb_dataset\TBX11K\imgs\health\h2914.png,normal,h4272.png,G:\Ai-CDD\updated_class_tb_dataset\TBX11K\imgs\health\h4272.png
4,normal,h2915.png,G:\Ai-CDD\updated_class_tb_dataset\TBX11K\imgs\health\h2915.png,normal,h3297.png,G:\Ai-CDD\updated_class_tb_dataset\TBX11K\imgs\health\h3297.png
4,normal,h2919.png,G:\Ai-CDD\updated_class_tb_dataset\TBX11K\imgs\health\h2919.png,normal,h4520.png,G:\Ai-CDD\updated_class_tb_dataset\TBX11K\imgs\health\h4520.png
4,normal,h2928.png,G:\Ai-CDD\updated_class_tb_dataset\TBX11K\imgs\health\h2928.png,normal,h4092.png,G:\Ai-CDD\updated_class_tb_dataset\TBX11K\imgs\health\h4092.png
4,normal,h2928.png,G:\Ai-CDD\updated_class_tb_dataset\TBX11K\imgs\health\h2928.png,normal,h4575.png,G:\Ai-CDD\updated_class_tb_dataset\TBX11K\imgs\health\h4575.png
4,normal,h2938.png,G:\Ai-CDD\updated_class_tb_dataset\TBX11K\imgs\health\h2938.png,tb,tb0148.png,G:\Ai-CDD\updated_class_tb_dataset\TBX11K\imgs\tb\tb0148.png
4,normal,h2945.png,G:\Ai-CDD\updated_class_tb_dataset\TBX11K\imgs\health\h2945.png,normal,h4162.png,G:\Ai-CDD\updated_class_tb_dataset\TBX11K\imgs\health\h4162.png
4,normal,h2949.png,G:\Ai-CDD\updated_class_tb_dataset\TBX11K\imgs\health\h2949.png,tb,tb0175.png,G:\Ai-CDD\updated_class_tb_dataset\TBX11K\imgs\tb\tb0175.png
4,normal,h2949.png,G:\Ai-CDD\updated_class_tb_dataset\TBX11K\imgs\health\h2949.png,tb,tb0386.png,G:\Ai-CDD\updated_class_tb_dataset\TBX11K\imgs\tb\tb0386.png
2,normal,h2949.png,G:\Ai-CDD\updated_class_tb_dataset\TBX11K\imgs\health\h2949.png,tb,tb1079.png,G:\Ai-CDD\updated_class_tb_dataset\TBX11K\imgs\tb\tb1079.png
4,normal,h2953.png,G:\Ai-CDD\updated_class_tb_dataset\TBX11K\imgs\health\h2953.png,tb,tb0354.png,G:\Ai-CDD\updated_class_tb_dataset\TBX11K\imgs\tb\tb0354.png
4,normal,h2954.png,G:\Ai-CDD\updated_class_tb_dataset\TBX11K\imgs\health\h2954.png,normal,h4505.png,G:\Ai-CDD\updated_class_tb_dataset\TBX11K\imgs\health\h4505.png
4,normal,h2960.png,G:\Ai-CDD\updated_class_tb_dataset\TBX11K\imgs\health\h2960.png,normal,h4254.png,G:\Ai-CDD\updated_class_tb_dataset\TBX11K\imgs\health\h4254.png
4,normal,h2960.png,G:\Ai-CDD\updated_class_tb_dataset\TBX11K\imgs\health\h2960.png,tb,tb1099.png,G:\Ai-CDD\updated_class_tb_dataset\TBX11K\imgs\tb\tb1099.png
4,normal,h2963.png,G:\Ai-CDD\updated_class_tb_dataset\TBX11K\imgs\health\h2963.png,normal,h4366.png,G:\Ai-CDD\updated_class_tb_dataset\TBX11K\imgs\health\h4366.png
4,normal,h2963.png,G:\Ai-CDD\updated_class_tb_dataset\TBX11K\imgs\health\h2963.png,normal,h4811.png,G:\Ai-CDD\updated_class_tb_dataset\TBX11K\imgs\health\h4811.png
4,normal,h2963.png,G:\Ai-CDD\updated_class_tb_dataset\TBX11K\imgs\health\h2963.png,tb,tb0684.png,G:\Ai-CDD\updated_class_tb_dataset\TBX11K\imgs\tb\tb0684.png
4,normal,h2970.png,G:\Ai-CDD\updated_class_tb_dataset\TBX11K\imgs\health\h2970.png,sick,s4441.png,G:\Ai-CDD\updated_class_tb_dataset\TBX11K\imgs\sick\s4441.png
4,normal,h2972.png,G:\Ai-CDD\updated_class_tb_dataset\TBX11K\imgs\health\h2972.png,normal,h3825.png,G:\Ai-CDD\updated_class_tb_dataset\TBX11K\imgs\health\h3825.png
4,normal,h2982.png,G:\Ai-CDD\updated_class_tb_dataset\TBX11K\imgs\health\h2982.png,normal,h3135.png,G:\Ai-CDD\updated_class_tb_dataset\TBX11K\imgs\health\h3135.png
4,normal,h2982.png,G:\Ai-CDD\updated_class_tb_dataset\TBX11K\imgs\health\h2982.png,normal,h3284.png,G:\Ai-CDD\updated_class_tb_dataset\TBX11K\imgs\health\h3284.png
4,normal,h2982.png,G:\Ai-CDD\updated_class_tb_dataset\TBX11K\imgs\health\h2982.png,normal,h3803.png,G:\Ai-CDD\updated_class_tb_dataset\TBX11K\imgs\health\h3803.png
4,normal,h2982.png,G:\Ai-CDD\updated_class_tb_dataset\TBX11K\imgs\health\h2982.png,normal,h4763.png,G:\Ai-CDD\updated_class_tb_dataset\TBX11K\imgs\health\h4763.png
4,normal,h2988.png,G:\Ai-CDD\updated_class_tb_dataset\TBX11K\imgs\health\h2988.png,sick,s4794.png,G:\Ai-CDD\updated_class_tb_dataset\TBX11K\imgs\sick\s4794.png
4,normal,h2989.png,G:\Ai-CDD\updated_class_tb_dataset\TBX11K\imgs\health\h2989.png,normal,h3486.png,G:\Ai-CDD\updated_class_tb_dataset\TBX11K\imgs\health\h3486.png
4,normal,h2992.png,G:\Ai-CDD\updated_class_tb_dataset\TBX11K\imgs\health\h2992.png,sick,s1037.png,G:\Ai-CDD\updated_class_tb_dataset\TBX11K\imgs\sick\s1037.png
2,normal,h3000.png,G:\Ai-CDD\updated_class_tb_dataset\TBX11K\imgs\health\h3000.png,normal,h3344.png,G:\Ai-CDD\updated_class_tb_dataset\TBX11K\imgs\health\h3344.png
4,normal,h3019.png,G:\Ai-CDD\updated_class_tb_dataset\TBX11K\imgs\health\h3019.png,sick,s0604.png,G:\Ai-CDD\updated_class_tb_dataset\TBX11K\imgs\sick\s0604.png
4,normal,h3021.png,G:\Ai-CDD\updated_class_tb_dataset\TBX11K\imgs\health\h3021.png,normal,h3730.png,G:\Ai-CDD\updated_class_tb_dataset\TBX11K\imgs\health\h3730.png
4,normal,h3023.png,G:\Ai-CDD\updated_class_tb_dataset\TBX11K\imgs\health\h3023.png,normal,h4157.png,G:\Ai-CDD\updated_class_tb_dataset\TBX11K\imgs\health\h4157.png
4,normal,h3025.png,G:\Ai-CDD\updated_class_tb_dataset\TBX11K\imgs\health\h3025.png,normal,h3285.png,G:\Ai-CDD\updated_class_tb_dataset\TBX11K\imgs\health\h3285.png
4,normal,h3025.png,G:\Ai-CDD\updated_class_tb_dataset\TBX11K\imgs\health\h3025.png,normal,h3675.png,G:\Ai-CDD\updated_class_tb_dataset\TBX11K\imgs\health\h3675.png
4,normal,h3025.png,G:\Ai-CDD\updated_class_tb_dataset\TBX11K\imgs\health\h3025.png,normal,h4092.png,G:\Ai-CDD\updated_class_tb_dataset\TBX11K\imgs\health\h4092.png
4,normal,h3027.png,G:\Ai-CDD\updated_class_tb_dataset\TBX11K\imgs\health\h3027.png,normal,h3132.png,G:\Ai-CDD\updated_class_tb_dataset\TBX11K\imgs\health\h3132.png
4,normal,h3029.png,G:\Ai-CDD\updated_class_tb_dataset\TBX11K\imgs\health\h3029.png,normal,h3203.png,G:\Ai-CDD\updated_class_tb_dataset\TBX11K\imgs\health\h3203.png
4,normal,h3030.png,G:\Ai-CDD\updated_class_tb_dataset\TBX11K\imgs\health\h3030.png,normal,h3420.png,G:\Ai-CDD\updated_class_tb_dataset\TBX11K\imgs\health\h3420.png
4,normal,h3030.png,G:\Ai-CDD\updated_class_tb_dataset\TBX11K\imgs\health\h3030.png,normal,h4908.png,G:\Ai-CDD\updated_class_tb_dataset\TBX11K\imgs\health\h4908.png
4,normal,h3030.png,G:\Ai-CDD\updated_class_tb_dataset\TBX11K\imgs\health\h3030.png,normal,h4940.png,G:\Ai-CDD\updated_class_tb_dataset\TBX11K\imgs\health\h4940.png
4,normal,h3034.png,G:\Ai-CDD\updated_class_tb_dataset\TBX11K\imgs\health\h3034.png,tb,tb0050.png,G:\Ai-CDD\updated_class_tb_dataset\TBX11K\imgs\tb\tb0050.png
4,normal,h3035.png,G:\Ai-CDD\updated_class_tb_dataset\TBX11K\imgs\health\h3035.png,normal,h3837.png,G:\Ai-CDD\updated_class_tb_dataset\TBX11K\imgs\health\h3837.png
4,normal,h3035.png,G:\Ai-CDD\updated_class_tb_dataset\TBX11K\imgs\health\h3035.png,normal,h4371.png,G:\Ai-CDD\updated_class_tb_dataset\TBX11K\imgs\health\h4371.png
4,normal,h3035.png,G:\Ai-CDD\updated_class_tb_dataset\TBX11K\imgs\health\h3035.png,normal,h4647.png,G:\Ai-CDD\updated_class_tb_dataset\TBX11K\imgs\health\h4647.png
4,normal,h3035.png,G:\Ai-CDD\updated_class_tb_dataset\TBX11K\imgs\health\h3035.png,normal,h4965.png,G:\Ai-CDD\updated_class_tb_dataset\TBX11K\imgs\health\h4965.png
4,normal,h3037.png,G:\Ai-CDD\updated_class_tb_dataset\TBX11K\imgs\health\h3037.png,sick,s0115.png,G:\Ai-CDD\updated_class_tb_dataset\TBX11K\imgs\sick\s0115.png
4,normal,h3037.png,G:\Ai-CDD\updated_class_tb_dataset\TBX11K\imgs\health\h3037.png,sick,s1175.png,G:\Ai-CDD\updated_class_tb_dataset\TBX11K\imgs\sick\s1175.png
4,normal,h3037.png,G:\Ai-CDD\updated_class_tb_dataset\TBX11K\imgs\health\h3037.png,sick,s4275.png,G:\Ai-CDD\updated_class_tb_dataset\TBX11K\imgs\sick\s4275.png
4,normal,h3037.png,G:\Ai-CDD\updated_class_tb_dataset\TBX11K\imgs\health\h3037.png,sick,s4524.png,G:\Ai-CDD\updated_class_tb_dataset\TBX11K\imgs\sick\s4524.png
4,normal,h3039.png,G:\Ai-CDD\updated_class_tb_dataset\TBX11K\imgs\health\h3039.png,normal,h3383.png,G:\Ai-CDD\updated_class_tb_dataset\TBX11K\imgs\health\h3383.png
4,normal,h3039.png,G:\Ai-CDD\updated_class_tb_dataset\TBX11K\imgs\health\h3039.png,normal,h3495.png,G:\Ai-CDD\updated_class_tb_dataset\TBX11K\imgs\health\h3495.png
4,normal,h3039.png,G:\Ai-CDD\updated_class_tb_dataset\TBX11K\imgs\health\h3039.png,normal,h3742.png,G:\Ai-CDD\updated_class_tb_dataset\TBX11K\imgs\health\h3742.png
4,normal,h3039.png,G:\Ai-CDD\updated_class_tb_dataset\TBX11K\imgs\health\h3039.png,normal,h4432.png,G:\Ai-CDD\updated_class_tb_dataset\TBX11K\imgs\health\h4432.png
4,normal,h3046.png,G:\Ai-CDD\updated_class_tb_dataset\TBX11K\imgs\health\h3046.png,normal,h3408.png,G:\Ai-CDD\updated_class_tb_dataset\TBX11K\imgs\health\h3408.png
4,normal,h3046.png,G:\Ai-CDD\updated_class_tb_dataset\TBX11K\imgs\health\h3046.png,tb,tb0830.png,G:\Ai-CDD\updated_class_tb_dataset\TBX11K\imgs\tb\tb0830.png
4,normal,h3048.png,G:\Ai-CDD\updated_class_tb_dataset\TBX11K\imgs\health\h3048.png,normal,h3822.png,G:\Ai-CDD\updated_class_tb_dataset\TBX11K\imgs\health\h3822.png
4,normal,h3048.png,G:\Ai-CDD\updated_class_tb_dataset\TBX11K\imgs\health\h3048.png,normal,h4636.png,G:\Ai-CDD\updated_class_tb_dataset\TBX11K\imgs\health\h4636.png
4,normal,h3048.png,G:\Ai-CDD\updated_class_tb_dataset\TBX11K\imgs\health\h3048.png,normal,h4806.png,G:\Ai-CDD\updated_class_tb_dataset\TBX11K\imgs\health\h4806.png
4,normal,h3049.png,G:\Ai-CDD\updated_class_tb_dataset\TBX11K\imgs\health\h3049.png,normal,h4758.png,G:\Ai-CDD\updated_class_tb_dataset\TBX11K\imgs\health\h4758.png
4,normal,h3050.png,G:\Ai-CDD\updated_class_tb_dataset\TBX11K\imgs\health\h3050.png,sick,s4064.png,G:\Ai-CDD\updated_class_tb_dataset\TBX11K\imgs\sick\s4064.png
4,normal,h3052.png,G:\Ai-CDD\updated_class_tb_dataset\TBX11K\imgs\health\h3052.png,sick,s4031.png,G:\Ai-CDD\updated_class_tb_dataset\TBX11K\imgs\sick\s4031.png
4,normal,h3059.png,G:\Ai-CDD\updated_class_tb_dataset\TBX11K\imgs\health\h3059.png,normal,h4788.png,G:\Ai-CDD\updated_class_tb_dataset\TBX11K\imgs\health\h4788.png
4,normal,h3059.png,G:\Ai-CDD\updated_class_tb_dataset\TBX11K\imgs\health\h3059.png,tb,tb0212.png,G:\Ai-CDD\updated_class_tb_dataset\TBX11K\imgs\tb\tb0212.png
2,normal,h3059.png,G:\Ai-CDD\updated_class_tb_dataset\TBX11K\imgs\health\h3059.png,tb,tb0739.png,G:\Ai-CDD\updated_class_tb_dataset\TBX11K\imgs\tb\tb0739.png
4,normal,h3063.png,G:\Ai-CDD\updated_class_tb_dataset\TBX11K\imgs\health\h3063.png,normal,h3932.png,G:\Ai-CDD\updated_class_tb_dataset\TBX11K\imgs\health\h3932.png
4,normal,h3063.png,G:\Ai-CDD\updated_class_tb_dataset\TBX11K\imgs\health\h3063.png,normal,h4091.png,G:\Ai-CDD\updated_class_tb_dataset\TBX11K\imgs\health\h4091.png
4,normal,h3063.png,G:\Ai-CDD\updated_class_tb_dataset\TBX11K\imgs\health\h3063.png,tb,tb0216.png,G:\Ai-CDD\updated_class_tb_dataset\TBX11K\imgs\tb\tb0216.png
4,normal,h3063.png,G:\Ai-CDD\updated_class_tb_dataset\TBX11K\imgs\health\h3063.png,tb,tb1010.png,G:\Ai-CDD\updated_class_tb_dataset\TBX11K\imgs\tb\tb1010.png
4,normal,h3063.png,G:\Ai-CDD\updated_class_tb_dataset\TBX11K\imgs\health\h3063.png,tb,tb1079.png,G:\Ai-CDD\updated_class_tb_dataset\TBX11K\imgs\tb\tb1079.png
4,normal,h3068.png,G:\Ai-CDD\updated_class_tb_dataset\TBX11K\imgs\health\h3068.png,normal,h4091.png,G:\Ai-CDD\updated_class_tb_dataset\TBX11K\imgs\health\h4091.png
4,normal,h3068.png,G:\Ai-CDD\updated_class_tb_dataset\TBX11K\imgs\health\h3068.png,sick,s4272.png,G:\Ai-CDD\updated_class_tb_dataset\TBX11K\imgs\sick\s4272.png
4,normal,h3068.png,G:\Ai-CDD\updated_class_tb_dataset\TBX11K\imgs\health\h3068.png,tb,tb1010.png,G:\Ai-CDD\updated_class_tb_dataset\TBX11K\imgs\tb\tb1010.png
4,normal,h3070.png,G:\Ai-CDD\updated_class_tb_dataset\TBX11K\imgs\health\h3070.png,normal,h3542.png,G:\Ai-CDD\updated_class_tb_dataset\TBX11K\imgs\health\h3542.png
4,normal,h3071.png,G:\Ai-CDD\updated_class_tb_dataset\TBX11K\imgs\health\h3071.png,normal,h3916.png,G:\Ai-CDD\updated_class_tb_dataset\TBX11K\imgs\health\h3916.png
4,normal,h3071.png,G:\Ai-CDD\updated_class_tb_dataset\TBX11K\imgs\health\h3071.png,normal,h4351.png,G:\Ai-CDD\updated_class_tb_dataset\TBX11K\imgs\health\h4351.png
4,normal,h3077.png,G:\Ai-CDD\updated_class_tb_dataset\TBX11K\imgs\health\h3077.png,normal,h3085.png,G:\Ai-CDD\updated_class_tb_dataset\TBX11K\imgs\health\h3085.png
4,normal,h3077.png,G:\Ai-CDD\updated_class_tb_dataset\TBX11K\imgs\health\h3077.png,normal,h3327.png,G:\Ai-CDD\updated_class_tb_dataset\TBX11K\imgs\health\h3327.png
4,normal,h3077.png,G:\Ai-CDD\updated_class_tb_dataset\TBX11K\imgs\health\h3077.png,tb,tb0925.png,G:\Ai-CDD\updated_class_tb_dataset\TBX11K\imgs\tb\tb0925.png
4,normal,h3086.png,G:\Ai-CDD\updated_class_tb_dataset\TBX11K\imgs\health\h3086.png,normal,h3748.png,G:\Ai-CDD\updated_class_tb_dataset\TBX11K\imgs\health\h3748.png
4,normal,h3099.png,G:\Ai-CDD\updated_class_tb_dataset\TBX11K\imgs\health\h3099.png,normal,h3602.png,G:\Ai-CDD\updated_class_tb_dataset\TBX11K\imgs\health\h3602.png
4,normal,h3109.png,G:\Ai-CDD\updated_class_tb_dataset\TBX11K\imgs\health\h3109.png,normal,h4533.png,G:\Ai-CDD\updated_class_tb_dataset\TBX11K\imgs\health\h4533.png
4,normal,h3110.png,G:\Ai-CDD\updated_class_tb_dataset\TBX11K\imgs\health\h3110.png,normal,h4680.png,G:\Ai-CDD\updated_class_tb_dataset\TBX11K\imgs\health\h4680.png
4,normal,h3117.png,G:\Ai-CDD\updated_class_tb_dataset\TBX11K\imgs\health\h3117.png,normal,h3861.png,G:\Ai-CDD\updated_class_tb_dataset\TBX11K\imgs\health\h3861.png
4,normal,h3123.png,G:\Ai-CDD\updated_class_tb_dataset\TBX11K\imgs\health\h3123.png,normal,h4256.png,G:\Ai-CDD\updated_class_tb_dataset\TBX11K\imgs\health\h4256.png
4,normal,h3133.png,G:\Ai-CDD\updated_class_tb_dataset\TBX11K\imgs\health\h3133.png,tb,tb0781.png,G:\Ai-CDD\updated_class_tb_dataset\TBX11K\imgs\tb\tb0781.png
4,normal,h3135.png,G:\Ai-CDD\updated_class_tb_dataset\TBX11K\imgs\health\h3135.png,normal,h3284.png,G:\Ai-CDD\updated_class_tb_dataset\TBX11K\imgs\health\h3284.png
4,normal,h3135.png,G:\Ai-CDD\updated_class_tb_dataset\TBX11K\imgs\health\h3135.png,normal,h3803.png,G:\Ai-CDD\updated_class_tb_dataset\TBX11K\imgs\health\h3803.png
4,normal,h3137.png,G:\Ai-CDD\updated_class_tb_dataset\TBX11K\imgs\health\h3137.png,normal,h4287.png,G:\Ai-CDD\updated_class_tb_dataset\TBX11K\imgs\health\h4287.png
4,normal,h3141.png,G:\Ai-CDD\updated_class_tb_dataset\TBX11K\imgs\health\h3141.png,normal,h3791.png,G:\Ai-CDD\updated_class_tb_dataset\TBX11K\imgs\health\h3791.png
4,normal,h3144.png,G:\Ai-CDD\updated_class_tb_dataset\TBX11K\imgs\health\h3144.png,normal,h3443.png,G:\Ai-CDD\updated_class_tb_dataset\TBX11K\imgs\health\h3443.png
4,normal,h3144.png,G:\Ai-CDD\updated_class_tb_dataset\TBX11K\imgs\health\h3144.png,tb,tb0052.png,G:\Ai-CDD\updated_class_tb_dataset\TBX11K\imgs\tb\tb0052.png
4,normal,h3147.png,G:\Ai-CDD\updated_class_tb_dataset\TBX11K\imgs\health\h3147.png,normal,h3379.png,G:\Ai-CDD\updated_class_tb_dataset\TBX11K\imgs\health\h3379.png
4,normal,h3147.png,G:\Ai-CDD\updated_class_tb_dataset\TBX11K\imgs\health\h3147.png,sick,s2478.png,G:\Ai-CDD\updated_class_tb_dataset\TBX11K\imgs\sick\s2478.png
4,normal,h3152.png,G:\Ai-CDD\updated_class_tb_dataset\TBX11K\imgs\health\h3152.png,normal,h3932.png,G:\Ai-CDD\updated_class_tb_dataset\TBX11K\imgs\health\h3932.png
4,normal,h3156.png,G:\Ai-CDD\updated_class_tb_dataset\TBX11K\imgs\health\h3156.png,normal,h3620.png,G:\Ai-CDD\updated_class_tb_dataset\TBX11K\imgs\health\h3620.png
4,normal,h3159.png,G:\Ai-CDD\updated_class_tb_dataset\TBX11K\imgs\health\h3159.png,normal,h3463.png,G:\Ai-CDD\updated_class_tb_dataset\TBX11K\imgs\health\h3463.png
4,normal,h3159.png,G:\Ai-CDD\updated_class_tb_dataset\TBX11K\imgs\health\h3159.png,sick,s3285.png,G:\Ai-CDD\updated_class_tb_dataset\TBX11K\imgs\sick\s3285.png
4,normal,h3161.png,G:\Ai-CDD\updated_class_tb_dataset\TBX11K\imgs\health\h3161.png,tb,tb0238.png,G:\Ai-CDD\updated_class_tb_dataset\TBX11K\imgs\tb\tb0238.png
4,normal,h3162.png,G:\Ai-CDD\updated_class_tb_dataset\TBX11K\imgs\health\h3162.png,normal,h4272.png,G:\Ai-CDD\updated_class_tb_dataset\TBX11K\imgs\health\h4272.png
4,normal,h3182.png,G:\Ai-CDD\updated_class_tb_dataset\TBX11K\imgs\health\h3182.png,normal,h4036.png,G:\Ai-CDD\updated_class_tb_dataset\TBX11K\imgs\health\h4036.png
4,normal,h3182.png,G:\Ai-CDD\updated_class_tb_dataset\TBX11K\imgs\health\h3182.png,normal,h4259.png,G:\Ai-CDD\updated_class_tb_dataset\TBX11K\imgs\health\h4259.png
4,normal,h3182.png,G:\Ai-CDD\updated_class_tb_dataset\TBX11K\imgs\health\h3182.png,normal,h4316.png,G:\Ai-CDD\updated_class_tb_dataset\TBX11K\imgs\health\h4316.png
4,normal,h3188.png,G:\Ai-CDD\updated_class_tb_dataset\TBX11K\imgs\health\h3188.png,normal,h4626.png,G:\Ai-CDD\updated_class_tb_dataset\TBX11K\imgs\health\h4626.png
4,normal,h3203.png,G:\Ai-CDD\updated_class_tb_dataset\TBX11K\imgs\health\h3203.png,normal,h3947.png,G:\Ai-CDD\updated_class_tb_dataset\TBX11K\imgs\health\h3947.png
4,normal,h3203.png,G:\Ai-CDD\updated_class_tb_dataset\TBX11K\imgs\health\h3203.png,sick,s2871.png,G:\Ai-CDD\updated_class_tb_dataset\TBX11K\imgs\sick\s2871.png
4,normal,h3203.png,G:\Ai-CDD\updated_class_tb_dataset\TBX11K\imgs\health\h3203.png,tb,tb0079.png,G:\Ai-CDD\updated_class_tb_dataset\TBX11K\imgs\tb\tb0079.png
4,normal,h3207.png,G:\Ai-CDD\updated_class_tb_dataset\TBX11K\imgs\health\h3207.png,sick,s1719.png,G:\Ai-CDD\updated_class_tb_dataset\TBX11K\imgs\sick\s1719.png
4,normal,h3207.png,G:\Ai-CDD\updated_class_tb_dataset\TBX11K\imgs\health\h3207.png,sick,s4272.png,G:\Ai-CDD\updated_class_tb_dataset\TBX11K\imgs\sick\s4272.png
4,normal,h3207.png,G:\Ai-CDD\updated_class_tb_dataset\TBX11K\imgs\health\h3207.png,tb,tb0216.png,G:\Ai-CDD\updated_class_tb_dataset\TBX11K\imgs\tb\tb0216.png
4,normal,h3207.png,G:\Ai-CDD\updated_class_tb_dataset\TBX11K\imgs\health\h3207.png,tb,tb0300.png,G:\Ai-CDD\updated_class_tb_dataset\TBX11K\imgs\tb\tb0300.png
2,normal,h3207.png,G:\Ai-CDD\updated_class_tb_dataset\TBX11K\imgs\health\h3207.png,tb,tb0386.png,G:\Ai-CDD\updated_class_tb_dataset\TBX11K\imgs\tb\tb0386.png
4,normal,h3207.png,G:\Ai-CDD\updated_class_tb_dataset\TBX11K\imgs\health\h3207.png,tb,tb0584.png,G:\Ai-CDD\updated_class_tb_dataset\TBX11K\imgs\tb\tb0584.png
4,normal,h3211.png,G:\Ai-CDD\updated_class_tb_dataset\TBX11K\imgs\health\h3211.png,sick,s3877.png,G:\Ai-CDD\updated_class_tb_dataset\TBX11K\imgs\sick\s3877.png
4,normal,h3212.png,G:\Ai-CDD\updated_class_tb_dataset\TBX11K\imgs\health\h3212.png,sick,s2364.png,G:\Ai-CDD\updated_class_tb_dataset\TBX11K\imgs\sick\s2364.png
4,normal,h3215.png,G:\Ai-CDD\updated_class_tb_dataset\TBX11K\imgs\health\h3215.png,normal,h4089.png,G:\Ai-CDD\updated_class_tb_dataset\TBX11K\imgs\health\h4089.png
4,normal,h3225.png,G:\Ai-CDD\updated_class_tb_dataset\TBX11K\imgs\health\h3225.png,normal,h4371.png,G:\Ai-CDD\updated_class_tb_dataset\TBX11K\imgs\health\h4371.png
4,normal,h3225.png,G:\Ai-CDD\updated_class_tb_dataset\TBX11K\imgs\health\h3225.png,normal,h4647.png,G:\Ai-CDD\updated_class_tb_dataset\TBX11K\imgs\health\h4647.png
4,normal,h3225.png,G:\Ai-CDD\updated_class_tb_dataset\TBX11K\imgs\health\h3225.png,normal,h4965.png,G:\Ai-CDD\updated_class_tb_dataset\TBX11K\imgs\health\h4965.png
4,normal,h3231.png,G:\Ai-CDD\updated_class_tb_dataset\TBX11K\imgs\health\h3231.png,normal,h3491.png,G:\Ai-CDD\updated_class_tb_dataset\TBX11K\imgs\health\h3491.png
4,normal,h3231.png,G:\Ai-CDD\updated_class_tb_dataset\TBX11K\imgs\health\h3231.png,normal,h4694.png,G:\Ai-CDD\updated_class_tb_dataset\TBX11K\imgs\health\h4694.png
4,normal,h3251.png,G:\Ai-CDD\updated_class_tb_dataset\TBX11K\imgs\health\h3251.png,normal,h3867.png,G:\Ai-CDD\updated_class_tb_dataset\TBX11K\imgs\health\h3867.png
4,normal,h3251.png,G:\Ai-CDD\updated_class_tb_dataset\TBX11K\imgs\health\h3251.png,sick,s3412.png,G:\Ai-CDD\updated_class_tb_dataset\TBX11K\imgs\sick\s3412.png
4,normal,h3252.png,G:\Ai-CDD\updated_class_tb_dataset\TBX11K\imgs\health\h3252.png,normal,h3828.png,G:\Ai-CDD\updated_class_tb_dataset\TBX11K\imgs\health\h3828.png
4,normal,h3253.png,G:\Ai-CDD\updated_class_tb_dataset\TBX11K\imgs\health\h3253.png,normal,h3732.png,G:\Ai-CDD\updated_class_tb_dataset\TBX11K\imgs\health\h3732.png
4,normal,h3254.png,G:\Ai-CDD\updated_class_tb_dataset\TBX11K\imgs\health\h3254.png,normal,h3500.png,G:\Ai-CDD\updated_class_tb_dataset\TBX11K\imgs\health\h3500.png
4,normal,h3254.png,G:\Ai-CDD\updated_class_tb_dataset\TBX11K\imgs\health\h3254.png,normal,h3830.png,G:\Ai-CDD\updated_class_tb_dataset\TBX11K\imgs\health\h3830.png
4,normal,h3254.png,G:\Ai-CDD\updated_class_tb_dataset\TBX11K\imgs\health\h3254.png,normal,h4092.png,G:\Ai-CDD\updated_class_tb_dataset\TBX11K\imgs\health\h4092.png
4,normal,h3254.png,G:\Ai-CDD\updated_class_tb_dataset\TBX11K\imgs\health\h3254.png,normal,h4419.png,G:\Ai-CDD\updated_class_tb_dataset\TBX11K\imgs\health\h4419.png
4,normal,h3254.png,G:\Ai-CDD\updated_class_tb_dataset\TBX11K\imgs\health\h3254.png,tb,tb0226.png,G:\Ai-CDD\updated_class_tb_dataset\TBX11K\imgs\tb\tb0226.png
4,normal,h3254.png,G:\Ai-CDD\updated_class_tb_dataset\TBX11K\imgs\health\h3254.png,tb,tb0366.png,G:\Ai-CDD\updated_class_tb_dataset\TBX11K\imgs\tb\tb0366.png
4,normal,h3255.png,G:\Ai-CDD\updated_class_tb_dataset\TBX11K\imgs\health\h3255.png,sick,s2733.png,G:\Ai-CDD\updated_class_tb_dataset\TBX11K\imgs\sick\s2733.png
4,normal,h3257.png,G:\Ai-CDD\updated_class_tb_dataset\TBX11K\imgs\health\h3257.png,normal,h3348.png,G:\Ai-CDD\updated_class_tb_dataset\TBX11K\imgs\health\h3348.png
4,normal,h3257.png,G:\Ai-CDD\updated_class_tb_dataset\TBX11K\imgs\health\h3257.png,normal,h3461.png,G:\Ai-CDD\updated_class_tb_dataset\TBX11K\imgs\health\h3461.png
4,normal,h3262.png,G:\Ai-CDD\updated_class_tb_dataset\TBX11K\imgs\health\h3262.png,normal,h3929.png,G:\Ai-CDD\updated_class_tb_dataset\TBX11K\imgs\health\h3929.png
4,normal,h3264.png,G:\Ai-CDD\updated_class_tb_dataset\TBX11K\imgs\health\h3264.png,normal,h4224.png,G:\Ai-CDD\updated_class_tb_dataset\TBX11K\imgs\health\h4224.png
4,normal,h3264.png,G:\Ai-CDD\updated_class_tb_dataset\TBX11K\imgs\health\h3264.png,sick,s2679.png,G:\Ai-CDD\updated_class_tb_dataset\TBX11K\imgs\sick\s2679.png
4,normal,h3264.png,G:\Ai-CDD\updated_class_tb_dataset\TBX11K\imgs\health\h3264.png,sick,s3912.png,G:\Ai-CDD\updated_class_tb_dataset\TBX11K\imgs\sick\s3912.png
4,normal,h3264.png,G:\Ai-CDD\updated_class_tb_dataset\TBX11K\imgs\health\h3264.png,tb,tb0322.png,G:\Ai-CDD\updated_class_tb_dataset\TBX11K\imgs\tb\tb0322.png
4,normal,h3265.png,G:\Ai-CDD\updated_class_tb_dataset\TBX11K\imgs\health\h3265.png,normal,h4209.png,G:\Ai-CDD\updated_class_tb_dataset\TBX11K\imgs\health\h4209.png
4,normal,h3269.png,G:\Ai-CDD\updated_class_tb_dataset\TBX11K\imgs\health\h3269.png,normal,h3348.png,G:\Ai-CDD\updated_class_tb_dataset\TBX11K\imgs\health\h3348.png
4,normal,h3269.png,G:\Ai-CDD\updated_class_tb_dataset\TBX11K\imgs\health\h3269.png,normal,h3664.png,G:\Ai-CDD\updated_class_tb_dataset\TBX11K\imgs\health\h3664.png
4,normal,h3270.png,G:\Ai-CDD\updated_class_tb_dataset\TBX11K\imgs\health\h3270.png,tb,tb0916.png,G:\Ai-CDD\updated_class_tb_dataset\TBX11K\imgs\tb\tb0916.png
4,normal,h3276.png,G:\Ai-CDD\updated_class_tb_dataset\TBX11K\imgs\health\h3276.png,normal,h3821.png,G:\Ai-CDD\updated_class_tb_dataset\TBX11K\imgs\health\h3821.png
4,normal,h3278.png,G:\Ai-CDD\updated_class_tb_dataset\TBX11K\imgs\health\h3278.png,normal,h4943.png,G:\Ai-CDD\updated_class_tb_dataset\TBX11K\imgs\health\h4943.png
4,normal,h3284.png,G:\Ai-CDD\updated_class_tb_dataset\TBX11K\imgs\health\h3284.png,normal,h4309.png,G:\Ai-CDD\updated_class_tb_dataset\TBX11K\imgs\health\h4309.png
4,normal,h3285.png,G:\Ai-CDD\updated_class_tb_dataset\TBX11K\imgs\health\h3285.png,normal,h3664.png,G:\Ai-CDD\updated_class_tb_dataset\TBX11K\imgs\health\h3664.png
4,normal,h3290.png,G:\Ai-CDD\updated_class_tb_dataset\TBX11K\imgs\health\h3290.png,tb,tb0238.png,G:\Ai-CDD\updated_class_tb_dataset\TBX11K\imgs\tb\tb0238.png
2,normal,h3294.png,G:\Ai-CDD\updated_class_tb_dataset\TBX11K\imgs\health\h3294.png,normal,h3620.png,G:\Ai-CDD\updated_class_tb_dataset\TBX11K\imgs\health\h3620.png
2,normal,h3294.png,G:\Ai-CDD\updated_class_tb_dataset\TBX11K\imgs\health\h3294.png,normal,h4092.png,G:\Ai-CDD\updated_class_tb_dataset\TBX11K\imgs\health\h4092.png
4,normal,h3294.png,G:\Ai-CDD\updated_class_tb_dataset\TBX11K\imgs\health\h3294.png,normal,h4135.png,G:\Ai-CDD\updated_class_tb_dataset\TBX11K\imgs\health\h4135.png
4,normal,h3294.png,G:\Ai-CDD\updated_class_tb_dataset\TBX11K\imgs\health\h3294.png,normal,h4221.png,G:\Ai-CDD\updated_class_tb_dataset\TBX11K\imgs\health\h4221.png
4,normal,h3294.png,G:\Ai-CDD\updated_class_tb_dataset\TBX11K\imgs\health\h3294.png,normal,h4617.png,G:\Ai-CDD\updated_class_tb_dataset\TBX11K\imgs\health\h4617.png
4,normal,h3297.png,G:\Ai-CDD\updated_class_tb_dataset\TBX11K\imgs\health\h3297.png,normal,h4688.png,G:\Ai-CDD\updated_class_tb_dataset\TBX11K\imgs\health\h4688.png
4,normal,h3305.png,G:\Ai-CDD\updated_class_tb_dataset\TBX11K\imgs\health\h3305.png,normal,h4742.png,G:\Ai-CDD\updated_class_tb_dataset\TBX11K\imgs\health\h4742.png
4,normal,h3305.png,G:\Ai-CDD\updated_class_tb_dataset\TBX11K\imgs\health\h3305.png,tb,tb0253.png,G:\Ai-CDD\updated_class_tb_dataset\TBX11K\imgs\tb\tb0253.png
4,normal,h3308.png,G:\Ai-CDD\updated_class_tb_dataset\TBX11K\imgs\health\h3308.png,normal,h4615.png,G:\Ai-CDD\updated_class_tb_dataset\TBX11K\imgs\health\h4615.png
4,normal,h3310.png,G:\Ai-CDD\updated_class_tb_dataset\TBX11K\imgs\health\h3310.png,tb,tb0073.png,G:\Ai-CDD\updated_class_tb_dataset\TBX11K\imgs\tb\tb0073.png
4,normal,h3327.png,G:\Ai-CDD\updated_class_tb_dataset\TBX11K\imgs\health\h3327.png,normal,h4625.png,G:\Ai-CDD\updated_class_tb_dataset\TBX11K\imgs\health\h4625.png
4,normal,h3340.png,G:\Ai-CDD\updated_class_tb_dataset\TBX11K\imgs\health\h3340.png,normal,h3486.png,G:\Ai-CDD\updated_class_tb_dataset\TBX11K\imgs\health\h3486.png
4,normal,h3340.png,G:\Ai-CDD\updated_class_tb_dataset\TBX11K\imgs\health\h3340.png,normal,h4308.png,G:\Ai-CDD\updated_class_tb_dataset\TBX11K\imgs\health\h4308.png
4,normal,h3340.png,G:\Ai-CDD\updated_class_tb_dataset\TBX11K\imgs\health\h3340.png,normal,h4883.png,G:\Ai-CDD\updated_class_tb_dataset\TBX11K\imgs\health\h4883.png
4,normal,h3341.png,G:\Ai-CDD\updated_class_tb_dataset\TBX11K\imgs\health\h3341.png,normal,h3449.png,G:\Ai-CDD\updated_class_tb_dataset\TBX11K\imgs\health\h3449.png
4,normal,h3341.png,G:\Ai-CDD\updated_class_tb_dataset\TBX11K\imgs\health\h3341.png,tb,tb0015.png,G:\Ai-CDD\updated_class_tb_dataset\TBX11K\imgs\tb\tb0015.png
2,normal,h3342.png,G:\Ai-CDD\updated_class_tb_dataset\TBX11K\imgs\health\h3342.png,normal,h4166.png,G:\Ai-CDD\updated_class_tb_dataset\TBX11K\imgs\health\h4166.png
4,normal,h3348.png,G:\Ai-CDD\updated_class_tb_dataset\TBX11K\imgs\health\h3348.png,normal,h3675.png,G:\Ai-CDD\updated_class_tb_dataset\TBX11K\imgs\health\h3675.png
4,normal,h3348.png,G:\Ai-CDD\updated_class_tb_dataset\TBX11K\imgs\health\h3348.png,normal,h3756.png,G:\Ai-CDD\updated_class_tb_dataset\TBX11K\imgs\health\h3756.png
4,normal,h3348.png,G:\Ai-CDD\updated_class_tb_dataset\TBX11K\imgs\health\h3348.png,normal,h4769.png,G:\Ai-CDD\updated_class_tb_dataset\TBX11K\imgs\health\h4769.png
2,normal,h3350.png,G:\Ai-CDD\updated_class_tb_dataset\TBX11K\imgs\health\h3350.png,normal,h3664.png,G:\Ai-CDD\updated_class_tb_dataset\TBX11K\imgs\health\h3664.png
4,normal,h3364.png,G:\Ai-CDD\updated_class_tb_dataset\TBX11K\imgs\health\h3364.png,normal,h4636.png,G:\Ai-CDD\updated_class_tb_dataset\TBX11K\imgs\health\h4636.png
4,normal,h3364.png,G:\Ai-CDD\updated_class_tb_dataset\TBX11K\imgs\health\h3364.png,tb,tb0583.png,G:\Ai-CDD\updated_class_tb_dataset\TBX11K\imgs\tb\tb0583.png
4,normal,h3371.png,G:\Ai-CDD\updated_class_tb_dataset\TBX11K\imgs\health\h3371.png,normal,h4912.png,G:\Ai-CDD\updated_class_tb_dataset\TBX11K\imgs\health\h4912.png
4,normal,h3371.png,G:\Ai-CDD\updated_class_tb_dataset\TBX11K\imgs\health\h3371.png,tb,tb0881.png,G:\Ai-CDD\updated_class_tb_dataset\TBX11K\imgs\tb\tb0881.png
4,normal,h3379.png,G:\Ai-CDD\updated_class_tb_dataset\TBX11K\imgs\health\h3379.png,sick,s3264.png,G:\Ai-CDD\updated_class_tb_dataset\TBX11K\imgs\sick\s3264.png
4,normal,h3380.png,G:\Ai-CDD\updated_class_tb_dataset\TBX11K\imgs\health\h3380.png,normal,h4905.png,G:\Ai-CDD\updated_class_tb_dataset\TBX11K\imgs\health\h4905.png
4,normal,h3380.png,G:\Ai-CDD\updated_class_tb_dataset\TBX11K\imgs\health\h3380.png,tb,tb0311.png,G:\Ai-CDD\updated_class_tb_dataset\TBX11K\imgs\tb\tb0311.png
4,normal,h3383.png,G:\Ai-CDD\updated_class_tb_dataset\TBX11K\imgs\health\h3383.png,normal,h3742.png,G:\Ai-CDD\updated_class_tb_dataset\TBX11K\imgs\health\h3742.png
2,normal,h3383.png,G:\Ai-CDD\updated_class_tb_dataset\TBX11K\imgs\health\h3383.png,normal,h4432.png,G:\Ai-CDD\updated_class_tb_dataset\TBX11K\imgs\health\h4432.png
4,normal,h3400.png,G:\Ai-CDD\updated_class_tb_dataset\TBX11K\imgs\health\h3400.png,normal,h4812.png,G:\Ai-CDD\updated_class_tb_dataset\TBX11K\imgs\health\h4812.png
4,normal,h3408.png,G:\Ai-CDD\updated_class_tb_dataset\TBX11K\imgs\health\h3408.png,normal,h4239.png,G:\Ai-CDD\updated_class_tb_dataset\TBX11K\imgs\health\h4239.png
4,normal,h3408.png,G:\Ai-CDD\updated_class_tb_dataset\TBX11K\imgs\health\h3408.png,sick,s3041.png,G:\Ai-CDD\updated_class_tb_dataset\TBX11K\imgs\sick\s3041.png
4,normal,h3408.png,G:\Ai-CDD\updated_class_tb_dataset\TBX11K\imgs\health\h3408.png,sick,s4965.png,G:\Ai-CDD\updated_class_tb_dataset\TBX11K\imgs\sick\s4965.png
4,normal,h3416.png,G:\Ai-CDD\updated_class_tb_dataset\TBX11K\imgs\health\h3416.png,normal,h3727.png,G:\Ai-CDD\updated_class_tb_dataset\TBX11K\imgs\health\h3727.png
4,normal,h3420.png,G:\Ai-CDD\updated_class_tb_dataset\TBX11K\imgs\health\h3420.png,normal,h3533.png,G:\Ai-CDD\updated_class_tb_dataset\TBX11K\imgs\health\h3533.png
4,normal,h3420.png,G:\Ai-CDD\updated_class_tb_dataset\TBX11K\imgs\health\h3420.png,sick,s3285.png,G:\Ai-CDD\updated_class_tb_dataset\TBX11K\imgs\sick\s3285.png
4,normal,h3437.png,G:\Ai-CDD\updated_class_tb_dataset\TBX11K\imgs\health\h3437.png,sick,s1989.png,G:\Ai-CDD\updated_class_tb_dataset\TBX11K\imgs\sick\s1989.png
4,normal,h3441.png,G:\Ai-CDD\updated_class_tb_dataset\TBX11K\imgs\health\h3441.png,sick,s2230.png,G:\Ai-CDD\updated_class_tb_dataset\TBX11K\imgs\sick\s2230.png
4,normal,h3445.png,G:\Ai-CDD\updated_class_tb_dataset\TBX11K\imgs\health\h3445.png,normal,h3941.png,G:\Ai-CDD\updated_class_tb_dataset\TBX11K\imgs\health\h3941.png
4,normal,h3445.png,G:\Ai-CDD\updated_class_tb_dataset\TBX11K\imgs\health\h3445.png,normal,h4259.png,G:\Ai-CDD\updated_class_tb_dataset\TBX11K\imgs\health\h4259.png
4,normal,h3448.png,G:\Ai-CDD\updated_class_tb_dataset\TBX11K\imgs\health\h3448.png,normal,h4227.png,G:\Ai-CDD\updated_class_tb_dataset\TBX11K\imgs\health\h4227.png
4,normal,h3449.png,G:\Ai-CDD\updated_class_tb_dataset\TBX11K\imgs\health\h3449.png,normal,h4019.png,G:\Ai-CDD\updated_class_tb_dataset\TBX11K\imgs\health\h4019.png
4,normal,h3457.png,G:\Ai-CDD\updated_class_tb_dataset\TBX11K\imgs\health\h3457.png,normal,h3835.png,G:\Ai-CDD\updated_class_tb_dataset\TBX11K\imgs\health\h3835.png
4,normal,h3461.png,G:\Ai-CDD\updated_class_tb_dataset\TBX11K\imgs\health\h3461.png,normal,h4856.png,G:\Ai-CDD\updated_class_tb_dataset\TBX11K\imgs\health\h4856.png
4,normal,h3463.png,G:\Ai-CDD\updated_class_tb_dataset\TBX11K\imgs\health\h3463.png,normal,h3538.png,G:\Ai-CDD\updated_class_tb_dataset\TBX11K\imgs\health\h3538.png
4,normal,h3463.png,G:\Ai-CDD\updated_class_tb_dataset\TBX11K\imgs\health\h3463.png,sick,s3285.png,G:\Ai-CDD\updated_class_tb_dataset\TBX11K\imgs\sick\s3285.png
4,normal,h3463.png,G:\Ai-CDD\updated_class_tb_dataset\TBX11K\imgs\health\h3463.png,sick,s3965.png,G:\Ai-CDD\updated_class_tb_dataset\TBX11K\imgs\sick\s3965.png
4,normal,h3482.png,G:\Ai-CDD\updated_class_tb_dataset\TBX11K\imgs\health\h3482.png,normal,h4259.png,G:\Ai-CDD\updated_class_tb_dataset\TBX11K\imgs\health\h4259.png
4,normal,h3482.png,G:\Ai-CDD\updated_class_tb_dataset\TBX11K\imgs\health\h3482.png,normal,h4316.png,G:\Ai-CDD\updated_class_tb_dataset\TBX11K\imgs\health\h4316.png
4,normal,h3486.png,G:\Ai-CDD\updated_class_tb_dataset\TBX11K\imgs\health\h3486.png,normal,h4675.png,G:\Ai-CDD\updated_class_tb_dataset\TBX11K\imgs\health\h4675.png
4,normal,h3486.png,G:\Ai-CDD\updated_class_tb_dataset\TBX11K\imgs\health\h3486.png,normal,h4883.png,G:\Ai-CDD\updated_class_tb_dataset\TBX11K\imgs\health\h4883.png
4,normal,h3491.png,G:\Ai-CDD\updated_class_tb_dataset\TBX11K\imgs\health\h3491.png,normal,h4694.png,G:\Ai-CDD\updated_class_tb_dataset\TBX11K\imgs\health\h4694.png
4,normal,h3497.png,G:\Ai-CDD\updated_class_tb_dataset\TBX11K\imgs\health\h3497.png,normal,h4526.png,G:\Ai-CDD\updated_class_tb_dataset\TBX11K\imgs\health\h4526.png
4,normal,h3500.png,G:\Ai-CDD\updated_class_tb_dataset\TBX11K\imgs\health\h3500.png,normal,h3830.png,G:\Ai-CDD\updated_class_tb_dataset\TBX11K\imgs\health\h3830.png
4,normal,h3500.png,G:\Ai-CDD\updated_class_tb_dataset\TBX11K\imgs\health\h3500.png,tb,tb0409.png,G:\Ai-CDD\updated_class_tb_dataset\TBX11K\imgs\tb\tb0409.png
4,normal,h3500.png,G:\Ai-CDD\updated_class_tb_dataset\TBX11K\imgs\health\h3500.png,tb,tb1002.png,G:\Ai-CDD\updated_class_tb_dataset\TBX11K\imgs\tb\tb1002.png
4,normal,h3508.png,G:\Ai-CDD\updated_class_tb_dataset\TBX11K\imgs\health\h3508.png,normal,h4239.png,G:\Ai-CDD\updated_class_tb_dataset\TBX11K\imgs\health\h4239.png
4,normal,h3514.png,G:\Ai-CDD\updated_class_tb_dataset\TBX11K\imgs\health\h3514.png,sick,s0029.png,G:\Ai-CDD\updated_class_tb_dataset\TBX11K\imgs\sick\s0029.png
4,normal,h3514.png,G:\Ai-CDD\updated_class_tb_dataset\TBX11K\imgs\health\h3514.png,sick,s3330.png,G:\Ai-CDD\updated_class_tb_dataset\TBX11K\imgs\sick\s3330.png
4,normal,h3519.png,G:\Ai-CDD\updated_class_tb_dataset\TBX11K\imgs\health\h3519.png,normal,h4831.png,G:\Ai-CDD\updated_class_tb_dataset\TBX11K\imgs\health\h4831.png
4,normal,h3528.png,G:\Ai-CDD\updated_class_tb_dataset\TBX11K\imgs\health\h3528.png,normal,h4431.png,G:\Ai-CDD\updated_class_tb_dataset\TBX11K\imgs\health\h4431.png
4,normal,h3533.png,G:\Ai-CDD\updated_class_tb_dataset\TBX11K\imgs\health\h3533.png,normal,h4142.png,G:\Ai-CDD\updated_class_tb_dataset\TBX11K\imgs\health\h4142.png
4,normal,h3533.png,G:\Ai-CDD\updated_class_tb_dataset\TBX11K\imgs\health\h3533.png,normal,h4520.png,G:\Ai-CDD\updated_class_tb_dataset\TBX11K\imgs\health\h4520.png
4,normal,h3534.png,G:\Ai-CDD\updated_class_tb_dataset\TBX11K\imgs\health\h3534.png,normal,h3947.png,G:\Ai-CDD\updated_class_tb_dataset\TBX11K\imgs\health\h3947.png
2,normal,h3534.png,G:\Ai-CDD\updated_class_tb_dataset\TBX11K\imgs\health\h3534.png,tb,tb0079.png,G:\Ai-CDD\updated_class_tb_dataset\TBX11K\imgs\tb\tb0079.png
2,normal,h3546.png,G:\Ai-CDD\updated_class_tb_dataset\TBX11K\imgs\health\h3546.png,normal,h4054.png,G:\Ai-CDD\updated_class_tb_dataset\TBX11K\imgs\health\h4054.png
4,normal,h3554.png,G:\Ai-CDD\updated_class_tb_dataset\TBX11K\imgs\health\h3554.png,tb,tb0232.png,G:\Ai-CDD\updated_class_tb_dataset\TBX11K\imgs\tb\tb0232.png
4,normal,h3573.png,G:\Ai-CDD\updated_class_tb_dataset\TBX11K\imgs\health\h3573.png,sick,s4230.png,G:\Ai-CDD\updated_class_tb_dataset\TBX11K\imgs\sick\s4230.png
4,normal,h3576.png,G:\Ai-CDD\updated_class_tb_dataset\TBX11K\imgs\health\h3576.png,tb,tb1010.png,G:\Ai-CDD\updated_class_tb_dataset\TBX11K\imgs\tb\tb1010.png
4,normal,h3583.png,G:\Ai-CDD\updated_class_tb_dataset\TBX11K\imgs\health\h3583.png,tb,tb0405.png,G:\Ai-CDD\updated_class_tb_dataset\TBX11K\imgs\tb\tb0405.png
4,normal,h3587.png,G:\Ai-CDD\updated_class_tb_dataset\TBX11K\imgs\health\h3587.png,normal,h4750.png,G:\Ai-CDD\updated_class_tb_dataset\TBX11K\imgs\health\h4750.png
4,normal,h3587.png,G:\Ai-CDD\updated_class_tb_dataset\TBX11K\imgs\health\h3587.png,normal,h4958.png,G:\Ai-CDD\updated_class_tb_dataset\TBX11K\imgs\health\h4958.png
4,normal,h3587.png,G:\Ai-CDD\updated_class_tb_dataset\TBX11K\imgs\health\h3587.png,sick,s2422.png,G:\Ai-CDD\updated_class_tb_dataset\TBX11K\imgs\sick\s2422.png
4,normal,h3600.png,G:\Ai-CDD\updated_class_tb_dataset\TBX11K\imgs\health\h3600.png,sick,s2449.png,G:\Ai-CDD\updated_class_tb_dataset\TBX11K\imgs\sick\s2449.png
4,normal,h3605.png,G:\Ai-CDD\updated_class_tb_dataset\TBX11K\imgs\health\h3605.png,normal,h3873.png,G:\Ai-CDD\updated_class_tb_dataset\TBX11K\imgs\health\h3873.png
4,normal,h3608.png,G:\Ai-CDD\updated_class_tb_dataset\TBX11K\imgs\health\h3608.png,normal,h4569.png,G:\Ai-CDD\updated_class_tb_dataset\TBX11K\imgs\health\h4569.png
4,normal,h3608.png,G:\Ai-CDD\updated_class_tb_dataset\TBX11K\imgs\health\h3608.png,sick,s0376.png,G:\Ai-CDD\updated_class_tb_dataset\TBX11K\imgs\sick\s0376.png
4,normal,h3608.png,G:\Ai-CDD\updated_class_tb_dataset\TBX11K\imgs\health\h3608.png,sick,s4316.png,G:\Ai-CDD\updated_class_tb_dataset\TBX11K\imgs\sick\s4316.png
4,normal,h3617.png,G:\Ai-CDD\updated_class_tb_dataset\TBX11K\imgs\health\h3617.png,normal,h4027.png,G:\Ai-CDD\updated_class_tb_dataset\TBX11K\imgs\health\h4027.png
4,normal,h3620.png,G:\Ai-CDD\updated_class_tb_dataset\TBX11K\imgs\health\h3620.png,normal,h4041.png,G:\Ai-CDD\updated_class_tb_dataset\TBX11K\imgs\health\h4041.png
4,normal,h3620.png,G:\Ai-CDD\updated_class_tb_dataset\TBX11K\imgs\health\h3620.png,normal,h4092.png,G:\Ai-CDD\updated_class_tb_dataset\TBX11K\imgs\health\h4092.png
4,normal,h3620.png,G:\Ai-CDD\updated_class_tb_dataset\TBX11K\imgs\health\h3620.png,normal,h4135.png,G:\Ai-CDD\updated_class_tb_dataset\TBX11K\imgs\health\h4135.png
2,normal,h3620.png,G:\Ai-CDD\updated_class_tb_dataset\TBX11K\imgs\health\h3620.png,normal,h4221.png,G:\Ai-CDD\updated_class_tb_dataset\TBX11K\imgs\health\h4221.png
4,normal,h3620.png,G:\Ai-CDD\updated_class_tb_dataset\TBX11K\imgs\health\h3620.png,normal,h4234.png,G:\Ai-CDD\updated_class_tb_dataset\TBX11K\imgs\health\h4234.png
4,normal,h3620.png,G:\Ai-CDD\updated_class_tb_dataset\TBX11K\imgs\health\h3620.png,sick,s3412.png,G:\Ai-CDD\updated_class_tb_dataset\TBX11K\imgs\sick\s3412.png
4,normal,h3620.png,G:\Ai-CDD\updated_class_tb_dataset\TBX11K\imgs\health\h3620.png,tb,tb0031.png,G:\Ai-CDD\updated_class_tb_dataset\TBX11K\imgs\tb\tb0031.png
4,normal,h3621.png,G:\Ai-CDD\updated_class_tb_dataset\TBX11K\imgs\health\h3621.png,normal,h3764.png,G:\Ai-CDD\updated_class_tb_dataset\TBX11K\imgs\health\h3764.png
4,normal,h3633.png,G:\Ai-CDD\updated_class_tb_dataset\TBX11K\imgs\health\h3633.png,normal,h4160.png,G:\Ai-CDD\updated_class_tb_dataset\TBX11K\imgs\health\h4160.png
4,normal,h3652.png,G:\Ai-CDD\updated_class_tb_dataset\TBX11K\imgs\health\h3652.png,normal,h4153.png,G:\Ai-CDD\updated_class_tb_dataset\TBX11K\imgs\health\h4153.png
4,normal,h3656.png,G:\Ai-CDD\updated_class_tb_dataset\TBX11K\imgs\health\h3656.png,normal,h4510.png,G:\Ai-CDD\updated_class_tb_dataset\TBX11K\imgs\health\h4510.png
4,normal,h3660.png,G:\Ai-CDD\updated_class_tb_dataset\TBX11K\imgs\health\h3660.png,normal,h4138.png,G:\Ai-CDD\updated_class_tb_dataset\TBX11K\imgs\health\h4138.png
4,normal,h3666.png,G:\Ai-CDD\updated_class_tb_dataset\TBX11K\imgs\health\h3666.png,tb,tb1099.png,G:\Ai-CDD\updated_class_tb_dataset\TBX11K\imgs\tb\tb1099.png
4,normal,h3673.png,G:\Ai-CDD\updated_class_tb_dataset\TBX11K\imgs\health\h3673.png,normal,h4988.png,G:\Ai-CDD\updated_class_tb_dataset\TBX11K\imgs\health\h4988.png
4,normal,h3675.png,G:\Ai-CDD\updated_class_tb_dataset\TBX11K\imgs\health\h3675.png,normal,h3819.png,G:\Ai-CDD\updated_class_tb_dataset\TBX11K\imgs\health\h3819.png
4,normal,h3675.png,G:\Ai-CDD\updated_class_tb_dataset\TBX11K\imgs\health\h3675.png,normal,h4750.png,G:\Ai-CDD\updated_class_tb_dataset\TBX11K\imgs\health\h4750.png
4,normal,h3675.png,G:\Ai-CDD\updated_class_tb_dataset\TBX11K\imgs\health\h3675.png,normal,h4769.png,G:\Ai-CDD\updated_class_tb_dataset\TBX11K\imgs\health\h4769.png
4,normal,h3675.png,G:\Ai-CDD\updated_class_tb_dataset\TBX11K\imgs\health\h3675.png,normal,h4958.png,G:\Ai-CDD\updated_class_tb_dataset\TBX11K\imgs\health\h4958.png
4,normal,h3690.png,G:\Ai-CDD\updated_class_tb_dataset\TBX11K\imgs\health\h3690.png,sick,s2548.png,G:\Ai-CDD\updated_class_tb_dataset\TBX11K\imgs\sick\s2548.png
2,normal,h3691.png,G:\Ai-CDD\updated_class_tb_dataset\TBX11K\imgs\health\h3691.png,normal,h3924.png,G:\Ai-CDD\updated_class_tb_dataset\TBX11K\imgs\health\h3924.png
4,normal,h3697.png,G:\Ai-CDD\updated_class_tb_dataset\TBX11K\imgs\health\h3697.png,normal,h4451.png,G:\Ai-CDD\updated_class_tb_dataset\TBX11K\imgs\health\h4451.png
4,normal,h3709.png,G:\Ai-CDD\updated_class_tb_dataset\TBX11K\imgs\health\h3709.png,normal,h3970.png,G:\Ai-CDD\updated_class_tb_dataset\TBX11K\imgs\health\h3970.png
4,normal,h3716.png,G:\Ai-CDD\updated_class_tb_dataset\TBX11K\imgs\health\h3716.png,sick,s4558.png,G:\Ai-CDD\updated_class_tb_dataset\TBX11K\imgs\sick\s4558.png
4,normal,h3720.png,G:\Ai-CDD\updated_class_tb_dataset\TBX11K\imgs\health\h3720.png,normal,h3837.png,G:\Ai-CDD\updated_class_tb_dataset\TBX11K\imgs\health\h3837.png
4,normal,h3721.png,G:\Ai-CDD\updated_class_tb_dataset\TBX11K\imgs\health\h3721.png,normal,h3849.png,G:\Ai-CDD\updated_class_tb_dataset\TBX11K\imgs\health\h3849.png
4,normal,h3721.png,G:\Ai-CDD\updated_class_tb_dataset\TBX11K\imgs\health\h3721.png,normal,h4416.png,G:\Ai-CDD\updated_class_tb_dataset\TBX11K\imgs\health\h4416.png
4,normal,h3727.png,G:\Ai-CDD\updated_class_tb_dataset\TBX11K\imgs\health\h3727.png,normal,h3753.png,G:\Ai-CDD\updated_class_tb_dataset\TBX11K\imgs\health\h3753.png
4,normal,h3727.png,G:\Ai-CDD\updated_class_tb_dataset\TBX11K\imgs\health\h3727.png,normal,h3876.png,G:\Ai-CDD\updated_class_tb_dataset\TBX11K\imgs\health\h3876.png
2,normal,h3727.png,G:\Ai-CDD\updated_class_tb_dataset\TBX11K\imgs\health\h3727.png,normal,h4289.png,G:\Ai-CDD\updated_class_tb_dataset\TBX11K\imgs\health\h4289.png
4,normal,h3729.png,G:\Ai-CDD\updated_class_tb_dataset\TBX11K\imgs\health\h3729.png,normal,h4341.png,G:\Ai-CDD\updated_class_tb_dataset\TBX11K\imgs\health\h4341.png
4,normal,h3735.png,G:\Ai-CDD\updated_class_tb_dataset\TBX11K\imgs\health\h3735.png,normal,h4366.png,G:\Ai-CDD\updated_class_tb_dataset\TBX11K\imgs\health\h4366.png
4,normal,h3742.png,G:\Ai-CDD\updated_class_tb_dataset\TBX11K\imgs\health\h3742.png,normal,h4063.png,G:\Ai-CDD\updated_class_tb_dataset\TBX11K\imgs\health\h4063.png
4,normal,h3742.png,G:\Ai-CDD\updated_class_tb_dataset\TBX11K\imgs\health\h3742.png,normal,h4217.png,G:\Ai-CDD\updated_class_tb_dataset\TBX11K\imgs\health\h4217.png
4,normal,h3742.png,G:\Ai-CDD\updated_class_tb_dataset\TBX11K\imgs\health\h3742.png,normal,h4432.png,G:\Ai-CDD\updated_class_tb_dataset\TBX11K\imgs\health\h4432.png
4,normal,h3744.png,G:\Ai-CDD\updated_class_tb_dataset\TBX11K\imgs\health\h3744.png,sick,s4704.png,G:\Ai-CDD\updated_class_tb_dataset\TBX11K\imgs\sick\s4704.png
4,normal,h3745.png,G:\Ai-CDD\updated_class_tb_dataset\TBX11K\imgs\health\h3745.png,normal,h4173.png,G:\Ai-CDD\updated_class_tb_dataset\TBX11K\imgs\health\h4173.png
4,normal,h3745.png,G:\Ai-CDD\updated_class_tb_dataset\TBX11K\imgs\health\h3745.png,sick,s1206.png,G:\Ai-CDD\updated_class_tb_dataset\TBX11K\imgs\sick\s1206.png
4,normal,h3753.png,G:\Ai-CDD\updated_class_tb_dataset\TBX11K\imgs\health\h3753.png,normal,h3876.png,G:\Ai-CDD\updated_class_tb_dataset\TBX11K\imgs\health\h3876.png
4,normal,h3753.png,G:\Ai-CDD\updated_class_tb_dataset\TBX11K\imgs\health\h3753.png,normal,h4289.png,G:\Ai-CDD\updated_class_tb_dataset\TBX11K\imgs\health\h4289.png
4,normal,h3753.png,G:\Ai-CDD\updated_class_tb_dataset\TBX11K\imgs\health\h3753.png,normal,h4450.png,G:\Ai-CDD\updated_class_tb_dataset\TBX11K\imgs\health\h4450.png
4,normal,h3753.png,G:\Ai-CDD\updated_class_tb_dataset\TBX11K\imgs\health\h3753.png,normal,h4655.png,G:\Ai-CDD\updated_class_tb_dataset\TBX11K\imgs\health\h4655.png
4,normal,h3753.png,G:\Ai-CDD\updated_class_tb_dataset\TBX11K\imgs\health\h3753.png,tb,tb0813.png,G:\Ai-CDD\updated_class_tb_dataset\TBX11K\imgs\tb\tb0813.png
4,normal,h3758.png,G:\Ai-CDD\updated_class_tb_dataset\TBX11K\imgs\health\h3758.png,normal,h3849.png,G:\Ai-CDD\updated_class_tb_dataset\TBX11K\imgs\health\h3849.png
4,normal,h3758.png,G:\Ai-CDD\updated_class_tb_dataset\TBX11K\imgs\health\h3758.png,normal,h4694.png,G:\Ai-CDD\updated_class_tb_dataset\TBX11K\imgs\health\h4694.png
4,normal,h3758.png,G:\Ai-CDD\updated_class_tb_dataset\TBX11K\imgs\health\h3758.png,tb,tb1004.png,G:\Ai-CDD\updated_class_tb_dataset\TBX11K\imgs\tb\tb1004.png
4,normal,h3759.png,G:\Ai-CDD\updated_class_tb_dataset\TBX11K\imgs\health\h3759.png,sick,s3664.png,G:\Ai-CDD\updated_class_tb_dataset\TBX11K\imgs\sick\s3664.png
4,normal,h3759.png,G:\Ai-CDD\updated_class_tb_dataset\TBX11K\imgs\health\h3759.png,sick,s3919.png,G:\Ai-CDD\updated_class_tb_dataset\TBX11K\imgs\sick\s3919.png
2,normal,h3768.png,G:\Ai-CDD\updated_class_tb_dataset\TBX11K\imgs\health\h3768.png,normal,h4613.png,G:\Ai-CDD\updated_class_tb_dataset\TBX11K\imgs\health\h4613.png
4,normal,h3768.png,G:\Ai-CDD\updated_class_tb_dataset\TBX11K\imgs\health\h3768.png,normal,h4744.png,G:\Ai-CDD\updated_class_tb_dataset\TBX11K\imgs\health\h4744.png
4,normal,h3772.png,G:\Ai-CDD\updated_class_tb_dataset\TBX11K\imgs\health\h3772.png,normal,h4652.png,G:\Ai-CDD\updated_class_tb_dataset\TBX11K\imgs\health\h4652.png
4,normal,h3785.png,G:\Ai-CDD\updated_class_tb_dataset\TBX11K\imgs\health\h3785.png,normal,h4780.png,G:\Ai-CDD\updated_class_tb_dataset\TBX11K\imgs\health\h4780.png
4,normal,h3791.png,G:\Ai-CDD\updated_class_tb_dataset\TBX11K\imgs\health\h3791.png,normal,h4052.png,G:\Ai-CDD\updated_class_tb_dataset\TBX11K\imgs\health\h4052.png
4,normal,h3793.png,G:\Ai-CDD\updated_class_tb_dataset\TBX11K\imgs\health\h3793.png,normal,h4194.png,G:\Ai-CDD\updated_class_tb_dataset\TBX11K\imgs\health\h4194.png
2,normal,h3793.png,G:\Ai-CDD\updated_class_tb_dataset\TBX11K\imgs\health\h3793.png,normal,h4272.png,G:\Ai-CDD\updated_class_tb_dataset\TBX11K\imgs\health\h4272.png
4,normal,h3793.png,G:\Ai-CDD\updated_class_tb_dataset\TBX11K\imgs\health\h3793.png,normal,h4669.png,G:\Ai-CDD\updated_class_tb_dataset\TBX11K\imgs\health\h4669.png
4,normal,h3797.png,G:\Ai-CDD\updated_class_tb_dataset\TBX11K\imgs\health\h3797.png,normal,h4750.png,G:\Ai-CDD\updated_class_tb_dataset\TBX11K\imgs\health\h4750.png
4,normal,h3803.png,G:\Ai-CDD\updated_class_tb_dataset\TBX11K\imgs\health\h3803.png,normal,h4416.png,G:\Ai-CDD\updated_class_tb_dataset\TBX11K\imgs\health\h4416.png
4,normal,h3803.png,G:\Ai-CDD\updated_class_tb_dataset\TBX11K\imgs\health\h3803.png,normal,h4561.png,G:\Ai-CDD\updated_class_tb_dataset\TBX11K\imgs\health\h4561.png
4,normal,h3803.png,G:\Ai-CDD\updated_class_tb_dataset\TBX11K\imgs\health\h3803.png,normal,h4763.png,G:\Ai-CDD\updated_class_tb_dataset\TBX11K\imgs\health\h4763.png
4,normal,h3803.png,G:\Ai-CDD\updated_class_tb_dataset\TBX11K\imgs\health\h3803.png,normal,h4930.png,G:\Ai-CDD\updated_class_tb_dataset\TBX11K\imgs\health\h4930.png
4,normal,h3803.png,G:\Ai-CDD\updated_class_tb_dataset\TBX11K\imgs\health\h3803.png,sick,s0972.png,G:\Ai-CDD\updated_class_tb_dataset\TBX11K\imgs\sick\s0972.png
4,normal,h3803.png,G:\Ai-CDD\updated_class_tb_dataset\TBX11K\imgs\health\h3803.png,sick,s4259.png,G:\Ai-CDD\updated_class_tb_dataset\TBX11K\imgs\sick\s4259.png
4,normal,h3803.png,G:\Ai-CDD\updated_class_tb_dataset\TBX11K\imgs\health\h3803.png,tb,tb1004.png,G:\Ai-CDD\updated_class_tb_dataset\TBX11K\imgs\tb\tb1004.png
4,normal,h3809.png,G:\Ai-CDD\updated_class_tb_dataset\TBX11K\imgs\health\h3809.png,normal,h4286.png,G:\Ai-CDD\updated_class_tb_dataset\TBX11K\imgs\health\h4286.png
4,normal,h3809.png,G:\Ai-CDD\updated_class_tb_dataset\TBX11K\imgs\health\h3809.png,tb,tb0151.png,G:\Ai-CDD\updated_class_tb_dataset\TBX11K\imgs\tb\tb0151.png
4,normal,h3817.png,G:\Ai-CDD\updated_class_tb_dataset\TBX11K\imgs\health\h3817.png,normal,h4941.png,G:\Ai-CDD\updated_class_tb_dataset\TBX11K\imgs\health\h4941.png
4,normal,h3819.png,G:\Ai-CDD\updated_class_tb_dataset\TBX11K\imgs\health\h3819.png,normal,h4356.png,G:\Ai-CDD\updated_class_tb_dataset\TBX11K\imgs\health\h4356.png
4,normal,h3819.png,G:\Ai-CDD\updated_class_tb_dataset\TBX11K\imgs\health\h3819.png,normal,h4750.png,G:\Ai-CDD\updated_class_tb_dataset\TBX11K\imgs\health\h4750.png
4,normal,h3819.png,G:\Ai-CDD\updated_class_tb_dataset\TBX11K\imgs\health\h3819.png,normal,h4958.png,G:\Ai-CDD\updated_class_tb_dataset\TBX11K\imgs\health\h4958.png
4,normal,h3819.png,G:\Ai-CDD\updated_class_tb_dataset\TBX11K\imgs\health\h3819.png,sick,s1080.png,G:\Ai-CDD\updated_class_tb_dataset\TBX11K\imgs\sick\s1080.png
2,normal,h3822.png,G:\Ai-CDD\updated_class_tb_dataset\TBX11K\imgs\health\h3822.png,normal,h4636.png,G:\Ai-CDD\updated_class_tb_dataset\TBX11K\imgs\health\h4636.png
4,normal,h3822.png,G:\Ai-CDD\updated_class_tb_dataset\TBX11K\imgs\health\h3822.png,normal,h4848.png,G:\Ai-CDD\updated_class_tb_dataset\TBX11K\imgs\health\h4848.png
4,normal,h3822.png,G:\Ai-CDD\updated_class_tb_dataset\TBX11K\imgs\health\h3822.png,tb,tb0151.png,G:\Ai-CDD\updated_class_tb_dataset\TBX11K\imgs\tb\tb0151.png
4,normal,h3825.png,G:\Ai-CDD\updated_class_tb_dataset\TBX11K\imgs\health\h3825.png,normal,h4675.png,G:\Ai-CDD\updated_class_tb_dataset\TBX11K\imgs\health\h4675.png
4,normal,h3830.png,G:\Ai-CDD\updated_class_tb_dataset\TBX11K\imgs\health\h3830.png,normal,h4183.png,G:\Ai-CDD\updated_class_tb_dataset\TBX11K\imgs\health\h4183.png
4,normal,h3830.png,G:\Ai-CDD\updated_class_tb_dataset\TBX11K\imgs\health\h3830.png,normal,h4839.png,G:\Ai-CDD\updated_class_tb_dataset\TBX11K\imgs\health\h4839.png
4,normal,h3830.png,G:\Ai-CDD\updated_class_tb_dataset\TBX11K\imgs\health\h3830.png,sick,s2814.png,G:\Ai-CDD\updated_class_tb_dataset\TBX11K\imgs\sick\s2814.png
4,normal,h3830.png,G:\Ai-CDD\updated_class_tb_dataset\TBX11K\imgs\health\h3830.png,sick,s3412.png,G:\Ai-CDD\updated_class_tb_dataset\TBX11K\imgs\sick\s3412.png
4,normal,h3834.png,G:\Ai-CDD\updated_class_tb_dataset\TBX11K\imgs\health\h3834.png,normal,h3970.png,G:\Ai-CDD\updated_class_tb_dataset\TBX11K\imgs\health\h3970.png
4,normal,h3837.png,G:\Ai-CDD\updated_class_tb_dataset\TBX11K\imgs\health\h3837.png,normal,h4371.png,G:\Ai-CDD\updated_class_tb_dataset\TBX11K\imgs\health\h4371.png
4,normal,h3837.png,G:\Ai-CDD\updated_class_tb_dataset\TBX11K\imgs\health\h3837.png,normal,h4647.png,G:\Ai-CDD\updated_class_tb_dataset\TBX11K\imgs\health\h4647.png
4,normal,h3840.png,G:\Ai-CDD\updated_class_tb_dataset\TBX11K\imgs\health\h3840.png,normal,h4452.png,G:\Ai-CDD\updated_class_tb_dataset\TBX11K\imgs\health\h4452.png
4,normal,h3848.png,G:\Ai-CDD\updated_class_tb_dataset\TBX11K\imgs\health\h3848.png,normal,h4092.png,G:\Ai-CDD\updated_class_tb_dataset\TBX11K\imgs\health\h4092.png
4,normal,h3848.png,G:\Ai-CDD\updated_class_tb_dataset\TBX11K\imgs\health\h3848.png,normal,h4234.png,G:\Ai-CDD\updated_class_tb_dataset\TBX11K\imgs\health\h4234.png
4,normal,h3848.png,G:\Ai-CDD\updated_class_tb_dataset\TBX11K\imgs\health\h3848.png,normal,h4856.png,G:\Ai-CDD\updated_class_tb_dataset\TBX11K\imgs\health\h4856.png
4,normal,h3848.png,G:\Ai-CDD\updated_class_tb_dataset\TBX11K\imgs\health\h3848.png,tb,tb0366.png,G:\Ai-CDD\updated_class_tb_dataset\TBX11K\imgs\tb\tb0366.png
4,normal,h3849.png,G:\Ai-CDD\updated_class_tb_dataset\TBX11K\imgs\health\h3849.png,normal,h4416.png,G:\Ai-CDD\updated_class_tb_dataset\TBX11K\imgs\health\h4416.png
4,normal,h3849.png,G:\Ai-CDD\updated_class_tb_dataset\TBX11K\imgs\health\h3849.png,normal,h4960.png,G:\Ai-CDD\updated_class_tb_dataset\TBX11K\imgs\health\h4960.png
2,normal,h3853.png,G:\Ai-CDD\updated_class_tb_dataset\TBX11K\imgs\health\h3853.png,normal,h4211.png,G:\Ai-CDD\updated_class_tb_dataset\TBX11K\imgs\health\h4211.png
4,normal,h3856.png,G:\Ai-CDD\updated_class_tb_dataset\TBX11K\imgs\health\h3856.png,tb,tb0148.png,G:\Ai-CDD\updated_class_tb_dataset\TBX11K\imgs\tb\tb0148.png
4,normal,h3859.png,G:\Ai-CDD\updated_class_tb_dataset\TBX11K\imgs\health\h3859.png,normal,h4261.png,G:\Ai-CDD\updated_class_tb_dataset\TBX11K\imgs\health\h4261.png
4,normal,h3867.png,G:\Ai-CDD\updated_class_tb_dataset\TBX11K\imgs\health\h3867.png,sick,s3412.png,G:\Ai-CDD\updated_class_tb_dataset\TBX11K\imgs\sick\s3412.png
4,normal,h3876.png,G:\Ai-CDD\updated_class_tb_dataset\TBX11K\imgs\health\h3876.png,normal,h4289.png,G:\Ai-CDD\updated_class_tb_dataset\TBX11K\imgs\health\h4289.png
4,normal,h3876.png,G:\Ai-CDD\updated_class_tb_dataset\TBX11K\imgs\health\h3876.png,normal,h4387.png,G:\Ai-CDD\updated_class_tb_dataset\TBX11K\imgs\health\h4387.png
2,normal,h3876.png,G:\Ai-CDD\updated_class_tb_dataset\TBX11K\imgs\health\h3876.png,normal,h4450.png,G:\Ai-CDD\updated_class_tb_dataset\TBX11K\imgs\health\h4450.png
4,normal,h3879.png,G:\Ai-CDD\updated_class_tb_dataset\TBX11K\imgs\health\h3879.png,tb,tb0586.png,G:\Ai-CDD\updated_class_tb_dataset\TBX11K\imgs\tb\tb0586.png
4,normal,h3902.png,G:\Ai-CDD\updated_class_tb_dataset\TBX11K\imgs\health\h3902.png,sick,s1383.png,G:\Ai-CDD\updated_class_tb_dataset\TBX11K\imgs\sick\s1383.png
4,normal,h3904.png,G:\Ai-CDD\updated_class_tb_dataset\TBX11K\imgs\health\h3904.png,normal,h4951.png,G:\Ai-CDD\updated_class_tb_dataset\TBX11K\imgs\health\h4951.png
4,normal,h3904.png,G:\Ai-CDD\updated_class_tb_dataset\TBX11K\imgs\health\h3904.png,tb,tb0196.png,G:\Ai-CDD\updated_class_tb_dataset\TBX11K\imgs\tb\tb0196.png
2,normal,h3904.png,G:\Ai-CDD\updated_class_tb_dataset\TBX11K\imgs\health\h3904.png,tb,tb0664.png,G:\Ai-CDD\updated_class_tb_dataset\TBX11K\imgs\tb\tb0664.png
0,normal,h3904.png,G:\Ai-CDD\updated_class_tb_dataset\TBX11K\imgs\health\h3904.png,tb,tb1181.png,G:\Ai-CDD\updated_class_tb_dataset\TBX11K\imgs\tb\tb1181.png
4,normal,h3905.png,G:\Ai-CDD\updated_class_tb_dataset\TBX11K\imgs\health\h3905.png,normal,h4812.png,G:\Ai-CDD\updated_class_tb_dataset\TBX11K\imgs\health\h4812.png
4,normal,h3916.png,G:\Ai-CDD\updated_class_tb_dataset\TBX11K\imgs\health\h3916.png,normal,h4326.png,G:\Ai-CDD\updated_class_tb_dataset\TBX11K\imgs\health\h4326.png
4,normal,h3916.png,G:\Ai-CDD\updated_class_tb_dataset\TBX11K\imgs\health\h3916.png,normal,h4351.png,G:\Ai-CDD\updated_class_tb_dataset\TBX11K\imgs\health\h4351.png
4,normal,h3932.png,G:\Ai-CDD\updated_class_tb_dataset\TBX11K\imgs\health\h3932.png,tb,tb0216.png,G:\Ai-CDD\updated_class_tb_dataset\TBX11K\imgs\tb\tb0216.png
2,normal,h3932.png,G:\Ai-CDD\updated_class_tb_dataset\TBX11K\imgs\health\h3932.png,tb,tb0558.png,G:\Ai-CDD\updated_class_tb_dataset\TBX11K\imgs\tb\tb0558.png
4,normal,h3932.png,G:\Ai-CDD\updated_class_tb_dataset\TBX11K\imgs\health\h3932.png,tb,tb1010.png,G:\Ai-CDD\updated_class_tb_dataset\TBX11K\imgs\tb\tb1010.png
4,normal,h3934.png,G:\Ai-CDD\updated_class_tb_dataset\TBX11K\imgs\health\h3934.png,normal,h4306.png,G:\Ai-CDD\updated_class_tb_dataset\TBX11K\imgs\health\h4306.png
4,normal,h3947.png,G:\Ai-CDD\updated_class_tb_dataset\TBX11K\imgs\health\h3947.png,normal,h4573.png,G:\Ai-CDD\updated_class_tb_dataset\TBX11K\imgs\health\h4573.png
4,normal,h3947.png,G:\Ai-CDD\updated_class_tb_dataset\TBX11K\imgs\health\h3947.png,sick,s1202.png,G:\Ai-CDD\updated_class_tb_dataset\TBX11K\imgs\sick\s1202.png
2,normal,h3947.png,G:\Ai-CDD\updated_class_tb_dataset\TBX11K\imgs\health\h3947.png,tb,tb0079.png,G:\Ai-CDD\updated_class_tb_dataset\TBX11K\imgs\tb\tb0079.png
4,normal,h3962.png,G:\Ai-CDD\updated_class_tb_dataset\TBX11K\imgs\health\h3962.png,normal,h4842.png,G:\Ai-CDD\updated_class_tb_dataset\TBX11K\imgs\health\h4842.png
4,normal,h3970.png,G:\Ai-CDD\updated_class_tb_dataset\TBX11K\imgs\health\h3970.png,sick,s0305.png,G:\Ai-CDD\updated_class_tb_dataset\TBX11K\imgs\sick\s0305.png
2,normal,h3970.png,G:\Ai-CDD\updated_class_tb_dataset\TBX11K\imgs\health\h3970.png,tb,tb1030.png,G:\Ai-CDD\updated_class_tb_dataset\TBX11K\imgs\tb\tb1030.png
4,normal,h3970.png,G:\Ai-CDD\updated_class_tb_dataset\TBX11K\imgs\health\h3970.png,tb,tb1188.png,G:\Ai-CDD\updated_class_tb_dataset\TBX11K\imgs\tb\tb1188.png
4,normal,h3975.png,G:\Ai-CDD\updated_class_tb_dataset\TBX11K\imgs\health\h3975.png,normal,h3985.png,G:\Ai-CDD\updated_class_tb_dataset\TBX11K\imgs\health\h3985.png
4,normal,h3975.png,G:\Ai-CDD\updated_class_tb_dataset\TBX11K\imgs\health\h3975.png,normal,h4812.png,G:\Ai-CDD\updated_class_tb_dataset\TBX11K\imgs\health\h4812.png
4,normal,h3975.png,G:\Ai-CDD\updated_class_tb_dataset\TBX11K\imgs\health\h3975.png,sick,s2449.png,G:\Ai-CDD\updated_class_tb_dataset\TBX11K\imgs\sick\s2449.png
4,normal,h3984.png,G:\Ai-CDD\updated_class_tb_dataset\TBX11K\imgs\health\h3984.png,sick,s2005.png,G:\Ai-CDD\updated_class_tb_dataset\TBX11K\imgs\sick\s2005.png
4,normal,h3984.png,G:\Ai-CDD\updated_class_tb_dataset\TBX11K\imgs\health\h3984.png,sick,s4794.png,G:\Ai-CDD\updated_class_tb_dataset\TBX11K\imgs\sick\s4794.png
4,normal,h3984.png,G:\Ai-CDD\updated_class_tb_dataset\TBX11K\imgs\health\h3984.png,tb,tb0277.png,G:\Ai-CDD\updated_class_tb_dataset\TBX11K\imgs\tb\tb0277.png
4,normal,h3987.png,G:\Ai-CDD\updated_class_tb_dataset\TBX11K\imgs\health\h3987.png,normal,h4675.png,G:\Ai-CDD\updated_class_tb_dataset\TBX11K\imgs\health\h4675.png
4,normal,h3993.png,G:\Ai-CDD\updated_class_tb_dataset\TBX11K\imgs\health\h3993.png,tb,tb1179.png,G:\Ai-CDD\updated_class_tb_dataset\TBX11K\imgs\tb\tb1179.png
4,normal,h3994.png,G:\Ai-CDD\updated_class_tb_dataset\TBX11K\imgs\health\h3994.png,normal,h4255.png,G:\Ai-CDD\updated_class_tb_dataset\TBX11K\imgs\health\h4255.png
4,normal,h4004.png,G:\Ai-CDD\updated_class_tb_dataset\TBX11K\imgs\health\h4004.png,normal,h4455.png,G:\Ai-CDD\updated_class_tb_dataset\TBX11K\imgs\health\h4455.png
4,normal,h4012.png,G:\Ai-CDD\updated_class_tb_dataset\TBX11K\imgs\health\h4012.png,normal,h4538.png,G:\Ai-CDD\updated_class_tb_dataset\TBX11K\imgs\health\h4538.png
4,normal,h4021.png,G:\Ai-CDD\updated_class_tb_dataset\TBX11K\imgs\health\h4021.png,normal,h4272.png,G:\Ai-CDD\updated_class_tb_dataset\TBX11K\imgs\health\h4272.png
4,normal,h4021.png,G:\Ai-CDD\updated_class_tb_dataset\TBX11K\imgs\health\h4021.png,sick,s2137.png,G:\Ai-CDD\updated_class_tb_dataset\TBX11K\imgs\sick\s2137.png
4,normal,h4027.png,G:\Ai-CDD\updated_class_tb_dataset\TBX11K\imgs\health\h4027.png,normal,h4339.png,G:\Ai-CDD\updated_class_tb_dataset\TBX11K\imgs\health\h4339.png
4,normal,h4038.png,G:\Ai-CDD\updated_class_tb_dataset\TBX11K\imgs\health\h4038.png,tb,tb1030.png,G:\Ai-CDD\updated_class_tb_dataset\TBX11K\imgs\tb\tb1030.png
4,normal,h4041.png,G:\Ai-CDD\updated_class_tb_dataset\TBX11K\imgs\health\h4041.png,normal,h4391.png,G:\Ai-CDD\updated_class_tb_dataset\TBX11K\imgs\health\h4391.png
4,normal,h4049.png,G:\Ai-CDD\updated_class_tb_dataset\TBX11K\imgs\health\h4049.png,normal,h4536.png,G:\Ai-CDD\updated_class_tb_dataset\TBX11K\imgs\health\h4536.png
2,normal,h4063.png,G:\Ai-CDD\updated_class_tb_dataset\TBX11K\imgs\health\h4063.png,normal,h4217.png,G:\Ai-CDD\updated_class_tb_dataset\TBX11K\imgs\health\h4217.png
4,normal,h4074.png,G:\Ai-CDD\updated_class_tb_dataset\TBX11K\imgs\health\h4074.png,normal,h4183.png,G:\Ai-CDD\updated_class_tb_dataset\TBX11K\imgs\health\h4183.png
4,normal,h4074.png,G:\Ai-CDD\updated_class_tb_dataset\TBX11K\imgs\health\h4074.png,normal,h4839.png,G:\Ai-CDD\updated_class_tb_dataset\TBX11K\imgs\health\h4839.png
4,normal,h4075.png,G:\Ai-CDD\updated_class_tb_dataset\TBX11K\imgs\health\h4075.png,normal,h4664.png,G:\Ai-CDD\updated_class_tb_dataset\TBX11K\imgs\health\h4664.png
4,normal,h4075.png,G:\Ai-CDD\updated_class_tb_dataset\TBX11K\imgs\health\h4075.png,tb,tb0354.png,G:\Ai-CDD\updated_class_tb_dataset\TBX11K\imgs\tb\tb0354.png
4,normal,h4091.png,G:\Ai-CDD\updated_class_tb_dataset\TBX11K\imgs\health\h4091.png,sick,s2364.png,G:\Ai-CDD\updated_class_tb_dataset\TBX11K\imgs\sick\s2364.png
4,normal,h4091.png,G:\Ai-CDD\updated_class_tb_dataset\TBX11K\imgs\health\h4091.png,tb,tb1010.png,G:\Ai-CDD\updated_class_tb_dataset\TBX11K\imgs\tb\tb1010.png
4,normal,h4092.png,G:\Ai-CDD\updated_class_tb_dataset\TBX11K\imgs\health\h4092.png,normal,h4135.png,G:\Ai-CDD\updated_class_tb_dataset\TBX11K\imgs\health\h4135.png
4,normal,h4092.png,G:\Ai-CDD\updated_class_tb_dataset\TBX11K\imgs\health\h4092.png,normal,h4575.png,G:\Ai-CDD\updated_class_tb_dataset\TBX11K\imgs\health\h4575.png
4,normal,h4092.png,G:\Ai-CDD\updated_class_tb_dataset\TBX11K\imgs\health\h4092.png,normal,h4617.png,G:\Ai-CDD\updated_class_tb_dataset\TBX11K\imgs\health\h4617.png
4,normal,h4092.png,G:\Ai-CDD\updated_class_tb_dataset\TBX11K\imgs\health\h4092.png,normal,h4979.png,G:\Ai-CDD\updated_class_tb_dataset\TBX11K\imgs\health\h4979.png
4,normal,h4092.png,G:\Ai-CDD\updated_class_tb_dataset\TBX11K\imgs\health\h4092.png,tb,tb0366.png,G:\Ai-CDD\updated_class_tb_dataset\TBX11K\imgs\tb\tb0366.png
4,normal,h4093.png,G:\Ai-CDD\updated_class_tb_dataset\TBX11K\imgs\health\h4093.png,normal,h4416.png,G:\Ai-CDD\updated_class_tb_dataset\TBX11K\imgs\health\h4416.png
4,normal,h4093.png,G:\Ai-CDD\updated_class_tb_dataset\TBX11K\imgs\health\h4093.png,normal,h4960.png,G:\Ai-CDD\updated_class_tb_dataset\TBX11K\imgs\health\h4960.png
4,normal,h4095.png,G:\Ai-CDD\updated_class_tb_dataset\TBX11K\imgs\health\h4095.png,normal,h4625.png,G:\Ai-CDD\updated_class_tb_dataset\TBX11K\imgs\health\h4625.png
4,normal,h4100.png,G:\Ai-CDD\updated_class_tb_dataset\TBX11K\imgs\health\h4100.png,normal,h4569.png,G:\Ai-CDD\updated_class_tb_dataset\TBX11K\imgs\health\h4569.png
4,normal,h4111.png,G:\Ai-CDD\updated_class_tb_dataset\TBX11K\imgs\health\h4111.png,sick,s4071.png,G:\Ai-CDD\updated_class_tb_dataset\TBX11K\imgs\sick\s4071.png
4,normal,h4119.png,G:\Ai-CDD\updated_class_tb_dataset\TBX11K\imgs\health\h4119.png,normal,h4758.png,G:\Ai-CDD\updated_class_tb_dataset\TBX11K\imgs\health\h4758.png
4,normal,h4124.png,G:\Ai-CDD\updated_class_tb_dataset\TBX11K\imgs\health\h4124.png,normal,h4177.png,G:\Ai-CDD\updated_class_tb_dataset\TBX11K\imgs\health\h4177.png
4,normal,h4133.png,G:\Ai-CDD\updated_class_tb_dataset\TBX11K\imgs\health\h4133.png,normal,h4485.png,G:\Ai-CDD\updated_class_tb_dataset\TBX11K\imgs\health\h4485.png
4,normal,h4135.png,G:\Ai-CDD\updated_class_tb_dataset\TBX11K\imgs\health\h4135.png,normal,h4234.png,G:\Ai-CDD\updated_class_tb_dataset\TBX11K\imgs\health\h4234.png
4,normal,h4135.png,G:\Ai-CDD\updated_class_tb_dataset\TBX11K\imgs\health\h4135.png,tb,tb0031.png,G:\Ai-CDD\updated_class_tb_dataset\TBX11K\imgs\tb\tb0031.png
4,normal,h4142.png,G:\Ai-CDD\updated_class_tb_dataset\TBX11K\imgs\health\h4142.png,normal,h4615.png,G:\Ai-CDD\updated_class_tb_dataset\TBX11K\imgs\health\h4615.png
4,normal,h4148.png,G:\Ai-CDD\updated_class_tb_dataset\TBX11K\imgs\health\h4148.png,normal,h4239.png,G:\Ai-CDD\updated_class_tb_dataset\TBX11K\imgs\health\h4239.png
4,normal,h4148.png,G:\Ai-CDD\updated_class_tb_dataset\TBX11K\imgs\health\h4148.png,normal,h4286.png,G:\Ai-CDD\updated_class_tb_dataset\TBX11K\imgs\health\h4286.png
4,normal,h4148.png,G:\Ai-CDD\updated_class_tb_dataset\TBX11K\imgs\health\h4148.png,sick,s1422.png,G:\Ai-CDD\updated_class_tb_dataset\TBX11K\imgs\sick\s1422.png
4,normal,h4151.png,G:\Ai-CDD\updated_class_tb_dataset\TBX11K\imgs\health\h4151.png,normal,h4351.png,G:\Ai-CDD\updated_class_tb_dataset\TBX11K\imgs\health\h4351.png
4,normal,h4152.png,G:\Ai-CDD\updated_class_tb_dataset\TBX11K\imgs\health\h4152.png,normal,h4985.png,G:\Ai-CDD\updated_class_tb_dataset\TBX11K\imgs\health\h4985.png
4,normal,h4153.png,G:\Ai-CDD\updated_class_tb_dataset\TBX11K\imgs\health\h4153.png,sick,s1778.png,G:\Ai-CDD\updated_class_tb_dataset\TBX11K\imgs\sick\s1778.png
4,normal,h4166.png,G:\Ai-CDD\updated_class_tb_dataset\TBX11K\imgs\health\h4166.png,normal,h4402.png,G:\Ai-CDD\updated_class_tb_dataset\TBX11K\imgs\health\h4402.png
4,normal,h4166.png,G:\Ai-CDD\updated_class_tb_dataset\TBX11K\imgs\health\h4166.png,normal,h4960.png,G:\Ai-CDD\updated_class_tb_dataset\TBX11K\imgs\health\h4960.png
4,normal,h4166.png,G:\Ai-CDD\updated_class_tb_dataset\TBX11K\imgs\health\h4166.png,sick,s0972.png,G:\Ai-CDD\updated_class_tb_dataset\TBX11K\imgs\sick\s0972.png
4,normal,h4173.png,G:\Ai-CDD\updated_class_tb_dataset\TBX11K\imgs\health\h4173.png,sick,s1206.png,G:\Ai-CDD\updated_class_tb_dataset\TBX11K\imgs\sick\s1206.png
4,normal,h4174.png,G:\Ai-CDD\updated_class_tb_dataset\TBX11K\imgs\health\h4174.png,tb,tb0216.png,G:\Ai-CDD\updated_class_tb_dataset\TBX11K\imgs\tb\tb0216.png
4,normal,h4177.png,G:\Ai-CDD\updated_class_tb_dataset\TBX11K\imgs\health\h4177.png,normal,h4796.png,G:\Ai-CDD\updated_class_tb_dataset\TBX11K\imgs\health\h4796.png
4,normal,h4177.png,G:\Ai-CDD\updated_class_tb_dataset\TBX11K\imgs\health\h4177.png,normal,h4811.png,G:\Ai-CDD\updated_class_tb_dataset\TBX11K\imgs\health\h4811.png
4,normal,h4178.png,G:\Ai-CDD\updated_class_tb_dataset\TBX11K\imgs\health\h4178.png,normal,h4362.png,G:\Ai-CDD\updated_class_tb_dataset\TBX11K\imgs\health\h4362.png
4,normal,h4178.png,G:\Ai-CDD\updated_class_tb_dataset\TBX11K\imgs\health\h4178.png,normal,h4526.png,G:\Ai-CDD\updated_class_tb_dataset\TBX11K\imgs\health\h4526.png
4,normal,h4183.png,G:\Ai-CDD\updated_class_tb_dataset\TBX11K\imgs\health\h4183.png,normal,h4636.png,G:\Ai-CDD\updated_class_tb_dataset\TBX11K\imgs\health\h4636.png
4,normal,h4183.png,G:\Ai-CDD\updated_class_tb_dataset\TBX11K\imgs\health\h4183.png,normal,h4839.png,G:\Ai-CDD\updated_class_tb_dataset\TBX11K\imgs\health\h4839.png
4,normal,h4183.png,G:\Ai-CDD\updated_class_tb_dataset\TBX11K\imgs\health\h4183.png,sick,s3412.png,G:\Ai-CDD\updated_class_tb_dataset\TBX11K\imgs\sick\s3412.png
4,normal,h4183.png,G:\Ai-CDD\updated_class_tb_dataset\TBX11K\imgs\health\h4183.png,sick,s4663.png,G:\Ai-CDD\updated_class_tb_dataset\TBX11K\imgs\sick\s4663.png
4,normal,h4187.png,G:\Ai-CDD\updated_class_tb_dataset\TBX11K\imgs\health\h4187.png,tb,tb0895.png,G:\Ai-CDD\updated_class_tb_dataset\TBX11K\imgs\tb\tb0895.png
2,normal,h4194.png,G:\Ai-CDD\updated_class_tb_dataset\TBX11K\imgs\health\h4194.png,normal,h4272.png,G:\Ai-CDD\updated_class_tb_dataset\TBX11K\imgs\health\h4272.png
4,normal,h4194.png,G:\Ai-CDD\updated_class_tb_dataset\TBX11K\imgs\health\h4194.png,normal,h4669.png,G:\Ai-CDD\updated_class_tb_dataset\TBX11K\imgs\health\h4669.png
4,normal,h4196.png,G:\Ai-CDD\updated_class_tb_dataset\TBX11K\imgs\health\h4196.png,sick,s4794.png,G:\Ai-CDD\updated_class_tb_dataset\TBX11K\imgs\sick\s4794.png
4,normal,h4198.png,G:\Ai-CDD\updated_class_tb_dataset\TBX11K\imgs\health\h4198.png,normal,h4871.png,G:\Ai-CDD\updated_class_tb_dataset\TBX11K\imgs\health\h4871.png
4,normal,h4205.png,G:\Ai-CDD\updated_class_tb_dataset\TBX11K\imgs\health\h4205.png,normal,h4958.png,G:\Ai-CDD\updated_class_tb_dataset\TBX11K\imgs\health\h4958.png
4,normal,h4209.png,G:\Ai-CDD\updated_class_tb_dataset\TBX11K\imgs\health\h4209.png,normal,h4675.png,G:\Ai-CDD\updated_class_tb_dataset\TBX11K\imgs\health\h4675.png
4,normal,h4212.png,G:\Ai-CDD\updated_class_tb_dataset\TBX11K\imgs\health\h4212.png,normal,h4223.png,G:\Ai-CDD\updated_class_tb_dataset\TBX11K\imgs\health\h4223.png
4,normal,h4213.png,G:\Ai-CDD\updated_class_tb_dataset\TBX11K\imgs\health\h4213.png,normal,h4880.png,G:\Ai-CDD\updated_class_tb_dataset\TBX11K\imgs\health\h4880.png
4,normal,h4216.png,G:\Ai-CDD\updated_class_tb_dataset\TBX11K\imgs\health\h4216.png,normal,h4387.png,G:\Ai-CDD\updated_class_tb_dataset\TBX11K\imgs\health\h4387.png
4,normal,h4217.png,G:\Ai-CDD\updated_class_tb_dataset\TBX11K\imgs\health\h4217.png,normal,h4269.png,G:\Ai-CDD\updated_class_tb_dataset\TBX11K\imgs\health\h4269.png
4,normal,h4221.png,G:\Ai-CDD\updated_class_tb_dataset\TBX11K\imgs\health\h4221.png,normal,h4536.png,G:\Ai-CDD\updated_class_tb_dataset\TBX11K\imgs\health\h4536.png
4,normal,h4222.png,G:\Ai-CDD\updated_class_tb_dataset\TBX11K\imgs\health\h4222.png,normal,h4669.png,G:\Ai-CDD\updated_class_tb_dataset\TBX11K\imgs\health\h4669.png
4,normal,h4224.png,G:\Ai-CDD\updated_class_tb_dataset\TBX11K\imgs\health\h4224.png,sick,s2038.png,G:\Ai-CDD\updated_class_tb_dataset\TBX11K\imgs\sick\s2038.png
4,normal,h4224.png,G:\Ai-CDD\updated_class_tb_dataset\TBX11K\imgs\health\h4224.png,sick,s2786.png,G:\Ai-CDD\updated_class_tb_dataset\TBX11K\imgs\sick\s2786.png
4,normal,h4224.png,G:\Ai-CDD\updated_class_tb_dataset\TBX11K\imgs\health\h4224.png,sick,s4694.png,G:\Ai-CDD\updated_class_tb_dataset\TBX11K\imgs\sick\s4694.png
4,normal,h4234.png,G:\Ai-CDD\updated_class_tb_dataset\TBX11K\imgs\health\h4234.png,tb,tb0031.png,G:\Ai-CDD\updated_class_tb_dataset\TBX11K\imgs\tb\tb0031.png
4,normal,h4234.png,G:\Ai-CDD\updated_class_tb_dataset\TBX11K\imgs\health\h4234.png,tb,tb0366.png,G:\Ai-CDD\updated_class_tb_dataset\TBX11K\imgs\tb\tb0366.png
4,normal,h4239.png,G:\Ai-CDD\updated_class_tb_dataset\TBX11K\imgs\health\h4239.png,normal,h4391.png,G:\Ai-CDD\updated_class_tb_dataset\TBX11K\imgs\health\h4391.png
4,normal,h4239.png,G:\Ai-CDD\updated_class_tb_dataset\TBX11K\imgs\health\h4239.png,normal,h4806.png,G:\Ai-CDD\updated_class_tb_dataset\TBX11K\imgs\health\h4806.png
4,normal,h4239.png,G:\Ai-CDD\updated_class_tb_dataset\TBX11K\imgs\health\h4239.png,sick,s1719.png,G:\Ai-CDD\updated_class_tb_dataset\TBX11K\imgs\sick\s1719.png
4,normal,h4239.png,G:\Ai-CDD\updated_class_tb_dataset\TBX11K\imgs\health\h4239.png,sick,s4272.png,G:\Ai-CDD\updated_class_tb_dataset\TBX11K\imgs\sick\s4272.png
4,normal,h4246.png,G:\Ai-CDD\updated_class_tb_dataset\TBX11K\imgs\health\h4246.png,normal,h4677.png,G:\Ai-CDD\updated_class_tb_dataset\TBX11K\imgs\health\h4677.png
4,normal,h4252.png,G:\Ai-CDD\updated_class_tb_dataset\TBX11K\imgs\health\h4252.png,normal,h4526.png,G:\Ai-CDD\updated_class_tb_dataset\TBX11K\imgs\health\h4526.png
4,normal,h4255.png,G:\Ai-CDD\updated_class_tb_dataset\TBX11K\imgs\health\h4255.png,normal,h4391.png,G:\Ai-CDD\updated_class_tb_dataset\TBX11K\imgs\health\h4391.png
4,normal,h4259.png,G:\Ai-CDD\updated_class_tb_dataset\TBX11K\imgs\health\h4259.png,normal,h4316.png,G:\Ai-CDD\updated_class_tb_dataset\TBX11K\imgs\health\h4316.png
4,normal,h4259.png,G:\Ai-CDD\updated_class_tb_dataset\TBX11K\imgs\health\h4259.png,normal,h4889.png,G:\Ai-CDD\updated_class_tb_dataset\TBX11K\imgs\health\h4889.png
4,normal,h4269.png,G:\Ai-CDD\updated_class_tb_dataset\TBX11K\imgs\health\h4269.png,normal,h4432.png,G:\Ai-CDD\updated_class_tb_dataset\TBX11K\imgs\health\h4432.png
4,normal,h4269.png,G:\Ai-CDD\updated_class_tb_dataset\TBX11K\imgs\health\h4269.png,normal,h4682.png,G:\Ai-CDD\updated_class_tb_dataset\TBX11K\imgs\health\h4682.png
4,normal,h4272.png,G:\Ai-CDD\updated_class_tb_dataset\TBX11K\imgs\health\h4272.png,normal,h4431.png,G:\Ai-CDD\updated_class_tb_dataset\TBX11K\imgs\health\h4431.png
2,normal,h4272.png,G:\Ai-CDD\updated_class_tb_dataset\TBX11K\imgs\health\h4272.png,normal,h4669.png,G:\Ai-CDD\updated_class_tb_dataset\TBX11K\imgs\health\h4669.png
4,normal,h4272.png,G:\Ai-CDD\updated_class_tb_dataset\TBX11K\imgs\health\h4272.png,sick,s2137.png,G:\Ai-CDD\updated_class_tb_dataset\TBX11K\imgs\sick\s2137.png
4,normal,h4272.png,G:\Ai-CDD\updated_class_tb_dataset\TBX11K\imgs\health\h4272.png,tb,tb1188.png,G:\Ai-CDD\updated_class_tb_dataset\TBX11K\imgs\tb\tb1188.png
4,normal,h4302.png,G:\Ai-CDD\updated_class_tb_dataset\TBX11K\imgs\health\h4302.png,sick,s3943.png,G:\Ai-CDD\updated_class_tb_dataset\TBX11K\imgs\sick\s3943.png
4,normal,h4305.png,G:\Ai-CDD\updated_class_tb_dataset\TBX11K\imgs\health\h4305.png,sick,s0240.png,G:\Ai-CDD\updated_class_tb_dataset\TBX11K\imgs\sick\s0240.png
4,normal,h4316.png,G:\Ai-CDD\updated_class_tb_dataset\TBX11K\imgs\health\h4316.png,normal,h4889.png,G:\Ai-CDD\updated_class_tb_dataset\TBX11K\imgs\health\h4889.png
4,normal,h4321.png,G:\Ai-CDD\updated_class_tb_dataset\TBX11K\imgs\health\h4321.png,normal,h4900.png,G:\Ai-CDD\updated_class_tb_dataset\TBX11K\imgs\health\h4900.png
4,normal,h4321.png,G:\Ai-CDD\updated_class_tb_dataset\TBX11K\imgs\health\h4321.png,tb,tb0311.png,G:\Ai-CDD\updated_class_tb_dataset\TBX11K\imgs\tb\tb0311.png
4,normal,h4324.png,G:\Ai-CDD\updated_class_tb_dataset\TBX11K\imgs\health\h4324.png,normal,h4889.png,G:\Ai-CDD\updated_class_tb_dataset\TBX11K\imgs\health\h4889.png
4,normal,h4339.png,G:\Ai-CDD\updated_class_tb_dataset\TBX11K\imgs\health\h4339.png,normal,h4534.png,G:\Ai-CDD\updated_class_tb_dataset\TBX11K\imgs\health\h4534.png
4,normal,h4344.png,G:\Ai-CDD\updated_class_tb_dataset\TBX11K\imgs\health\h4344.png,normal,h4436.png,G:\Ai-CDD\updated_class_tb_dataset\TBX11K\imgs\health\h4436.png
4,normal,h4348.png,G:\Ai-CDD\updated_class_tb_dataset\TBX11K\imgs\health\h4348.png,normal,h4428.png,G:\Ai-CDD\updated_class_tb_dataset\TBX11K\imgs\health\h4428.png
4,normal,h4356.png,G:\Ai-CDD\updated_class_tb_dataset\TBX11K\imgs\health\h4356.png,sick,s1080.png,G:\Ai-CDD\updated_class_tb_dataset\TBX11K\imgs\sick\s1080.png
4,normal,h4362.png,G:\Ai-CDD\updated_class_tb_dataset\TBX11K\imgs\health\h4362.png,normal,h4432.png,G:\Ai-CDD\updated_class_tb_dataset\TBX11K\imgs\health\h4432.png
4,normal,h4366.png,G:\Ai-CDD\updated_class_tb_dataset\TBX11K\imgs\health\h4366.png,normal,h4436.png,G:\Ai-CDD\updated_class_tb_dataset\TBX11K\imgs\health\h4436.png
4,normal,h4370.png,G:\Ai-CDD\updated_class_tb_dataset\TBX11K\imgs\health\h4370.png,tb,tb0429.png,G:\Ai-CDD\updated_class_tb_dataset\TBX11K\imgs\tb\tb0429.png
2,normal,h4371.png,G:\Ai-CDD\updated_class_tb_dataset\TBX11K\imgs\health\h4371.png,normal,h4647.png,G:\Ai-CDD\updated_class_tb_dataset\TBX11K\imgs\health\h4647.png
4,normal,h4371.png,G:\Ai-CDD\updated_class_tb_dataset\TBX11K\imgs\health\h4371.png,normal,h4802.png,G:\Ai-CDD\updated_class_tb_dataset\TBX11K\imgs\health\h4802.png
4,normal,h4371.png,G:\Ai-CDD\updated_class_tb_dataset\TBX11K\imgs\health\h4371.png,normal,h4965.png,G:\Ai-CDD\updated_class_tb_dataset\TBX11K\imgs\health\h4965.png
4,normal,h4375.png,G:\Ai-CDD\updated_class_tb_dataset\TBX11K\imgs\health\h4375.png,normal,h4615.png,G:\Ai-CDD\updated_class_tb_dataset\TBX11K\imgs\health\h4615.png
4,normal,h4375.png,G:\Ai-CDD\updated_class_tb_dataset\TBX11K\imgs\health\h4375.png,sick,s0547.png,G:\Ai-CDD\updated_class_tb_dataset\TBX11K\imgs\sick\s0547.png
2,normal,h4375.png,G:\Ai-CDD\updated_class_tb_dataset\TBX11K\imgs\health\h4375.png,sick,s1778.png,G:\Ai-CDD\updated_class_tb_dataset\TBX11K\imgs\sick\s1778.png
4,normal,h4391.png,G:\Ai-CDD\updated_class_tb_dataset\TBX11K\imgs\health\h4391.png,sick,s3041.png,G:\Ai-CDD\updated_class_tb_dataset\TBX11K\imgs\sick\s3041.png
4,normal,h4402.png,G:\Ai-CDD\updated_class_tb_dataset\TBX11K\imgs\health\h4402.png,normal,h4960.png,G:\Ai-CDD\updated_class_tb_dataset\TBX11K\imgs\health\h4960.png
4,normal,h4410.png,G:\Ai-CDD\updated_class_tb_dataset\TBX11K\imgs\health\h4410.png,normal,h4614.png,G:\Ai-CDD\updated_class_tb_dataset\TBX11K\imgs\health\h4614.png
4,normal,h4416.png,G:\Ai-CDD\updated_class_tb_dataset\TBX11K\imgs\health\h4416.png,normal,h4694.png,G:\Ai-CDD\updated_class_tb_dataset\TBX11K\imgs\health\h4694.png
4,normal,h4416.png,G:\Ai-CDD\updated_class_tb_dataset\TBX11K\imgs\health\h4416.png,normal,h4960.png,G:\Ai-CDD\updated_class_tb_dataset\TBX11K\imgs\health\h4960.png
4,normal,h4416.png,G:\Ai-CDD\updated_class_tb_dataset\TBX11K\imgs\health\h4416.png,sick,s0972.png,G:\Ai-CDD\updated_class_tb_dataset\TBX11K\imgs\sick\s0972.png
4,normal,h4416.png,G:\Ai-CDD\updated_class_tb_dataset\TBX11K\imgs\health\h4416.png,tb,tb1004.png,G:\Ai-CDD\updated_class_tb_dataset\TBX11K\imgs\tb\tb1004.png
4,normal,h4419.png,G:\Ai-CDD\updated_class_tb_dataset\TBX11K\imgs\health\h4419.png,normal,h4769.png,G:\Ai-CDD\updated_class_tb_dataset\TBX11K\imgs\health\h4769.png
4,normal,h4428.png,G:\Ai-CDD\updated_class_tb_dataset\TBX11K\imgs\health\h4428.png,normal,h4811.png,G:\Ai-CDD\updated_class_tb_dataset\TBX11K\imgs\health\h4811.png
2,normal,h4431.png,G:\Ai-CDD\updated_class_tb_dataset\TBX11K\imgs\health\h4431.png,normal,h4669.png,G:\Ai-CDD\updated_class_tb_dataset\TBX11K\imgs\health\h4669.png
4,normal,h4437.png,G:\Ai-CDD\updated_class_tb_dataset\TBX11K\imgs\health\h4437.png,sick,s1989.png,G:\Ai-CDD\updated_class_tb_dataset\TBX11K\imgs\sick\s1989.png
4,normal,h4437.png,G:\Ai-CDD\updated_class_tb_dataset\TBX11K\imgs\health\h4437.png,tb,tb0226.png,G:\Ai-CDD\updated_class_tb_dataset\TBX11K\imgs\tb\tb0226.png
4,normal,h4495.png,G:\Ai-CDD\updated_class_tb_dataset\TBX11K\imgs\health\h4495.png,sick,s0197.png,G:\Ai-CDD\updated_class_tb_dataset\TBX11K\imgs\sick\s0197.png
4,normal,h4496.png,G:\Ai-CDD\updated_class_tb_dataset\TBX11K\imgs\health\h4496.png,normal,h4965.png,G:\Ai-CDD\updated_class_tb_dataset\TBX11K\imgs\health\h4965.png
4,normal,h4501.png,G:\Ai-CDD\updated_class_tb_dataset\TBX11K\imgs\health\h4501.png,sick,s1833.png,G:\Ai-CDD\updated_class_tb_dataset\TBX11K\imgs\sick\s1833.png
4,normal,h4504.png,G:\Ai-CDD\updated_class_tb_dataset\TBX11K\imgs\health\h4504.png,normal,h4625.png,G:\Ai-CDD\updated_class_tb_dataset\TBX11K\imgs\health\h4625.png
4,normal,h4504.png,G:\Ai-CDD\updated_class_tb_dataset\TBX11K\imgs\health\h4504.png,tb,tb0970.png,G:\Ai-CDD\updated_class_tb_dataset\TBX11K\imgs\tb\tb0970.png
4,normal,h4522.png,G:\Ai-CDD\updated_class_tb_dataset\TBX11K\imgs\health\h4522.png,sick,s1422.png,G:\Ai-CDD\updated_class_tb_dataset\TBX11K\imgs\sick\s1422.png
4,normal,h4533.png,G:\Ai-CDD\updated_class_tb_dataset\TBX11K\imgs\health\h4533.png,sick,s0256.png,G:\Ai-CDD\updated_class_tb_dataset\TBX11K\imgs\sick\s0256.png
4,normal,h4533.png,G:\Ai-CDD\updated_class_tb_dataset\TBX11K\imgs\health\h4533.png,sick,s1719.png,G:\Ai-CDD\updated_class_tb_dataset\TBX11K\imgs\sick\s1719.png
4,normal,h4536.png,G:\Ai-CDD\updated_class_tb_dataset\TBX11K\imgs\health\h4536.png,tb,tb1162.png,G:\Ai-CDD\updated_class_tb_dataset\TBX11K\imgs\tb\tb1162.png
4,normal,h4548.png,G:\Ai-CDD\updated_class_tb_dataset\TBX11K\imgs\health\h4548.png,normal,h4796.png,G:\Ai-CDD\updated_class_tb_dataset\TBX11K\imgs\health\h4796.png
4,normal,h4561.png,G:\Ai-CDD\updated_class_tb_dataset\TBX11K\imgs\health\h4561.png,sick,s4259.png,G:\Ai-CDD\updated_class_tb_dataset\TBX11K\imgs\sick\s4259.png
2,normal,h4569.png,G:\Ai-CDD\updated_class_tb_dataset\TBX11K\imgs\health\h4569.png,sick,s4316.png,G:\Ai-CDD\updated_class_tb_dataset\TBX11K\imgs\sick\s4316.png
4,normal,h4571.png,G:\Ai-CDD\updated_class_tb_dataset\TBX11K\imgs\health\h4571.png,sick,s3484.png,G:\Ai-CDD\updated_class_tb_dataset\TBX11K\imgs\sick\s3484.png
4,normal,h4573.png,G:\Ai-CDD\updated_class_tb_dataset\TBX11K\imgs\health\h4573.png,sick,s1202.png,G:\Ai-CDD\updated_class_tb_dataset\TBX11K\imgs\sick\s1202.png
4,normal,h4573.png,G:\Ai-CDD\updated_class_tb_dataset\TBX11K\imgs\health\h4573.png,sick,s2656.png,G:\Ai-CDD\updated_class_tb_dataset\TBX11K\imgs\sick\s2656.png
4,normal,h4573.png,G:\Ai-CDD\updated_class_tb_dataset\TBX11K\imgs\health\h4573.png,tb,tb0264.png,G:\Ai-CDD\updated_class_tb_dataset\TBX11K\imgs\tb\tb0264.png
4,normal,h4575.png,G:\Ai-CDD\updated_class_tb_dataset\TBX11K\imgs\health\h4575.png,normal,h4999.png,G:\Ai-CDD\updated_class_tb_dataset\TBX11K\imgs\health\h4999.png
4,normal,h4598.png,G:\Ai-CDD\updated_class_tb_dataset\TBX11K\imgs\health\h4598.png,sick,s1484.png,G:\Ai-CDD\updated_class_tb_dataset\TBX11K\imgs\sick\s1484.png
2,normal,h4613.png,G:\Ai-CDD\updated_class_tb_dataset\TBX11K\imgs\health\h4613.png,normal,h4744.png,G:\Ai-CDD\updated_class_tb_dataset\TBX11K\imgs\health\h4744.png
4,normal,h4613.png,G:\Ai-CDD\updated_class_tb_dataset\TBX11K\imgs\health\h4613.png,normal,h4766.png,G:\Ai-CDD\updated_class_tb_dataset\TBX11K\imgs\health\h4766.png
4,normal,h4614.png,G:\Ai-CDD\updated_class_tb_dataset\TBX11K\imgs\health\h4614.png,sick,s4259.png,G:\Ai-CDD\updated_class_tb_dataset\TBX11K\imgs\sick\s4259.png
4,normal,h4615.png,G:\Ai-CDD\updated_class_tb_dataset\TBX11K\imgs\health\h4615.png,sick,s1778.png,G:\Ai-CDD\updated_class_tb_dataset\TBX11K\imgs\sick\s1778.png
4,normal,h4630.png,G:\Ai-CDD\updated_class_tb_dataset\TBX11K\imgs\health\h4630.png,normal,h4763.png,G:\Ai-CDD\updated_class_tb_dataset\TBX11K\imgs\health\h4763.png
4,normal,h4636.png,G:\Ai-CDD\updated_class_tb_dataset\TBX11K\imgs\health\h4636.png,normal,h4848.png,G:\Ai-CDD\updated_class_tb_dataset\TBX11K\imgs\health\h4848.png
4,normal,h4636.png,G:\Ai-CDD\updated_class_tb_dataset\TBX11K\imgs\health\h4636.png,sick,s4663.png,G:\Ai-CDD\updated_class_tb_dataset\TBX11K\imgs\sick\s4663.png
4,normal,h4636.png,G:\Ai-CDD\updated_class_tb_dataset\TBX11K\imgs\health\h4636.png,tb,tb0830.png,G:\Ai-CDD\updated_class_tb_dataset\TBX11K\imgs\tb\tb0830.png
2,normal,h4647.png,G:\Ai-CDD\updated_class_tb_dataset\TBX11K\imgs\health\h4647.png,normal,h4965.png,G:\Ai-CDD\updated_class_tb_dataset\TBX11K\imgs\health\h4965.png
4,normal,h4650.png,G:\Ai-CDD\updated_class_tb_dataset\TBX11K\imgs\health\h4650.png,normal,h4720.png,G:\Ai-CDD\updated_class_tb_dataset\TBX11K\imgs\health\h4720.png
4,normal,h4655.png,G:\Ai-CDD\updated_class_tb_dataset\TBX11K\imgs\health\h4655.png,normal,h4788.png,G:\Ai-CDD\updated_class_tb_dataset\TBX11K\imgs\health\h4788.png
4,normal,h4655.png,G:\Ai-CDD\updated_class_tb_dataset\TBX11K\imgs\health\h4655.png,normal,h4805.png,G:\Ai-CDD\updated_class_tb_dataset\TBX11K\imgs\health\h4805.png
4,normal,h4655.png,G:\Ai-CDD\updated_class_tb_dataset\TBX11K\imgs\health\h4655.png,normal,h4936.png,G:\Ai-CDD\updated_class_tb_dataset\TBX11K\imgs\health\h4936.png
4,normal,h4655.png,G:\Ai-CDD\updated_class_tb_dataset\TBX11K\imgs\health\h4655.png,normal,h4988.png,G:\Ai-CDD\updated_class_tb_dataset\TBX11K\imgs\health\h4988.png
4,normal,h4664.png,G:\Ai-CDD\updated_class_tb_dataset\TBX11K\imgs\health\h4664.png,normal,h4928.png,G:\Ai-CDD\updated_class_tb_dataset\TBX11K\imgs\health\h4928.png
4,normal,h4671.png,G:\Ai-CDD\updated_class_tb_dataset\TBX11K\imgs\health\h4671.png,tb,tb1179.png,G:\Ai-CDD\updated_class_tb_dataset\TBX11K\imgs\tb\tb1179.png
2,normal,h4694.png,G:\Ai-CDD\updated_class_tb_dataset\TBX11K\imgs\health\h4694.png,tb,tb1004.png,G:\Ai-CDD\updated_class_tb_dataset\TBX11K\imgs\tb\tb1004.png
4,normal,h4708.png,G:\Ai-CDD\updated_class_tb_dataset\TBX11K\imgs\health\h4708.png,sick,s4393.png,G:\Ai-CDD\updated_class_tb_dataset\TBX11K\imgs\sick\s4393.png
4,normal,h4722.png,G:\Ai-CDD\updated_class_tb_dataset\TBX11K\imgs\health\h4722.png,normal,h4744.png,G:\Ai-CDD\updated_class_tb_dataset\TBX11K\imgs\health\h4744.png
2,normal,h4744.png,G:\Ai-CDD\updated_class_tb_dataset\TBX11K\imgs\health\h4744.png,normal,h4766.png,G:\Ai-CDD\updated_class_tb_dataset\TBX11K\imgs\health\h4766.png
4,normal,h4750.png,G:\Ai-CDD\updated_class_tb_dataset\TBX11K\imgs\health\h4750.png,normal,h4958.png,G:\Ai-CDD\updated_class_tb_dataset\TBX11K\imgs\health\h4958.png
4,normal,h4761.png,G:\Ai-CDD\updated_class_tb_dataset\TBX11K\imgs\health\h4761.png,sick,s1620.png,G:\Ai-CDD\updated_class_tb_dataset\TBX11K\imgs\sick\s1620.png
4,normal,h4761.png,G:\Ai-CDD\updated_class_tb_dataset\TBX11K\imgs\health\h4761.png,sick,s1831.png,G:\Ai-CDD\updated_class_tb_dataset\TBX11K\imgs\sick\s1831.png
4,normal,h4788.png,G:\Ai-CDD\updated_class_tb_dataset\TBX11K\imgs\health\h4788.png,normal,h4988.png,G:\Ai-CDD\updated_class_tb_dataset\TBX11K\imgs\health\h4988.png
4,normal,h4788.png,G:\Ai-CDD\updated_class_tb_dataset\TBX11K\imgs\health\h4788.png,tb,tb0040.png,G:\Ai-CDD\updated_class_tb_dataset\TBX11K\imgs\tb\tb0040.png
2,normal,h4788.png,G:\Ai-CDD\updated_class_tb_dataset\TBX11K\imgs\health\h4788.png,tb,tb0212.png,G:\Ai-CDD\updated_class_tb_dataset\TBX11K\imgs\tb\tb0212.png
4,normal,h4788.png,G:\Ai-CDD\updated_class_tb_dataset\TBX11K\imgs\health\h4788.png,tb,tb0739.png,G:\Ai-CDD\updated_class_tb_dataset\TBX11K\imgs\tb\tb0739.png
4,normal,h4792.png,G:\Ai-CDD\updated_class_tb_dataset\TBX11K\imgs\health\h4792.png,tb,tb0700.png,G:\Ai-CDD\updated_class_tb_dataset\TBX11K\imgs\tb\tb0700.png
4,normal,h4831.png,G:\Ai-CDD\updated_class_tb_dataset\TBX11K\imgs\health\h4831.png,sick,s4075.png,G:\Ai-CDD\updated_class_tb_dataset\TBX11K\imgs\sick\s4075.png
4,normal,h4839.png,G:\Ai-CDD\updated_class_tb_dataset\TBX11K\imgs\health\h4839.png,sick,s3412.png,G:\Ai-CDD\updated_class_tb_dataset\TBX11K\imgs\sick\s3412.png
4,normal,h4842.png,G:\Ai-CDD\updated_class_tb_dataset\TBX11K\imgs\health\h4842.png,sick,s1650.png,G:\Ai-CDD\updated_class_tb_dataset\TBX11K\imgs\sick\s1650.png
4,normal,h4842.png,G:\Ai-CDD\updated_class_tb_dataset\TBX11K\imgs\health\h4842.png,sick,s1831.png,G:\Ai-CDD\updated_class_tb_dataset\TBX11K\imgs\sick\s1831.png
4,normal,h4842.png,G:\Ai-CDD\updated_class_tb_dataset\TBX11K\imgs\health\h4842.png,sick,s3959.png,G:\Ai-CDD\updated_class_tb_dataset\TBX11K\imgs\sick\s3959.png
4,normal,h4842.png,G:\Ai-CDD\updated_class_tb_dataset\TBX11K\imgs\health\h4842.png,tb,tb0305.png,G:\Ai-CDD\updated_class_tb_dataset\TBX11K\imgs\tb\tb0305.png
4,normal,h4847.png,G:\Ai-CDD\updated_class_tb_dataset\TBX11K\imgs\health\h4847.png,sick,s3331.png,G:\Ai-CDD\updated_class_tb_dataset\TBX11K\imgs\sick\s3331.png
4,normal,h4848.png,G:\Ai-CDD\updated_class_tb_dataset\TBX11K\imgs\health\h4848.png,tb,tb0050.png,G:\Ai-CDD\updated_class_tb_dataset\TBX11K\imgs\tb\tb0050.png
4,normal,h4859.png,G:\Ai-CDD\updated_class_tb_dataset\TBX11K\imgs\health\h4859.png,sick,s2334.png,G:\Ai-CDD\updated_class_tb_dataset\TBX11K\imgs\sick\s2334.png
4,normal,h4908.png,G:\Ai-CDD\updated_class_tb_dataset\TBX11K\imgs\health\h4908.png,normal,h4940.png,G:\Ai-CDD\updated_class_tb_dataset\TBX11K\imgs\health\h4940.png
4,normal,h4935.png,G:\Ai-CDD\updated_class_tb_dataset\TBX11K\imgs\health\h4935.png,sick,s2767.png,G:\Ai-CDD\updated_class_tb_dataset\TBX11K\imgs\sick\s2767.png
4,normal,h4935.png,G:\Ai-CDD\updated_class_tb_dataset\TBX11K\imgs\health\h4935.png,sick,s4585.png,G:\Ai-CDD\updated_class_tb_dataset\TBX11K\imgs\sick\s4585.png
4,normal,h4948.png,G:\Ai-CDD\updated_class_tb_dataset\TBX11K\imgs\health\h4948.png,tb,tb0134.png,G:\Ai-CDD\updated_class_tb_dataset\TBX11K\imgs\tb\tb0134.png
4,normal,h4951.png,G:\Ai-CDD\updated_class_tb_dataset\TBX11K\imgs\health\h4951.png,tb,tb1181.png,G:\Ai-CDD\updated_class_tb_dataset\TBX11K\imgs\tb\tb1181.png
4,normal,h4953.png,G:\Ai-CDD\updated_class_tb_dataset\TBX11K\imgs\health\h4953.png,tb,tb0141.png,G:\Ai-CDD\updated_class_tb_dataset\TBX11K\imgs\tb\tb0141.png
4,normal,h4988.png,G:\Ai-CDD\updated_class_tb_dataset\TBX11K\imgs\health\h4988.png,tb,tb0739.png,G:\Ai-CDD\updated_class_tb_dataset\TBX11K\imgs\tb\tb0739.png
0,sick,s0009.png,G:\Ai-CDD\updated_class_tb_dataset\TBX11K\imgs\sick\s0009.png,sick,s3576.png,G:\Ai-CDD\updated_class_tb_dataset\TBX11K\imgs\sick\s3576.png
4,sick,s0017.png,G:\Ai-CDD\updated_class_tb_dataset\TBX11K\imgs\sick\s0017.png,sick,s4489.png,G:\Ai-CDD\updated_class_tb_dataset\TBX11K\imgs\sick\s4489.png
0,sick,s0021.png,G:\Ai-CDD\updated_class_tb_dataset\TBX11K\imgs\sick\s0021.png,sick,s0740.png,G:\Ai-CDD\updated_class_tb_dataset\TBX11K\imgs\sick\s0740.png
4,sick,s0029.png,G:\Ai-CDD\updated_class_tb_dataset\TBX11K\imgs\sick\s0029.png,sick,s0376.png,G:\Ai-CDD\updated_class_tb_dataset\TBX11K\imgs\sick\s0376.png
4,sick,s0029.png,G:\Ai-CDD\updated_class_tb_dataset\TBX11K\imgs\sick\s0029.png,sick,s1037.png,G:\Ai-CDD\updated_class_tb_dataset\TBX11K\imgs\sick\s1037.png
4,sick,s0044.png,G:\Ai-CDD\updated_class_tb_dataset\TBX11K\imgs\sick\s0044.png,sick,s4929.png,G:\Ai-CDD\updated_class_tb_dataset\TBX11K\imgs\sick\s4929.png
4,sick,s0045.png,G:\Ai-CDD\updated_class_tb_dataset\TBX11K\imgs\sick\s0045.png,sick,s3931.png,G:\Ai-CDD\updated_class_tb_dataset\TBX11K\imgs\sick\s3931.png
0,sick,s0045.png,G:\Ai-CDD\updated_class_tb_dataset\TBX11K\imgs\sick\s0045.png,sick,s4496.png,G:\Ai-CDD\updated_class_tb_dataset\TBX11K\imgs\sick\s4496.png
0,sick,s0055.png,G:\Ai-CDD\updated_class_tb_dataset\TBX11K\imgs\sick\s0055.png,sick,s0480.png,G:\Ai-CDD\updated_class_tb_dataset\TBX11K\imgs\sick\s0480.png
4,sick,s0058.png,G:\Ai-CDD\updated_class_tb_dataset\TBX11K\imgs\sick\s0058.png,sick,s0223.png,G:\Ai-CDD\updated_class_tb_dataset\TBX11K\imgs\sick\s0223.png
4,sick,s0058.png,G:\Ai-CDD\updated_class_tb_dataset\TBX11K\imgs\sick\s0058.png,sick,s3349.png,G:\Ai-CDD\updated_class_tb_dataset\TBX11K\imgs\sick\s3349.png
0,sick,s0070.png,G:\Ai-CDD\updated_class_tb_dataset\TBX11K\imgs\sick\s0070.png,sick,s1016.png,G:\Ai-CDD\updated_class_tb_dataset\TBX11K\imgs\sick\s1016.png
4,sick,s0073.png,G:\Ai-CDD\updated_class_tb_dataset\TBX11K\imgs\sick\s0073.png,sick,s2994.png,G:\Ai-CDD\updated_class_tb_dataset\TBX11K\imgs\sick\s2994.png
4,sick,s0077.png,G:\Ai-CDD\updated_class_tb_dataset\TBX11K\imgs\sick\s0077.png,sick,s3117.png,G:\Ai-CDD\updated_class_tb_dataset\TBX11K\imgs\sick\s3117.png
0,sick,s0081.png,G:\Ai-CDD\updated_class_tb_dataset\TBX11K\imgs\sick\s0081.png,sick,s0398.png,G:\Ai-CDD\updated_class_tb_dataset\TBX11K\imgs\sick\s0398.png
0,sick,s0099.png,G:\Ai-CDD\updated_class_tb_dataset\TBX11K\imgs\sick\s0099.png,sick,s4529.png,G:\Ai-CDD\updated_class_tb_dataset\TBX11K\imgs\sick\s4529.png
4,sick,s0102.png,G:\Ai-CDD\updated_class_tb_dataset\TBX11K\imgs\sick\s0102.png,sick,s4032.png,G:\Ai-CDD\updated_class_tb_dataset\TBX11K\imgs\sick\s4032.png
0,sick,s0109.png,G:\Ai-CDD\updated_class_tb_dataset\TBX11K\imgs\sick\s0109.png,sick,s3378.png,G:\Ai-CDD\updated_class_tb_dataset\TBX11K\imgs\sick\s3378.png
4,sick,s0115.png,G:\Ai-CDD\updated_class_tb_dataset\TBX11K\imgs\sick\s0115.png,sick,s4275.png,G:\Ai-CDD\updated_class_tb_dataset\TBX11K\imgs\sick\s4275.png
0,sick,s0135.png,G:\Ai-CDD\updated_class_tb_dataset\TBX11K\imgs\sick\s0135.png,sick,s1765.png,G:\Ai-CDD\updated_class_tb_dataset\TBX11K\imgs\sick\s1765.png
4,sick,s0137.png,G:\Ai-CDD\updated_class_tb_dataset\TBX11K\imgs\sick\s0137.png,sick,s1901.png,G:\Ai-CDD\updated_class_tb_dataset\TBX11K\imgs\sick\s1901.png
0,sick,s0138.png,G:\Ai-CDD\updated_class_tb_dataset\TBX11K\imgs\sick\s0138.png,sick,s2287.png,G:\Ai-CDD\updated_class_tb_dataset\TBX11K\imgs\sick\s2287.png
4,sick,s0141.png,G:\Ai-CDD\updated_class_tb_dataset\TBX11K\imgs\sick\s0141.png,sick,s3456.png,G:\Ai-CDD\updated_class_tb_dataset\TBX11K\imgs\sick\s3456.png
4,sick,s0159.png,G:\Ai-CDD\updated_class_tb_dataset\TBX11K\imgs\sick\s0159.png,sick,s4091.png,G:\Ai-CDD\updated_class_tb_dataset\TBX11K\imgs\sick\s4091.png
4,sick,s0159.png,G:\Ai-CDD\updated_class_tb_dataset\TBX11K\imgs\sick\s0159.png,sick,s4568.png,G:\Ai-CDD\updated_class_tb_dataset\TBX11K\imgs\sick\s4568.png
2,sick,s0160.png,G:\Ai-CDD\updated_class_tb_dataset\TBX11K\imgs\sick\s0160.png,sick,s0632.png,G:\Ai-CDD\updated_class_tb_dataset\TBX11K\imgs\sick\s0632.png
4,sick,s0162.png,G:\Ai-CDD\updated_class_tb_dataset\TBX11K\imgs\sick\s0162.png,sick,s3611.png,G:\Ai-CDD\updated_class_tb_dataset\TBX11K\imgs\sick\s3611.png
4,sick,s0164.png,G:\Ai-CDD\updated_class_tb_dataset\TBX11K\imgs\sick\s0164.png,sick,s2898.png,G:\Ai-CDD\updated_class_tb_dataset\TBX11K\imgs\sick\s2898.png
4,sick,s0164.png,G:\Ai-CDD\updated_class_tb_dataset\TBX11K\imgs\sick\s0164.png,sick,s4037.png,G:\Ai-CDD\updated_class_tb_dataset\TBX11K\imgs\sick\s4037.png
4,sick,s0164.png,G:\Ai-CDD\updated_class_tb_dataset\TBX11K\imgs\sick\s0164.png,tb,tb0305.png,G:\Ai-CDD\updated_class_tb_dataset\TBX11K\imgs\tb\tb0305.png
0,sick,s0166.png,G:\Ai-CDD\updated_class_tb_dataset\TBX11K\imgs\sick\s0166.png,sick,s0215.png,G:\Ai-CDD\updated_class_tb_dataset\TBX11K\imgs\sick\s0215.png
2,sick,s0175.png,G:\Ai-CDD\updated_class_tb_dataset\TBX11K\imgs\sick\s0175.png,sick,s3106.png,G:\Ai-CDD\updated_class_tb_dataset\TBX11K\imgs\sick\s3106.png
4,sick,s0177.png,G:\Ai-CDD\updated_class_tb_dataset\TBX11K\imgs\sick\s0177.png,sick,s2329.png,G:\Ai-CDD\updated_class_tb_dataset\TBX11K\imgs\sick\s2329.png
0,sick,s0179.png,G:\Ai-CDD\updated_class_tb_dataset\TBX11K\imgs\sick\s0179.png,sick,s2760.png,G:\Ai-CDD\updated_class_tb_dataset\TBX11K\imgs\sick\s2760.png
4,sick,s0183.png,G:\Ai-CDD\updated_class_tb_dataset\TBX11K\imgs\sick\s0183.png,sick,s1175.png,G:\Ai-CDD\updated_class_tb_dataset\TBX11K\imgs\sick\s1175.png
4,sick,s0183.png,G:\Ai-CDD\updated_class_tb_dataset\TBX11K\imgs\sick\s0183.png,sick,s4265.png,G:\Ai-CDD\updated_class_tb_dataset\TBX11K\imgs\sick\s4265.png
4,sick,s0185.png,G:\Ai-CDD\updated_class_tb_dataset\TBX11K\imgs\sick\s0185.png,sick,s0731.png,G:\Ai-CDD\updated_class_tb_dataset\TBX11K\imgs\sick\s0731.png
4,sick,s0185.png,G:\Ai-CDD\updated_class_tb_dataset\TBX11K\imgs\sick\s0185.png,sick,s1491.png,G:\Ai-CDD\updated_class_tb_dataset\TBX11K\imgs\sick\s1491.png
4,sick,s0185.png,G:\Ai-CDD\updated_class_tb_dataset\TBX11K\imgs\sick\s0185.png,sick,s1965.png,G:\Ai-CDD\updated_class_tb_dataset\TBX11K\imgs\sick\s1965.png
4,sick,s0185.png,G:\Ai-CDD\updated_class_tb_dataset\TBX11K\imgs\sick\s0185.png,sick,s2856.png,G:\Ai-CDD\updated_class_tb_dataset\TBX11K\imgs\sick\s2856.png
4,sick,s0185.png,G:\Ai-CDD\updated_class_tb_dataset\TBX11K\imgs\sick\s0185.png,sick,s2913.png,G:\Ai-CDD\updated_class_tb_dataset\TBX11K\imgs\sick\s2913.png
0,sick,s0195.png,G:\Ai-CDD\updated_class_tb_dataset\TBX11K\imgs\sick\s0195.png,sick,s0759.png,G:\Ai-CDD\updated_class_tb_dataset\TBX11K\imgs\sick\s0759.png
0,sick,s0199.png,G:\Ai-CDD\updated_class_tb_dataset\TBX11K\imgs\sick\s0199.png,sick,s2193.png,G:\Ai-CDD\updated_class_tb_dataset\TBX11K\imgs\sick\s2193.png
0,sick,s0214.png,G:\Ai-CDD\updated_class_tb_dataset\TBX11K\imgs\sick\s0214.png,sick,s1066.png,G:\Ai-CDD\updated_class_tb_dataset\TBX11K\imgs\sick\s1066.png
4,sick,s0219.png,G:\Ai-CDD\updated_class_tb_dataset\TBX11K\imgs\sick\s0219.png,sick,s1246.png,G:\Ai-CDD\updated_class_tb_dataset\TBX11K\imgs\sick\s1246.png
4,sick,s0223.png,G:\Ai-CDD\updated_class_tb_dataset\TBX11K\imgs\sick\s0223.png,sick,s2138.png,G:\Ai-CDD\updated_class_tb_dataset\TBX11K\imgs\sick\s2138.png
4,sick,s0223.png,G:\Ai-CDD\updated_class_tb_dataset\TBX11K\imgs\sick\s0223.png,sick,s2184.png,G:\Ai-CDD\updated_class_tb_dataset\TBX11K\imgs\sick\s2184.png
4,sick,s0223.png,G:\Ai-CDD\updated_class_tb_dataset\TBX11K\imgs\sick\s0223.png,sick,s2680.png,G:\Ai-CDD\updated_class_tb_dataset\TBX11K\imgs\sick\s2680.png
4,sick,s0223.png,G:\Ai-CDD\updated_class_tb_dataset\TBX11K\imgs\sick\s0223.png,sick,s3241.png,G:\Ai-CDD\updated_class_tb_dataset\TBX11K\imgs\sick\s3241.png
4,sick,s0223.png,G:\Ai-CDD\updated_class_tb_dataset\TBX11K\imgs\sick\s0223.png,sick,s3282.png,G:\Ai-CDD\updated_class_tb_dataset\TBX11K\imgs\sick\s3282.png
4,sick,s0223.png,G:\Ai-CDD\updated_class_tb_dataset\TBX11K\imgs\sick\s0223.png,sick,s3367.png,G:\Ai-CDD\updated_class_tb_dataset\TBX11K\imgs\sick\s3367.png
4,sick,s0223.png,G:\Ai-CDD\updated_class_tb_dataset\TBX11K\imgs\sick\s0223.png,sick,s3822.png,G:\Ai-CDD\updated_class_tb_dataset\TBX11K\imgs\sick\s3822.png
4,sick,s0223.png,G:\Ai-CDD\updated_class_tb_dataset\TBX11K\imgs\sick\s0223.png,sick,s4921.png,G:\Ai-CDD\updated_class_tb_dataset\TBX11K\imgs\sick\s4921.png
0,sick,s0228.png,G:\Ai-CDD\updated_class_tb_dataset\TBX11K\imgs\sick\s0228.png,sick,s0707.png,G:\Ai-CDD\updated_class_tb_dataset\TBX11K\imgs\sick\s0707.png
4,sick,s0232.png,G:\Ai-CDD\updated_class_tb_dataset\TBX11K\imgs\sick\s0232.png,sick,s4521.png,G:\Ai-CDD\updated_class_tb_dataset\TBX11K\imgs\sick\s4521.png
0,sick,s0243.png,G:\Ai-CDD\updated_class_tb_dataset\TBX11K\imgs\sick\s0243.png,sick,s0278.png,G:\Ai-CDD\updated_class_tb_dataset\TBX11K\imgs\sick\s0278.png
2,sick,s0256.png,G:\Ai-CDD\updated_class_tb_dataset\TBX11K\imgs\sick\s0256.png,sick,s1719.png,G:\Ai-CDD\updated_class_tb_dataset\TBX11K\imgs\sick\s1719.png
2,sick,s0256.png,G:\Ai-CDD\updated_class_tb_dataset\TBX11K\imgs\sick\s0256.png,sick,s2194.png,G:\Ai-CDD\updated_class_tb_dataset\TBX11K\imgs\sick\s2194.png
4,sick,s0256.png,G:\Ai-CDD\updated_class_tb_dataset\TBX11K\imgs\sick\s0256.png,tb,tb0386.png,G:\Ai-CDD\updated_class_tb_dataset\TBX11K\imgs\tb\tb0386.png
4,sick,s0256.png,G:\Ai-CDD\updated_class_tb_dataset\TBX11K\imgs\sick\s0256.png,tb,tb1180.png,G:\Ai-CDD\updated_class_tb_dataset\TBX11K\imgs\tb\tb1180.png
4,sick,s0257.png,G:\Ai-CDD\updated_class_tb_dataset\TBX11K\imgs\sick\s0257.png,sick,s2927.png,G:\Ai-CDD\updated_class_tb_dataset\TBX11K\imgs\sick\s2927.png
4,sick,s0259.png,G:\Ai-CDD\updated_class_tb_dataset\TBX11K\imgs\sick\s0259.png,sick,s1534.png,G:\Ai-CDD\updated_class_tb_dataset\TBX11K\imgs\sick\s1534.png
0,sick,s0259.png,G:\Ai-CDD\updated_class_tb_dataset\TBX11K\imgs\sick\s0259.png,sick,s4003.png,G:\Ai-CDD\updated_class_tb_dataset\TBX11K\imgs\sick\s4003.png
0,sick,s0268.png,G:\Ai-CDD\updated_class_tb_dataset\TBX11K\imgs\sick\s0268.png,sick,s3270.png,G:\Ai-CDD\updated_class_tb_dataset\TBX11K\imgs\sick\s3270.png
0,sick,s0270.png,G:\Ai-CDD\updated_class_tb_dataset\TBX11K\imgs\sick\s0270.png,sick,s4019.png,G:\Ai-CDD\updated_class_tb_dataset\TBX11K\imgs\sick\s4019.png
4,sick,s0271.png,G:\Ai-CDD\updated_class_tb_dataset\TBX11K\imgs\sick\s0271.png,tb,tb0289.png,G:\Ai-CDD\updated_class_tb_dataset\TBX11K\imgs\tb\tb0289.png
2,sick,s0274.png,G:\Ai-CDD\updated_class_tb_dataset\TBX11K\imgs\sick\s0274.png,sick,s0623.png,G:\Ai-CDD\updated_class_tb_dataset\TBX11K\imgs\sick\s0623.png
4,sick,s0274.png,G:\Ai-CDD\updated_class_tb_dataset\TBX11K\imgs\sick\s0274.png,sick,s0839.png,G:\Ai-CDD\updated_class_tb_dataset\TBX11K\imgs\sick\s0839.png
0,sick,s0274.png,G:\Ai-CDD\updated_class_tb_dataset\TBX11K\imgs\sick\s0274.png,sick,s3255.png,G:\Ai-CDD\updated_class_tb_dataset\TBX11K\imgs\sick\s3255.png
4,sick,s0282.png,G:\Ai-CDD\updated_class_tb_dataset\TBX11K\imgs\sick\s0282.png,sick,s3571.png,G:\Ai-CDD\updated_class_tb_dataset\TBX11K\imgs\sick\s3571.png
4,sick,s0286.png,G:\Ai-CDD\updated_class_tb_dataset\TBX11K\imgs\sick\s0286.png,sick,s3664.png,G:\Ai-CDD\updated_class_tb_dataset\TBX11K\imgs\sick\s3664.png
4,sick,s0286.png,G:\Ai-CDD\updated_class_tb_dataset\TBX11K\imgs\sick\s0286.png,tb,tb0618.png,G:\Ai-CDD\updated_class_tb_dataset\TBX11K\imgs\tb\tb0618.png
0,sick,s0290.png,G:\Ai-CDD\updated_class_tb_dataset\TBX11K\imgs\sick\s0290.png,sick,s4856.png,G:\Ai-CDD\updated_class_tb_dataset\TBX11K\imgs\sick\s4856.png
0,sick,s0296.png,G:\Ai-CDD\updated_class_tb_dataset\TBX11K\imgs\sick\s0296.png,sick,s3741.png,G:\Ai-CDD\updated_class_tb_dataset\TBX11K\imgs\sick\s3741.png
4,sick,s0305.png,G:\Ai-CDD\updated_class_tb_dataset\TBX11K\imgs\sick\s0305.png,tb,tb1030.png,G:\Ai-CDD\updated_class_tb_dataset\TBX11K\imgs\tb\tb1030.png
0,sick,s0311.png,G:\Ai-CDD\updated_class_tb_dataset\TBX11K\imgs\sick\s0311.png,sick,s2953.png,G:\Ai-CDD\updated_class_tb_dataset\TBX11K\imgs\sick\s2953.png
4,sick,s0314.png,G:\Ai-CDD\updated_class_tb_dataset\TBX11K\imgs\sick\s0314.png,sick,s4393.png,G:\Ai-CDD\updated_class_tb_dataset\TBX11K\imgs\sick\s4393.png
4,sick,s0326.png,G:\Ai-CDD\updated_class_tb_dataset\TBX11K\imgs\sick\s0326.png,sick,s1346.png,G:\Ai-CDD\updated_class_tb_dataset\TBX11K\imgs\sick\s1346.png
4,sick,s0326.png,G:\Ai-CDD\updated_class_tb_dataset\TBX11K\imgs\sick\s0326.png,sick,s1862.png,G:\Ai-CDD\updated_class_tb_dataset\TBX11K\imgs\sick\s1862.png
4,sick,s0326.png,G:\Ai-CDD\updated_class_tb_dataset\TBX11K\imgs\sick\s0326.png,sick,s4032.png,G:\Ai-CDD\updated_class_tb_dataset\TBX11K\imgs\sick\s4032.png
0,sick,s0330.png,G:\Ai-CDD\updated_class_tb_dataset\TBX11K\imgs\sick\s0330.png,sick,s4015.png,G:\Ai-CDD\updated_class_tb_dataset\TBX11K\imgs\sick\s4015.png
2,sick,s0369.png,G:\Ai-CDD\updated_class_tb_dataset\TBX11K\imgs\sick\s0369.png,sick,s0715.png,G:\Ai-CDD\updated_class_tb_dataset\TBX11K\imgs\sick\s0715.png
4,sick,s0376.png,G:\Ai-CDD\updated_class_tb_dataset\TBX11K\imgs\sick\s0376.png,sick,s3348.png,G:\Ai-CDD\updated_class_tb_dataset\TBX11K\imgs\sick\s3348.png
4,sick,s0380.png,G:\Ai-CDD\updated_class_tb_dataset\TBX11K\imgs\sick\s0380.png,sick,s4730.png,G:\Ai-CDD\updated_class_tb_dataset\TBX11K\imgs\sick\s4730.png
4,sick,s0384.png,G:\Ai-CDD\updated_class_tb_dataset\TBX11K\imgs\sick\s0384.png,sick,s1346.png,G:\Ai-CDD\updated_class_tb_dataset\TBX11K\imgs\sick\s1346.png
4,sick,s0384.png,G:\Ai-CDD\updated_class_tb_dataset\TBX11K\imgs\sick\s0384.png,sick,s3139.png,G:\Ai-CDD\updated_class_tb_dataset\TBX11K\imgs\sick\s3139.png
4,sick,s0384.png,G:\Ai-CDD\updated_class_tb_dataset\TBX11K\imgs\sick\s0384.png,sick,s4838.png,G:\Ai-CDD\updated_class_tb_dataset\TBX11K\imgs\sick\s4838.png
4,sick,s0394.png,G:\Ai-CDD\updated_class_tb_dataset\TBX11K\imgs\sick\s0394.png,sick,s1046.png,G:\Ai-CDD\updated_class_tb_dataset\TBX11K\imgs\sick\s1046.png
2,sick,s0406.png,G:\Ai-CDD\updated_class_tb_dataset\TBX11K\imgs\sick\s0406.png,sick,s2014.png,G:\Ai-CDD\updated_class_tb_dataset\TBX11K\imgs\sick\s2014.png
0,sick,s0406.png,G:\Ai-CDD\updated_class_tb_dataset\TBX11K\imgs\sick\s0406.png,sick,s2415.png,G:\Ai-CDD\updated_class_tb_dataset\TBX11K\imgs\sick\s2415.png
4,sick,s0406.png,G:\Ai-CDD\updated_class_tb_dataset\TBX11K\imgs\sick\s0406.png,sick,s3656.png,G:\Ai-CDD\updated_class_tb_dataset\TBX11K\imgs\sick\s3656.png
4,sick,s0429.png,G:\Ai-CDD\updated_class_tb_dataset\TBX11K\imgs\sick\s0429.png,sick,s3670.png,G:\Ai-CDD\updated_class_tb_dataset\TBX11K\imgs\sick\s3670.png
0,sick,s0448.png,G:\Ai-CDD\updated_class_tb_dataset\TBX11K\imgs\sick\s0448.png,sick,s2542.png,G:\Ai-CDD\updated_class_tb_dataset\TBX11K\imgs\sick\s2542.png
0,sick,s0450.png,G:\Ai-CDD\updated_class_tb_dataset\TBX11K\imgs\sick\s0450.png,sick,s1770.png,G:\Ai-CDD\updated_class_tb_dataset\TBX11K\imgs\sick\s1770.png
0,sick,s0467.png,G:\Ai-CDD\updated_class_tb_dataset\TBX11K\imgs\sick\s0467.png,sick,s0935.png,G:\Ai-CDD\updated_class_tb_dataset\TBX11K\imgs\sick\s0935.png
4,sick,s0470.png,G:\Ai-CDD\updated_class_tb_dataset\TBX11K\imgs\sick\s0470.png,sick,s4647.png,G:\Ai-CDD\updated_class_tb_dataset\TBX11K\imgs\sick\s4647.png
4,sick,s0473.png,G:\Ai-CDD\updated_class_tb_dataset\TBX11K\imgs\sick\s0473.png,sick,s1182.png,G:\Ai-CDD\updated_class_tb_dataset\TBX11K\imgs\sick\s1182.png
4,sick,s0474.png,G:\Ai-CDD\updated_class_tb_dataset\TBX11K\imgs\sick\s0474.png,sick,s1795.png,G:\Ai-CDD\updated_class_tb_dataset\TBX11K\imgs\sick\s1795.png
4,sick,s0474.png,G:\Ai-CDD\updated_class_tb_dataset\TBX11K\imgs\sick\s0474.png,sick,s2138.png,G:\Ai-CDD\updated_class_tb_dataset\TBX11K\imgs\sick\s2138.png
4,sick,s0474.png,G:\Ai-CDD\updated_class_tb_dataset\TBX11K\imgs\sick\s0474.png,sick,s2537.png,G:\Ai-CDD\updated_class_tb_dataset\TBX11K\imgs\sick\s2537.png
4,sick,s0474.png,G:\Ai-CDD\updated_class_tb_dataset\TBX11K\imgs\sick\s0474.png,sick,s3282.png,G:\Ai-CDD\updated_class_tb_dataset\TBX11K\imgs\sick\s3282.png
4,sick,s0489.png,G:\Ai-CDD\updated_class_tb_dataset\TBX11K\imgs\sick\s0489.png,sick,s2106.png,G:\Ai-CDD\updated_class_tb_dataset\TBX11K\imgs\sick\s2106.png
4,sick,s0489.png,G:\Ai-CDD\updated_class_tb_dataset\TBX11K\imgs\sick\s0489.png,sick,s2276.png,G:\Ai-CDD\updated_class_tb_dataset\TBX11K\imgs\sick\s2276.png
4,sick,s0489.png,G:\Ai-CDD\updated_class_tb_dataset\TBX11K\imgs\sick\s0489.png,sick,s2723.png,G:\Ai-CDD\updated_class_tb_dataset\TBX11K\imgs\sick\s2723.png
4,sick,s0489.png,G:\Ai-CDD\updated_class_tb_dataset\TBX11K\imgs\sick\s0489.png,sick,s4647.png,G:\Ai-CDD\updated_class_tb_dataset\TBX11K\imgs\sick\s4647.png
0,sick,s0491.png,G:\Ai-CDD\updated_class_tb_dataset\TBX11K\imgs\sick\s0491.png,sick,s3479.png,G:\Ai-CDD\updated_class_tb_dataset\TBX11K\imgs\sick\s3479.png
4,sick,s0493.png,G:\Ai-CDD\updated_class_tb_dataset\TBX11K\imgs\sick\s0493.png,sick,s4619.png,G:\Ai-CDD\updated_class_tb_dataset\TBX11K\imgs\sick\s4619.png
0,sick,s0494.png,G:\Ai-CDD\updated_class_tb_dataset\TBX11K\imgs\sick\s0494.png,sick,s1450.png,G:\Ai-CDD\updated_class_tb_dataset\TBX11K\imgs\sick\s1450.png
4,sick,s0496.png,G:\Ai-CDD\updated_class_tb_dataset\TBX11K\imgs\sick\s0496.png,sick,s1838.png,G:\Ai-CDD\updated_class_tb_dataset\TBX11K\imgs\sick\s1838.png
4,sick,s0497.png,G:\Ai-CDD\updated_class_tb_dataset\TBX11K\imgs\sick\s0497.png,sick,s3855.png,G:\Ai-CDD\updated_class_tb_dataset\TBX11K\imgs\sick\s3855.png
4,sick,s0497.png,G:\Ai-CDD\updated_class_tb_dataset\TBX11K\imgs\sick\s0497.png,tb,tb0228.png,G:\Ai-CDD\updated_class_tb_dataset\TBX11K\imgs\tb\tb0228.png
4,sick,s0515.png,G:\Ai-CDD\updated_class_tb_dataset\TBX11K\imgs\sick\s0515.png,sick,s1116.png,G:\Ai-CDD\updated_class_tb_dataset\TBX11K\imgs\sick\s1116.png
4,sick,s0515.png,G:\Ai-CDD\updated_class_tb_dataset\TBX11K\imgs\sick\s0515.png,sick,s1282.png,G:\Ai-CDD\updated_class_tb_dataset\TBX11K\imgs\sick\s1282.png
0,sick,s0523.png,G:\Ai-CDD\updated_class_tb_dataset\TBX11K\imgs\sick\s0523.png,sick,s3098.png,G:\Ai-CDD\updated_class_tb_dataset\TBX11K\imgs\sick\s3098.png
4,sick,s0535.png,G:\Ai-CDD\updated_class_tb_dataset\TBX11K\imgs\sick\s0535.png,sick,s2291.png,G:\Ai-CDD\updated_class_tb_dataset\TBX11K\imgs\sick\s2291.png
4,sick,s0535.png,G:\Ai-CDD\updated_class_tb_dataset\TBX11K\imgs\sick\s0535.png,sick,s4144.png,G:\Ai-CDD\updated_class_tb_dataset\TBX11K\imgs\sick\s4144.png
0,sick,s0535.png,G:\Ai-CDD\updated_class_tb_dataset\TBX11K\imgs\sick\s0535.png,sick,s4245.png,G:\Ai-CDD\updated_class_tb_dataset\TBX11K\imgs\sick\s4245.png
0,sick,s0537.png,G:\Ai-CDD\updated_class_tb_dataset\TBX11K\imgs\sick\s0537.png,sick,s3446.png,G:\Ai-CDD\updated_class_tb_dataset\TBX11K\imgs\sick\s3446.png
4,sick,s0547.png,G:\Ai-CDD\updated_class_tb_dataset\TBX11K\imgs\sick\s0547.png,sick,s1778.png,G:\Ai-CDD\updated_class_tb_dataset\TBX11K\imgs\sick\s1778.png
0,sick,s0572.png,G:\Ai-CDD\updated_class_tb_dataset\TBX11K\imgs\sick\s0572.png,sick,s4574.png,G:\Ai-CDD\updated_class_tb_dataset\TBX11K\imgs\sick\s4574.png
0,sick,s0578.png,G:\Ai-CDD\updated_class_tb_dataset\TBX11K\imgs\sick\s0578.png,sick,s0990.png,G:\Ai-CDD\updated_class_tb_dataset\TBX11K\imgs\sick\s0990.png
4,sick,s0578.png,G:\Ai-CDD\updated_class_tb_dataset\TBX11K\imgs\sick\s0578.png,sick,s4439.png,G:\Ai-CDD\updated_class_tb_dataset\TBX11K\imgs\sick\s4439.png
0,sick,s0583.png,G:\Ai-CDD\updated_class_tb_dataset\TBX11K\imgs\sick\s0583.png,sick,s3878.png,G:\Ai-CDD\updated_class_tb_dataset\TBX11K\imgs\sick\s3878.png
4,sick,s0591.png,G:\Ai-CDD\updated_class_tb_dataset\TBX11K\imgs\sick\s0591.png,sick,s2032.png,G:\Ai-CDD\updated_class_tb_dataset\TBX11K\imgs\sick\s2032.png
4,sick,s0592.png,G:\Ai-CDD\updated_class_tb_dataset\TBX11K\imgs\sick\s0592.png,sick,s3926.png,G:\Ai-CDD\updated_class_tb_dataset\TBX11K\imgs\sick\s3926.png
4,sick,s0600.png,G:\Ai-CDD\updated_class_tb_dataset\TBX11K\imgs\sick\s0600.png,sick,s1934.png,G:\Ai-CDD\updated_class_tb_dataset\TBX11K\imgs\sick\s1934.png
4,sick,s0600.png,G:\Ai-CDD\updated_class_tb_dataset\TBX11K\imgs\sick\s0600.png,sick,s3111.png,G:\Ai-CDD\updated_class_tb_dataset\TBX11K\imgs\sick\s3111.png
4,sick,s0609.png,G:\Ai-CDD\updated_class_tb_dataset\TBX11K\imgs\sick\s0609.png,sick,s0672.png,G:\Ai-CDD\updated_class_tb_dataset\TBX11K\imgs\sick\s0672.png
4,sick,s0609.png,G:\Ai-CDD\updated_class_tb_dataset\TBX11K\imgs\sick\s0609.png,sick,s2252.png,G:\Ai-CDD\updated_class_tb_dataset\TBX11K\imgs\sick\s2252.png
4,sick,s0609.png,G:\Ai-CDD\updated_class_tb_dataset\TBX11K\imgs\sick\s0609.png,sick,s2491.png,G:\Ai-CDD\updated_class_tb_dataset\TBX11K\imgs\sick\s2491.png
4,sick,s0609.png,G:\Ai-CDD\updated_class_tb_dataset\TBX11K\imgs\sick\s0609.png,sick,s2548.png,G:\Ai-CDD\updated_class_tb_dataset\TBX11K\imgs\sick\s2548.png
4,sick,s0609.png,G:\Ai-CDD\updated_class_tb_dataset\TBX11K\imgs\sick\s0609.png,sick,s3763.png,G:\Ai-CDD\updated_class_tb_dataset\TBX11K\imgs\sick\s3763.png
4,sick,s0609.png,G:\Ai-CDD\updated_class_tb_dataset\TBX11K\imgs\sick\s0609.png,sick,s4272.png,G:\Ai-CDD\updated_class_tb_dataset\TBX11K\imgs\sick\s4272.png
4,sick,s0609.png,G:\Ai-CDD\updated_class_tb_dataset\TBX11K\imgs\sick\s0609.png,tb,tb0425.png,G:\Ai-CDD\updated_class_tb_dataset\TBX11K\imgs\tb\tb0425.png
4,sick,s0609.png,G:\Ai-CDD\updated_class_tb_dataset\TBX11K\imgs\sick\s0609.png,tb,tb1011.png,G:\Ai-CDD\updated_class_tb_dataset\TBX11K\imgs\tb\tb1011.png
2,sick,s0623.png,G:\Ai-CDD\updated_class_tb_dataset\TBX11K\imgs\sick\s0623.png,sick,s3255.png,G:\Ai-CDD\updated_class_tb_dataset\TBX11K\imgs\sick\s3255.png
4,sick,s0643.png,G:\Ai-CDD\updated_class_tb_dataset\TBX11K\imgs\sick\s0643.png,sick,s3115.png,G:\Ai-CDD\updated_class_tb_dataset\TBX11K\imgs\sick\s3115.png
0,sick,s0647.png,G:\Ai-CDD\updated_class_tb_dataset\TBX11K\imgs\sick\s0647.png,sick,s4415.png,G:\Ai-CDD\updated_class_tb_dataset\TBX11K\imgs\sick\s4415.png
4,sick,s0659.png,G:\Ai-CDD\updated_class_tb_dataset\TBX11K\imgs\sick\s0659.png,sick,s1182.png,G:\Ai-CDD\updated_class_tb_dataset\TBX11K\imgs\sick\s1182.png
0,sick,s0667.png,G:\Ai-CDD\updated_class_tb_dataset\TBX11K\imgs\sick\s0667.png,sick,s1421.png,G:\Ai-CDD\updated_class_tb_dataset\TBX11K\imgs\sick\s1421.png
4,sick,s0672.png,G:\Ai-CDD\updated_class_tb_dataset\TBX11K\imgs\sick\s0672.png,sick,s1706.png,G:\Ai-CDD\updated_class_tb_dataset\TBX11K\imgs\sick\s1706.png
4,sick,s0672.png,G:\Ai-CDD\updated_class_tb_dataset\TBX11K\imgs\sick\s0672.png,sick,s2857.png,G:\Ai-CDD\updated_class_tb_dataset\TBX11K\imgs\sick\s2857.png
4,sick,s0684.png,G:\Ai-CDD\updated_class_tb_dataset\TBX11K\imgs\sick\s0684.png,sick,s1526.png,G:\Ai-CDD\updated_class_tb_dataset\TBX11K\imgs\sick\s1526.png
4,sick,s0684.png,G:\Ai-CDD\updated_class_tb_dataset\TBX11K\imgs\sick\s0684.png,sick,s2220.png,G:\Ai-CDD\updated_class_tb_dataset\TBX11K\imgs\sick\s2220.png
4,sick,s0684.png,G:\Ai-CDD\updated_class_tb_dataset\TBX11K\imgs\sick\s0684.png,sick,s3116.png,G:\Ai-CDD\updated_class_tb_dataset\TBX11K\imgs\sick\s3116.png
4,sick,s0684.png,G:\Ai-CDD\updated_class_tb_dataset\TBX11K\imgs\sick\s0684.png,sick,s3261.png,G:\Ai-CDD\updated_class_tb_dataset\TBX11K\imgs\sick\s3261.png
4,sick,s0684.png,G:\Ai-CDD\updated_class_tb_dataset\TBX11K\imgs\sick\s0684.png,sick,s3855.png,G:\Ai-CDD\updated_class_tb_dataset\TBX11K\imgs\sick\s3855.png
4,sick,s0684.png,G:\Ai-CDD\updated_class_tb_dataset\TBX11K\imgs\sick\s0684.png,sick,s4710.png,G:\Ai-CDD\updated_class_tb_dataset\TBX11K\imgs\sick\s4710.png
4,sick,s0685.png,G:\Ai-CDD\updated_class_tb_dataset\TBX11K\imgs\sick\s0685.png,sick,s4680.png,G:\Ai-CDD\updated_class_tb_dataset\TBX11K\imgs\sick\s4680.png
0,sick,s0686.png,G:\Ai-CDD\updated_class_tb_dataset\TBX11K\imgs\sick\s0686.png,sick,s2349.png,G:\Ai-CDD\updated_class_tb_dataset\TBX11K\imgs\sick\s2349.png
4,sick,s0688.png,G:\Ai-CDD\updated_class_tb_dataset\TBX11K\imgs\sick\s0688.png,sick,s3223.png,G:\Ai-CDD\updated_class_tb_dataset\TBX11K\imgs\sick\s3223.png
4,sick,s0698.png,G:\Ai-CDD\updated_class_tb_dataset\TBX11K\imgs\sick\s0698.png,sick,s0927.png,G:\Ai-CDD\updated_class_tb_dataset\TBX11K\imgs\sick\s0927.png
4,sick,s0698.png,G:\Ai-CDD\updated_class_tb_dataset\TBX11K\imgs\sick\s0698.png,sick,s1282.png,G:\Ai-CDD\updated_class_tb_dataset\TBX11K\imgs\sick\s1282.png
4,sick,s0698.png,G:\Ai-CDD\updated_class_tb_dataset\TBX11K\imgs\sick\s0698.png,sick,s2592.png,G:\Ai-CDD\updated_class_tb_dataset\TBX11K\imgs\sick\s2592.png
2,sick,s0698.png,G:\Ai-CDD\updated_class_tb_dataset\TBX11K\imgs\sick\s0698.png,sick,s3287.png,G:\Ai-CDD\updated_class_tb_dataset\TBX11K\imgs\sick\s3287.png
2,sick,s0698.png,G:\Ai-CDD\updated_class_tb_dataset\TBX11K\imgs\sick\s0698.png,sick,s4231.png,G:\Ai-CDD\updated_class_tb_dataset\TBX11K\imgs\sick\s4231.png
0,sick,s0712.png,G:\Ai-CDD\updated_class_tb_dataset\TBX11K\imgs\sick\s0712.png,sick,s1779.png,G:\Ai-CDD\updated_class_tb_dataset\TBX11K\imgs\sick\s1779.png
4,sick,s0719.png,G:\Ai-CDD\updated_class_tb_dataset\TBX11K\imgs\sick\s0719.png,sick,s2088.png,G:\Ai-CDD\updated_class_tb_dataset\TBX11K\imgs\sick\s2088.png
4,sick,s0721.png,G:\Ai-CDD\updated_class_tb_dataset\TBX11K\imgs\sick\s0721.png,tb,tb1010.png,G:\Ai-CDD\updated_class_tb_dataset\TBX11K\imgs\tb\tb1010.png
0,sick,s0722.png,G:\Ai-CDD\updated_class_tb_dataset\TBX11K\imgs\sick\s0722.png,sick,s3834.png,G:\Ai-CDD\updated_class_tb_dataset\TBX11K\imgs\sick\s3834.png
4,sick,s0727.png,G:\Ai-CDD\updated_class_tb_dataset\TBX11K\imgs\sick\s0727.png,sick,s1290.png,G:\Ai-CDD\updated_class_tb_dataset\TBX11K\imgs\sick\s1290.png
0,sick,s0731.png,G:\Ai-CDD\updated_class_tb_dataset\TBX11K\imgs\sick\s0731.png,sick,s2856.png,G:\Ai-CDD\updated_class_tb_dataset\TBX11K\imgs\sick\s2856.png
4,sick,s0731.png,G:\Ai-CDD\updated_class_tb_dataset\TBX11K\imgs\sick\s0731.png,sick,s3036.png,G:\Ai-CDD\updated_class_tb_dataset\TBX11K\imgs\sick\s3036.png
4,sick,s0731.png,G:\Ai-CDD\updated_class_tb_dataset\TBX11K\imgs\sick\s0731.png,sick,s3937.png,G:\Ai-CDD\updated_class_tb_dataset\TBX11K\imgs\sick\s3937.png
4,sick,s0738.png,G:\Ai-CDD\updated_class_tb_dataset\TBX11K\imgs\sick\s0738.png,sick,s2681.png,G:\Ai-CDD\updated_class_tb_dataset\TBX11K\imgs\sick\s2681.png
0,sick,s0751.png,G:\Ai-CDD\updated_class_tb_dataset\TBX11K\imgs\sick\s0751.png,sick,s3886.png,G:\Ai-CDD\updated_class_tb_dataset\TBX11K\imgs\sick\s3886.png
4,sick,s0762.png,G:\Ai-CDD\updated_class_tb_dataset\TBX11K\imgs\sick\s0762.png,sick,s3584.png,G:\Ai-CDD\updated_class_tb_dataset\TBX11K\imgs\sick\s3584.png
4,sick,s0762.png,G:\Ai-CDD\updated_class_tb_dataset\TBX11K\imgs\sick\s0762.png,sick,s4884.png,G:\Ai-CDD\updated_class_tb_dataset\TBX11K\imgs\sick\s4884.png
0,sick,s0765.png,G:\Ai-CDD\updated_class_tb_dataset\TBX11K\imgs\sick\s0765.png,sick,s4621.png,G:\Ai-CDD\updated_class_tb_dataset\TBX11K\imgs\sick\s4621.png
4,sick,s0785.png,G:\Ai-CDD\updated_class_tb_dataset\TBX11K\imgs\sick\s0785.png,sick,s1215.png,G:\Ai-CDD\updated_class_tb_dataset\TBX11K\imgs\sick\s1215.png
4,sick,s0785.png,G:\Ai-CDD\updated_class_tb_dataset\TBX11K\imgs\sick\s0785.png,sick,s3664.png,G:\Ai-CDD\updated_class_tb_dataset\TBX11K\imgs\sick\s3664.png
4,sick,s0785.png,G:\Ai-CDD\updated_class_tb_dataset\TBX11K\imgs\sick\s0785.png,sick,s3718.png,G:\Ai-CDD\updated_class_tb_dataset\TBX11K\imgs\sick\s3718.png
4,sick,s0786.png,G:\Ai-CDD\updated_class_tb_dataset\TBX11K\imgs\sick\s0786.png,sick,s1154.png,G:\Ai-CDD\updated_class_tb_dataset\TBX11K\imgs\sick\s1154.png
4,sick,s0786.png,G:\Ai-CDD\updated_class_tb_dataset\TBX11K\imgs\sick\s0786.png,sick,s2544.png,G:\Ai-CDD\updated_class_tb_dataset\TBX11K\imgs\sick\s2544.png
4,sick,s0786.png,G:\Ai-CDD\updated_class_tb_dataset\TBX11K\imgs\sick\s0786.png,sick,s3411.png,G:\Ai-CDD\updated_class_tb_dataset\TBX11K\imgs\sick\s3411.png
4,sick,s0786.png,G:\Ai-CDD\updated_class_tb_dataset\TBX11K\imgs\sick\s0786.png,tb,tb1079.png,G:\Ai-CDD\updated_class_tb_dataset\TBX11K\imgs\tb\tb1079.png
4,sick,s0792.png,G:\Ai-CDD\updated_class_tb_dataset\TBX11K\imgs\sick\s0792.png,sick,s0889.png,G:\Ai-CDD\updated_class_tb_dataset\TBX11K\imgs\sick\s0889.png
4,sick,s0792.png,G:\Ai-CDD\updated_class_tb_dataset\TBX11K\imgs\sick\s0792.png,sick,s3430.png,G:\Ai-CDD\updated_class_tb_dataset\TBX11K\imgs\sick\s3430.png
4,sick,s0792.png,G:\Ai-CDD\updated_class_tb_dataset\TBX11K\imgs\sick\s0792.png,sick,s3648.png,G:\Ai-CDD\updated_class_tb_dataset\TBX11K\imgs\sick\s3648.png
0,sick,s0795.png,G:\Ai-CDD\updated_class_tb_dataset\TBX11K\imgs\sick\s0795.png,sick,s4596.png,G:\Ai-CDD\updated_class_tb_dataset\TBX11K\imgs\sick\s4596.png
0,sick,s0810.png,G:\Ai-CDD\updated_class_tb_dataset\TBX11K\imgs\sick\s0810.png,sick,s3624.png,G:\Ai-CDD\updated_class_tb_dataset\TBX11K\imgs\sick\s3624.png
0,sick,s0811.png,G:\Ai-CDD\updated_class_tb_dataset\TBX11K\imgs\sick\s0811.png,sick,s3291.png,G:\Ai-CDD\updated_class_tb_dataset\TBX11K\imgs\sick\s3291.png
0,sick,s0818.png,G:\Ai-CDD\updated_class_tb_dataset\TBX11K\imgs\sick\s0818.png,sick,s1267.png,G:\Ai-CDD\updated_class_tb_dataset\TBX11K\imgs\sick\s1267.png
4,sick,s0821.png,G:\Ai-CDD\updated_class_tb_dataset\TBX11K\imgs\sick\s0821.png,sick,s2927.png,G:\Ai-CDD\updated_class_tb_dataset\TBX11K\imgs\sick\s2927.png
0,sick,s0822.png,G:\Ai-CDD\updated_class_tb_dataset\TBX11K\imgs\sick\s0822.png,sick,s1337.png,G:\Ai-CDD\updated_class_tb_dataset\TBX11K\imgs\sick\s1337.png
4,sick,s0827.png,G:\Ai-CDD\updated_class_tb_dataset\TBX11K\imgs\sick\s0827.png,sick,s2410.png,G:\Ai-CDD\updated_class_tb_dataset\TBX11K\imgs\sick\s2410.png
4,sick,s0827.png,G:\Ai-CDD\updated_class_tb_dataset\TBX11K\imgs\sick\s0827.png,sick,s3113.png,G:\Ai-CDD\updated_class_tb_dataset\TBX11K\imgs\sick\s3113.png
4,sick,s0827.png,G:\Ai-CDD\updated_class_tb_dataset\TBX11K\imgs\sick\s0827.png,sick,s4730.png,G:\Ai-CDD\updated_class_tb_dataset\TBX11K\imgs\sick\s4730.png
4,sick,s0832.png,G:\Ai-CDD\updated_class_tb_dataset\TBX11K\imgs\sick\s0832.png,sick,s0923.png,G:\Ai-CDD\updated_class_tb_dataset\TBX11K\imgs\sick\s0923.png
4,sick,s0832.png,G:\Ai-CDD\updated_class_tb_dataset\TBX11K\imgs\sick\s0832.png,sick,s1255.png,G:\Ai-CDD\updated_class_tb_dataset\TBX11K\imgs\sick\s1255.png
4,sick,s0832.png,G:\Ai-CDD\updated_class_tb_dataset\TBX11K\imgs\sick\s0832.png,sick,s1995.png,G:\Ai-CDD\updated_class_tb_dataset\TBX11K\imgs\sick\s1995.png
4,sick,s0832.png,G:\Ai-CDD\updated_class_tb_dataset\TBX11K\imgs\sick\s0832.png,sick,s3670.png,G:\Ai-CDD\updated_class_tb_dataset\TBX11K\imgs\sick\s3670.png
4,sick,s0832.png,G:\Ai-CDD\updated_class_tb_dataset\TBX11K\imgs\sick\s0832.png,sick,s4111.png,G:\Ai-CDD\updated_class_tb_dataset\TBX11K\imgs\sick\s4111.png
4,sick,s0839.png,G:\Ai-CDD\updated_class_tb_dataset\TBX11K\imgs\sick\s0839.png,sick,s1407.png,G:\Ai-CDD\updated_class_tb_dataset\TBX11K\imgs\sick\s1407.png
4,sick,s0839.png,G:\Ai-CDD\updated_class_tb_dataset\TBX11K\imgs\sick\s0839.png,sick,s2508.png,G:\Ai-CDD\updated_class_tb_dataset\TBX11K\imgs\sick\s2508.png
4,sick,s0839.png,G:\Ai-CDD\updated_class_tb_dataset\TBX11K\imgs\sick\s0839.png,sick,s3179.png,G:\Ai-CDD\updated_class_tb_dataset\TBX11K\imgs\sick\s3179.png
4,sick,s0839.png,G:\Ai-CDD\updated_class_tb_dataset\TBX11K\imgs\sick\s0839.png,sick,s3255.png,G:\Ai-CDD\updated_class_tb_dataset\TBX11K\imgs\sick\s3255.png
4,sick,s0839.png,G:\Ai-CDD\updated_class_tb_dataset\TBX11K\imgs\sick\s0839.png,sick,s4607.png,G:\Ai-CDD\updated_class_tb_dataset\TBX11K\imgs\sick\s4607.png
0,sick,s0842.png,G:\Ai-CDD\updated_class_tb_dataset\TBX11K\imgs\sick\s0842.png,sick,s2752.png,G:\Ai-CDD\updated_class_tb_dataset\TBX11K\imgs\sick\s2752.png
4,sick,s0851.png,G:\Ai-CDD\updated_class_tb_dataset\TBX11K\imgs\sick\s0851.png,sick,s4296.png,G:\Ai-CDD\updated_class_tb_dataset\TBX11K\imgs\sick\s4296.png
0,sick,s0865.png,G:\Ai-CDD\updated_class_tb_dataset\TBX11K\imgs\sick\s0865.png,sick,s1987.png,G:\Ai-CDD\updated_class_tb_dataset\TBX11K\imgs\sick\s1987.png
4,sick,s0866.png,G:\Ai-CDD\updated_class_tb_dataset\TBX11K\imgs\sick\s0866.png,sick,s1526.png,G:\Ai-CDD\updated_class_tb_dataset\TBX11K\imgs\sick\s1526.png
4,sick,s0866.png,G:\Ai-CDD\updated_class_tb_dataset\TBX11K\imgs\sick\s0866.png,sick,s3285.png,G:\Ai-CDD\updated_class_tb_dataset\TBX11K\imgs\sick\s3285.png
4,sick,s0866.png,G:\Ai-CDD\updated_class_tb_dataset\TBX11K\imgs\sick\s0866.png,sick,s3453.png,G:\Ai-CDD\updated_class_tb_dataset\TBX11K\imgs\sick\s3453.png
4,sick,s0866.png,G:\Ai-CDD\updated_class_tb_dataset\TBX11K\imgs\sick\s0866.png,sick,s4758.png,G:\Ai-CDD\updated_class_tb_dataset\TBX11K\imgs\sick\s4758.png
2,sick,s0871.png,G:\Ai-CDD\updated_class_tb_dataset\TBX11K\imgs\sick\s0871.png,sick,s1088.png,G:\Ai-CDD\updated_class_tb_dataset\TBX11K\imgs\sick\s1088.png
4,sick,s0871.png,G:\Ai-CDD\updated_class_tb_dataset\TBX11K\imgs\sick\s0871.png,sick,s2005.png,G:\Ai-CDD\updated_class_tb_dataset\TBX11K\imgs\sick\s2005.png
4,sick,s0871.png,G:\Ai-CDD\updated_class_tb_dataset\TBX11K\imgs\sick\s0871.png,sick,s3664.png,G:\Ai-CDD\updated_class_tb_dataset\TBX11K\imgs\sick\s3664.png
4,sick,s0871.png,G:\Ai-CDD\updated_class_tb_dataset\TBX11K\imgs\sick\s0871.png,sick,s4520.png,G:\Ai-CDD\updated_class_tb_dataset\TBX11K\imgs\sick\s4520.png
4,sick,s0884.png,G:\Ai-CDD\updated_class_tb_dataset\TBX11K\imgs\sick\s0884.png,sick,s2410.png,G:\Ai-CDD\updated_class_tb_dataset\TBX11K\imgs\sick\s2410.png
4,sick,s0884.png,G:\Ai-CDD\updated_class_tb_dataset\TBX11K\imgs\sick\s0884.png,sick,s3113.png,G:\Ai-CDD\updated_class_tb_dataset\TBX11K\imgs\sick\s3113.png
0,sick,s0888.png,G:\Ai-CDD\updated_class_tb_dataset\TBX11K\imgs\sick\s0888.png,sick,s1102.png,G:\Ai-CDD\updated_class_tb_dataset\TBX11K\imgs\sick\s1102.png
4,sick,s0889.png,G:\Ai-CDD\updated_class_tb_dataset\TBX11K\imgs\sick\s0889.png,sick,s3430.png,G:\Ai-CDD\updated_class_tb_dataset\TBX11K\imgs\sick\s3430.png
4,sick,s0889.png,G:\Ai-CDD\updated_class_tb_dataset\TBX11K\imgs\sick\s0889.png,sick,s3648.png,G:\Ai-CDD\updated_class_tb_dataset\TBX11K\imgs\sick\s3648.png
4,sick,s0900.png,G:\Ai-CDD\updated_class_tb_dataset\TBX11K\imgs\sick\s0900.png,sick,s4140.png,G:\Ai-CDD\updated_class_tb_dataset\TBX11K\imgs\sick\s4140.png
4,sick,s0923.png,G:\Ai-CDD\updated_class_tb_dataset\TBX11K\imgs\sick\s0923.png,sick,s1079.png,G:\Ai-CDD\updated_class_tb_dataset\TBX11K\imgs\sick\s1079.png
4,sick,s0923.png,G:\Ai-CDD\updated_class_tb_dataset\TBX11K\imgs\sick\s0923.png,sick,s2991.png,G:\Ai-CDD\updated_class_tb_dataset\TBX11K\imgs\sick\s2991.png
4,sick,s0923.png,G:\Ai-CDD\updated_class_tb_dataset\TBX11K\imgs\sick\s0923.png,sick,s4111.png,G:\Ai-CDD\updated_class_tb_dataset\TBX11K\imgs\sick\s4111.png
4,sick,s0923.png,G:\Ai-CDD\updated_class_tb_dataset\TBX11K\imgs\sick\s0923.png,sick,s4985.png,G:\Ai-CDD\updated_class_tb_dataset\TBX11K\imgs\sick\s4985.png
4,sick,s0923.png,G:\Ai-CDD\updated_class_tb_dataset\TBX11K\imgs\sick\s0923.png,tb,tb0425.png,G:\Ai-CDD\updated_class_tb_dataset\TBX11K\imgs\tb\tb0425.png
4,sick,s0926.png,G:\Ai-CDD\updated_class_tb_dataset\TBX11K\imgs\sick\s0926.png,sick,s2154.png,G:\Ai-CDD\updated_class_tb_dataset\TBX11K\imgs\sick\s2154.png
4,sick,s0927.png,G:\Ai-CDD\updated_class_tb_dataset\TBX11K\imgs\sick\s0927.png,sick,s3287.png,G:\Ai-CDD\updated_class_tb_dataset\TBX11K\imgs\sick\s3287.png
4,sick,s0927.png,G:\Ai-CDD\updated_class_tb_dataset\TBX11K\imgs\sick\s0927.png,sick,s4231.png,G:\Ai-CDD\updated_class_tb_dataset\TBX11K\imgs\sick\s4231.png
4,sick,s0940.png,G:\Ai-CDD\updated_class_tb_dataset\TBX11K\imgs\sick\s0940.png,sick,s2721.png,G:\Ai-CDD\updated_class_tb_dataset\TBX11K\imgs\sick\s2721.png
2,sick,s0963.png,G:\Ai-CDD\updated_class_tb_dataset\TBX11K\imgs\sick\s0963.png,sick,s3794.png,G:\Ai-CDD\updated_class_tb_dataset\TBX11K\imgs\sick\s3794.png
4,sick,s0967.png,G:\Ai-CDD\updated_class_tb_dataset\TBX11K\imgs\sick\s0967.png,sick,s2544.png,G:\Ai-CDD\updated_class_tb_dataset\TBX11K\imgs\sick\s2544.png
4,sick,s0967.png,G:\Ai-CDD\updated_class_tb_dataset\TBX11K\imgs\sick\s0967.png,sick,s4241.png,G:\Ai-CDD\updated_class_tb_dataset\TBX11K\imgs\sick\s4241.png
4,sick,s0972.png,G:\Ai-CDD\updated_class_tb_dataset\TBX11K\imgs\sick\s0972.png,sick,s3115.png,G:\Ai-CDD\updated_class_tb_dataset\TBX11K\imgs\sick\s3115.png
4,sick,s0972.png,G:\Ai-CDD\updated_class_tb_dataset\TBX11K\imgs\sick\s0972.png,tb,tb1004.png,G:\Ai-CDD\updated_class_tb_dataset\TBX11K\imgs\tb\tb1004.png
0,sick,s0981.png,G:\Ai-CDD\updated_class_tb_dataset\TBX11K\imgs\sick\s0981.png,sick,s2254.png,G:\Ai-CDD\updated_class_tb_dataset\TBX11K\imgs\sick\s2254.png
4,sick,s0990.png,G:\Ai-CDD\updated_class_tb_dataset\TBX11K\imgs\sick\s0990.png,sick,s4439.png,G:\Ai-CDD\updated_class_tb_dataset\TBX11K\imgs\sick\s4439.png
0,sick,s1003.png,G:\Ai-CDD\updated_class_tb_dataset\TBX11K\imgs\sick\s1003.png,sick,s2164.png,G:\Ai-CDD\updated_class_tb_dataset\TBX11K\imgs\sick\s2164.png
0,sick,s1004.png,G:\Ai-CDD\updated_class_tb_dataset\TBX11K\imgs\sick\s1004.png,sick,s2904.png,G:\Ai-CDD\updated_class_tb_dataset\TBX11K\imgs\sick\s2904.png
0,sick,s1017.png,G:\Ai-CDD\updated_class_tb_dataset\TBX11K\imgs\sick\s1017.png,sick,s2610.png,G:\Ai-CDD\updated_class_tb_dataset\TBX11K\imgs\sick\s2610.png
0,sick,s1040.png,G:\Ai-CDD\updated_class_tb_dataset\TBX11K\imgs\sick\s1040.png,sick,s2068.png,G:\Ai-CDD\updated_class_tb_dataset\TBX11K\imgs\sick\s2068.png
4,sick,s1046.png,G:\Ai-CDD\updated_class_tb_dataset\TBX11K\imgs\sick\s1046.png,sick,s4401.png,G:\Ai-CDD\updated_class_tb_dataset\TBX11K\imgs\sick\s4401.png
4,sick,s1060.png,G:\Ai-CDD\updated_class_tb_dataset\TBX11K\imgs\sick\s1060.png,sick,s2038.png,G:\Ai-CDD\updated_class_tb_dataset\TBX11K\imgs\sick\s2038.png
4,sick,s1060.png,G:\Ai-CDD\updated_class_tb_dataset\TBX11K\imgs\sick\s1060.png,sick,s2053.png,G:\Ai-CDD\updated_class_tb_dataset\TBX11K\imgs\sick\s2053.png
4,sick,s1060.png,G:\Ai-CDD\updated_class_tb_dataset\TBX11K\imgs\sick\s1060.png,sick,s4555.png,G:\Ai-CDD\updated_class_tb_dataset\TBX11K\imgs\sick\s4555.png
4,sick,s1073.png,G:\Ai-CDD\updated_class_tb_dataset\TBX11K\imgs\sick\s1073.png,sick,s2813.png,G:\Ai-CDD\updated_class_tb_dataset\TBX11K\imgs\sick\s2813.png
4,sick,s1075.png,G:\Ai-CDD\updated_class_tb_dataset\TBX11K\imgs\sick\s1075.png,tb,tb0349.png,G:\Ai-CDD\updated_class_tb_dataset\TBX11K\imgs\tb\tb0349.png
4,sick,s1075.png,G:\Ai-CDD\updated_class_tb_dataset\TBX11K\imgs\sick\s1075.png,tb,tb0584.png,G:\Ai-CDD\updated_class_tb_dataset\TBX11K\imgs\tb\tb0584.png
4,sick,s1079.png,G:\Ai-CDD\updated_class_tb_dataset\TBX11K\imgs\sick\s1079.png,sick,s1755.png,G:\Ai-CDD\updated_class_tb_dataset\TBX11K\imgs\sick\s1755.png
4,sick,s1079.png,G:\Ai-CDD\updated_class_tb_dataset\TBX11K\imgs\sick\s1079.png,sick,s2138.png,G:\Ai-CDD\updated_class_tb_dataset\TBX11K\imgs\sick\s2138.png
4,sick,s1079.png,G:\Ai-CDD\updated_class_tb_dataset\TBX11K\imgs\sick\s1079.png,sick,s3179.png,G:\Ai-CDD\updated_class_tb_dataset\TBX11K\imgs\sick\s3179.png
4,sick,s1079.png,G:\Ai-CDD\updated_class_tb_dataset\TBX11K\imgs\sick\s1079.png,sick,s4111.png,G:\Ai-CDD\updated_class_tb_dataset\TBX11K\imgs\sick\s4111.png
4,sick,s1088.png,G:\Ai-CDD\updated_class_tb_dataset\TBX11K\imgs\sick\s1088.png,sick,s2005.png,G:\Ai-CDD\updated_class_tb_dataset\TBX11K\imgs\sick\s2005.png
4,sick,s1088.png,G:\Ai-CDD\updated_class_tb_dataset\TBX11K\imgs\sick\s1088.png,sick,s3664.png,G:\Ai-CDD\updated_class_tb_dataset\TBX11K\imgs\sick\s3664.png
4,sick,s1088.png,G:\Ai-CDD\updated_class_tb_dataset\TBX11K\imgs\sick\s1088.png,sick,s4914.png,G:\Ai-CDD\updated_class_tb_dataset\TBX11K\imgs\sick\s4914.png
4,sick,s1108.png,G:\Ai-CDD\updated_class_tb_dataset\TBX11K\imgs\sick\s1108.png,sick,s2611.png,G:\Ai-CDD\updated_class_tb_dataset\TBX11K\imgs\sick\s2611.png
4,sick,s1116.png,G:\Ai-CDD\updated_class_tb_dataset\TBX11K\imgs\sick\s1116.png,tb,tb0902.png,G:\Ai-CDD\updated_class_tb_dataset\TBX11K\imgs\tb\tb0902.png
4,sick,s1117.png,G:\Ai-CDD\updated_class_tb_dataset\TBX11K\imgs\sick\s1117.png,sick,s3115.png,G:\Ai-CDD\updated_class_tb_dataset\TBX11K\imgs\sick\s3115.png
4,sick,s1117.png,G:\Ai-CDD\updated_class_tb_dataset\TBX11K\imgs\sick\s1117.png,tb,tb0154.png,G:\Ai-CDD\updated_class_tb_dataset\TBX11K\imgs\tb\tb0154.png
0,sick,s1122.png,G:\Ai-CDD\updated_class_tb_dataset\TBX11K\imgs\sick\s1122.png,sick,s4974.png,G:\Ai-CDD\updated_class_tb_dataset\TBX11K\imgs\sick\s4974.png
0,sick,s1124.png,G:\Ai-CDD\updated_class_tb_dataset\TBX11K\imgs\sick\s1124.png,sick,s2345.png,G:\Ai-CDD\updated_class_tb_dataset\TBX11K\imgs\sick\s2345.png
0,sick,s1134.png,G:\Ai-CDD\updated_class_tb_dataset\TBX11K\imgs\sick\s1134.png,sick,s4414.png,G:\Ai-CDD\updated_class_tb_dataset\TBX11K\imgs\sick\s4414.png
2,sick,s1135.png,G:\Ai-CDD\updated_class_tb_dataset\TBX11K\imgs\sick\s1135.png,sick,s1657.png,G:\Ai-CDD\updated_class_tb_dataset\TBX11K\imgs\sick\s1657.png
4,sick,s1135.png,G:\Ai-CDD\updated_class_tb_dataset\TBX11K\imgs\sick\s1135.png,sick,s2981.png,G:\Ai-CDD\updated_class_tb_dataset\TBX11K\imgs\sick\s2981.png
0,sick,s1157.png,G:\Ai-CDD\updated_class_tb_dataset\TBX11K\imgs\sick\s1157.png,sick,s3012.png,G:\Ai-CDD\updated_class_tb_dataset\TBX11K\imgs\sick\s3012.png
4,sick,s1158.png,G:\Ai-CDD\updated_class_tb_dataset\TBX11K\imgs\sick\s1158.png,sick,s3474.png,G:\Ai-CDD\updated_class_tb_dataset\TBX11K\imgs\sick\s3474.png
0,sick,s1174.png,G:\Ai-CDD\updated_class_tb_dataset\TBX11K\imgs\sick\s1174.png,sick,s1964.png,G:\Ai-CDD\updated_class_tb_dataset\TBX11K\imgs\sick\s1964.png
4,sick,s1174.png,G:\Ai-CDD\updated_class_tb_dataset\TBX11K\imgs\sick\s1174.png,sick,s3282.png,G:\Ai-CDD\updated_class_tb_dataset\TBX11K\imgs\sick\s3282.png
4,sick,s1175.png,G:\Ai-CDD\updated_class_tb_dataset\TBX11K\imgs\sick\s1175.png,sick,s1933.png,G:\Ai-CDD\updated_class_tb_dataset\TBX11K\imgs\sick\s1933.png
4,sick,s1175.png,G:\Ai-CDD\updated_class_tb_dataset\TBX11K\imgs\sick\s1175.png,sick,s2031.png,G:\Ai-CDD\updated_class_tb_dataset\TBX11K\imgs\sick\s2031.png
4,sick,s1175.png,G:\Ai-CDD\updated_class_tb_dataset\TBX11K\imgs\sick\s1175.png,sick,s3664.png,G:\Ai-CDD\updated_class_tb_dataset\TBX11K\imgs\sick\s3664.png
4,sick,s1175.png,G:\Ai-CDD\updated_class_tb_dataset\TBX11K\imgs\sick\s1175.png,sick,s4275.png,G:\Ai-CDD\updated_class_tb_dataset\TBX11K\imgs\sick\s4275.png
4,sick,s1181.png,G:\Ai-CDD\updated_class_tb_dataset\TBX11K\imgs\sick\s1181.png,sick,s4843.png,G:\Ai-CDD\updated_class_tb_dataset\TBX11K\imgs\sick\s4843.png
4,sick,s1185.png,G:\Ai-CDD\updated_class_tb_dataset\TBX11K\imgs\sick\s1185.png,sick,s3888.png,G:\Ai-CDD\updated_class_tb_dataset\TBX11K\imgs\sick\s3888.png
4,sick,s1185.png,G:\Ai-CDD\updated_class_tb_dataset\TBX11K\imgs\sick\s1185.png,sick,s4148.png,G:\Ai-CDD\updated_class_tb_dataset\TBX11K\imgs\sick\s4148.png
0,sick,s1193.png,G:\Ai-CDD\updated_class_tb_dataset\TBX11K\imgs\sick\s1193.png,sick,s3628.png,G:\Ai-CDD\updated_class_tb_dataset\TBX11K\imgs\sick\s3628.png
4,sick,s1194.png,G:\Ai-CDD\updated_class_tb_dataset\TBX11K\imgs\sick\s1194.png,sick,s3495.png,G:\Ai-CDD\updated_class_tb_dataset\TBX11K\imgs\sick\s3495.png
4,sick,s1202.png,G:\Ai-CDD\updated_class_tb_dataset\TBX11K\imgs\sick\s1202.png,sick,s3787.png,G:\Ai-CDD\updated_class_tb_dataset\TBX11K\imgs\sick\s3787.png
4,sick,s1209.png,G:\Ai-CDD\updated_class_tb_dataset\TBX11K\imgs\sick\s1209.png,sick,s2607.png,G:\Ai-CDD\updated_class_tb_dataset\TBX11K\imgs\sick\s2607.png
4,sick,s1209.png,G:\Ai-CDD\updated_class_tb_dataset\TBX11K\imgs\sick\s1209.png,sick,s3597.png,G:\Ai-CDD\updated_class_tb_dataset\TBX11K\imgs\sick\s3597.png
4,sick,s1210.png,G:\Ai-CDD\updated_class_tb_dataset\TBX11K\imgs\sick\s1210.png,tb,tb1022.png,G:\Ai-CDD\updated_class_tb_dataset\TBX11K\imgs\tb\tb1022.png
4,sick,s1211.png,G:\Ai-CDD\updated_class_tb_dataset\TBX11K\imgs\sick\s1211.png,sick,s4111.png,G:\Ai-CDD\updated_class_tb_dataset\TBX11K\imgs\sick\s4111.png
4,sick,s1211.png,G:\Ai-CDD\updated_class_tb_dataset\TBX11K\imgs\sick\s1211.png,tb,tb0286.png,G:\Ai-CDD\updated_class_tb_dataset\TBX11K\imgs\tb\tb0286.png
4,sick,s1215.png,G:\Ai-CDD\updated_class_tb_dataset\TBX11K\imgs\sick\s1215.png,sick,s1620.png,G:\Ai-CDD\updated_class_tb_dataset\TBX11K\imgs\sick\s1620.png
4,sick,s1215.png,G:\Ai-CDD\updated_class_tb_dataset\TBX11K\imgs\sick\s1215.png,sick,s3718.png,G:\Ai-CDD\updated_class_tb_dataset\TBX11K\imgs\sick\s3718.png
4,sick,s1215.png,G:\Ai-CDD\updated_class_tb_dataset\TBX11K\imgs\sick\s1215.png,sick,s4794.png,G:\Ai-CDD\updated_class_tb_dataset\TBX11K\imgs\sick\s4794.png
4,sick,s1215.png,G:\Ai-CDD\updated_class_tb_dataset\TBX11K\imgs\sick\s1215.png,sick,s4870.png,G:\Ai-CDD\updated_class_tb_dataset\TBX11K\imgs\sick\s4870.png
2,sick,s1227.png,G:\Ai-CDD\updated_class_tb_dataset\TBX11K\imgs\sick\s1227.png,tb,tb0571.png,G:\Ai-CDD\updated_class_tb_dataset\TBX11K\imgs\tb\tb0571.png
4,sick,s1233.png,G:\Ai-CDD\updated_class_tb_dataset\TBX11K\imgs\sick\s1233.png,sick,s4383.png,G:\Ai-CDD\updated_class_tb_dataset\TBX11K\imgs\sick\s4383.png
0,sick,s1242.png,G:\Ai-CDD\updated_class_tb_dataset\TBX11K\imgs\sick\s1242.png,sick,s1281.png,G:\Ai-CDD\updated_class_tb_dataset\TBX11K\imgs\sick\s1281.png
4,sick,s1247.png,G:\Ai-CDD\updated_class_tb_dataset\TBX11K\imgs\sick\s1247.png,sick,s1738.png,G:\Ai-CDD\updated_class_tb_dataset\TBX11K\imgs\sick\s1738.png
4,sick,s1250.png,G:\Ai-CDD\updated_class_tb_dataset\TBX11K\imgs\sick\s1250.png,sick,s1611.png,G:\Ai-CDD\updated_class_tb_dataset\TBX11K\imgs\sick\s1611.png
0,sick,s1255.png,G:\Ai-CDD\updated_class_tb_dataset\TBX11K\imgs\sick\s1255.png,sick,s1995.png,G:\Ai-CDD\updated_class_tb_dataset\TBX11K\imgs\sick\s1995.png
4,sick,s1255.png,G:\Ai-CDD\updated_class_tb_dataset\TBX11K\imgs\sick\s1255.png,sick,s3944.png,G:\Ai-CDD\updated_class_tb_dataset\TBX11K\imgs\sick\s3944.png
4,sick,s1264.png,G:\Ai-CDD\updated_class_tb_dataset\TBX11K\imgs\sick\s1264.png,tb,tb0677.png,G:\Ai-CDD\updated_class_tb_dataset\TBX11K\imgs\tb\tb0677.png
0,sick,s1270.png,G:\Ai-CDD\updated_class_tb_dataset\TBX11K\imgs\sick\s1270.png,sick,s1623.png,G:\Ai-CDD\updated_class_tb_dataset\TBX11K\imgs\sick\s1623.png
4,sick,s1282.png,G:\Ai-CDD\updated_class_tb_dataset\TBX11K\imgs\sick\s1282.png,sick,s3287.png,G:\Ai-CDD\updated_class_tb_dataset\TBX11K\imgs\sick\s3287.png
4,sick,s1282.png,G:\Ai-CDD\updated_class_tb_dataset\TBX11K\imgs\sick\s1282.png,sick,s3887.png,G:\Ai-CDD\updated_class_tb_dataset\TBX11K\imgs\sick\s3887.png
2,sick,s1282.png,G:\Ai-CDD\updated_class_tb_dataset\TBX11K\imgs\sick\s1282.png,sick,s4231.png,G:\Ai-CDD\updated_class_tb_dataset\TBX11K\imgs\sick\s4231.png
4,sick,s1282.png,G:\Ai-CDD\updated_class_tb_dataset\TBX11K\imgs\sick\s1282.png,tb,tb0902.png,G:\Ai-CDD\updated_class_tb_dataset\TBX11K\imgs\tb\tb0902.png
0,sick,s1335.png,G:\Ai-CDD\updated_class_tb_dataset\TBX11K\imgs\sick\s1335.png,sick,s3642.png,G:\Ai-CDD\updated_class_tb_dataset\TBX11K\imgs\sick\s3642.png
4,sick,s1343.png,G:\Ai-CDD\updated_class_tb_dataset\TBX11K\imgs\sick\s1343.png,sick,s4965.png,G:\Ai-CDD\updated_class_tb_dataset\TBX11K\imgs\sick\s4965.png
4,sick,s1369.png,G:\Ai-CDD\updated_class_tb_dataset\TBX11K\imgs\sick\s1369.png,sick,s2242.png,G:\Ai-CDD\updated_class_tb_dataset\TBX11K\imgs\sick\s2242.png
4,sick,s1402.png,G:\Ai-CDD\updated_class_tb_dataset\TBX11K\imgs\sick\s1402.png,tb,tb1173.png,G:\Ai-CDD\updated_class_tb_dataset\TBX11K\imgs\tb\tb1173.png
0,sick,s1403.png,G:\Ai-CDD\updated_class_tb_dataset\TBX11K\imgs\sick\s1403.png,sick,s1939.png,G:\Ai-CDD\updated_class_tb_dataset\TBX11K\imgs\sick\s1939.png
4,sick,s1407.png,G:\Ai-CDD\updated_class_tb_dataset\TBX11K\imgs\sick\s1407.png,sick,s2038.png,G:\Ai-CDD\updated_class_tb_dataset\TBX11K\imgs\sick\s2038.png
4,sick,s1407.png,G:\Ai-CDD\updated_class_tb_dataset\TBX11K\imgs\sick\s1407.png,sick,s3791.png,G:\Ai-CDD\updated_class_tb_dataset\TBX11K\imgs\sick\s3791.png
4,sick,s1412.png,G:\Ai-CDD\updated_class_tb_dataset\TBX11K\imgs\sick\s1412.png,tb,tb0431.png,G:\Ai-CDD\updated_class_tb_dataset\TBX11K\imgs\tb\tb0431.png
0,sick,s1426.png,G:\Ai-CDD\updated_class_tb_dataset\TBX11K\imgs\sick\s1426.png,sick,s4284.png,G:\Ai-CDD\updated_class_tb_dataset\TBX11K\imgs\sick\s4284.png
0,sick,s1427.png,G:\Ai-CDD\updated_class_tb_dataset\TBX11K\imgs\sick\s1427.png,sick,s2583.png,G:\Ai-CDD\updated_class_tb_dataset\TBX11K\imgs\sick\s2583.png
0,sick,s1433.png,G:\Ai-CDD\updated_class_tb_dataset\TBX11K\imgs\sick\s1433.png,sick,s1983.png,G:\Ai-CDD\updated_class_tb_dataset\TBX11K\imgs\sick\s1983.png
4,sick,s1459.png,G:\Ai-CDD\updated_class_tb_dataset\TBX11K\imgs\sick\s1459.png,tb,tb0492.png,G:\Ai-CDD\updated_class_tb_dataset\TBX11K\imgs\tb\tb0492.png
0,sick,s1463.png,G:\Ai-CDD\updated_class_tb_dataset\TBX11K\imgs\sick\s1463.png,sick,s2801.png,G:\Ai-CDD\updated_class_tb_dataset\TBX11K\imgs\sick\s2801.png
0,sick,s1466.png,G:\Ai-CDD\updated_class_tb_dataset\TBX11K\imgs\sick\s1466.png,sick,s2500.png,G:\Ai-CDD\updated_class_tb_dataset\TBX11K\imgs\sick\s2500.png
4,sick,s1476.png,G:\Ai-CDD\updated_class_tb_dataset\TBX11K\imgs\sick\s1476.png,sick,s1703.png,G:\Ai-CDD\updated_class_tb_dataset\TBX11K\imgs\sick\s1703.png
4,sick,s1488.png,G:\Ai-CDD\updated_class_tb_dataset\TBX11K\imgs\sick\s1488.png,sick,s2482.png,G:\Ai-CDD\updated_class_tb_dataset\TBX11K\imgs\sick\s2482.png
4,sick,s1488.png,G:\Ai-CDD\updated_class_tb_dataset\TBX11K\imgs\sick\s1488.png,sick,s3409.png,G:\Ai-CDD\updated_class_tb_dataset\TBX11K\imgs\sick\s3409.png
4,sick,s1491.png,G:\Ai-CDD\updated_class_tb_dataset\TBX11K\imgs\sick\s1491.png,sick,s2913.png,G:\Ai-CDD\updated_class_tb_dataset\TBX11K\imgs\sick\s2913.png
4,sick,s1491.png,G:\Ai-CDD\updated_class_tb_dataset\TBX11K\imgs\sick\s1491.png,sick,s3151.png,G:\Ai-CDD\updated_class_tb_dataset\TBX11K\imgs\sick\s3151.png
4,sick,s1491.png,G:\Ai-CDD\updated_class_tb_dataset\TBX11K\imgs\sick\s1491.png,sick,s3166.png,G:\Ai-CDD\updated_class_tb_dataset\TBX11K\imgs\sick\s3166.png
0,sick,s1499.png,G:\Ai-CDD\updated_class_tb_dataset\TBX11K\imgs\sick\s1499.png,sick,s2558.png,G:\Ai-CDD\updated_class_tb_dataset\TBX11K\imgs\sick\s2558.png
4,sick,s1499.png,G:\Ai-CDD\updated_class_tb_dataset\TBX11K\imgs\sick\s1499.png,sick,s4953.png,G:\Ai-CDD\updated_class_tb_dataset\TBX11K\imgs\sick\s4953.png
2,sick,s1507.png,G:\Ai-CDD\updated_class_tb_dataset\TBX11K\imgs\sick\s1507.png,sick,s3791.png,G:\Ai-CDD\updated_class_tb_dataset\TBX11K\imgs\sick\s3791.png
4,sick,s1516.png,G:\Ai-CDD\updated_class_tb_dataset\TBX11K\imgs\sick\s1516.png,sick,s2927.png,G:\Ai-CDD\updated_class_tb_dataset\TBX11K\imgs\sick\s2927.png
4,sick,s1526.png,G:\Ai-CDD\updated_class_tb_dataset\TBX11K\imgs\sick\s1526.png,sick,s3453.png,G:\Ai-CDD\updated_class_tb_dataset\TBX11K\imgs\sick\s3453.png
2,sick,s1526.png,G:\Ai-CDD\updated_class_tb_dataset\TBX11K\imgs\sick\s1526.png,sick,s4218.png,G:\Ai-CDD\updated_class_tb_dataset\TBX11K\imgs\sick\s4218.png
4,sick,s1526.png,G:\Ai-CDD\updated_class_tb_dataset\TBX11K\imgs\sick\s1526.png,sick,s4585.png,G:\Ai-CDD\updated_class_tb_dataset\TBX11K\imgs\sick\s4585.png
0,sick,s1529.png,G:\Ai-CDD\updated_class_tb_dataset\TBX11K\imgs\sick\s1529.png,sick,s2166.png,G:\Ai-CDD\updated_class_tb_dataset\TBX11K\imgs\sick\s2166.png
4,sick,s1532.png,G:\Ai-CDD\updated_class_tb_dataset\TBX11K\imgs\sick\s1532.png,sick,s1647.png,G:\Ai-CDD\updated_class_tb_dataset\TBX11K\imgs\sick\s1647.png
4,sick,s1532.png,G:\Ai-CDD\updated_class_tb_dataset\TBX11K\imgs\sick\s1532.png,sick,s2611.png,G:\Ai-CDD\updated_class_tb_dataset\TBX11K\imgs\sick\s2611.png
4,sick,s1532.png,G:\Ai-CDD\updated_class_tb_dataset\TBX11K\imgs\sick\s1532.png,sick,s3714.png,G:\Ai-CDD\updated_class_tb_dataset\TBX11K\imgs\sick\s3714.png
4,sick,s1532.png,G:\Ai-CDD\updated_class_tb_dataset\TBX11K\imgs\sick\s1532.png,sick,s4127.png,G:\Ai-CDD\updated_class_tb_dataset\TBX11K\imgs\sick\s4127.png
4,sick,s1534.png,G:\Ai-CDD\updated_class_tb_dataset\TBX11K\imgs\sick\s1534.png,sick,s4003.png,G:\Ai-CDD\updated_class_tb_dataset\TBX11K\imgs\sick\s4003.png
2,sick,s1557.png,G:\Ai-CDD\updated_class_tb_dataset\TBX11K\imgs\sick\s1557.png,tb,tb0086.png,G:\Ai-CDD\updated_class_tb_dataset\TBX11K\imgs\tb\tb0086.png
4,sick,s1611.png,G:\Ai-CDD\updated_class_tb_dataset\TBX11K\imgs\sick\s1611.png,sick,s2757.png,G:\Ai-CDD\updated_class_tb_dataset\TBX11K\imgs\sick\s2757.png
4,sick,s1611.png,G:\Ai-CDD\updated_class_tb_dataset\TBX11K\imgs\sick\s1611.png,sick,s2977.png,G:\Ai-CDD\updated_class_tb_dataset\TBX11K\imgs\sick\s2977.png
4,sick,s1611.png,G:\Ai-CDD\updated_class_tb_dataset\TBX11K\imgs\sick\s1611.png,sick,s3346.png,G:\Ai-CDD\updated_class_tb_dataset\TBX11K\imgs\sick\s3346.png
4,sick,s1611.png,G:\Ai-CDD\updated_class_tb_dataset\TBX11K\imgs\sick\s1611.png,sick,s4112.png,G:\Ai-CDD\updated_class_tb_dataset\TBX11K\imgs\sick\s4112.png
4,sick,s1620.png,G:\Ai-CDD\updated_class_tb_dataset\TBX11K\imgs\sick\s1620.png,sick,s1831.png,G:\Ai-CDD\updated_class_tb_dataset\TBX11K\imgs\sick\s1831.png
4,sick,s1620.png,G:\Ai-CDD\updated_class_tb_dataset\TBX11K\imgs\sick\s1620.png,sick,s1958.png,G:\Ai-CDD\updated_class_tb_dataset\TBX11K\imgs\sick\s1958.png
2,sick,s1620.png,G:\Ai-CDD\updated_class_tb_dataset\TBX11K\imgs\sick\s1620.png,sick,s2005.png,G:\Ai-CDD\updated_class_tb_dataset\TBX11K\imgs\sick\s2005.png
4,sick,s1620.png,G:\Ai-CDD\updated_class_tb_dataset\TBX11K\imgs\sick\s1620.png,sick,s2898.png,G:\Ai-CDD\updated_class_tb_dataset\TBX11K\imgs\sick\s2898.png
4,sick,s1620.png,G:\Ai-CDD\updated_class_tb_dataset\TBX11K\imgs\sick\s1620.png,sick,s4870.png,G:\Ai-CDD\updated_class_tb_dataset\TBX11K\imgs\sick\s4870.png
4,sick,s1620.png,G:\Ai-CDD\updated_class_tb_dataset\TBX11K\imgs\sick\s1620.png,tb,tb0305.png,G:\Ai-CDD\updated_class_tb_dataset\TBX11K\imgs\tb\tb0305.png
4,sick,s1625.png,G:\Ai-CDD\updated_class_tb_dataset\TBX11K\imgs\sick\s1625.png,sick,s2541.png,G:\Ai-CDD\updated_class_tb_dataset\TBX11K\imgs\sick\s2541.png
0,sick,s1626.png,G:\Ai-CDD\updated_class_tb_dataset\TBX11K\imgs\sick\s1626.png,sick,s2117.png,G:\Ai-CDD\updated_class_tb_dataset\TBX11K\imgs\sick\s2117.png
0,sick,s1639.png,G:\Ai-CDD\updated_class_tb_dataset\TBX11K\imgs\sick\s1639.png,sick,s3517.png,G:\Ai-CDD\updated_class_tb_dataset\TBX11K\imgs\sick\s3517.png
4,sick,s1642.png,G:\Ai-CDD\updated_class_tb_dataset\TBX11K\imgs\sick\s1642.png,sick,s3117.png,G:\Ai-CDD\updated_class_tb_dataset\TBX11K\imgs\sick\s3117.png
0,sick,s1647.png,G:\Ai-CDD\updated_class_tb_dataset\TBX11K\imgs\sick\s1647.png,sick,s3714.png,G:\Ai-CDD\updated_class_tb_dataset\TBX11K\imgs\sick\s3714.png
4,sick,s1650.png,G:\Ai-CDD\updated_class_tb_dataset\TBX11K\imgs\sick\s1650.png,sick,s2005.png,G:\Ai-CDD\updated_class_tb_dataset\TBX11K\imgs\sick\s2005.png
4,sick,s1650.png,G:\Ai-CDD\updated_class_tb_dataset\TBX11K\imgs\sick\s1650.png,sick,s3959.png,G:\Ai-CDD\updated_class_tb_dataset\TBX11K\imgs\sick\s3959.png
4,sick,s1650.png,G:\Ai-CDD\updated_class_tb_dataset\TBX11K\imgs\sick\s1650.png,tb,tb0305.png,G:\Ai-CDD\updated_class_tb_dataset\TBX11K\imgs\tb\tb0305.png
4,sick,s1665.png,G:\Ai-CDD\updated_class_tb_dataset\TBX11K\imgs\sick\s1665.png,sick,s2883.png,G:\Ai-CDD\updated_class_tb_dataset\TBX11K\imgs\sick\s2883.png
4,sick,s1673.png,G:\Ai-CDD\updated_class_tb_dataset\TBX11K\imgs\sick\s1673.png,sick,s2294.png,G:\Ai-CDD\updated_class_tb_dataset\TBX11K\imgs\sick\s2294.png
4,sick,s1675.png,G:\Ai-CDD\updated_class_tb_dataset\TBX11K\imgs\sick\s1675.png,sick,s2611.png,G:\Ai-CDD\updated_class_tb_dataset\TBX11K\imgs\sick\s2611.png
4,sick,s1679.png,G:\Ai-CDD\updated_class_tb_dataset\TBX11K\imgs\sick\s1679.png,sick,s2242.png,G:\Ai-CDD\updated_class_tb_dataset\TBX11K\imgs\sick\s2242.png
4,sick,s1679.png,G:\Ai-CDD\updated_class_tb_dataset\TBX11K\imgs\sick\s1679.png,sick,s2560.png,G:\Ai-CDD\updated_class_tb_dataset\TBX11K\imgs\sick\s2560.png
0,sick,s1697.png,G:\Ai-CDD\updated_class_tb_dataset\TBX11K\imgs\sick\s1697.png,sick,s2210.png,G:\Ai-CDD\updated_class_tb_dataset\TBX11K\imgs\sick\s2210.png
0,sick,s1706.png,G:\Ai-CDD\updated_class_tb_dataset\TBX11K\imgs\sick\s1706.png,sick,s2857.png,G:\Ai-CDD\updated_class_tb_dataset\TBX11K\imgs\sick\s2857.png
4,sick,s1706.png,G:\Ai-CDD\updated_class_tb_dataset\TBX11K\imgs\sick\s1706.png,sick,s4111.png,G:\Ai-CDD\updated_class_tb_dataset\TBX11K\imgs\sick\s4111.png
0,sick,s1708.png,G:\Ai-CDD\updated_class_tb_dataset\TBX11K\imgs\sick\s1708.png,sick,s4617.png,G:\Ai-CDD\updated_class_tb_dataset\TBX11K\imgs\sick\s4617.png
4,sick,s1709.png,G:\Ai-CDD\updated_class_tb_dataset\TBX11K\imgs\sick\s1709.png,sick,s3126.png,G:\Ai-CDD\updated_class_tb_dataset\TBX11K\imgs\sick\s3126.png
4,sick,s1709.png,G:\Ai-CDD\updated_class_tb_dataset\TBX11K\imgs\sick\s1709.png,sick,s4148.png,G:\Ai-CDD\updated_class_tb_dataset\TBX11K\imgs\sick\s4148.png
4,sick,s1710.png,G:\Ai-CDD\updated_class_tb_dataset\TBX11K\imgs\sick\s1710.png,sick,s1725.png,G:\Ai-CDD\updated_class_tb_dataset\TBX11K\imgs\sick\s1725.png
4,sick,s1710.png,G:\Ai-CDD\updated_class_tb_dataset\TBX11K\imgs\sick\s1710.png,sick,s1976.png,G:\Ai-CDD\updated_class_tb_dataset\TBX11K\imgs\sick\s1976.png
4,sick,s1710.png,G:\Ai-CDD\updated_class_tb_dataset\TBX11K\imgs\sick\s1710.png,sick,s2413.png,G:\Ai-CDD\updated_class_tb_dataset\TBX11K\imgs\sick\s2413.png
4,sick,s1710.png,G:\Ai-CDD\updated_class_tb_dataset\TBX11K\imgs\sick\s1710.png,sick,s3138.png,G:\Ai-CDD\updated_class_tb_dataset\TBX11K\imgs\sick\s3138.png
4,sick,s1710.png,G:\Ai-CDD\updated_class_tb_dataset\TBX11K\imgs\sick\s1710.png,sick,s3497.png,G:\Ai-CDD\updated_class_tb_dataset\TBX11K\imgs\sick\s3497.png
2,sick,s1710.png,G:\Ai-CDD\updated_class_tb_dataset\TBX11K\imgs\sick\s1710.png,sick,s4092.png,G:\Ai-CDD\updated_class_tb_dataset\TBX11K\imgs\sick\s4092.png
4,sick,s1719.png,G:\Ai-CDD\updated_class_tb_dataset\TBX11K\imgs\sick\s1719.png,sick,s2194.png,G:\Ai-CDD\updated_class_tb_dataset\TBX11K\imgs\sick\s2194.png
4,sick,s1719.png,G:\Ai-CDD\updated_class_tb_dataset\TBX11K\imgs\sick\s1719.png,tb,tb1098.png,G:\Ai-CDD\updated_class_tb_dataset\TBX11K\imgs\tb\tb1098.png
4,sick,s1719.png,G:\Ai-CDD\updated_class_tb_dataset\TBX11K\imgs\sick\s1719.png,tb,tb1180.png,G:\Ai-CDD\updated_class_tb_dataset\TBX11K\imgs\tb\tb1180.png
4,sick,s1725.png,G:\Ai-CDD\updated_class_tb_dataset\TBX11K\imgs\sick\s1725.png,sick,s2099.png,G:\Ai-CDD\updated_class_tb_dataset\TBX11K\imgs\sick\s2099.png
4,sick,s1725.png,G:\Ai-CDD\updated_class_tb_dataset\TBX11K\imgs\sick\s1725.png,sick,s2228.png,G:\Ai-CDD\updated_class_tb_dataset\TBX11K\imgs\sick\s2228.png
4,sick,s1725.png,G:\Ai-CDD\updated_class_tb_dataset\TBX11K\imgs\sick\s1725.png,sick,s4092.png,G:\Ai-CDD\updated_class_tb_dataset\TBX11K\imgs\sick\s4092.png
4,sick,s1725.png,G:\Ai-CDD\updated_class_tb_dataset\TBX11K\imgs\sick\s1725.png,sick,s4961.png,G:\Ai-CDD\updated_class_tb_dataset\TBX11K\imgs\sick\s4961.png
4,sick,s1728.png,G:\Ai-CDD\updated_class_tb_dataset\TBX11K\imgs\sick\s1728.png,sick,s1809.png,G:\Ai-CDD\updated_class_tb_dataset\TBX11K\imgs\sick\s1809.png
4,sick,s1744.png,G:\Ai-CDD\updated_class_tb_dataset\TBX11K\imgs\sick\s1744.png,sick,s2889.png,G:\Ai-CDD\updated_class_tb_dataset\TBX11K\imgs\sick\s2889.png
4,sick,s1744.png,G:\Ai-CDD\updated_class_tb_dataset\TBX11K\imgs\sick\s1744.png,sick,s3689.png,G:\Ai-CDD\updated_class_tb_dataset\TBX11K\imgs\sick\s3689.png
4,sick,s1755.png,G:\Ai-CDD\updated_class_tb_dataset\TBX11K\imgs\sick\s1755.png,sick,s4610.png,G:\Ai-CDD\updated_class_tb_dataset\TBX11K\imgs\sick\s4610.png
4,sick,s1756.png,G:\Ai-CDD\updated_class_tb_dataset\TBX11K\imgs\sick\s1756.png,sick,s4739.png,G:\Ai-CDD\updated_class_tb_dataset\TBX11K\imgs\sick\s4739.png
4,sick,s1791.png,G:\Ai-CDD\updated_class_tb_dataset\TBX11K\imgs\sick\s1791.png,tb,tb0085.png,G:\Ai-CDD\updated_class_tb_dataset\TBX11K\imgs\tb\tb0085.png
2,sick,s1795.png,G:\Ai-CDD\updated_class_tb_dataset\TBX11K\imgs\sick\s1795.png,sick,s2295.png,G:\Ai-CDD\updated_class_tb_dataset\TBX11K\imgs\sick\s2295.png
0,sick,s1819.png,G:\Ai-CDD\updated_class_tb_dataset\TBX11K\imgs\sick\s1819.png,sick,s4058.png,G:\Ai-CDD\updated_class_tb_dataset\TBX11K\imgs\sick\s4058.png
4,sick,s1831.png,G:\Ai-CDD\updated_class_tb_dataset\TBX11K\imgs\sick\s1831.png,sick,s1933.png,G:\Ai-CDD\updated_class_tb_dataset\TBX11K\imgs\sick\s1933.png
4,sick,s1831.png,G:\Ai-CDD\updated_class_tb_dataset\TBX11K\imgs\sick\s1831.png,sick,s2671.png,G:\Ai-CDD\updated_class_tb_dataset\TBX11K\imgs\sick\s2671.png
4,sick,s1831.png,G:\Ai-CDD\updated_class_tb_dataset\TBX11K\imgs\sick\s1831.png,sick,s2898.png,G:\Ai-CDD\updated_class_tb_dataset\TBX11K\imgs\sick\s2898.png
4,sick,s1831.png,G:\Ai-CDD\updated_class_tb_dataset\TBX11K\imgs\sick\s1831.png,sick,s3959.png,G:\Ai-CDD\updated_class_tb_dataset\TBX11K\imgs\sick\s3959.png
4,sick,s1831.png,G:\Ai-CDD\updated_class_tb_dataset\TBX11K\imgs\sick\s1831.png,sick,s4275.png,G:\Ai-CDD\updated_class_tb_dataset\TBX11K\imgs\sick\s4275.png
4,sick,s1831.png,G:\Ai-CDD\updated_class_tb_dataset\TBX11K\imgs\sick\s1831.png,tb,tb0305.png,G:\Ai-CDD\updated_class_tb_dataset\TBX11K\imgs\tb\tb0305.png
0,sick,s1851.png,G:\Ai-CDD\updated_class_tb_dataset\TBX11K\imgs\sick\s1851.png,sick,s4187.png,G:\Ai-CDD\updated_class_tb_dataset\TBX11K\imgs\sick\s4187.png
0,sick,s1855.png,G:\Ai-CDD\updated_class_tb_dataset\TBX11K\imgs\sick\s1855.png,sick,s2653.png,G:\Ai-CDD\updated_class_tb_dataset\TBX11K\imgs\sick\s2653.png
0,sick,s1858.png,G:\Ai-CDD\updated_class_tb_dataset\TBX11K\imgs\sick\s1858.png,sick,s4449.png,G:\Ai-CDD\updated_class_tb_dataset\TBX11K\imgs\sick\s4449.png
0,sick,s1861.png,G:\Ai-CDD\updated_class_tb_dataset\TBX11K\imgs\sick\s1861.png,sick,s2139.png,G:\Ai-CDD\updated_class_tb_dataset\TBX11K\imgs\sick\s2139.png
4,sick,s1861.png,G:\Ai-CDD\updated_class_tb_dataset\TBX11K\imgs\sick\s1861.png,sick,s3036.png,G:\Ai-CDD\updated_class_tb_dataset\TBX11K\imgs\sick\s3036.png
4,sick,s1861.png,G:\Ai-CDD\updated_class_tb_dataset\TBX11K\imgs\sick\s1861.png,sick,s3667.png,G:\Ai-CDD\updated_class_tb_dataset\TBX11K\imgs\sick\s3667.png
0,sick,s1870.png,G:\Ai-CDD\updated_class_tb_dataset\TBX11K\imgs\sick\s1870.png,sick,s2609.png,G:\Ai-CDD\updated_class_tb_dataset\TBX11K\imgs\sick\s2609.png
0,sick,s1908.png,G:\Ai-CDD\updated_class_tb_dataset\TBX11K\imgs\sick\s1908.png,sick,s4844.png,G:\Ai-CDD\updated_class_tb_dataset\TBX11K\imgs\sick\s4844.png
4,sick,s1911.png,G:\Ai-CDD\updated_class_tb_dataset\TBX11K\imgs\sick\s1911.png,sick,s1976.png,G:\Ai-CDD\updated_class_tb_dataset\TBX11K\imgs\sick\s1976.png
4,sick,s1911.png,G:\Ai-CDD\updated_class_tb_dataset\TBX11K\imgs\sick\s1911.png,sick,s2413.png,G:\Ai-CDD\updated_class_tb_dataset\TBX11K\imgs\sick\s2413.png
4,sick,s1933.png,G:\Ai-CDD\updated_class_tb_dataset\TBX11K\imgs\sick\s1933.png,sick,s2356.png,G:\Ai-CDD\updated_class_tb_dataset\TBX11K\imgs\sick\s2356.png
0,sick,s1936.png,G:\Ai-CDD\updated_class_tb_dataset\TBX11K\imgs\sick\s1936.png,sick,s4442.png,G:\Ai-CDD\updated_class_tb_dataset\TBX11K\imgs\sick\s4442.png
4,sick,s1940.png,G:\Ai-CDD\updated_class_tb_dataset\TBX11K\imgs\sick\s1940.png,sick,s4843.png,G:\Ai-CDD\updated_class_tb_dataset\TBX11K\imgs\sick\s4843.png
2,sick,s1948.png,G:\Ai-CDD\updated_class_tb_dataset\TBX11K\imgs\sick\s1948.png,sick,s2249.png,G:\Ai-CDD\updated_class_tb_dataset\TBX11K\imgs\sick\s2249.png
0,sick,s1957.png,G:\Ai-CDD\updated_class_tb_dataset\TBX11K\imgs\sick\s1957.png,sick,s2150.png,G:\Ai-CDD\updated_class_tb_dataset\TBX11K\imgs\sick\s2150.png
4,sick,s1958.png,G:\Ai-CDD\updated_class_tb_dataset\TBX11K\imgs\sick\s1958.png,sick,s1965.png,G:\Ai-CDD\updated_class_tb_dataset\TBX11K\imgs\sick\s1965.png
4,sick,s1958.png,G:\Ai-CDD\updated_class_tb_dataset\TBX11K\imgs\sick\s1958.png,sick,s3919.png,G:\Ai-CDD\updated_class_tb_dataset\TBX11K\imgs\sick\s3919.png
4,sick,s1964.png,G:\Ai-CDD\updated_class_tb_dataset\TBX11K\imgs\sick\s1964.png,sick,s3282.png,G:\Ai-CDD\updated_class_tb_dataset\TBX11K\imgs\sick\s3282.png
4,sick,s1976.png,G:\Ai-CDD\updated_class_tb_dataset\TBX11K\imgs\sick\s1976.png,sick,s2023.png,G:\Ai-CDD\updated_class_tb_dataset\TBX11K\imgs\sick\s2023.png
0,sick,s1976.png,G:\Ai-CDD\updated_class_tb_dataset\TBX11K\imgs\sick\s1976.png,sick,s2413.png,G:\Ai-CDD\updated_class_tb_dataset\TBX11K\imgs\sick\s2413.png
4,sick,s1976.png,G:\Ai-CDD\updated_class_tb_dataset\TBX11K\imgs\sick\s1976.png,sick,s3066.png,G:\Ai-CDD\updated_class_tb_dataset\TBX11K\imgs\sick\s3066.png
4,sick,s1976.png,G:\Ai-CDD\updated_class_tb_dataset\TBX11K\imgs\sick\s1976.png,sick,s3497.png,G:\Ai-CDD\updated_class_tb_dataset\TBX11K\imgs\sick\s3497.png
4,sick,s1976.png,G:\Ai-CDD\updated_class_tb_dataset\TBX11K\imgs\sick\s1976.png,sick,s3669.png,G:\Ai-CDD\updated_class_tb_dataset\TBX11K\imgs\sick\s3669.png
4,sick,s1976.png,G:\Ai-CDD\updated_class_tb_dataset\TBX11K\imgs\sick\s1976.png,sick,s4965.png,G:\Ai-CDD\updated_class_tb_dataset\TBX11K\imgs\sick\s4965.png
4,sick,s1977.png,G:\Ai-CDD\updated_class_tb_dataset\TBX11K\imgs\sick\s1977.png,sick,s2544.png,G:\Ai-CDD\updated_class_tb_dataset\TBX11K\imgs\sick\s2544.png
4,sick,s1991.png,G:\Ai-CDD\updated_class_tb_dataset\TBX11K\imgs\sick\s1991.png,sick,s3647.png,G:\Ai-CDD\updated_class_tb_dataset\TBX11K\imgs\sick\s3647.png
4,sick,s1991.png,G:\Ai-CDD\updated_class_tb_dataset\TBX11K\imgs\sick\s1991.png,sick,s3918.png,G:\Ai-CDD\updated_class_tb_dataset\TBX11K\imgs\sick\s3918.png
4,sick,s1995.png,G:\Ai-CDD\updated_class_tb_dataset\TBX11K\imgs\sick\s1995.png,sick,s3944.png,G:\Ai-CDD\updated_class_tb_dataset\TBX11K\imgs\sick\s3944.png
4,sick,s2005.png,G:\Ai-CDD\updated_class_tb_dataset\TBX11K\imgs\sick\s2005.png,sick,s4505.png,G:\Ai-CDD\updated_class_tb_dataset\TBX11K\imgs\sick\s4505.png
4,sick,s2005.png,G:\Ai-CDD\updated_class_tb_dataset\TBX11K\imgs\sick\s2005.png,sick,s4794.png,G:\Ai-CDD\updated_class_tb_dataset\TBX11K\imgs\sick\s4794.png
2,sick,s2005.png,G:\Ai-CDD\updated_class_tb_dataset\TBX11K\imgs\sick\s2005.png,tb,tb0305.png,G:\Ai-CDD\updated_class_tb_dataset\TBX11K\imgs\tb\tb0305.png
2,sick,s2014.png,G:\Ai-CDD\updated_class_tb_dataset\TBX11K\imgs\sick\s2014.png,sick,s2415.png,G:\Ai-CDD\updated_class_tb_dataset\TBX11K\imgs\sick\s2415.png
0,sick,s2016.png,G:\Ai-CDD\updated_class_tb_dataset\TBX11K\imgs\sick\s2016.png,sick,s2568.png,G:\Ai-CDD\updated_class_tb_dataset\TBX11K\imgs\sick\s2568.png
0,sick,s2017.png,G:\Ai-CDD\updated_class_tb_dataset\TBX11K\imgs\sick\s2017.png,sick,s3051.png,G:\Ai-CDD\updated_class_tb_dataset\TBX11K\imgs\sick\s3051.png
4,sick,s2022.png,G:\Ai-CDD\updated_class_tb_dataset\TBX11K\imgs\sick\s2022.png,tb,tb0264.png,G:\Ai-CDD\updated_class_tb_dataset\TBX11K\imgs\tb\tb0264.png
4,sick,s2023.png,G:\Ai-CDD\updated_class_tb_dataset\TBX11K\imgs\sick\s2023.png,sick,s2099.png,G:\Ai-CDD\updated_class_tb_dataset\TBX11K\imgs\sick\s2099.png
4,sick,s2023.png,G:\Ai-CDD\updated_class_tb_dataset\TBX11K\imgs\sick\s2023.png,sick,s2413.png,G:\Ai-CDD\updated_class_tb_dataset\TBX11K\imgs\sick\s2413.png
0,sick,s2023.png,G:\Ai-CDD\updated_class_tb_dataset\TBX11K\imgs\sick\s2023.png,sick,s3669.png,G:\Ai-CDD\updated_class_tb_dataset\TBX11K\imgs\sick\s3669.png
4,sick,s2023.png,G:\Ai-CDD\updated_class_tb_dataset\TBX11K\imgs\sick\s2023.png,tb,tb0349.png,G:\Ai-CDD\updated_class_tb_dataset\TBX11K\imgs\tb\tb0349.png
4,sick,s2029.png,G:\Ai-CDD\updated_class_tb_dataset\TBX11K\imgs\sick\s2029.png,sick,s4183.png,G:\Ai-CDD\updated_class_tb_dataset\TBX11K\imgs\sick\s4183.png
4,sick,s2031.png,G:\Ai-CDD\updated_class_tb_dataset\TBX11K\imgs\sick\s2031.png,sick,s3664.png,G:\Ai-CDD\updated_class_tb_dataset\TBX11K\imgs\sick\s3664.png
4,sick,s2031.png,G:\Ai-CDD\updated_class_tb_dataset\TBX11K\imgs\sick\s2031.png,sick,s4242.png,G:\Ai-CDD\updated_class_tb_dataset\TBX11K\imgs\sick\s4242.png
2,sick,s2031.png,G:\Ai-CDD\updated_class_tb_dataset\TBX11K\imgs\sick\s2031.png,sick,s4275.png,G:\Ai-CDD\updated_class_tb_dataset\TBX11K\imgs\sick\s4275.png
4,sick,s2032.png,G:\Ai-CDD\updated_class_tb_dataset\TBX11K\imgs\sick\s2032.png,sick,s3918.png,G:\Ai-CDD\updated_class_tb_dataset\TBX11K\imgs\sick\s3918.png
4,sick,s2032.png,G:\Ai-CDD\updated_class_tb_dataset\TBX11K\imgs\sick\s2032.png,sick,s4616.png,G:\Ai-CDD\updated_class_tb_dataset\TBX11K\imgs\sick\s4616.png
4,sick,s2038.png,G:\Ai-CDD\updated_class_tb_dataset\TBX11K\imgs\sick\s2038.png,sick,s2138.png,G:\Ai-CDD\updated_class_tb_dataset\TBX11K\imgs\sick\s2138.png
4,sick,s2038.png,G:\Ai-CDD\updated_class_tb_dataset\TBX11K\imgs\sick\s2038.png,sick,s3282.png,G:\Ai-CDD\updated_class_tb_dataset\TBX11K\imgs\sick\s3282.png
4,sick,s2038.png,G:\Ai-CDD\updated_class_tb_dataset\TBX11K\imgs\sick\s2038.png,sick,s4555.png,G:\Ai-CDD\updated_class_tb_dataset\TBX11K\imgs\sick\s4555.png
4,sick,s2038.png,G:\Ai-CDD\updated_class_tb_dataset\TBX11K\imgs\sick\s2038.png,sick,s4694.png,G:\Ai-CDD\updated_class_tb_dataset\TBX11K\imgs\sick\s4694.png
4,sick,s2038.png,G:\Ai-CDD\updated_class_tb_dataset\TBX11K\imgs\sick\s2038.png,tb,tb0465.png,G:\Ai-CDD\updated_class_tb_dataset\TBX11K\imgs\tb\tb0465.png
4,sick,s2039.png,G:\Ai-CDD\updated_class_tb_dataset\TBX11K\imgs\sick\s2039.png,tb,tb0469.png,G:\Ai-CDD\updated_class_tb_dataset\TBX11K\imgs\tb\tb0469.png
2,sick,s2082.png,G:\Ai-CDD\updated_class_tb_dataset\TBX11K\imgs\sick\s2082.png,sick,s3844.png,G:\Ai-CDD\updated_class_tb_dataset\TBX11K\imgs\sick\s3844.png
0,sick,s2093.png,G:\Ai-CDD\updated_class_tb_dataset\TBX11K\imgs\sick\s2093.png,sick,s3662.png,G:\Ai-CDD\updated_class_tb_dataset\TBX11K\imgs\sick\s3662.png
4,sick,s2099.png,G:\Ai-CDD\updated_class_tb_dataset\TBX11K\imgs\sick\s2099.png,sick,s3292.png,G:\Ai-CDD\updated_class_tb_dataset\TBX11K\imgs\sick\s3292.png
4,sick,s2099.png,G:\Ai-CDD\updated_class_tb_dataset\TBX11K\imgs\sick\s2099.png,sick,s3669.png,G:\Ai-CDD\updated_class_tb_dataset\TBX11K\imgs\sick\s3669.png
0,sick,s2106.png,G:\Ai-CDD\updated_class_tb_dataset\TBX11K\imgs\sick\s2106.png,sick,s2276.png,G:\Ai-CDD\updated_class_tb_dataset\TBX11K\imgs\sick\s2276.png
2,sick,s2138.png,G:\Ai-CDD\updated_class_tb_dataset\TBX11K\imgs\sick\s2138.png,sick,s3282.png,G:\Ai-CDD\updated_class_tb_dataset\TBX11K\imgs\sick\s3282.png
4,sick,s2139.png,G:\Ai-CDD\updated_class_tb_dataset\TBX11K\imgs\sick\s2139.png,sick,s3036.png,G:\Ai-CDD\updated_class_tb_dataset\TBX11K\imgs\sick\s3036.png
4,sick,s2139.png,G:\Ai-CDD\updated_class_tb_dataset\TBX11K\imgs\sick\s2139.png,sick,s3667.png,G:\Ai-CDD\updated_class_tb_dataset\TBX11K\imgs\sick\s3667.png
4,sick,s2143.png,G:\Ai-CDD\updated_class_tb_dataset\TBX11K\imgs\sick\s2143.png,sick,s4144.png,G:\Ai-CDD\updated_class_tb_dataset\TBX11K\imgs\sick\s4144.png
4,sick,s2146.png,G:\Ai-CDD\updated_class_tb_dataset\TBX11K\imgs\sick\s2146.png,sick,s3262.png,G:\Ai-CDD\updated_class_tb_dataset\TBX11K\imgs\sick\s3262.png
4,sick,s2163.png,G:\Ai-CDD\updated_class_tb_dataset\TBX11K\imgs\sick\s2163.png,tb,tb0277.png,G:\Ai-CDD\updated_class_tb_dataset\TBX11K\imgs\tb\tb0277.png
4,sick,s2169.png,G:\Ai-CDD\updated_class_tb_dataset\TBX11K\imgs\sick\s2169.png,tb,tb0507.png,G:\Ai-CDD\updated_class_tb_dataset\TBX11K\imgs\tb\tb0507.png
4,sick,s2184.png,G:\Ai-CDD\updated_class_tb_dataset\TBX11K\imgs\sick\s2184.png,sick,s3367.png,G:\Ai-CDD\updated_class_tb_dataset\TBX11K\imgs\sick\s3367.png
4,sick,s2194.png,G:\Ai-CDD\updated_class_tb_dataset\TBX11K\imgs\sick\s2194.png,tb,tb1180.png,G:\Ai-CDD\updated_class_tb_dataset\TBX11K\imgs\tb\tb1180.png
0,sick,s2202.png,G:\Ai-CDD\updated_class_tb_dataset\TBX11K\imgs\sick\s2202.png,sick,s4121.png,G:\Ai-CDD\updated_class_tb_dataset\TBX11K\imgs\sick\s4121.png
4,sick,s2213.png,G:\Ai-CDD\updated_class_tb_dataset\TBX11K\imgs\sick\s2213.png,sick,s2362.png,G:\Ai-CDD\updated_class_tb_dataset\TBX11K\imgs\sick\s2362.png
4,sick,s2213.png,G:\Ai-CDD\updated_class_tb_dataset\TBX11K\imgs\sick\s2213.png,sick,s4633.png,G:\Ai-CDD\updated_class_tb_dataset\TBX11K\imgs\sick\s4633.png
4,sick,s2220.png,G:\Ai-CDD\updated_class_tb_dataset\TBX11K\imgs\sick\s2220.png,sick,s4710.png,G:\Ai-CDD\updated_class_tb_dataset\TBX11K\imgs\sick\s4710.png
4,sick,s2239.png,G:\Ai-CDD\updated_class_tb_dataset\TBX11K\imgs\sick\s2239.png,sick,s2896.png,G:\Ai-CDD\updated_class_tb_dataset\TBX11K\imgs\sick\s2896.png
4,sick,s2243.png,G:\Ai-CDD\updated_class_tb_dataset\TBX11K\imgs\sick\s2243.png,sick,s2927.png,G:\Ai-CDD\updated_class_tb_dataset\TBX11K\imgs\sick\s2927.png
4,sick,s2249.png,G:\Ai-CDD\updated_class_tb_dataset\TBX11K\imgs\sick\s2249.png,sick,s4957.png,G:\Ai-CDD\updated_class_tb_dataset\TBX11K\imgs\sick\s4957.png
4,sick,s2252.png,G:\Ai-CDD\updated_class_tb_dataset\TBX11K\imgs\sick\s2252.png,sick,s2491.png,G:\Ai-CDD\updated_class_tb_dataset\TBX11K\imgs\sick\s2491.png
0,sick,s2252.png,G:\Ai-CDD\updated_class_tb_dataset\TBX11K\imgs\sick\s2252.png,sick,s3763.png,G:\Ai-CDD\updated_class_tb_dataset\TBX11K\imgs\sick\s3763.png
4,sick,s2252.png,G:\Ai-CDD\updated_class_tb_dataset\TBX11K\imgs\sick\s2252.png,sick,s4272.png,G:\Ai-CDD\updated_class_tb_dataset\TBX11K\imgs\sick\s4272.png
0,sick,s2268.png,G:\Ai-CDD\updated_class_tb_dataset\TBX11K\imgs\sick\s2268.png,sick,s2665.png,G:\Ai-CDD\updated_class_tb_dataset\TBX11K\imgs\sick\s2665.png
4,sick,s2291.png,G:\Ai-CDD\updated_class_tb_dataset\TBX11K\imgs\sick\s2291.png,sick,s2523.png,G:\Ai-CDD\updated_class_tb_dataset\TBX11K\imgs\sick\s2523.png
4,sick,s2291.png,G:\Ai-CDD\updated_class_tb_dataset\TBX11K\imgs\sick\s2291.png,sick,s2934.png,G:\Ai-CDD\updated_class_tb_dataset\TBX11K\imgs\sick\s2934.png
4,sick,s2291.png,G:\Ai-CDD\updated_class_tb_dataset\TBX11K\imgs\sick\s2291.png,sick,s3351.png,G:\Ai-CDD\updated_class_tb_dataset\TBX11K\imgs\sick\s3351.png
4,sick,s2291.png,G:\Ai-CDD\updated_class_tb_dataset\TBX11K\imgs\sick\s2291.png,sick,s4144.png,G:\Ai-CDD\updated_class_tb_dataset\TBX11K\imgs\sick\s4144.png
4,sick,s2291.png,G:\Ai-CDD\updated_class_tb_dataset\TBX11K\imgs\sick\s2291.png,sick,s4245.png,G:\Ai-CDD\updated_class_tb_dataset\TBX11K\imgs\sick\s4245.png
4,sick,s2293.png,G:\Ai-CDD\updated_class_tb_dataset\TBX11K\imgs\sick\s2293.png,sick,s3484.png,G:\Ai-CDD\updated_class_tb_dataset\TBX11K\imgs\sick\s3484.png
0,sick,s2293.png,G:\Ai-CDD\updated_class_tb_dataset\TBX11K\imgs\sick\s2293.png,sick,s4090.png,G:\Ai-CDD\updated_class_tb_dataset\TBX11K\imgs\sick\s4090.png
0,sick,s2311.png,G:\Ai-CDD\updated_class_tb_dataset\TBX11K\imgs\sick\s2311.png,sick,s4026.png,G:\Ai-CDD\updated_class_tb_dataset\TBX11K\imgs\sick\s4026.png
0,sick,s2322.png,G:\Ai-CDD\updated_class_tb_dataset\TBX11K\imgs\sick\s2322.png,sick,s4240.png,G:\Ai-CDD\updated_class_tb_dataset\TBX11K\imgs\sick\s4240.png
4,sick,s2329.png,G:\Ai-CDD\updated_class_tb_dataset\TBX11K\imgs\sick\s2329.png,sick,s4127.png,G:\Ai-CDD\updated_class_tb_dataset\TBX11K\imgs\sick\s4127.png
0,sick,s2333.png,G:\Ai-CDD\updated_class_tb_dataset\TBX11K\imgs\sick\s2333.png,sick,s4537.png,G:\Ai-CDD\updated_class_tb_dataset\TBX11K\imgs\sick\s4537.png
0,sick,s2339.png,G:\Ai-CDD\updated_class_tb_dataset\TBX11K\imgs\sick\s2339.png,sick,s3687.png,G:\Ai-CDD\updated_class_tb_dataset\TBX11K\imgs\sick\s3687.png
4,sick,s2356.png,G:\Ai-CDD\updated_class_tb_dataset\TBX11K\imgs\sick\s2356.png,sick,s4290.png,G:\Ai-CDD\updated_class_tb_dataset\TBX11K\imgs\sick\s4290.png
4,sick,s2358.png,G:\Ai-CDD\updated_class_tb_dataset\TBX11K\imgs\sick\s2358.png,sick,s3935.png,G:\Ai-CDD\updated_class_tb_dataset\TBX11K\imgs\sick\s3935.png
4,sick,s2358.png,G:\Ai-CDD\updated_class_tb_dataset\TBX11K\imgs\sick\s2358.png,tb,tb0833.png,G:\Ai-CDD\updated_class_tb_dataset\TBX11K\imgs\tb\tb0833.png
4,sick,s2362.png,G:\Ai-CDD\updated_class_tb_dataset\TBX11K\imgs\sick\s2362.png,sick,s2813.png,G:\Ai-CDD\updated_class_tb_dataset\TBX11K\imgs\sick\s2813.png
4,sick,s2362.png,G:\Ai-CDD\updated_class_tb_dataset\TBX11K\imgs\sick\s2362.png,sick,s3959.png,G:\Ai-CDD\updated_class_tb_dataset\TBX11K\imgs\sick\s3959.png
4,sick,s2362.png,G:\Ai-CDD\updated_class_tb_dataset\TBX11K\imgs\sick\s2362.png,sick,s4242.png,G:\Ai-CDD\updated_class_tb_dataset\TBX11K\imgs\sick\s4242.png
4,sick,s2362.png,G:\Ai-CDD\updated_class_tb_dataset\TBX11K\imgs\sick\s2362.png,sick,s4633.png,G:\Ai-CDD\updated_class_tb_dataset\TBX11K\imgs\sick\s4633.png
0,sick,s2400.png,G:\Ai-CDD\updated_class_tb_dataset\TBX11K\imgs\sick\s2400.png,sick,s4968.png,G:\Ai-CDD\updated_class_tb_dataset\TBX11K\imgs\sick\s4968.png
0,sick,s2410.png,G:\Ai-CDD\updated_class_tb_dataset\TBX11K\imgs\sick\s2410.png,sick,s3113.png,G:\Ai-CDD\updated_class_tb_dataset\TBX11K\imgs\sick\s3113.png
4,sick,s2410.png,G:\Ai-CDD\updated_class_tb_dataset\TBX11K\imgs\sick\s2410.png,sick,s3832.png,G:\Ai-CDD\updated_class_tb_dataset\TBX11K\imgs\sick\s3832.png
4,sick,s2410.png,G:\Ai-CDD\updated_class_tb_dataset\TBX11K\imgs\sick\s2410.png,sick,s4730.png,G:\Ai-CDD\updated_class_tb_dataset\TBX11K\imgs\sick\s4730.png
4,sick,s2413.png,G:\Ai-CDD\updated_class_tb_dataset\TBX11K\imgs\sick\s2413.png,sick,s3066.png,G:\Ai-CDD\updated_class_tb_dataset\TBX11K\imgs\sick\s3066.png
4,sick,s2413.png,G:\Ai-CDD\updated_class_tb_dataset\TBX11K\imgs\sick\s2413.png,sick,s3497.png,G:\Ai-CDD\updated_class_tb_dataset\TBX11K\imgs\sick\s3497.png
4,sick,s2413.png,G:\Ai-CDD\updated_class_tb_dataset\TBX11K\imgs\sick\s2413.png,sick,s3669.png,G:\Ai-CDD\updated_class_tb_dataset\TBX11K\imgs\sick\s3669.png
4,sick,s2413.png,G:\Ai-CDD\updated_class_tb_dataset\TBX11K\imgs\sick\s2413.png,sick,s4965.png,G:\Ai-CDD\updated_class_tb_dataset\TBX11K\imgs\sick\s4965.png
4,sick,s2415.png,G:\Ai-CDD\updated_class_tb_dataset\TBX11K\imgs\sick\s2415.png,sick,s3656.png,G:\Ai-CDD\updated_class_tb_dataset\TBX11K\imgs\sick\s3656.png
4,sick,s2422.png,G:\Ai-CDD\updated_class_tb_dataset\TBX11K\imgs\sick\s2422.png,sick,s2627.png,G:\Ai-CDD\updated_class_tb_dataset\TBX11K\imgs\sick\s2627.png
4,sick,s2432.png,G:\Ai-CDD\updated_class_tb_dataset\TBX11K\imgs\sick\s2432.png,sick,s3292.png,G:\Ai-CDD\updated_class_tb_dataset\TBX11K\imgs\sick\s3292.png
0,sick,s2432.png,G:\Ai-CDD\updated_class_tb_dataset\TBX11K\imgs\sick\s2432.png,sick,s3677.png,G:\Ai-CDD\updated_class_tb_dataset\TBX11K\imgs\sick\s3677.png
4,sick,s2449.png,G:\Ai-CDD\updated_class_tb_dataset\TBX11K\imgs\sick\s2449.png,sick,s2476.png,G:\Ai-CDD\updated_class_tb_dataset\TBX11K\imgs\sick\s2476.png
4,sick,s2449.png,G:\Ai-CDD\updated_class_tb_dataset\TBX11K\imgs\sick\s2449.png,sick,s2506.png,G:\Ai-CDD\updated_class_tb_dataset\TBX11K\imgs\sick\s2506.png
0,sick,s2456.png,G:\Ai-CDD\updated_class_tb_dataset\TBX11K\imgs\sick\s2456.png,sick,s2507.png,G:\Ai-CDD\updated_class_tb_dataset\TBX11K\imgs\sick\s2507.png
4,sick,s2459.png,G:\Ai-CDD\updated_class_tb_dataset\TBX11K\imgs\sick\s2459.png,tb,tb0332.png,G:\Ai-CDD\updated_class_tb_dataset\TBX11K\imgs\tb\tb0332.png
0,sick,s2464.png,G:\Ai-CDD\updated_class_tb_dataset\TBX11K\imgs\sick\s2464.png,sick,s3385.png,G:\Ai-CDD\updated_class_tb_dataset\TBX11K\imgs\sick\s3385.png
2,sick,s2488.png,G:\Ai-CDD\updated_class_tb_dataset\TBX11K\imgs\sick\s2488.png,sick,s3912.png,G:\Ai-CDD\updated_class_tb_dataset\TBX11K\imgs\sick\s3912.png
4,sick,s2491.png,G:\Ai-CDD\updated_class_tb_dataset\TBX11K\imgs\sick\s2491.png,sick,s3763.png,G:\Ai-CDD\updated_class_tb_dataset\TBX11K\imgs\sick\s3763.png
4,sick,s2508.png,G:\Ai-CDD\updated_class_tb_dataset\TBX11K\imgs\sick\s2508.png,sick,s3389.png,G:\Ai-CDD\updated_class_tb_dataset\TBX11K\imgs\sick\s3389.png
0,sick,s2508.png,G:\Ai-CDD\updated_class_tb_dataset\TBX11K\imgs\sick\s2508.png,sick,s4607.png,G:\Ai-CDD\updated_class_tb_dataset\TBX11K\imgs\sick\s4607.png
0,sick,s2515.png,G:\Ai-CDD\updated_class_tb_dataset\TBX11K\imgs\sick\s2515.png,sick,s3756.png,G:\Ai-CDD\updated_class_tb_dataset\TBX11K\imgs\sick\s3756.png
4,sick,s2523.png,G:\Ai-CDD\updated_class_tb_dataset\TBX11K\imgs\sick\s2523.png,sick,s4144.png,G:\Ai-CDD\updated_class_tb_dataset\TBX11K\imgs\sick\s4144.png
4,sick,s2534.png,G:\Ai-CDD\updated_class_tb_dataset\TBX11K\imgs\sick\s2534.png,sick,s4071.png,G:\Ai-CDD\updated_class_tb_dataset\TBX11K\imgs\sick\s4071.png
4,sick,s2534.png,G:\Ai-CDD\updated_class_tb_dataset\TBX11K\imgs\sick\s2534.png,tb,tb0212.png,G:\Ai-CDD\updated_class_tb_dataset\TBX11K\imgs\tb\tb0212.png
4,sick,s2537.png,G:\Ai-CDD\updated_class_tb_dataset\TBX11K\imgs\sick\s2537.png,sick,s4148.png,G:\Ai-CDD\updated_class_tb_dataset\TBX11K\imgs\sick\s4148.png
4,sick,s2544.png,G:\Ai-CDD\updated_class_tb_dataset\TBX11K\imgs\sick\s2544.png,sick,s3411.png,G:\Ai-CDD\updated_class_tb_dataset\TBX11K\imgs\sick\s3411.png
4,sick,s2544.png,G:\Ai-CDD\updated_class_tb_dataset\TBX11K\imgs\sick\s2544.png,sick,s4013.png,G:\Ai-CDD\updated_class_tb_dataset\TBX11K\imgs\sick\s4013.png
4,sick,s2548.png,G:\Ai-CDD\updated_class_tb_dataset\TBX11K\imgs\sick\s2548.png,sick,s3995.png,G:\Ai-CDD\updated_class_tb_dataset\TBX11K\imgs\sick\s3995.png
4,sick,s2548.png,G:\Ai-CDD\updated_class_tb_dataset\TBX11K\imgs\sick\s2548.png,tb,tb1011.png,G:\Ai-CDD\updated_class_tb_dataset\TBX11K\imgs\tb\tb1011.png
0,sick,s2550.png,G:\Ai-CDD\updated_class_tb_dataset\TBX11K\imgs\sick\s2550.png,sick,s4069.png,G:\Ai-CDD\updated_class_tb_dataset\TBX11K\imgs\sick\s4069.png
4,sick,s2558.png,G:\Ai-CDD\updated_class_tb_dataset\TBX11K\imgs\sick\s2558.png,sick,s4953.png,G:\Ai-CDD\updated_class_tb_dataset\TBX11K\imgs\sick\s4953.png
4,sick,s2560.png,G:\Ai-CDD\updated_class_tb_dataset\TBX11K\imgs\sick\s2560.png,sick,s4628.png,G:\Ai-CDD\updated_class_tb_dataset\TBX11K\imgs\sick\s4628.png
4,sick,s2564.png,G:\Ai-CDD\updated_class_tb_dataset\TBX11K\imgs\sick\s2564.png,sick,s2934.png,G:\Ai-CDD\updated_class_tb_dataset\TBX11K\imgs\sick\s2934.png
0,sick,s2578.png,G:\Ai-CDD\updated_class_tb_dataset\TBX11K\imgs\sick\s2578.png,sick,s4337.png,G:\Ai-CDD\updated_class_tb_dataset\TBX11K\imgs\sick\s4337.png
4,sick,s2589.png,G:\Ai-CDD\updated_class_tb_dataset\TBX11K\imgs\sick\s2589.png,sick,s3166.png,G:\Ai-CDD\updated_class_tb_dataset\TBX11K\imgs\sick\s3166.png
4,sick,s2589.png,G:\Ai-CDD\updated_class_tb_dataset\TBX11K\imgs\sick\s2589.png,sick,s4275.png,G:\Ai-CDD\updated_class_tb_dataset\TBX11K\imgs\sick\s4275.png
4,sick,s2597.png,G:\Ai-CDD\updated_class_tb_dataset\TBX11K\imgs\sick\s2597.png,sick,s4508.png,G:\Ai-CDD\updated_class_tb_dataset\TBX11K\imgs\sick\s4508.png
4,sick,s2597.png,G:\Ai-CDD\updated_class_tb_dataset\TBX11K\imgs\sick\s2597.png,tb,tb1031.png,G:\Ai-CDD\updated_class_tb_dataset\TBX11K\imgs\tb\tb1031.png
0,sick,s2607.png,G:\Ai-CDD\updated_class_tb_dataset\TBX11K\imgs\sick\s2607.png,sick,s3597.png,G:\Ai-CDD\updated_class_tb_dataset\TBX11K\imgs\sick\s3597.png
4,sick,s2611.png,G:\Ai-CDD\updated_class_tb_dataset\TBX11K\imgs\sick\s2611.png,sick,s4080.png,G:\Ai-CDD\updated_class_tb_dataset\TBX11K\imgs\sick\s4080.png
0,sick,s2649.png,G:\Ai-CDD\updated_class_tb_dataset\TBX11K\imgs\sick\s2649.png,sick,s4950.png,G:\Ai-CDD\updated_class_tb_dataset\TBX11K\imgs\sick\s4950.png
0,sick,s2669.png,G:\Ai-CDD\updated_class_tb_dataset\TBX11K\imgs\sick\s2669.png,sick,s4818.png,G:\Ai-CDD\updated_class_tb_dataset\TBX11K\imgs\sick\s4818.png
4,sick,s2671.png,G:\Ai-CDD\updated_class_tb_dataset\TBX11K\imgs\sick\s2671.png,sick,s4505.png,G:\Ai-CDD\updated_class_tb_dataset\TBX11K\imgs\sick\s4505.png
4,sick,s2671.png,G:\Ai-CDD\updated_class_tb_dataset\TBX11K\imgs\sick\s2671.png,tb,tb0305.png,G:\Ai-CDD\updated_class_tb_dataset\TBX11K\imgs\tb\tb0305.png
4,sick,s2691.png,G:\Ai-CDD\updated_class_tb_dataset\TBX11K\imgs\sick\s2691.png,sick,s4092.png,G:\Ai-CDD\updated_class_tb_dataset\TBX11K\imgs\sick\s4092.png
4,sick,s2719.png,G:\Ai-CDD\updated_class_tb_dataset\TBX11K\imgs\sick\s2719.png,sick,s3641.png,G:\Ai-CDD\updated_class_tb_dataset\TBX11K\imgs\sick\s3641.png
4,sick,s2720.png,G:\Ai-CDD\updated_class_tb_dataset\TBX11K\imgs\sick\s2720.png,sick,s2923.png,G:\Ai-CDD\updated_class_tb_dataset\TBX11K\imgs\sick\s2923.png
4,sick,s2720.png,G:\Ai-CDD\updated_class_tb_dataset\TBX11K\imgs\sick\s2720.png,sick,s4111.png,G:\Ai-CDD\updated_class_tb_dataset\TBX11K\imgs\sick\s4111.png
4,sick,s2720.png,G:\Ai-CDD\updated_class_tb_dataset\TBX11K\imgs\sick\s2720.png,tb,tb0425.png,G:\Ai-CDD\updated_class_tb_dataset\TBX11K\imgs\tb\tb0425.png
0,sick,s2739.png,G:\Ai-CDD\updated_class_tb_dataset\TBX11K\imgs\sick\s2739.png,sick,s4030.png,G:\Ai-CDD\updated_class_tb_dataset\TBX11K\imgs\sick\s4030.png
4,sick,s2747.png,G:\Ai-CDD\updated_class_tb_dataset\TBX11K\imgs\sick\s2747.png,sick,s4583.png,G:\Ai-CDD\updated_class_tb_dataset\TBX11K\imgs\sick\s4583.png
0,sick,s2757.png,G:\Ai-CDD\updated_class_tb_dataset\TBX11K\imgs\sick\s2757.png,sick,s2977.png,G:\Ai-CDD\updated_class_tb_dataset\TBX11K\imgs\sick\s2977.png
4,sick,s2757.png,G:\Ai-CDD\updated_class_tb_dataset\TBX11K\imgs\sick\s2757.png,sick,s4579.png,G:\Ai-CDD\updated_class_tb_dataset\TBX11K\imgs\sick\s4579.png
4,sick,s2757.png,G:\Ai-CDD\updated_class_tb_dataset\TBX11K\imgs\sick\s2757.png,sick,s4932.png,G:\Ai-CDD\updated_class_tb_dataset\TBX11K\imgs\sick\s4932.png
4,sick,s2767.png,G:\Ai-CDD\updated_class_tb_dataset\TBX11K\imgs\sick\s2767.png,tb,tb0319.png,G:\Ai-CDD\updated_class_tb_dataset\TBX11K\imgs\tb\tb0319.png
4,sick,s2770.png,G:\Ai-CDD\updated_class_tb_dataset\TBX11K\imgs\sick\s2770.png,sick,s3166.png,G:\Ai-CDD\updated_class_tb_dataset\TBX11K\imgs\sick\s3166.png
4,sick,s2777.png,G:\Ai-CDD\updated_class_tb_dataset\TBX11K\imgs\sick\s2777.png,sick,s4152.png,G:\Ai-CDD\updated_class_tb_dataset\TBX11K\imgs\sick\s4152.png
4,sick,s2777.png,G:\Ai-CDD\updated_class_tb_dataset\TBX11K\imgs\sick\s2777.png,sick,s4296.png,G:\Ai-CDD\updated_class_tb_dataset\TBX11K\imgs\sick\s4296.png
4,sick,s2810.png,G:\Ai-CDD\updated_class_tb_dataset\TBX11K\imgs\sick\s2810.png,sick,s2987.png,G:\Ai-CDD\updated_class_tb_dataset\TBX11K\imgs\sick\s2987.png
4,sick,s2826.png,G:\Ai-CDD\updated_class_tb_dataset\TBX11K\imgs\sick\s2826.png,sick,s3237.png,G:\Ai-CDD\updated_class_tb_dataset\TBX11K\imgs\sick\s3237.png
0,sick,s2831.png,G:\Ai-CDD\updated_class_tb_dataset\TBX11K\imgs\sick\s2831.png,sick,s4411.png,G:\Ai-CDD\updated_class_tb_dataset\TBX11K\imgs\sick\s4411.png
0,sick,s2833.png,G:\Ai-CDD\updated_class_tb_dataset\TBX11K\imgs\sick\s2833.png,sick,s2932.png,G:\Ai-CDD\updated_class_tb_dataset\TBX11K\imgs\sick\s2932.png
2,sick,s2840.png,G:\Ai-CDD\updated_class_tb_dataset\TBX11K\imgs\sick\s2840.png,sick,s3266.png,G:\Ai-CDD\updated_class_tb_dataset\TBX11K\imgs\sick\s3266.png
4,sick,s2856.png,G:\Ai-CDD\updated_class_tb_dataset\TBX11K\imgs\sick\s2856.png,sick,s3036.png,G:\Ai-CDD\updated_class_tb_dataset\TBX11K\imgs\sick\s3036.png
4,sick,s2856.png,G:\Ai-CDD\updated_class_tb_dataset\TBX11K\imgs\sick\s2856.png,sick,s3937.png,G:\Ai-CDD\updated_class_tb_dataset\TBX11K\imgs\sick\s3937.png
4,sick,s2857.png,G:\Ai-CDD\updated_class_tb_dataset\TBX11K\imgs\sick\s2857.png,sick,s4111.png,G:\Ai-CDD\updated_class_tb_dataset\TBX11K\imgs\sick\s4111.png
0,sick,s2884.png,G:\Ai-CDD\updated_class_tb_dataset\TBX11K\imgs\sick\s2884.png,sick,s2993.png,G:\Ai-CDD\updated_class_tb_dataset\TBX11K\imgs\sick\s2993.png
4,sick,s2898.png,G:\Ai-CDD\updated_class_tb_dataset\TBX11K\imgs\sick\s2898.png,sick,s3350.png,G:\Ai-CDD\updated_class_tb_dataset\TBX11K\imgs\sick\s3350.png
4,sick,s2898.png,G:\Ai-CDD\updated_class_tb_dataset\TBX11K\imgs\sick\s2898.png,tb,tb0305.png,G:\Ai-CDD\updated_class_tb_dataset\TBX11K\imgs\tb\tb0305.png
4,sick,s2907.png,G:\Ai-CDD\updated_class_tb_dataset\TBX11K\imgs\sick\s2907.png,sick,s4105.png,G:\Ai-CDD\updated_class_tb_dataset\TBX11K\imgs\sick\s4105.png
4,sick,s2913.png,G:\Ai-CDD\updated_class_tb_dataset\TBX11K\imgs\sick\s2913.png,sick,s3151.png,G:\Ai-CDD\updated_class_tb_dataset\TBX11K\imgs\sick\s3151.png
4,sick,s2913.png,G:\Ai-CDD\updated_class_tb_dataset\TBX11K\imgs\sick\s2913.png,sick,s3166.png,G:\Ai-CDD\updated_class_tb_dataset\TBX11K\imgs\sick\s3166.png
4,sick,s2919.png,G:\Ai-CDD\updated_class_tb_dataset\TBX11K\imgs\sick\s2919.png,tb,tb0390.png,G:\Ai-CDD\updated_class_tb_dataset\TBX11K\imgs\tb\tb0390.png
4,sick,s2941.png,G:\Ai-CDD\updated_class_tb_dataset\TBX11K\imgs\sick\s2941.png,tb,tb0286.png,G:\Ai-CDD\updated_class_tb_dataset\TBX11K\imgs\tb\tb0286.png
0,sick,s2945.png,G:\Ai-CDD\updated_class_tb_dataset\TBX11K\imgs\sick\s2945.png,sick,s4702.png,G:\Ai-CDD\updated_class_tb_dataset\TBX11K\imgs\sick\s4702.png
4,sick,s2952.png,G:\Ai-CDD\updated_class_tb_dataset\TBX11K\imgs\sick\s2952.png,sick,s3664.png,G:\Ai-CDD\updated_class_tb_dataset\TBX11K\imgs\sick\s3664.png
4,sick,s2958.png,G:\Ai-CDD\updated_class_tb_dataset\TBX11K\imgs\sick\s2958.png,tb,tb1031.png,G:\Ai-CDD\updated_class_tb_dataset\TBX11K\imgs\tb\tb1031.png
4,sick,s2977.png,G:\Ai-CDD\updated_class_tb_dataset\TBX11K\imgs\sick\s2977.png,sick,s4579.png,G:\Ai-CDD\updated_class_tb_dataset\TBX11K\imgs\sick\s4579.png
4,sick,s2977.png,G:\Ai-CDD\updated_class_tb_dataset\TBX11K\imgs\sick\s2977.png,sick,s4932.png,G:\Ai-CDD\updated_class_tb_dataset\TBX11K\imgs\sick\s4932.png
4,sick,s3011.png,G:\Ai-CDD\updated_class_tb_dataset\TBX11K\imgs\sick\s3011.png,sick,s4093.png,G:\Ai-CDD\updated_class_tb_dataset\TBX11K\imgs\sick\s4093.png
4,sick,s3049.png,G:\Ai-CDD\updated_class_tb_dataset\TBX11K\imgs\sick\s3049.png,sick,s4583.png,G:\Ai-CDD\updated_class_tb_dataset\TBX11K\imgs\sick\s4583.png
0,sick,s3050.png,G:\Ai-CDD\updated_class_tb_dataset\TBX11K\imgs\sick\s3050.png,sick,s4626.png,G:\Ai-CDD\updated_class_tb_dataset\TBX11K\imgs\sick\s4626.png
4,sick,s3066.png,G:\Ai-CDD\updated_class_tb_dataset\TBX11K\imgs\sick\s3066.png,sick,s4092.png,G:\Ai-CDD\updated_class_tb_dataset\TBX11K\imgs\sick\s4092.png
4,sick,s3075.png,G:\Ai-CDD\updated_class_tb_dataset\TBX11K\imgs\sick\s3075.png,sick,s4393.png,G:\Ai-CDD\updated_class_tb_dataset\TBX11K\imgs\sick\s4393.png
4,sick,s3079.png,G:\Ai-CDD\updated_class_tb_dataset\TBX11K\imgs\sick\s3079.png,sick,s3931.png,G:\Ai-CDD\updated_class_tb_dataset\TBX11K\imgs\sick\s3931.png
4,sick,s3113.png,G:\Ai-CDD\updated_class_tb_dataset\TBX11K\imgs\sick\s3113.png,sick,s3832.png,G:\Ai-CDD\updated_class_tb_dataset\TBX11K\imgs\sick\s3832.png
4,sick,s3113.png,G:\Ai-CDD\updated_class_tb_dataset\TBX11K\imgs\sick\s3113.png,sick,s4730.png,G:\Ai-CDD\updated_class_tb_dataset\TBX11K\imgs\sick\s4730.png
4,sick,s3117.png,G:\Ai-CDD\updated_class_tb_dataset\TBX11K\imgs\sick\s3117.png,sick,s3919.png,G:\Ai-CDD\updated_class_tb_dataset\TBX11K\imgs\sick\s3919.png
4,sick,s3126.png,G:\Ai-CDD\updated_class_tb_dataset\TBX11K\imgs\sick\s3126.png,tb,tb0050.png,G:\Ai-CDD\updated_class_tb_dataset\TBX11K\imgs\tb\tb0050.png
4,sick,s3126.png,G:\Ai-CDD\updated_class_tb_dataset\TBX11K\imgs\sick\s3126.png,tb,tb0322.png,G:\Ai-CDD\updated_class_tb_dataset\TBX11K\imgs\tb\tb0322.png
4,sick,s3126.png,G:\Ai-CDD\updated_class_tb_dataset\TBX11K\imgs\sick\s3126.png,tb,tb0425.png,G:\Ai-CDD\updated_class_tb_dataset\TBX11K\imgs\tb\tb0425.png
4,sick,s3138.png,G:\Ai-CDD\updated_class_tb_dataset\TBX11K\imgs\sick\s3138.png,sick,s3497.png,G:\Ai-CDD\updated_class_tb_dataset\TBX11K\imgs\sick\s3497.png
4,sick,s3146.png,G:\Ai-CDD\updated_class_tb_dataset\TBX11K\imgs\sick\s3146.png,sick,s3551.png,G:\Ai-CDD\updated_class_tb_dataset\TBX11K\imgs\sick\s3551.png
4,sick,s3158.png,G:\Ai-CDD\updated_class_tb_dataset\TBX11K\imgs\sick\s3158.png,sick,s4092.png,G:\Ai-CDD\updated_class_tb_dataset\TBX11K\imgs\sick\s4092.png
4,sick,s3166.png,G:\Ai-CDD\updated_class_tb_dataset\TBX11K\imgs\sick\s3166.png,sick,s4275.png,G:\Ai-CDD\updated_class_tb_dataset\TBX11K\imgs\sick\s4275.png
4,sick,s3177.png,G:\Ai-CDD\updated_class_tb_dataset\TBX11K\imgs\sick\s3177.png,sick,s4774.png,G:\Ai-CDD\updated_class_tb_dataset\TBX11K\imgs\sick\s4774.png
4,sick,s3179.png,G:\Ai-CDD\updated_class_tb_dataset\TBX11K\imgs\sick\s3179.png,sick,s4111.png,G:\Ai-CDD\updated_class_tb_dataset\TBX11K\imgs\sick\s4111.png
4,sick,s3183.png,G:\Ai-CDD\updated_class_tb_dataset\TBX11K\imgs\sick\s3183.png,sick,s4718.png,G:\Ai-CDD\updated_class_tb_dataset\TBX11K\imgs\sick\s4718.png
4,sick,s3241.png,G:\Ai-CDD\updated_class_tb_dataset\TBX11K\imgs\sick\s3241.png,sick,s3955.png,G:\Ai-CDD\updated_class_tb_dataset\TBX11K\imgs\sick\s3955.png
4,sick,s3241.png,G:\Ai-CDD\updated_class_tb_dataset\TBX11K\imgs\sick\s3241.png,sick,s4508.png,G:\Ai-CDD\updated_class_tb_dataset\TBX11K\imgs\sick\s4508.png
4,sick,s3250.png,G:\Ai-CDD\updated_class_tb_dataset\TBX11K\imgs\sick\s3250.png,sick,s4313.png,G:\Ai-CDD\updated_class_tb_dataset\TBX11K\imgs\sick\s4313.png
4,sick,s3261.png,G:\Ai-CDD\updated_class_tb_dataset\TBX11K\imgs\sick\s3261.png,sick,s3855.png,G:\Ai-CDD\updated_class_tb_dataset\TBX11K\imgs\sick\s3855.png
4,sick,s3273.png,G:\Ai-CDD\updated_class_tb_dataset\TBX11K\imgs\sick\s3273.png,tb,tb1010.png,G:\Ai-CDD\updated_class_tb_dataset\TBX11K\imgs\tb\tb1010.png
4,sick,s3285.png,G:\Ai-CDD\updated_class_tb_dataset\TBX11K\imgs\sick\s3285.png,sick,s3453.png,G:\Ai-CDD\updated_class_tb_dataset\TBX11K\imgs\sick\s3453.png
4,sick,s3285.png,G:\Ai-CDD\updated_class_tb_dataset\TBX11K\imgs\sick\s3285.png,sick,s4758.png,G:\Ai-CDD\updated_class_tb_dataset\TBX11K\imgs\sick\s4758.png
4,sick,s3285.png,G:\Ai-CDD\updated_class_tb_dataset\TBX11K\imgs\sick\s3285.png,tb,tb0766.png,G:\Ai-CDD\updated_class_tb_dataset\TBX11K\imgs\tb\tb0766.png
2,sick,s3287.png,G:\Ai-CDD\updated_class_tb_dataset\TBX11K\imgs\sick\s3287.png,sick,s4231.png,G:\Ai-CDD\updated_class_tb_dataset\TBX11K\imgs\sick\s4231.png
4,sick,s3287.png,G:\Ai-CDD\updated_class_tb_dataset\TBX11K\imgs\sick\s3287.png,sick,s4851.png,G:\Ai-CDD\updated_class_tb_dataset\TBX11K\imgs\sick\s4851.png
4,sick,s3292.png,G:\Ai-CDD\updated_class_tb_dataset\TBX11K\imgs\sick\s3292.png,sick,s3677.png,G:\Ai-CDD\updated_class_tb_dataset\TBX11K\imgs\sick\s3677.png
0,sick,s3322.png,G:\Ai-CDD\updated_class_tb_dataset\TBX11K\imgs\sick\s3322.png,sick,s3438.png,G:\Ai-CDD\updated_class_tb_dataset\TBX11K\imgs\sick\s3438.png
4,sick,s3330.png,G:\Ai-CDD\updated_class_tb_dataset\TBX11K\imgs\sick\s3330.png,sick,s4583.png,G:\Ai-CDD\updated_class_tb_dataset\TBX11K\imgs\sick\s4583.png
0,sick,s3346.png,G:\Ai-CDD\updated_class_tb_dataset\TBX11K\imgs\sick\s3346.png,sick,s4112.png,G:\Ai-CDD\updated_class_tb_dataset\TBX11K\imgs\sick\s4112.png
2,sick,s3346.png,G:\Ai-CDD\updated_class_tb_dataset\TBX11K\imgs\sick\s3346.png,sick,s4647.png,G:\Ai-CDD\updated_class_tb_dataset\TBX11K\imgs\sick\s4647.png
4,sick,s3346.png,G:\Ai-CDD\updated_class_tb_dataset\TBX11K\imgs\sick\s3346.png,sick,s4957.png,G:\Ai-CDD\updated_class_tb_dataset\TBX11K\imgs\sick\s4957.png
4,sick,s3350.png,G:\Ai-CDD\updated_class_tb_dataset\TBX11K\imgs\sick\s3350.png,tb,tb0305.png,G:\Ai-CDD\updated_class_tb_dataset\TBX11K\imgs\tb\tb0305.png
4,sick,s3351.png,G:\Ai-CDD\updated_class_tb_dataset\TBX11K\imgs\sick\s3351.png,sick,s4144.png,G:\Ai-CDD\updated_class_tb_dataset\TBX11K\imgs\sick\s4144.png
0,sick,s3352.png,G:\Ai-CDD\updated_class_tb_dataset\TBX11K\imgs\sick\s3352.png,sick,s4748.png,G:\Ai-CDD\updated_class_tb_dataset\TBX11K\imgs\sick\s4748.png
4,sick,s3389.png,G:\Ai-CDD\updated_class_tb_dataset\TBX11K\imgs\sick\s3389.png,sick,s3832.png,G:\Ai-CDD\updated_class_tb_dataset\TBX11K\imgs\sick\s3832.png
4,sick,s3389.png,G:\Ai-CDD\updated_class_tb_dataset\TBX11K\imgs\sick\s3389.png,sick,s4607.png,G:\Ai-CDD\updated_class_tb_dataset\TBX11K\imgs\sick\s4607.png
4,sick,s3411.png,G:\Ai-CDD\updated_class_tb_dataset\TBX11K\imgs\sick\s3411.png,sick,s4013.png,G:\Ai-CDD\updated_class_tb_dataset\TBX11K\imgs\sick\s4013.png
0,sick,s3430.png,G:\Ai-CDD\updated_class_tb_dataset\TBX11K\imgs\sick\s3430.png,sick,s3648.png,G:\Ai-CDD\updated_class_tb_dataset\TBX11K\imgs\sick\s3648.png
4,sick,s3453.png,G:\Ai-CDD\updated_class_tb_dataset\TBX11K\imgs\sick\s3453.png,sick,s3488.png,G:\Ai-CDD\updated_class_tb_dataset\TBX11K\imgs\sick\s3488.png
4,sick,s3453.png,G:\Ai-CDD\updated_class_tb_dataset\TBX11K\imgs\sick\s3453.png,sick,s4758.png,G:\Ai-CDD\updated_class_tb_dataset\TBX11K\imgs\sick\s4758.png
4,sick,s3453.png,G:\Ai-CDD\updated_class_tb_dataset\TBX11K\imgs\sick\s3453.png,tb,tb0284.png,G:\Ai-CDD\updated_class_tb_dataset\TBX11K\imgs\tb\tb0284.png
0,sick,s3454.png,G:\Ai-CDD\updated_class_tb_dataset\TBX11K\imgs\sick\s3454.png,sick,s3786.png,G:\Ai-CDD\updated_class_tb_dataset\TBX11K\imgs\sick\s3786.png
4,sick,s3484.png,G:\Ai-CDD\updated_class_tb_dataset\TBX11K\imgs\sick\s3484.png,sick,s4090.png,G:\Ai-CDD\updated_class_tb_dataset\TBX11K\imgs\sick\s4090.png
4,sick,s3484.png,G:\Ai-CDD\updated_class_tb_dataset\TBX11K\imgs\sick\s3484.png,tb,tb0477.png,G:\Ai-CDD\updated_class_tb_dataset\TBX11K\imgs\tb\tb0477.png
4,sick,s3489.png,G:\Ai-CDD\updated_class_tb_dataset\TBX11K\imgs\sick\s3489.png,sick,s4092.png,G:\Ai-CDD\updated_class_tb_dataset\TBX11K\imgs\sick\s4092.png
4,sick,s3495.png,G:\Ai-CDD\updated_class_tb_dataset\TBX11K\imgs\sick\s3495.png,sick,s4394.png,G:\Ai-CDD\updated_class_tb_dataset\TBX11K\imgs\sick\s4394.png
0,sick,s3503.png,G:\Ai-CDD\updated_class_tb_dataset\TBX11K\imgs\sick\s3503.png,sick,s4248.png,G:\Ai-CDD\updated_class_tb_dataset\TBX11K\imgs\sick\s4248.png
2,sick,s3544.png,G:\Ai-CDD\updated_class_tb_dataset\TBX11K\imgs\sick\s3544.png,tb,tb0037.png,G:\Ai-CDD\updated_class_tb_dataset\TBX11K\imgs\tb\tb0037.png
4,sick,s3547.png,G:\Ai-CDD\updated_class_tb_dataset\TBX11K\imgs\sick\s3547.png,sick,s3935.png,G:\Ai-CDD\updated_class_tb_dataset\TBX11K\imgs\sick\s3935.png
2,sick,s3547.png,G:\Ai-CDD\updated_class_tb_dataset\TBX11K\imgs\sick\s3547.png,tb,tb0236.png,G:\Ai-CDD\updated_class_tb_dataset\TBX11K\imgs\tb\tb0236.png
4,sick,s3547.png,G:\Ai-CDD\updated_class_tb_dataset\TBX11K\imgs\sick\s3547.png,tb,tb0520.png,G:\Ai-CDD\updated_class_tb_dataset\TBX11K\imgs\tb\tb0520.png
0,sick,s3610.png,G:\Ai-CDD\updated_class_tb_dataset\TBX11K\imgs\sick\s3610.png,sick,s3977.png,G:\Ai-CDD\updated_class_tb_dataset\TBX11K\imgs\sick\s3977.png
4,sick,s3647.png,G:\Ai-CDD\updated_class_tb_dataset\TBX11K\imgs\sick\s3647.png,sick,s3807.png,G:\Ai-CDD\updated_class_tb_dataset\TBX11K\imgs\sick\s3807.png
4,sick,s3647.png,G:\Ai-CDD\updated_class_tb_dataset\TBX11K\imgs\sick\s3647.png,sick,s3918.png,G:\Ai-CDD\updated_class_tb_dataset\TBX11K\imgs\sick\s3918.png
4,sick,s3661.png,G:\Ai-CDD\updated_class_tb_dataset\TBX11K\imgs\sick\s3661.png,sick,s4650.png,G:\Ai-CDD\updated_class_tb_dataset\TBX11K\imgs\sick\s4650.png
4,sick,s3664.png,G:\Ai-CDD\updated_class_tb_dataset\TBX11K\imgs\sick\s3664.png,sick,s4242.png,G:\Ai-CDD\updated_class_tb_dataset\TBX11K\imgs\sick\s4242.png
4,sick,s3668.png,G:\Ai-CDD\updated_class_tb_dataset\TBX11K\imgs\sick\s3668.png,tb,tb1003.png,G:\Ai-CDD\updated_class_tb_dataset\TBX11K\imgs\tb\tb1003.png
4,sick,s3669.png,G:\Ai-CDD\updated_class_tb_dataset\TBX11K\imgs\sick\s3669.png,tb,tb0349.png,G:\Ai-CDD\updated_class_tb_dataset\TBX11K\imgs\tb\tb0349.png
4,sick,s3670.png,G:\Ai-CDD\updated_class_tb_dataset\TBX11K\imgs\sick\s3670.png,tb,tb0425.png,G:\Ai-CDD\updated_class_tb_dataset\TBX11K\imgs\tb\tb0425.png
4,sick,s3672.png,G:\Ai-CDD\updated_class_tb_dataset\TBX11K\imgs\sick\s3672.png,sick,s4318.png,G:\Ai-CDD\updated_class_tb_dataset\TBX11K\imgs\sick\s4318.png
4,sick,s3672.png,G:\Ai-CDD\updated_class_tb_dataset\TBX11K\imgs\sick\s3672.png,sick,s4678.png,G:\Ai-CDD\updated_class_tb_dataset\TBX11K\imgs\sick\s4678.png
0,sick,s3710.png,G:\Ai-CDD\updated_class_tb_dataset\TBX11K\imgs\sick\s3710.png,sick,s4279.png,G:\Ai-CDD\updated_class_tb_dataset\TBX11K\imgs\sick\s4279.png
0,sick,s3758.png,G:\Ai-CDD\updated_class_tb_dataset\TBX11K\imgs\sick\s3758.png,sick,s4110.png,G:\Ai-CDD\updated_class_tb_dataset\TBX11K\imgs\sick\s4110.png
4,sick,s3758.png,G:\Ai-CDD\updated_class_tb_dataset\TBX11K\imgs\sick\s3758.png,sick,s4358.png,G:\Ai-CDD\updated_class_tb_dataset\TBX11K\imgs\sick\s4358.png
4,sick,s3763.png,G:\Ai-CDD\updated_class_tb_dataset\TBX11K\imgs\sick\s3763.png,sick,s4272.png,G:\Ai-CDD\updated_class_tb_dataset\TBX11K\imgs\sick\s4272.png
4,sick,s3791.png,G:\Ai-CDD\updated_class_tb_dataset\TBX11K\imgs\sick\s3791.png,sick,s4965.png,G:\Ai-CDD\updated_class_tb_dataset\TBX11K\imgs\sick\s4965.png
4,sick,s3807.png,G:\Ai-CDD\updated_class_tb_dataset\TBX11K\imgs\sick\s3807.png,sick,s3918.png,G:\Ai-CDD\updated_class_tb_dataset\TBX11K\imgs\sick\s3918.png
0,sick,s3816.png,G:\Ai-CDD\updated_class_tb_dataset\TBX11K\imgs\sick\s3816.png,sick,s4749.png,G:\Ai-CDD\updated_class_tb_dataset\TBX11K\imgs\sick\s4749.png
4,sick,s3817.png,G:\Ai-CDD\updated_class_tb_dataset\TBX11K\imgs\sick\s3817.png,sick,s4290.png,G:\Ai-CDD\updated_class_tb_dataset\TBX11K\imgs\sick\s4290.png
0,sick,s3838.png,G:\Ai-CDD\updated_class_tb_dataset\TBX11K\imgs\sick\s3838.png,sick,s3921.png,G:\Ai-CDD\updated_class_tb_dataset\TBX11K\imgs\sick\s3921.png
0,sick,s3839.png,G:\Ai-CDD\updated_class_tb_dataset\TBX11K\imgs\sick\s3839.png,sick,s3902.png,G:\Ai-CDD\updated_class_tb_dataset\TBX11K\imgs\sick\s3902.png
4,sick,s3874.png,G:\Ai-CDD\updated_class_tb_dataset\TBX11K\imgs\sick\s3874.png,tb,tb0702.png,G:\Ai-CDD\updated_class_tb_dataset\TBX11K\imgs\tb\tb0702.png
4,sick,s3887.png,G:\Ai-CDD\updated_class_tb_dataset\TBX11K\imgs\sick\s3887.png,tb,tb0479.png,G:\Ai-CDD\updated_class_tb_dataset\TBX11K\imgs\tb\tb0479.png
0,sick,s3895.png,G:\Ai-CDD\updated_class_tb_dataset\TBX11K\imgs\sick\s3895.png,sick,s4809.png,G:\Ai-CDD\updated_class_tb_dataset\TBX11K\imgs\sick\s4809.png
4,sick,s3931.png,G:\Ai-CDD\updated_class_tb_dataset\TBX11K\imgs\sick\s3931.png,sick,s4496.png,G:\Ai-CDD\updated_class_tb_dataset\TBX11K\imgs\sick\s4496.png
4,sick,s3955.png,G:\Ai-CDD\updated_class_tb_dataset\TBX11K\imgs\sick\s3955.png,sick,s3984.png,G:\Ai-CDD\updated_class_tb_dataset\TBX11K\imgs\sick\s3984.png
4,sick,s3970.png,G:\Ai-CDD\updated_class_tb_dataset\TBX11K\imgs\sick\s3970.png,tb,tb0084.png,G:\Ai-CDD\updated_class_tb_dataset\TBX11K\imgs\tb\tb0084.png
0,sick,s4018.png,G:\Ai-CDD\updated_class_tb_dataset\TBX11K\imgs\sick\s4018.png,sick,s4576.png,G:\Ai-CDD\updated_class_tb_dataset\TBX11K\imgs\sick\s4576.png
4,sick,s4020.png,G:\Ai-CDD\updated_class_tb_dataset\TBX11K\imgs\sick\s4020.png,sick,s4787.png,G:\Ai-CDD\updated_class_tb_dataset\TBX11K\imgs\sick\s4787.png
0,sick,s4089.png,G:\Ai-CDD\updated_class_tb_dataset\TBX11K\imgs\sick\s4089.png,sick,s4567.png,G:\Ai-CDD\updated_class_tb_dataset\TBX11K\imgs\sick\s4567.png
4,sick,s4110.png,G:\Ai-CDD\updated_class_tb_dataset\TBX11K\imgs\sick\s4110.png,sick,s4358.png,G:\Ai-CDD\updated_class_tb_dataset\TBX11K\imgs\sick\s4358.png
4,sick,s4111.png,G:\Ai-CDD\updated_class_tb_dataset\TBX11K\imgs\sick\s4111.png,tb,tb0286.png,G:\Ai-CDD\updated_class_tb_dataset\TBX11K\imgs\tb\tb0286.png
4,sick,s4111.png,G:\Ai-CDD\updated_class_tb_dataset\TBX11K\imgs\sick\s4111.png,tb,tb0425.png,G:\Ai-CDD\updated_class_tb_dataset\TBX11K\imgs\tb\tb0425.png
2,sick,s4112.png,G:\Ai-CDD\updated_class_tb_dataset\TBX11K\imgs\sick\s4112.png,sick,s4647.png,G:\Ai-CDD\updated_class_tb_dataset\TBX11K\imgs\sick\s4647.png
4,sick,s4112.png,G:\Ai-CDD\updated_class_tb_dataset\TBX11K\imgs\sick\s4112.png,sick,s4957.png,G:\Ai-CDD\updated_class_tb_dataset\TBX11K\imgs\sick\s4957.png
4,sick,s4118.png,G:\Ai-CDD\updated_class_tb_dataset\TBX11K\imgs\sick\s4118.png,sick,s4869.png,G:\Ai-CDD\updated_class_tb_dataset\TBX11K\imgs\sick\s4869.png
0,sick,s4125.png,G:\Ai-CDD\updated_class_tb_dataset\TBX11K\imgs\sick\s4125.png,sick,s4217.png,G:\Ai-CDD\updated_class_tb_dataset\TBX11K\imgs\sick\s4217.png
4,sick,s4127.png,G:\Ai-CDD\updated_class_tb_dataset\TBX11K\imgs\sick\s4127.png,sick,s4583.png,G:\Ai-CDD\updated_class_tb_dataset\TBX11K\imgs\sick\s4583.png
4,sick,s4140.png,G:\Ai-CDD\updated_class_tb_dataset\TBX11K\imgs\sick\s4140.png,tb,tb0298.png,G:\Ai-CDD\updated_class_tb_dataset\TBX11K\imgs\tb\tb0298.png
4,sick,s4144.png,G:\Ai-CDD\updated_class_tb_dataset\TBX11K\imgs\sick\s4144.png,sick,s4245.png,G:\Ai-CDD\updated_class_tb_dataset\TBX11K\imgs\sick\s4245.png
4,sick,s4152.png,G:\Ai-CDD\updated_class_tb_dataset\TBX11K\imgs\sick\s4152.png,tb,tb0479.png,G:\Ai-CDD\updated_class_tb_dataset\TBX11K\imgs\tb\tb0479.png
4,sick,s4186.png,G:\Ai-CDD\updated_class_tb_dataset\TBX11K\imgs\sick\s4186.png,tb,tb0425.png,G:\Ai-CDD\updated_class_tb_dataset\TBX11K\imgs\tb\tb0425.png
4,sick,s4231.png,G:\Ai-CDD\updated_class_tb_dataset\TBX11K\imgs\sick\s4231.png,tb,tb0676.png,G:\Ai-CDD\updated_class_tb_dataset\TBX11K\imgs\tb\tb0676.png
4,sick,s4242.png,G:\Ai-CDD\updated_class_tb_dataset\TBX11K\imgs\sick\s4242.png,sick,s4306.png,G:\Ai-CDD\updated_class_tb_dataset\TBX11K\imgs\sick\s4306.png
4,sick,s4272.png,G:\Ai-CDD\updated_class_tb_dataset\TBX11K\imgs\sick\s4272.png,tb,tb0300.png,G:\Ai-CDD\updated_class_tb_dataset\TBX11K\imgs\tb\tb0300.png
4,sick,s4272.png,G:\Ai-CDD\updated_class_tb_dataset\TBX11K\imgs\sick\s4272.png,tb,tb0386.png,G:\Ai-CDD\updated_class_tb_dataset\TBX11K\imgs\tb\tb0386.png
4,sick,s4275.png,G:\Ai-CDD\updated_class_tb_dataset\TBX11K\imgs\sick\s4275.png,sick,s4524.png,G:\Ai-CDD\updated_class_tb_dataset\TBX11K\imgs\sick\s4524.png
4,sick,s4290.png,G:\Ai-CDD\updated_class_tb_dataset\TBX11K\imgs\sick\s4290.png,sick,s4306.png,G:\Ai-CDD\updated_class_tb_dataset\TBX11K\imgs\sick\s4306.png
4,sick,s4309.png,G:\Ai-CDD\updated_class_tb_dataset\TBX11K\imgs\sick\s4309.png,tb,tb1023.png,G:\Ai-CDD\updated_class_tb_dataset\TBX11K\imgs\tb\tb1023.png
0,sick,s4318.png,G:\Ai-CDD\updated_class_tb_dataset\TBX11K\imgs\sick\s4318.png,sick,s4678.png,G:\Ai-CDD\updated_class_tb_dataset\TBX11K\imgs\sick\s4678.png
4,sick,s4318.png,G:\Ai-CDD\updated_class_tb_dataset\TBX11K\imgs\sick\s4318.png,tb,tb0826.png,G:\Ai-CDD\updated_class_tb_dataset\TBX11K\imgs\tb\tb0826.png
0,sick,s4402.png,G:\Ai-CDD\updated_class_tb_dataset\TBX11K\imgs\sick\s4402.png,sick,s4862.png,G:\Ai-CDD\updated_class_tb_dataset\TBX11K\imgs\sick\s4862.png
0,sick,s4407.png,G:\Ai-CDD\updated_class_tb_dataset\TBX11K\imgs\sick\s4407.png,sick,s4976.png,G:\Ai-CDD\updated_class_tb_dataset\TBX11K\imgs\sick\s4976.png
4,sick,s4417.png,G:\Ai-CDD\updated_class_tb_dataset\TBX11K\imgs\sick\s4417.png,tb,tb0558.png,G:\Ai-CDD\updated_class_tb_dataset\TBX11K\imgs\tb\tb0558.png
2,sick,s4423.png,G:\Ai-CDD\updated_class_tb_dataset\TBX11K\imgs\sick\s4423.png,tb,tb1148.png,G:\Ai-CDD\updated_class_tb_dataset\TBX11K\imgs\tb\tb1148.png
4,sick,s4476.png,G:\Ai-CDD\updated_class_tb_dataset\TBX11K\imgs\sick\s4476.png,tb,tb0352.png,G:\Ai-CDD\updated_class_tb_dataset\TBX11K\imgs\tb\tb0352.png
4,sick,s4486.png,G:\Ai-CDD\updated_class_tb_dataset\TBX11K\imgs\sick\s4486.png,sick,s4521.png,G:\Ai-CDD\updated_class_tb_dataset\TBX11K\imgs\sick\s4521.png
4,sick,s4505.png,G:\Ai-CDD\updated_class_tb_dataset\TBX11K\imgs\sick\s4505.png,tb,tb0305.png,G:\Ai-CDD\updated_class_tb_dataset\TBX11K\imgs\tb\tb0305.png
4,sick,s4558.png,G:\Ai-CDD\updated_class_tb_dataset\TBX11K\imgs\sick\s4558.png,tb,tb0470.png,G:\Ai-CDD\updated_class_tb_dataset\TBX11K\imgs\tb\tb0470.png
0,sick,s4579.png,G:\Ai-CDD\updated_class_tb_dataset\TBX11K\imgs\sick\s4579.png,sick,s4932.png,G:\Ai-CDD\updated_class_tb_dataset\TBX11K\imgs\sick\s4932.png
4,sick,s4616.png,G:\Ai-CDD\updated_class_tb_dataset\TBX11K\imgs\sick\s4616.png,tb,tb0301.png,G:\Ai-CDD\updated_class_tb_dataset\TBX11K\imgs\tb\tb0301.png
4,sick,s4647.png,G:\Ai-CDD\updated_class_tb_dataset\TBX11K\imgs\sick\s4647.png,sick,s4921.png,G:\Ai-CDD\updated_class_tb_dataset\TBX11K\imgs\sick\s4921.png
4,sick,s4647.png,G:\Ai-CDD\updated_class_tb_dataset\TBX11K\imgs\sick\s4647.png,sick,s4957.png,G:\Ai-CDD\updated_class_tb_dataset\TBX11K\imgs\sick\s4957.png
4,sick,s4663.png,G:\Ai-CDD\updated_class_tb_dataset\TBX11K\imgs\sick\s4663.png,tb,tb0300.png,G:\Ai-CDD\updated_class_tb_dataset\TBX11K\imgs\tb\tb0300.png
4,sick,s4678.png,G:\Ai-CDD\updated_class_tb_dataset\TBX11K\imgs\sick\s4678.png,tb,tb0826.png,G:\Ai-CDD\updated_class_tb_dataset\TBX11K\imgs\tb\tb0826.png
4,sick,s4716.png,G:\Ai-CDD\updated_class_tb_dataset\TBX11K\imgs\sick\s4716.png,tb,tb1180.png,G:\Ai-CDD\updated_class_tb_dataset\TBX11K\imgs\tb\tb1180.png
4,sick,s4731.png,G:\Ai-CDD\updated_class_tb_dataset\TBX11K\imgs\sick\s4731.png,sick,s4961.png,G:\Ai-CDD\updated_class_tb_dataset\TBX11K\imgs\sick\s4961.png
4,sick,s4794.png,G:\Ai-CDD\updated_class_tb_dataset\TBX11K\imgs\sick\s4794.png,sick,s4870.png,G:\Ai-CDD\updated_class_tb_dataset\TBX11K\imgs\sick\s4870.png
0,sick,s4824.png,G:\Ai-CDD\updated_class_tb_dataset\TBX11K\imgs\sick\s4824.png,sick,s4960.png,G:\Ai-CDD\updated_class_tb_dataset\TBX11K\imgs\sick\s4960.png
4,sick,s4843.png,G:\Ai-CDD\updated_class_tb_dataset\TBX11K\imgs\sick\s4843.png,tb,tb0322.png,G:\Ai-CDD\updated_class_tb_dataset\TBX11K\imgs\tb\tb0322.png
4,sick,s4914.png,G:\Ai-CDD\updated_class_tb_dataset\TBX11K\imgs\sick\s4914.png,tb,tb0305.png,G:\Ai-CDD\updated_class_tb_dataset\TBX11K\imgs\tb\tb0305.png
4,sick,s4985.png,G:\Ai-CDD\updated_class_tb_dataset\TBX11K\imgs\sick\s4985.png,tb,tb0425.png,G:\Ai-CDD\updated_class_tb_dataset\TBX11K\imgs\tb\tb0425.png
4,tb,tb0004.png,G:\Ai-CDD\updated_class_tb_dataset\TBX11K\imgs\tb\tb0004.png,tb,tb0596.png,G:\Ai-CDD\updated_class_tb_dataset\TBX11K\imgs\tb\tb0596.png
4,tb,tb0029.png,G:\Ai-CDD\updated_class_tb_dataset\TBX11K\imgs\tb\tb0029.png,tb,tb0470.png,G:\Ai-CDD\updated_class_tb_dataset\TBX11K\imgs\tb\tb0470.png
4,tb,tb0040.png,G:\Ai-CDD\updated_class_tb_dataset\TBX11K\imgs\tb\tb0040.png,tb,tb0212.png,G:\Ai-CDD\updated_class_tb_dataset\TBX11K\imgs\tb\tb0212.png
4,tb,tb0040.png,G:\Ai-CDD\updated_class_tb_dataset\TBX11K\imgs\tb\tb0040.png,tb,tb0226.png,G:\Ai-CDD\updated_class_tb_dataset\TBX11K\imgs\tb\tb0226.png
4,tb,tb0175.png,G:\Ai-CDD\updated_class_tb_dataset\TBX11K\imgs\tb\tb0175.png,tb,tb0386.png,G:\Ai-CDD\updated_class_tb_dataset\TBX11K\imgs\tb\tb0386.png
4,tb,tb0196.png,G:\Ai-CDD\updated_class_tb_dataset\TBX11K\imgs\tb\tb0196.png,tb,tb0664.png,G:\Ai-CDD\updated_class_tb_dataset\TBX11K\imgs\tb\tb0664.png
4,tb,tb0196.png,G:\Ai-CDD\updated_class_tb_dataset\TBX11K\imgs\tb\tb0196.png,tb,tb1181.png,G:\Ai-CDD\updated_class_tb_dataset\TBX11K\imgs\tb\tb1181.png
4,tb,tb0212.png,G:\Ai-CDD\updated_class_tb_dataset\TBX11K\imgs\tb\tb0212.png,tb,tb0739.png,G:\Ai-CDD\updated_class_tb_dataset\TBX11K\imgs\tb\tb0739.png
4,tb,tb0216.png,G:\Ai-CDD\updated_class_tb_dataset\TBX11K\imgs\tb\tb0216.png,tb,tb0386.png,G:\Ai-CDD\updated_class_tb_dataset\TBX11K\imgs\tb\tb0386.png
4,tb,tb0216.png,G:\Ai-CDD\updated_class_tb_dataset\TBX11K\imgs\tb\tb0216.png,tb,tb1079.png,G:\Ai-CDD\updated_class_tb_dataset\TBX11K\imgs\tb\tb1079.png
4,tb,tb0292.png,G:\Ai-CDD\updated_class_tb_dataset\TBX11K\imgs\tb\tb0292.png,tb,tb0794.png,G:\Ai-CDD\updated_class_tb_dataset\TBX11K\imgs\tb\tb0794.png
2,tb,tb0300.png,G:\Ai-CDD\updated_class_tb_dataset\TBX11K\imgs\tb\tb0300.png,tb,tb0386.png,G:\Ai-CDD\updated_class_tb_dataset\TBX11K\imgs\tb\tb0386.png
4,tb,tb0300.png,G:\Ai-CDD\updated_class_tb_dataset\TBX11K\imgs\tb\tb0300.png,tb,tb1047.png,G:\Ai-CDD\updated_class_tb_dataset\TBX11K\imgs\tb\tb1047.png
4,tb,tb0386.png,G:\Ai-CDD\updated_class_tb_dataset\TBX11K\imgs\tb\tb0386.png,tb,tb1011.png,G:\Ai-CDD\updated_class_tb_dataset\TBX11K\imgs\tb\tb1011.png
4,tb,tb0386.png,G:\Ai-CDD\updated_class_tb_dataset\TBX11K\imgs\tb\tb0386.png,tb,tb1047.png,G:\Ai-CDD\updated_class_tb_dataset\TBX11K\imgs\tb\tb1047.png
4,tb,tb0386.png,G:\Ai-CDD\updated_class_tb_dataset\TBX11K\imgs\tb\tb0386.png,tb,tb1079.png,G:\Ai-CDD\updated_class_tb_dataset\TBX11K\imgs\tb\tb1079.png
4,tb,tb0431.png,G:\Ai-CDD\updated_class_tb_dataset\TBX11K\imgs\tb\tb0431.png,tb,tb0584.png,G:\Ai-CDD\updated_class_tb_dataset\TBX11K\imgs\tb\tb0584.png
2,tb,tb0474.png,G:\Ai-CDD\updated_class_tb_dataset\TBX11K\imgs\tb\tb0474.png,tb,tb0520.png,G:\Ai-CDD\updated_class_tb_dataset\TBX11K\imgs\tb\tb0520.png
4,tb,tb0474.png,G:\Ai-CDD\updated_class_tb_dataset\TBX11K\imgs\tb\tb0474.png,tb,tb0833.png,G:\Ai-CDD\updated_class_tb_dataset\TBX11K\imgs\tb\tb0833.png
4,tb,tb0520.png,G:\Ai-CDD\updated_class_tb_dataset\TBX11K\imgs\tb\tb0520.png,tb,tb0833.png,G:\Ai-CDD\updated_class_tb_dataset\TBX11K\imgs\tb\tb0833.png
4,tb,tb0520.png,G:\Ai-CDD\updated_class_tb_dataset\TBX11K\imgs\tb\tb0520.png,tb,tb0963.png,G:\Ai-CDD\updated_class_tb_dataset\TBX11K\imgs\tb\tb0963.png
4,tb,tb0558.png,G:\Ai-CDD\updated_class_tb_dataset\TBX11K\imgs\tb\tb0558.png,tb,tb0584.png,G:\Ai-CDD\updated_class_tb_dataset\TBX11K\imgs\tb\tb0584.png
4,tb,tb0600.png,G:\Ai-CDD\updated_class_tb_dataset\TBX11K\imgs\tb\tb0600.png,tb,tb0889.png,G:\Ai-CDD\updated_class_tb_dataset\TBX11K\imgs\tb\tb0889.png
2,tb,tb0664.png,G:\Ai-CDD\updated_class_tb_dataset\TBX11K\imgs\tb\tb0664.png,tb,tb1181.png,G:\Ai-CDD\updated_class_tb_dataset\TBX11K\imgs\tb\tb1181.png
4,tb,tb0834.png,G:\Ai-CDD\updated_class_tb_dataset\TBX11K\imgs\tb\tb0834.png,tb,tb0879.png,G:\Ai-CDD\updated_class_tb_dataset\TBX11K\imgs\tb\tb0879.png
4,tb,tb0858.png,G:\Ai-CDD\updated_class_tb_dataset\TBX11K\imgs\tb\tb0858.png,tb,tb1054.png,G:\Ai-CDD\updated_class_tb_dataset\TBX11K\imgs\tb\tb1054.png
2,tb,tb0887.png,G:\Ai-CDD\updated_class_tb_dataset\TBX11K\imgs\tb\tb0887.png,tb,tb1023.png,G:\Ai-CDD\updated_class_tb_dataset\TBX11K\imgs\tb\tb1023.png
