reason,recommended_remove,keep
exact_duplicate,G:\Ai-CDD\data\raw\dataset\train\TUBERCULOSIS\tb_00501.png,G:\Ai-CDD\data\raw\dataset\val\TUBERCULOSIS\tb_00001.png
exact_duplicate,G:\Ai-CDD\data\raw\dataset\train\TUBERCULOSIS\tb_01965.png,G:\Ai-CDD\data\raw\dataset\val\TUBERCULOSIS\tb_00001.png
exact_duplicate,G:\Ai-CDD\data\raw\dataset\train\TUBERCULOSIS\tb_00502.png,G:\Ai-CDD\data\raw\dataset\val\TUBERCULOSIS\tb_00002.png
exact_duplicate,G:\Ai-CDD\data\raw\dataset\test\TUBERCULOSIS\tb_00421.png,G:\Ai-CDD\data\raw\dataset\val\TUBERCULOSIS\tb_00002.png
exact_duplicate,G:\Ai-CDD\data\raw\dataset\train\TUBERCULOSIS\tb_00504.png,G:\Ai-CDD\data\raw\dataset\val\TUBERCULOSIS\tb_00003.png
exact_duplicate,G:\Ai-CDD\data\raw\dataset\test\TUBERCULOSIS\tb_00422.png,G:\Ai-CDD\data\raw\dataset\val\TUBERCULOSIS\tb_00003.png
exact_duplicate,G:\Ai-CDD\data\raw\dataset\train\TUBERCULOSIS\tb_00507.png,G:\Ai-CDD\data\raw\dataset\val\TUBERCULOSIS\tb_00004.png
exact_duplicate,G:\Ai-CDD\data\raw\dataset\train\TUBERCULOSIS\tb_01967.png,G:\Ai-CDD\data\raw\dataset\val\TUBERCULOSIS\tb_00004.png
exact_duplicate,G:\Ai-CDD\data\raw\dataset\train\TUBERCULOSIS\tb_00512.png,G:\Ai-CDD\data\raw\dataset\val\TUBERCULOSIS\tb_00005.png
exact_duplicate,G:\Ai-CDD\data\raw\dataset\train\TUBERCULOSIS\tb_01971.png,G:\Ai-CDD\data\raw\dataset\val\TUBERCULOSIS\tb_00005.png
exact_duplicate,G:\Ai-CDD\data\raw\dataset\val\TUBERCULOSIS\tb_00387.png,G:\Ai-CDD\data\raw\dataset\val\TUBERCULOSIS\tb_00006.png
exact_duplicate,G:\Ai-CDD\data\raw\dataset\train\TUBERCULOSIS\tb_00518.png,G:\Ai-CDD\data\raw\dataset\val\TUBERCULOSIS\tb_00006.png
exact_duplicate,G:\Ai-CDD\data\raw\dataset\train\TUBERCULOSIS\tb_00520.png,G:\Ai-CDD\data\raw\dataset\val\TUBERCULOSIS\tb_00007.png
exact_duplicate,G:\Ai-CDD\data\raw\dataset\train\TUBERCULOSIS\tb_01974.png,G:\Ai-CDD\data\raw\dataset\val\TUBERCULOSIS\tb_00007.png
exact_duplicate,G:\Ai-CDD\data\raw\dataset\train\TUBERCULOSIS\tb_00530.png,G:\Ai-CDD\data\raw\dataset\val\TUBERCULOSIS\tb_00008.png
exact_duplicate,G:\Ai-CDD\data\raw\dataset\train\TUBERCULOSIS\tb_01978.png,G:\Ai-CDD\data\raw\dataset\val\TUBERCULOSIS\tb_00008.png
exact_duplicate,G:\Ai-CDD\data\raw\dataset\train\TUBERCULOSIS\tb_00542.png,G:\Ai-CDD\data\raw\dataset\val\TUBERCULOSIS\tb_00009.png
exact_duplicate,G:\Ai-CDD\data\raw\dataset\train\TUBERCULOSIS\tb_01987.png,G:\Ai-CDD\data\raw\dataset\val\TUBERCULOSIS\tb_00009.png
exact_duplicate,G:\Ai-CDD\data\raw\dataset\train\TUBERCULOSIS\tb_00545.png,G:\Ai-CDD\data\raw\dataset\val\TUBERCULOSIS\tb_00010.png
exact_duplicate,G:\Ai-CDD\data\raw\dataset\train\TUBERCULOSIS\tb_00546.png,G:\Ai-CDD\data\raw\dataset\val\TUBERCULOSIS\tb_00011.png
exact_duplicate,G:\Ai-CDD\data\raw\dataset\train\TUBERCULOSIS\tb_00549.png,G:\Ai-CDD\data\raw\dataset\val\TUBERCULOSIS\tb_00012.png
exact_duplicate,G:\Ai-CDD\data\raw\dataset\train\TUBERCULOSIS\tb_01991.png,G:\Ai-CDD\data\raw\dataset\val\TUBERCULOSIS\tb_00012.png
exact_duplicate,G:\Ai-CDD\data\raw\dataset\val\TUBERCULOSIS\tb_00393.png,G:\Ai-CDD\data\raw\dataset\val\TUBERCULOSIS\tb_00013.png
exact_duplicate,G:\Ai-CDD\data\raw\dataset\train\TUBERCULOSIS\tb_00551.png,G:\Ai-CDD\data\raw\dataset\val\TUBERCULOSIS\tb_00013.png
exact_duplicate,G:\Ai-CDD\data\raw\dataset\train\TUBERCULOSIS\tb_00555.png,G:\Ai-CDD\data\raw\dataset\val\TUBERCULOSIS\tb_00014.png
exact_duplicate,G:\Ai-CDD\data\raw\dataset\test\TUBERCULOSIS\tb_00434.png,G:\Ai-CDD\data\raw\dataset\val\TUBERCULOSIS\tb_00014.png
exact_duplicate,G:\Ai-CDD\data\raw\dataset\train\TUBERCULOSIS\tb_00557.png,G:\Ai-CDD\data\raw\dataset\val\TUBERCULOSIS\tb_00015.png
exact_duplicate,G:\Ai-CDD\data\raw\dataset\train\TUBERCULOSIS\tb_01994.png,G:\Ai-CDD\data\raw\dataset\val\TUBERCULOSIS\tb_00015.png
exact_duplicate,G:\Ai-CDD\data\raw\dataset\train\TUBERCULOSIS\tb_00559.png,G:\Ai-CDD\data\raw\dataset\val\TUBERCULOSIS\tb_00016.png
exact_duplicate,G:\Ai-CDD\data\raw\dataset\train\TUBERCULOSIS\tb_01995.png,G:\Ai-CDD\data\raw\dataset\val\TUBERCULOSIS\tb_00016.png
exact_duplicate,G:\Ai-CDD\data\raw\dataset\train\TUBERCULOSIS\tb_00564.png,G:\Ai-CDD\data\raw\dataset\val\TUBERCULOSIS\tb_00017.png
exact_duplicate,G:\Ai-CDD\data\raw\dataset\train\TUBERCULOSIS\tb_01997.png,G:\Ai-CDD\data\raw\dataset\val\TUBERCULOSIS\tb_00017.png
exact_duplicate,G:\Ai-CDD\data\raw\dataset\train\TUBERCULOSIS\tb_00568.png,G:\Ai-CDD\data\raw\dataset\val\TUBERCULOSIS\tb_00018.png
exact_duplicate,G:\Ai-CDD\data\raw\dataset\test\TUBERCULOSIS\tb_00436.png,G:\Ai-CDD\data\raw\dataset\val\TUBERCULOSIS\tb_00018.png
exact_duplicate,G:\Ai-CDD\data\raw\dataset\val\TUBERCULOSIS\tb_00397.png,G:\Ai-CDD\data\raw\dataset\val\TUBERCULOSIS\tb_00019.png
exact_duplicate,G:\Ai-CDD\data\raw\dataset\train\TUBERCULOSIS\tb_00570.png,G:\Ai-CDD\data\raw\dataset\val\TUBERCULOSIS\tb_00019.png
exact_duplicate,G:\Ai-CDD\data\raw\dataset\val\TUBERCULOSIS\tb_00399.png,G:\Ai-CDD\data\raw\dataset\val\TUBERCULOSIS\tb_00020.png
exact_duplicate,G:\Ai-CDD\data\raw\dataset\train\TUBERCULOSIS\tb_00575.png,G:\Ai-CDD\data\raw\dataset\val\TUBERCULOSIS\tb_00020.png
exact_duplicate,G:\Ai-CDD\data\raw\dataset\train\TUBERCULOSIS\tb_00605.png,G:\Ai-CDD\data\raw\dataset\val\TUBERCULOSIS\tb_00021.png
exact_duplicate,G:\Ai-CDD\data\raw\dataset\train\TUBERCULOSIS\tb_02017.png,G:\Ai-CDD\data\raw\dataset\val\TUBERCULOSIS\tb_00021.png
exact_duplicate,G:\Ai-CDD\data\raw\dataset\train\TUBERCULOSIS\tb_00606.png,G:\Ai-CDD\data\raw\dataset\val\TUBERCULOSIS\tb_00022.png
exact_duplicate,G:\Ai-CDD\data\raw\dataset\train\TUBERCULOSIS\tb_02018.png,G:\Ai-CDD\data\raw\dataset\val\TUBERCULOSIS\tb_00022.png
exact_duplicate,G:\Ai-CDD\data\raw\dataset\val\TUBERCULOSIS\tb_00407.png,G:\Ai-CDD\data\raw\dataset\val\TUBERCULOSIS\tb_00023.png
exact_duplicate,G:\Ai-CDD\data\raw\dataset\train\TUBERCULOSIS\tb_00608.png,G:\Ai-CDD\data\raw\dataset\val\TUBERCULOSIS\tb_00023.png
exact_duplicate,G:\Ai-CDD\data\raw\dataset\train\TUBERCULOSIS\tb_00610.png,G:\Ai-CDD\data\raw\dataset\val\TUBERCULOSIS\tb_00024.png
exact_duplicate,G:\Ai-CDD\data\raw\dataset\test\TUBERCULOSIS\tb_00447.png,G:\Ai-CDD\data\raw\dataset\val\TUBERCULOSIS\tb_00024.png
exact_duplicate,G:\Ai-CDD\data\raw\dataset\train\TUBERCULOSIS\tb_00612.png,G:\Ai-CDD\data\raw\dataset\val\TUBERCULOSIS\tb_00025.png
exact_duplicate,G:\Ai-CDD\data\raw\dataset\train\TUBERCULOSIS\tb_02020.png,G:\Ai-CDD\data\raw\dataset\val\TUBERCULOSIS\tb_00025.png
exact_duplicate,G:\Ai-CDD\data\raw\dataset\train\TUBERCULOSIS\tb_00619.png,G:\Ai-CDD\data\raw\dataset\val\TUBERCULOSIS\tb_00026.png
exact_duplicate,G:\Ai-CDD\data\raw\dataset\test\TUBERCULOSIS\tb_00449.png,G:\Ai-CDD\data\raw\dataset\val\TUBERCULOSIS\tb_00026.png
exact_duplicate,G:\Ai-CDD\data\raw\dataset\val\TUBERCULOSIS\tb_00410.png,G:\Ai-CDD\data\raw\dataset\val\TUBERCULOSIS\tb_00027.png
exact_duplicate,G:\Ai-CDD\data\raw\dataset\train\TUBERCULOSIS\tb_00620.png,G:\Ai-CDD\data\raw\dataset\val\TUBERCULOSIS\tb_00027.png
exact_duplicate,G:\Ai-CDD\data\raw\dataset\train\TUBERCULOSIS\tb_00646.png,G:\Ai-CDD\data\raw\dataset\val\TUBERCULOSIS\tb_00028.png
exact_duplicate,G:\Ai-CDD\data\raw\dataset\test\TUBERCULOSIS\tb_00455.png,G:\Ai-CDD\data\raw\dataset\val\TUBERCULOSIS\tb_00028.png
exact_duplicate,G:\Ai-CDD\data\raw\dataset\train\TUBERCULOSIS\tb_00649.png,G:\Ai-CDD\data\raw\dataset\val\TUBERCULOSIS\tb_00029.png
exact_duplicate,G:\Ai-CDD\data\raw\dataset\test\TUBERCULOSIS\tb_00456.png,G:\Ai-CDD\data\raw\dataset\val\TUBERCULOSIS\tb_00029.png
exact_duplicate,G:\Ai-CDD\data\raw\dataset\train\TUBERCULOSIS\tb_00657.png,G:\Ai-CDD\data\raw\dataset\val\TUBERCULOSIS\tb_00030.png
exact_duplicate,G:\Ai-CDD\data\raw\dataset\train\TUBERCULOSIS\tb_02045.png,G:\Ai-CDD\data\raw\dataset\val\TUBERCULOSIS\tb_00030.png
exact_duplicate,G:\Ai-CDD\data\raw\dataset\val\TUBERCULOSIS\tb_00418.png,G:\Ai-CDD\data\raw\dataset\val\TUBERCULOSIS\tb_00031.png
exact_duplicate,G:\Ai-CDD\data\raw\dataset\train\TUBERCULOSIS\tb_00660.png,G:\Ai-CDD\data\raw\dataset\val\TUBERCULOSIS\tb_00031.png
exact_duplicate,G:\Ai-CDD\data\raw\dataset\train\TUBERCULOSIS\tb_00666.png,G:\Ai-CDD\data\raw\dataset\val\TUBERCULOSIS\tb_00032.png
exact_duplicate,G:\Ai-CDD\data\raw\dataset\test\TUBERCULOSIS\tb_00459.png,G:\Ai-CDD\data\raw\dataset\val\TUBERCULOSIS\tb_00032.png
exact_duplicate,G:\Ai-CDD\data\raw\dataset\train\TUBERCULOSIS\tb_00669.png,G:\Ai-CDD\data\raw\dataset\val\TUBERCULOSIS\tb_00033.png
exact_duplicate,G:\Ai-CDD\data\raw\dataset\train\TUBERCULOSIS\tb_02052.png,G:\Ai-CDD\data\raw\dataset\val\TUBERCULOSIS\tb_00033.png
exact_duplicate,G:\Ai-CDD\data\raw\dataset\train\TUBERCULOSIS\tb_00674.png,G:\Ai-CDD\data\raw\dataset\val\TUBERCULOSIS\tb_00034.png
exact_duplicate,G:\Ai-CDD\data\raw\dataset\train\TUBERCULOSIS\tb_02056.png,G:\Ai-CDD\data\raw\dataset\val\TUBERCULOSIS\tb_00034.png
exact_duplicate,G:\Ai-CDD\data\raw\dataset\train\TUBERCULOSIS\tb_00678.png,G:\Ai-CDD\data\raw\dataset\val\TUBERCULOSIS\tb_00035.png
exact_duplicate,G:\Ai-CDD\data\raw\dataset\train\TUBERCULOSIS\tb_02059.png,G:\Ai-CDD\data\raw\dataset\val\TUBERCULOSIS\tb_00035.png
exact_duplicate,G:\Ai-CDD\data\raw\dataset\val\TUBERCULOSIS\tb_00428.png,G:\Ai-CDD\data\raw\dataset\val\TUBERCULOSIS\tb_00036.png
exact_duplicate,G:\Ai-CDD\data\raw\dataset\train\TUBERCULOSIS\tb_00698.png,G:\Ai-CDD\data\raw\dataset\val\TUBERCULOSIS\tb_00036.png
exact_duplicate,G:\Ai-CDD\data\raw\dataset\train\TUBERCULOSIS\tb_00710.png,G:\Ai-CDD\data\raw\dataset\val\TUBERCULOSIS\tb_00037.png
exact_duplicate,G:\Ai-CDD\data\raw\dataset\train\TUBERCULOSIS\tb_02074.png,G:\Ai-CDD\data\raw\dataset\val\TUBERCULOSIS\tb_00037.png
exact_duplicate,G:\Ai-CDD\data\raw\dataset\train\TUBERCULOSIS\tb_00734.png,G:\Ai-CDD\data\raw\dataset\val\TUBERCULOSIS\tb_00038.png
exact_duplicate,G:\Ai-CDD\data\raw\dataset\train\TUBERCULOSIS\tb_02089.png,G:\Ai-CDD\data\raw\dataset\val\TUBERCULOSIS\tb_00038.png
exact_duplicate,G:\Ai-CDD\data\raw\dataset\train\TUBERCULOSIS\tb_00735.png,G:\Ai-CDD\data\raw\dataset\val\TUBERCULOSIS\tb_00039.png
exact_duplicate,G:\Ai-CDD\data\raw\dataset\train\TUBERCULOSIS\tb_02090.png,G:\Ai-CDD\data\raw\dataset\val\TUBERCULOSIS\tb_00039.png
exact_duplicate,G:\Ai-CDD\data\raw\dataset\train\TUBERCULOSIS\tb_00736.png,G:\Ai-CDD\data\raw\dataset\val\TUBERCULOSIS\tb_00040.png
exact_duplicate,G:\Ai-CDD\data\raw\dataset\train\TUBERCULOSIS\tb_02091.png,G:\Ai-CDD\data\raw\dataset\val\TUBERCULOSIS\tb_00040.png
exact_duplicate,G:\Ai-CDD\data\raw\dataset\train\TUBERCULOSIS\tb_00740.png,G:\Ai-CDD\data\raw\dataset\val\TUBERCULOSIS\tb_00041.png
exact_duplicate,G:\Ai-CDD\data\raw\dataset\train\TUBERCULOSIS\tb_02095.png,G:\Ai-CDD\data\raw\dataset\val\TUBERCULOSIS\tb_00041.png
exact_duplicate,G:\Ai-CDD\data\raw\dataset\train\TUBERCULOSIS\tb_00745.png,G:\Ai-CDD\data\raw\dataset\val\TUBERCULOSIS\tb_00042.png
exact_duplicate,G:\Ai-CDD\data\raw\dataset\train\TUBERCULOSIS\tb_02099.png,G:\Ai-CDD\data\raw\dataset\val\TUBERCULOSIS\tb_00042.png
exact_duplicate,G:\Ai-CDD\data\raw\dataset\train\TUBERCULOSIS\tb_00750.png,G:\Ai-CDD\data\raw\dataset\val\TUBERCULOSIS\tb_00043.png
exact_duplicate,G:\Ai-CDD\data\raw\dataset\train\TUBERCULOSIS\tb_02100.png,G:\Ai-CDD\data\raw\dataset\val\TUBERCULOSIS\tb_00043.png
exact_duplicate,G:\Ai-CDD\data\raw\dataset\val\TUBERCULOSIS\tb_00439.png,G:\Ai-CDD\data\raw\dataset\val\TUBERCULOSIS\tb_00044.png
exact_duplicate,G:\Ai-CDD\data\raw\dataset\train\TUBERCULOSIS\tb_00751.png,G:\Ai-CDD\data\raw\dataset\val\TUBERCULOSIS\tb_00044.png
exact_duplicate,G:\Ai-CDD\data\raw\dataset\train\TUBERCULOSIS\tb_00755.png,G:\Ai-CDD\data\raw\dataset\val\TUBERCULOSIS\tb_00045.png
exact_duplicate,G:\Ai-CDD\data\raw\dataset\train\TUBERCULOSIS\tb_02104.png,G:\Ai-CDD\data\raw\dataset\val\TUBERCULOSIS\tb_00045.png
exact_duplicate,G:\Ai-CDD\data\raw\dataset\train\TUBERCULOSIS\tb_00758.png,G:\Ai-CDD\data\raw\dataset\val\TUBERCULOSIS\tb_00046.png
exact_duplicate,G:\Ai-CDD\data\raw\dataset\train\TUBERCULOSIS\tb_02106.png,G:\Ai-CDD\data\raw\dataset\val\TUBERCULOSIS\tb_00046.png
exact_duplicate,G:\Ai-CDD\data\raw\dataset\train\TUBERCULOSIS\tb_00759.png,G:\Ai-CDD\data\raw\dataset\val\TUBERCULOSIS\tb_00047.png
exact_duplicate,G:\Ai-CDD\data\raw\dataset\test\TUBERCULOSIS\tb_00476.png,G:\Ai-CDD\data\raw\dataset\val\TUBERCULOSIS\tb_00047.png
exact_duplicate,G:\Ai-CDD\data\raw\dataset\train\TUBERCULOSIS\tb_00765.png,G:\Ai-CDD\data\raw\dataset\val\TUBERCULOSIS\tb_00048.png
exact_duplicate,G:\Ai-CDD\data\raw\dataset\test\TUBERCULOSIS\tb_00479.png,G:\Ai-CDD\data\raw\dataset\val\TUBERCULOSIS\tb_00048.png
exact_duplicate,G:\Ai-CDD\data\raw\dataset\train\TUBERCULOSIS\tb_00768.png,G:\Ai-CDD\data\raw\dataset\val\TUBERCULOSIS\tb_00049.png
exact_duplicate,G:\Ai-CDD\data\raw\dataset\train\TUBERCULOSIS\tb_02109.png,G:\Ai-CDD\data\raw\dataset\val\TUBERCULOSIS\tb_00049.png
exact_duplicate,G:\Ai-CDD\data\raw\dataset\train\TUBERCULOSIS\tb_00774.png,G:\Ai-CDD\data\raw\dataset\val\TUBERCULOSIS\tb_00050.png
exact_duplicate,G:\Ai-CDD\data\raw\dataset\train\TUBERCULOSIS\tb_02112.png,G:\Ai-CDD\data\raw\dataset\val\TUBERCULOSIS\tb_00050.png
exact_duplicate,G:\Ai-CDD\data\raw\dataset\train\TUBERCULOSIS\tb_00780.png,G:\Ai-CDD\data\raw\dataset\val\TUBERCULOSIS\tb_00051.png
exact_duplicate,G:\Ai-CDD\data\raw\dataset\train\TUBERCULOSIS\tb_02115.png,G:\Ai-CDD\data\raw\dataset\val\TUBERCULOSIS\tb_00051.png
exact_duplicate,G:\Ai-CDD\data\raw\dataset\train\TUBERCULOSIS\tb_00783.png,G:\Ai-CDD\data\raw\dataset\val\TUBERCULOSIS\tb_00052.png
exact_duplicate,G:\Ai-CDD\data\raw\dataset\train\TUBERCULOSIS\tb_02116.png,G:\Ai-CDD\data\raw\dataset\val\TUBERCULOSIS\tb_00052.png
exact_duplicate,G:\Ai-CDD\data\raw\dataset\train\TUBERCULOSIS\tb_00792.png,G:\Ai-CDD\data\raw\dataset\val\TUBERCULOSIS\tb_00053.png
exact_duplicate,G:\Ai-CDD\data\raw\dataset\test\TUBERCULOSIS\tb_00490.png,G:\Ai-CDD\data\raw\dataset\val\TUBERCULOSIS\tb_00053.png
exact_duplicate,G:\Ai-CDD\data\raw\dataset\train\TUBERCULOSIS\tb_00806.png,G:\Ai-CDD\data\raw\dataset\val\TUBERCULOSIS\tb_00054.png
exact_duplicate,G:\Ai-CDD\data\raw\dataset\train\TUBERCULOSIS\tb_02127.png,G:\Ai-CDD\data\raw\dataset\val\TUBERCULOSIS\tb_00054.png
exact_duplicate,G:\Ai-CDD\data\raw\dataset\train\TUBERCULOSIS\tb_00807.png,G:\Ai-CDD\data\raw\dataset\val\TUBERCULOSIS\tb_00055.png
exact_duplicate,G:\Ai-CDD\data\raw\dataset\train\TUBERCULOSIS\tb_02128.png,G:\Ai-CDD\data\raw\dataset\val\TUBERCULOSIS\tb_00055.png
exact_duplicate,G:\Ai-CDD\data\raw\dataset\val\TUBERCULOSIS\tb_00449.png,G:\Ai-CDD\data\raw\dataset\val\TUBERCULOSIS\tb_00056.png
exact_duplicate,G:\Ai-CDD\data\raw\dataset\train\TUBERCULOSIS\tb_00814.png,G:\Ai-CDD\data\raw\dataset\val\TUBERCULOSIS\tb_00056.png
exact_duplicate,G:\Ai-CDD\data\raw\dataset\train\TUBERCULOSIS\tb_00824.png,G:\Ai-CDD\data\raw\dataset\val\TUBERCULOSIS\tb_00057.png
exact_duplicate,G:\Ai-CDD\data\raw\dataset\test\TUBERCULOSIS\tb_00493.png,G:\Ai-CDD\data\raw\dataset\val\TUBERCULOSIS\tb_00057.png
exact_duplicate,G:\Ai-CDD\data\raw\dataset\train\TUBERCULOSIS\tb_00833.png,G:\Ai-CDD\data\raw\dataset\val\TUBERCULOSIS\tb_00058.png
exact_duplicate,G:\Ai-CDD\data\raw\dataset\train\TUBERCULOSIS\tb_02144.png,G:\Ai-CDD\data\raw\dataset\val\TUBERCULOSIS\tb_00058.png
exact_duplicate,G:\Ai-CDD\data\raw\dataset\train\TUBERCULOSIS\tb_00845.png,G:\Ai-CDD\data\raw\dataset\val\TUBERCULOSIS\tb_00059.png
exact_duplicate,G:\Ai-CDD\data\raw\dataset\train\TUBERCULOSIS\tb_02152.png,G:\Ai-CDD\data\raw\dataset\val\TUBERCULOSIS\tb_00059.png
exact_duplicate,G:\Ai-CDD\data\raw\dataset\train\TUBERCULOSIS\tb_00860.png,G:\Ai-CDD\data\raw\dataset\val\TUBERCULOSIS\tb_00060.png
exact_duplicate,G:\Ai-CDD\data\raw\dataset\train\TUBERCULOSIS\tb_02163.png,G:\Ai-CDD\data\raw\dataset\val\TUBERCULOSIS\tb_00060.png
exact_duplicate,G:\Ai-CDD\data\raw\dataset\train\TUBERCULOSIS\tb_00864.png,G:\Ai-CDD\data\raw\dataset\val\TUBERCULOSIS\tb_00061.png
exact_duplicate,G:\Ai-CDD\data\raw\dataset\train\TUBERCULOSIS\tb_02166.png,G:\Ai-CDD\data\raw\dataset\val\TUBERCULOSIS\tb_00061.png
exact_duplicate,G:\Ai-CDD\data\raw\dataset\train\TUBERCULOSIS\tb_00869.png,G:\Ai-CDD\data\raw\dataset\val\TUBERCULOSIS\tb_00062.png
exact_duplicate,G:\Ai-CDD\data\raw\dataset\train\TUBERCULOSIS\tb_02169.png,G:\Ai-CDD\data\raw\dataset\val\TUBERCULOSIS\tb_00062.png
exact_duplicate,G:\Ai-CDD\data\raw\dataset\val\TUBERCULOSIS\tb_00462.png,G:\Ai-CDD\data\raw\dataset\val\TUBERCULOSIS\tb_00063.png
exact_duplicate,G:\Ai-CDD\data\raw\dataset\train\TUBERCULOSIS\tb_00885.png,G:\Ai-CDD\data\raw\dataset\val\TUBERCULOSIS\tb_00063.png
exact_duplicate,G:\Ai-CDD\data\raw\dataset\train\TUBERCULOSIS\tb_00886.png,G:\Ai-CDD\data\raw\dataset\val\TUBERCULOSIS\tb_00064.png
exact_duplicate,G:\Ai-CDD\data\raw\dataset\test\TUBERCULOSIS\tb_00502.png,G:\Ai-CDD\data\raw\dataset\val\TUBERCULOSIS\tb_00064.png
exact_duplicate,G:\Ai-CDD\data\raw\dataset\train\TUBERCULOSIS\tb_00890.png,G:\Ai-CDD\data\raw\dataset\val\TUBERCULOSIS\tb_00065.png
exact_duplicate,G:\Ai-CDD\data\raw\dataset\train\TUBERCULOSIS\tb_02180.png,G:\Ai-CDD\data\raw\dataset\val\TUBERCULOSIS\tb_00065.png
exact_duplicate,G:\Ai-CDD\data\raw\dataset\train\TUBERCULOSIS\tb_00897.png,G:\Ai-CDD\data\raw\dataset\val\TUBERCULOSIS\tb_00066.png
exact_duplicate,G:\Ai-CDD\data\raw\dataset\train\TUBERCULOSIS\tb_02183.png,G:\Ai-CDD\data\raw\dataset\val\TUBERCULOSIS\tb_00066.png
exact_duplicate,G:\Ai-CDD\data\raw\dataset\train\TUBERCULOSIS\tb_00901.png,G:\Ai-CDD\data\raw\dataset\val\TUBERCULOSIS\tb_00067.png
exact_duplicate,G:\Ai-CDD\data\raw\dataset\train\TUBERCULOSIS\tb_02184.png,G:\Ai-CDD\data\raw\dataset\val\TUBERCULOSIS\tb_00067.png
exact_duplicate,G:\Ai-CDD\data\raw\dataset\train\TUBERCULOSIS\tb_00915.png,G:\Ai-CDD\data\raw\dataset\val\TUBERCULOSIS\tb_00068.png
exact_duplicate,G:\Ai-CDD\data\raw\dataset\train\TUBERCULOSIS\tb_02193.png,G:\Ai-CDD\data\raw\dataset\val\TUBERCULOSIS\tb_00068.png
exact_duplicate,G:\Ai-CDD\data\raw\dataset\val\TUBERCULOSIS\tb_00468.png,G:\Ai-CDD\data\raw\dataset\val\TUBERCULOSIS\tb_00069.png
exact_duplicate,G:\Ai-CDD\data\raw\dataset\train\TUBERCULOSIS\tb_00920.png,G:\Ai-CDD\data\raw\dataset\val\TUBERCULOSIS\tb_00069.png
exact_duplicate,G:\Ai-CDD\data\raw\dataset\train\TUBERCULOSIS\tb_00923.png,G:\Ai-CDD\data\raw\dataset\val\TUBERCULOSIS\tb_00070.png
exact_duplicate,G:\Ai-CDD\data\raw\dataset\train\TUBERCULOSIS\tb_02198.png,G:\Ai-CDD\data\raw\dataset\val\TUBERCULOSIS\tb_00070.png
exact_duplicate,G:\Ai-CDD\data\raw\dataset\train\TUBERCULOSIS\tb_00934.png,G:\Ai-CDD\data\raw\dataset\val\TUBERCULOSIS\tb_00071.png
exact_duplicate,G:\Ai-CDD\data\raw\dataset\train\TUBERCULOSIS\tb_02205.png,G:\Ai-CDD\data\raw\dataset\val\TUBERCULOSIS\tb_00071.png
exact_duplicate,G:\Ai-CDD\data\raw\dataset\train\TUBERCULOSIS\tb_00937.png,G:\Ai-CDD\data\raw\dataset\val\TUBERCULOSIS\tb_00072.png
exact_duplicate,G:\Ai-CDD\data\raw\dataset\train\TUBERCULOSIS\tb_02207.png,G:\Ai-CDD\data\raw\dataset\val\TUBERCULOSIS\tb_00072.png
exact_duplicate,G:\Ai-CDD\data\raw\dataset\train\TUBERCULOSIS\tb_00945.png,G:\Ai-CDD\data\raw\dataset\val\TUBERCULOSIS\tb_00073.png
exact_duplicate,G:\Ai-CDD\data\raw\dataset\train\TUBERCULOSIS\tb_00947.png,G:\Ai-CDD\data\raw\dataset\val\TUBERCULOSIS\tb_00073.png
exact_duplicate,G:\Ai-CDD\data\raw\dataset\train\TUBERCULOSIS\tb_02213.png,G:\Ai-CDD\data\raw\dataset\val\TUBERCULOSIS\tb_00073.png
exact_duplicate,G:\Ai-CDD\data\raw\dataset\test\TUBERCULOSIS\tb_00076.png,G:\Ai-CDD\data\raw\dataset\val\TUBERCULOSIS\tb_00073.png
exact_duplicate,G:\Ai-CDD\data\raw\dataset\train\TUBERCULOSIS\tb_00954.png,G:\Ai-CDD\data\raw\dataset\val\TUBERCULOSIS\tb_00074.png
exact_duplicate,G:\Ai-CDD\data\raw\dataset\train\TUBERCULOSIS\tb_02216.png,G:\Ai-CDD\data\raw\dataset\val\TUBERCULOSIS\tb_00074.png
exact_duplicate,G:\Ai-CDD\data\raw\dataset\val\TUBERCULOSIS\tb_00476.png,G:\Ai-CDD\data\raw\dataset\val\TUBERCULOSIS\tb_00075.png
exact_duplicate,G:\Ai-CDD\data\raw\dataset\train\TUBERCULOSIS\tb_00956.png,G:\Ai-CDD\data\raw\dataset\val\TUBERCULOSIS\tb_00075.png
exact_duplicate,G:\Ai-CDD\data\raw\dataset\train\TUBERCULOSIS\tb_00972.png,G:\Ai-CDD\data\raw\dataset\val\TUBERCULOSIS\tb_00076.png
exact_duplicate,G:\Ai-CDD\data\raw\dataset\test\TUBERCULOSIS\tb_00518.png,G:\Ai-CDD\data\raw\dataset\val\TUBERCULOSIS\tb_00076.png
exact_duplicate,G:\Ai-CDD\data\raw\dataset\train\TUBERCULOSIS\tb_00996.png,G:\Ai-CDD\data\raw\dataset\val\TUBERCULOSIS\tb_00077.png
exact_duplicate,G:\Ai-CDD\data\raw\dataset\test\TUBERCULOSIS\tb_00522.png,G:\Ai-CDD\data\raw\dataset\val\TUBERCULOSIS\tb_00077.png
exact_duplicate,G:\Ai-CDD\data\raw\dataset\train\TUBERCULOSIS\tb_00998.png,G:\Ai-CDD\data\raw\dataset\val\TUBERCULOSIS\tb_00078.png
exact_duplicate,G:\Ai-CDD\data\raw\dataset\test\TUBERCULOSIS\tb_00523.png,G:\Ai-CDD\data\raw\dataset\val\TUBERCULOSIS\tb_00078.png
exact_duplicate,G:\Ai-CDD\data\raw\dataset\val\TUBERCULOSIS\tb_00484.png,G:\Ai-CDD\data\raw\dataset\val\TUBERCULOSIS\tb_00079.png
exact_duplicate,G:\Ai-CDD\data\raw\dataset\train\TUBERCULOSIS\tb_01001.png,G:\Ai-CDD\data\raw\dataset\val\TUBERCULOSIS\tb_00079.png
exact_duplicate,G:\Ai-CDD\data\raw\dataset\train\TUBERCULOSIS\tb_01003.png,G:\Ai-CDD\data\raw\dataset\val\TUBERCULOSIS\tb_00080.png
exact_duplicate,G:\Ai-CDD\data\raw\dataset\test\TUBERCULOSIS\tb_00525.png,G:\Ai-CDD\data\raw\dataset\val\TUBERCULOSIS\tb_00080.png
exact_duplicate,G:\Ai-CDD\data\raw\dataset\train\TUBERCULOSIS\tb_01007.png,G:\Ai-CDD\data\raw\dataset\val\TUBERCULOSIS\tb_00081.png
exact_duplicate,G:\Ai-CDD\data\raw\dataset\train\TUBERCULOSIS\tb_02248.png,G:\Ai-CDD\data\raw\dataset\val\TUBERCULOSIS\tb_00081.png
exact_duplicate,G:\Ai-CDD\data\raw\dataset\train\TUBERCULOSIS\tb_01008.png,G:\Ai-CDD\data\raw\dataset\val\TUBERCULOSIS\tb_00082.png
exact_duplicate,G:\Ai-CDD\data\raw\dataset\train\TUBERCULOSIS\tb_02249.png,G:\Ai-CDD\data\raw\dataset\val\TUBERCULOSIS\tb_00082.png
exact_duplicate,G:\Ai-CDD\data\raw\dataset\val\TUBERCULOSIS\tb_00486.png,G:\Ai-CDD\data\raw\dataset\val\TUBERCULOSIS\tb_00083.png
exact_duplicate,G:\Ai-CDD\data\raw\dataset\train\TUBERCULOSIS\tb_01013.png,G:\Ai-CDD\data\raw\dataset\val\TUBERCULOSIS\tb_00083.png
exact_duplicate,G:\Ai-CDD\data\raw\dataset\train\TUBERCULOSIS\tb_01017.png,G:\Ai-CDD\data\raw\dataset\val\TUBERCULOSIS\tb_00084.png
exact_duplicate,G:\Ai-CDD\data\raw\dataset\test\TUBERCULOSIS\tb_00527.png,G:\Ai-CDD\data\raw\dataset\val\TUBERCULOSIS\tb_00084.png
exact_duplicate,G:\Ai-CDD\data\raw\dataset\val\TUBERCULOSIS\tb_00489.png,G:\Ai-CDD\data\raw\dataset\val\TUBERCULOSIS\tb_00085.png
exact_duplicate,G:\Ai-CDD\data\raw\dataset\train\TUBERCULOSIS\tb_01030.png,G:\Ai-CDD\data\raw\dataset\val\TUBERCULOSIS\tb_00085.png
exact_duplicate,G:\Ai-CDD\data\raw\dataset\train\TUBERCULOSIS\tb_01031.png,G:\Ai-CDD\data\raw\dataset\val\TUBERCULOSIS\tb_00086.png
exact_duplicate,G:\Ai-CDD\data\raw\dataset\test\TUBERCULOSIS\tb_00531.png,G:\Ai-CDD\data\raw\dataset\val\TUBERCULOSIS\tb_00086.png
exact_duplicate,G:\Ai-CDD\data\raw\dataset\val\TUBERCULOSIS\tb_00490.png,G:\Ai-CDD\data\raw\dataset\val\TUBERCULOSIS\tb_00087.png
exact_duplicate,G:\Ai-CDD\data\raw\dataset\train\TUBERCULOSIS\tb_01039.png,G:\Ai-CDD\data\raw\dataset\val\TUBERCULOSIS\tb_00087.png
exact_duplicate,G:\Ai-CDD\data\raw\dataset\train\TUBERCULOSIS\tb_01040.png,G:\Ai-CDD\data\raw\dataset\val\TUBERCULOSIS\tb_00088.png
exact_duplicate,G:\Ai-CDD\data\raw\dataset\train\TUBERCULOSIS\tb_02266.png,G:\Ai-CDD\data\raw\dataset\val\TUBERCULOSIS\tb_00088.png
exact_duplicate,G:\Ai-CDD\data\raw\dataset\train\TUBERCULOSIS\tb_01041.png,G:\Ai-CDD\data\raw\dataset\val\TUBERCULOSIS\tb_00089.png
exact_duplicate,G:\Ai-CDD\data\raw\dataset\test\TUBERCULOSIS\tb_00535.png,G:\Ai-CDD\data\raw\dataset\val\TUBERCULOSIS\tb_00089.png
exact_duplicate,G:\Ai-CDD\data\raw\dataset\train\TUBERCULOSIS\tb_01042.png,G:\Ai-CDD\data\raw\dataset\val\TUBERCULOSIS\tb_00090.png
exact_duplicate,G:\Ai-CDD\data\raw\dataset\train\TUBERCULOSIS\tb_02267.png,G:\Ai-CDD\data\raw\dataset\val\TUBERCULOSIS\tb_00090.png
exact_duplicate,G:\Ai-CDD\data\raw\dataset\train\TUBERCULOSIS\tb_01043.png,G:\Ai-CDD\data\raw\dataset\val\TUBERCULOSIS\tb_00091.png
exact_duplicate,G:\Ai-CDD\data\raw\dataset\train\TUBERCULOSIS\tb_02268.png,G:\Ai-CDD\data\raw\dataset\val\TUBERCULOSIS\tb_00091.png
exact_duplicate,G:\Ai-CDD\data\raw\dataset\train\TUBERCULOSIS\tb_01049.png,G:\Ai-CDD\data\raw\dataset\val\TUBERCULOSIS\tb_00092.png
exact_duplicate,G:\Ai-CDD\data\raw\dataset\test\TUBERCULOSIS\tb_00536.png,G:\Ai-CDD\data\raw\dataset\val\TUBERCULOSIS\tb_00092.png
exact_duplicate,G:\Ai-CDD\data\raw\dataset\train\TUBERCULOSIS\tb_01053.png,G:\Ai-CDD\data\raw\dataset\val\TUBERCULOSIS\tb_00093.png
exact_duplicate,G:\Ai-CDD\data\raw\dataset\train\TUBERCULOSIS\tb_02274.png,G:\Ai-CDD\data\raw\dataset\val\TUBERCULOSIS\tb_00093.png
exact_duplicate,G:\Ai-CDD\data\raw\dataset\train\TUBERCULOSIS\tb_01073.png,G:\Ai-CDD\data\raw\dataset\val\TUBERCULOSIS\tb_00094.png
exact_duplicate,G:\Ai-CDD\data\raw\dataset\train\TUBERCULOSIS\tb_02286.png,G:\Ai-CDD\data\raw\dataset\val\TUBERCULOSIS\tb_00094.png
exact_duplicate,G:\Ai-CDD\data\raw\dataset\train\TUBERCULOSIS\tb_01079.png,G:\Ai-CDD\data\raw\dataset\val\TUBERCULOSIS\tb_00095.png
exact_duplicate,G:\Ai-CDD\data\raw\dataset\train\TUBERCULOSIS\tb_02291.png,G:\Ai-CDD\data\raw\dataset\val\TUBERCULOSIS\tb_00095.png
exact_duplicate,G:\Ai-CDD\data\raw\dataset\train\TUBERCULOSIS\tb_01099.png,G:\Ai-CDD\data\raw\dataset\val\TUBERCULOSIS\tb_00096.png
exact_duplicate,G:\Ai-CDD\data\raw\dataset\train\TUBERCULOSIS\tb_02306.png,G:\Ai-CDD\data\raw\dataset\val\TUBERCULOSIS\tb_00096.png
exact_duplicate,G:\Ai-CDD\data\raw\dataset\train\TUBERCULOSIS\tb_01104.png,G:\Ai-CDD\data\raw\dataset\val\TUBERCULOSIS\tb_00098.png
exact_duplicate,G:\Ai-CDD\data\raw\dataset\train\TUBERCULOSIS\tb_02321.png,G:\Ai-CDD\data\raw\dataset\val\TUBERCULOSIS\tb_00098.png
exact_duplicate,G:\Ai-CDD\data\raw\dataset\val\TUBERCULOSIS\tb_00507.png,G:\Ai-CDD\data\raw\dataset\val\TUBERCULOSIS\tb_00099.png
exact_duplicate,G:\Ai-CDD\data\raw\dataset\test\TUBERCULOSIS\tb_00125.png,G:\Ai-CDD\data\raw\dataset\val\TUBERCULOSIS\tb_00099.png
exact_duplicate,G:\Ai-CDD\data\raw\dataset\train\TUBERCULOSIS\tb_01105.png,G:\Ai-CDD\data\raw\dataset\val\TUBERCULOSIS\tb_00100.png
exact_duplicate,G:\Ai-CDD\data\raw\dataset\train\TUBERCULOSIS\tb_02330.png,G:\Ai-CDD\data\raw\dataset\val\TUBERCULOSIS\tb_00100.png
exact_duplicate,G:\Ai-CDD\data\raw\dataset\val\TUBERCULOSIS\tb_00510.png,G:\Ai-CDD\data\raw\dataset\val\TUBERCULOSIS\tb_00101.png
exact_duplicate,G:\Ai-CDD\data\raw\dataset\test\TUBERCULOSIS\tb_00139.png,G:\Ai-CDD\data\raw\dataset\val\TUBERCULOSIS\tb_00101.png
exact_duplicate,G:\Ai-CDD\data\raw\dataset\train\TUBERCULOSIS\tb_01109.png,G:\Ai-CDD\data\raw\dataset\val\TUBERCULOSIS\tb_00102.png
exact_duplicate,G:\Ai-CDD\data\raw\dataset\test\TUBERCULOSIS\tb_00551.png,G:\Ai-CDD\data\raw\dataset\val\TUBERCULOSIS\tb_00102.png
exact_duplicate,G:\Ai-CDD\data\raw\dataset\val\TUBERCULOSIS\tb_00514.png,G:\Ai-CDD\data\raw\dataset\val\TUBERCULOSIS\tb_00103.png
exact_duplicate,G:\Ai-CDD\data\raw\dataset\train\TUBERCULOSIS\tb_01112.png,G:\Ai-CDD\data\raw\dataset\val\TUBERCULOSIS\tb_00103.png
exact_duplicate,G:\Ai-CDD\data\raw\dataset\train\TUBERCULOSIS\tb_01113.png,G:\Ai-CDD\data\raw\dataset\val\TUBERCULOSIS\tb_00104.png
exact_duplicate,G:\Ai-CDD\data\raw\dataset\train\TUBERCULOSIS\tb_02346.png,G:\Ai-CDD\data\raw\dataset\val\TUBERCULOSIS\tb_00104.png
exact_duplicate,G:\Ai-CDD\data\raw\dataset\train\TUBERCULOSIS\tb_01139.png,G:\Ai-CDD\data\raw\dataset\val\TUBERCULOSIS\tb_00105.png
exact_duplicate,G:\Ai-CDD\data\raw\dataset\val\TUBERCULOSIS\tb_00111.png,G:\Ai-CDD\data\raw\dataset\val\TUBERCULOSIS\tb_00106.png
exact_duplicate,G:\Ai-CDD\data\raw\dataset\val\TUBERCULOSIS\tb_00383.png,G:\Ai-CDD\data\raw\dataset\val\TUBERCULOSIS\tb_00106.png
exact_duplicate,G:\Ai-CDD\data\raw\dataset\train\TUBERCULOSIS\tb_00490.png,G:\Ai-CDD\data\raw\dataset\val\TUBERCULOSIS\tb_00106.png
exact_duplicate,G:\Ai-CDD\data\raw\dataset\test\TUBERCULOSIS\tb_00001.png,G:\Ai-CDD\data\raw\dataset\val\TUBERCULOSIS\tb_00106.png
exact_duplicate,G:\Ai-CDD\data\raw\dataset\val\TUBERCULOSIS\tb_00113.png,G:\Ai-CDD\data\raw\dataset\val\TUBERCULOSIS\tb_00107.png
exact_duplicate,G:\Ai-CDD\data\raw\dataset\val\TUBERCULOSIS\tb_00404.png,G:\Ai-CDD\data\raw\dataset\val\TUBERCULOSIS\tb_00107.png
exact_duplicate,G:\Ai-CDD\data\raw\dataset\train\TUBERCULOSIS\tb_00069.png,G:\Ai-CDD\data\raw\dataset\val\TUBERCULOSIS\tb_00107.png
exact_duplicate,G:\Ai-CDD\data\raw\dataset\train\TUBERCULOSIS\tb_00601.png,G:\Ai-CDD\data\raw\dataset\val\TUBERCULOSIS\tb_00107.png
exact_duplicate,G:\Ai-CDD\data\raw\dataset\val\TUBERCULOSIS\tb_00115.png,G:\Ai-CDD\data\raw\dataset\val\TUBERCULOSIS\tb_00108.png
exact_duplicate,G:\Ai-CDD\data\raw\dataset\train\TUBERCULOSIS\tb_00712.png,G:\Ai-CDD\data\raw\dataset\val\TUBERCULOSIS\tb_00108.png
exact_duplicate,G:\Ai-CDD\data\raw\dataset\train\TUBERCULOSIS\tb_02075.png,G:\Ai-CDD\data\raw\dataset\val\TUBERCULOSIS\tb_00108.png
exact_duplicate,G:\Ai-CDD\data\raw\dataset\test\TUBERCULOSIS\tb_00042.png,G:\Ai-CDD\data\raw\dataset\val\TUBERCULOSIS\tb_00108.png
exact_duplicate,G:\Ai-CDD\data\raw\dataset\train\TUBERCULOSIS\tb_00426.png,G:\Ai-CDD\data\raw\dataset\val\TUBERCULOSIS\tb_00109.png
exact_duplicate,G:\Ai-CDD\data\raw\dataset\test\TUBERCULOSIS\tb_00543.png,G:\Ai-CDD\data\raw\dataset\val\TUBERCULOSIS\tb_00109.png
exact_duplicate,G:\Ai-CDD\data\raw\dataset\test\TUBERCULOSIS\tb_00093.png,G:\Ai-CDD\data\raw\dataset\val\TUBERCULOSIS\tb_00110.png
exact_duplicate,G:\Ai-CDD\data\raw\dataset\test\TUBERCULOSIS\tb_00544.png,G:\Ai-CDD\data\raw\dataset\val\TUBERCULOSIS\tb_00110.png
exact_duplicate,G:\Ai-CDD\data\raw\dataset\train\TUBERCULOSIS\tb_00429.png,G:\Ai-CDD\data\raw\dataset\val\TUBERCULOSIS\tb_00114.png
exact_duplicate,G:\Ai-CDD\data\raw\dataset\train\TUBERCULOSIS\tb_02312.png,G:\Ai-CDD\data\raw\dataset\val\TUBERCULOSIS\tb_00114.png
exact_duplicate,G:\Ai-CDD\data\raw\dataset\train\TUBERCULOSIS\tb_00431.png,G:\Ai-CDD\data\raw\dataset\val\TUBERCULOSIS\tb_00116.png
exact_duplicate,G:\Ai-CDD\data\raw\dataset\train\TUBERCULOSIS\tb_02314.png,G:\Ai-CDD\data\raw\dataset\val\TUBERCULOSIS\tb_00116.png
exact_duplicate,G:\Ai-CDD\data\raw\dataset\val\TUBERCULOSIS\tb_00502.png,G:\Ai-CDD\data\raw\dataset\val\TUBERCULOSIS\tb_00117.png
exact_duplicate,G:\Ai-CDD\data\raw\dataset\train\TUBERCULOSIS\tb_00432.png,G:\Ai-CDD\data\raw\dataset\val\TUBERCULOSIS\tb_00117.png
exact_duplicate,G:\Ai-CDD\data\raw\dataset\train\TUBERCULOSIS\tb_00007.png,G:\Ai-CDD\data\raw\dataset\val\TUBERCULOSIS\tb_00384.png
exact_duplicate,G:\Ai-CDD\data\raw\dataset\train\TUBERCULOSIS\tb_00500.png,G:\Ai-CDD\data\raw\dataset\val\TUBERCULOSIS\tb_00384.png
exact_duplicate,G:\Ai-CDD\data\raw\dataset\train\TUBERCULOSIS\tb_00506.png,G:\Ai-CDD\data\raw\dataset\val\TUBERCULOSIS\tb_00385.png
exact_duplicate,G:\Ai-CDD\data\raw\dataset\test\TUBERCULOSIS\tb_00005.png,G:\Ai-CDD\data\raw\dataset\val\TUBERCULOSIS\tb_00385.png
exact_duplicate,G:\Ai-CDD\data\raw\dataset\train\TUBERCULOSIS\tb_00517.png,G:\Ai-CDD\data\raw\dataset\val\TUBERCULOSIS\tb_00386.png
exact_duplicate,G:\Ai-CDD\data\raw\dataset\test\TUBERCULOSIS\tb_00006.png,G:\Ai-CDD\data\raw\dataset\val\TUBERCULOSIS\tb_00386.png
exact_duplicate,G:\Ai-CDD\data\raw\dataset\train\TUBERCULOSIS\tb_00018.png,G:\Ai-CDD\data\raw\dataset\val\TUBERCULOSIS\tb_00388.png
exact_duplicate,G:\Ai-CDD\data\raw\dataset\train\TUBERCULOSIS\tb_00519.png,G:\Ai-CDD\data\raw\dataset\val\TUBERCULOSIS\tb_00388.png
exact_duplicate,G:\Ai-CDD\data\raw\dataset\train\TUBERCULOSIS\tb_00020.png,G:\Ai-CDD\data\raw\dataset\val\TUBERCULOSIS\tb_00389.png
exact_duplicate,G:\Ai-CDD\data\raw\dataset\train\TUBERCULOSIS\tb_00522.png,G:\Ai-CDD\data\raw\dataset\val\TUBERCULOSIS\tb_00389.png
exact_duplicate,G:\Ai-CDD\data\raw\dataset\train\TUBERCULOSIS\tb_00025.png,G:\Ai-CDD\data\raw\dataset\val\TUBERCULOSIS\tb_00390.png
exact_duplicate,G:\Ai-CDD\data\raw\dataset\train\TUBERCULOSIS\tb_00527.png,G:\Ai-CDD\data\raw\dataset\val\TUBERCULOSIS\tb_00390.png
exact_duplicate,G:\Ai-CDD\data\raw\dataset\train\TUBERCULOSIS\tb_00037.png,G:\Ai-CDD\data\raw\dataset\val\TUBERCULOSIS\tb_00391.png
exact_duplicate,G:\Ai-CDD\data\raw\dataset\train\TUBERCULOSIS\tb_00544.png,G:\Ai-CDD\data\raw\dataset\val\TUBERCULOSIS\tb_00391.png
exact_duplicate,G:\Ai-CDD\data\raw\dataset\train\TUBERCULOSIS\tb_00040.png,G:\Ai-CDD\data\raw\dataset\val\TUBERCULOSIS\tb_00392.png
exact_duplicate,G:\Ai-CDD\data\raw\dataset\train\TUBERCULOSIS\tb_00550.png,G:\Ai-CDD\data\raw\dataset\val\TUBERCULOSIS\tb_00392.png
exact_duplicate,G:\Ai-CDD\data\raw\dataset\train\TUBERCULOSIS\tb_00045.png,G:\Ai-CDD\data\raw\dataset\val\TUBERCULOSIS\tb_00394.png
exact_duplicate,G:\Ai-CDD\data\raw\dataset\train\TUBERCULOSIS\tb_00558.png,G:\Ai-CDD\data\raw\dataset\val\TUBERCULOSIS\tb_00394.png
exact_duplicate,G:\Ai-CDD\data\raw\dataset\train\TUBERCULOSIS\tb_00047.png,G:\Ai-CDD\data\raw\dataset\val\TUBERCULOSIS\tb_00395.png
exact_duplicate,G:\Ai-CDD\data\raw\dataset\train\TUBERCULOSIS\tb_00563.png,G:\Ai-CDD\data\raw\dataset\val\TUBERCULOSIS\tb_00395.png
exact_duplicate,G:\Ai-CDD\data\raw\dataset\train\TUBERCULOSIS\tb_00049.png,G:\Ai-CDD\data\raw\dataset\val\TUBERCULOSIS\tb_00396.png
exact_duplicate,G:\Ai-CDD\data\raw\dataset\train\TUBERCULOSIS\tb_00566.png,G:\Ai-CDD\data\raw\dataset\val\TUBERCULOSIS\tb_00396.png
exact_duplicate,G:\Ai-CDD\data\raw\dataset\train\TUBERCULOSIS\tb_00051.png,G:\Ai-CDD\data\raw\dataset\val\TUBERCULOSIS\tb_00398.png
exact_duplicate,G:\Ai-CDD\data\raw\dataset\train\TUBERCULOSIS\tb_00571.png,G:\Ai-CDD\data\raw\dataset\val\TUBERCULOSIS\tb_00398.png
exact_duplicate,G:\Ai-CDD\data\raw\dataset\train\TUBERCULOSIS\tb_00054.png,G:\Ai-CDD\data\raw\dataset\val\TUBERCULOSIS\tb_00400.png
exact_duplicate,G:\Ai-CDD\data\raw\dataset\train\TUBERCULOSIS\tb_00577.png,G:\Ai-CDD\data\raw\dataset\val\TUBERCULOSIS\tb_00400.png
exact_duplicate,G:\Ai-CDD\data\raw\dataset\train\TUBERCULOSIS\tb_00583.png,G:\Ai-CDD\data\raw\dataset\val\TUBERCULOSIS\tb_00401.png
exact_duplicate,G:\Ai-CDD\data\raw\dataset\test\TUBERCULOSIS\tb_00017.png,G:\Ai-CDD\data\raw\dataset\val\TUBERCULOSIS\tb_00401.png
exact_duplicate,G:\Ai-CDD\data\raw\dataset\train\TUBERCULOSIS\tb_00059.png,G:\Ai-CDD\data\raw\dataset\val\TUBERCULOSIS\tb_00402.png
exact_duplicate,G:\Ai-CDD\data\raw\dataset\train\TUBERCULOSIS\tb_00586.png,G:\Ai-CDD\data\raw\dataset\val\TUBERCULOSIS\tb_00402.png
exact_duplicate,G:\Ai-CDD\data\raw\dataset\train\TUBERCULOSIS\tb_00063.png,G:\Ai-CDD\data\raw\dataset\val\TUBERCULOSIS\tb_00403.png
exact_duplicate,G:\Ai-CDD\data\raw\dataset\train\TUBERCULOSIS\tb_00593.png,G:\Ai-CDD\data\raw\dataset\val\TUBERCULOSIS\tb_00403.png
exact_duplicate,G:\Ai-CDD\data\raw\dataset\train\TUBERCULOSIS\tb_00070.png,G:\Ai-CDD\data\raw\dataset\val\TUBERCULOSIS\tb_00405.png
exact_duplicate,G:\Ai-CDD\data\raw\dataset\train\TUBERCULOSIS\tb_00602.png,G:\Ai-CDD\data\raw\dataset\val\TUBERCULOSIS\tb_00405.png
exact_duplicate,G:\Ai-CDD\data\raw\dataset\train\TUBERCULOSIS\tb_00072.png,G:\Ai-CDD\data\raw\dataset\val\TUBERCULOSIS\tb_00406.png
exact_duplicate,G:\Ai-CDD\data\raw\dataset\train\TUBERCULOSIS\tb_00604.png,G:\Ai-CDD\data\raw\dataset\val\TUBERCULOSIS\tb_00406.png
exact_duplicate,G:\Ai-CDD\data\raw\dataset\train\TUBERCULOSIS\tb_00617.png,G:\Ai-CDD\data\raw\dataset\val\TUBERCULOSIS\tb_00408.png
exact_duplicate,G:\Ai-CDD\data\raw\dataset\test\TUBERCULOSIS\tb_00026.png,G:\Ai-CDD\data\raw\dataset\val\TUBERCULOSIS\tb_00408.png
exact_duplicate,G:\Ai-CDD\data\raw\dataset\train\TUBERCULOSIS\tb_00078.png,G:\Ai-CDD\data\raw\dataset\val\TUBERCULOSIS\tb_00409.png
exact_duplicate,G:\Ai-CDD\data\raw\dataset\train\TUBERCULOSIS\tb_00618.png,G:\Ai-CDD\data\raw\dataset\val\TUBERCULOSIS\tb_00409.png
exact_duplicate,G:\Ai-CDD\data\raw\dataset\train\TUBERCULOSIS\tb_00079.png,G:\Ai-CDD\data\raw\dataset\val\TUBERCULOSIS\tb_00411.png
exact_duplicate,G:\Ai-CDD\data\raw\dataset\train\TUBERCULOSIS\tb_00621.png,G:\Ai-CDD\data\raw\dataset\val\TUBERCULOSIS\tb_00411.png
exact_duplicate,G:\Ai-CDD\data\raw\dataset\train\TUBERCULOSIS\tb_00626.png,G:\Ai-CDD\data\raw\dataset\val\TUBERCULOSIS\tb_00412.png
exact_duplicate,G:\Ai-CDD\data\raw\dataset\test\TUBERCULOSIS\tb_00029.png,G:\Ai-CDD\data\raw\dataset\val\TUBERCULOSIS\tb_00412.png
exact_duplicate,G:\Ai-CDD\data\raw\dataset\train\TUBERCULOSIS\tb_00085.png,G:\Ai-CDD\data\raw\dataset\val\TUBERCULOSIS\tb_00413.png
exact_duplicate,G:\Ai-CDD\data\raw\dataset\train\TUBERCULOSIS\tb_00631.png,G:\Ai-CDD\data\raw\dataset\val\TUBERCULOSIS\tb_00413.png
exact_duplicate,G:\Ai-CDD\data\raw\dataset\train\TUBERCULOSIS\tb_00636.png,G:\Ai-CDD\data\raw\dataset\val\TUBERCULOSIS\tb_00414.png
exact_duplicate,G:\Ai-CDD\data\raw\dataset\test\TUBERCULOSIS\tb_00032.png,G:\Ai-CDD\data\raw\dataset\val\TUBERCULOSIS\tb_00414.png
exact_duplicate,G:\Ai-CDD\data\raw\dataset\train\TUBERCULOSIS\tb_00090.png,G:\Ai-CDD\data\raw\dataset\val\TUBERCULOSIS\tb_00415.png
exact_duplicate,G:\Ai-CDD\data\raw\dataset\train\TUBERCULOSIS\tb_00638.png,G:\Ai-CDD\data\raw\dataset\val\TUBERCULOSIS\tb_00415.png
exact_duplicate,G:\Ai-CDD\data\raw\dataset\train\TUBERCULOSIS\tb_00099.png,G:\Ai-CDD\data\raw\dataset\val\TUBERCULOSIS\tb_00416.png
exact_duplicate,G:\Ai-CDD\data\raw\dataset\train\TUBERCULOSIS\tb_00650.png,G:\Ai-CDD\data\raw\dataset\val\TUBERCULOSIS\tb_00416.png
exact_duplicate,G:\Ai-CDD\data\raw\dataset\train\TUBERCULOSIS\tb_00651.png,G:\Ai-CDD\data\raw\dataset\val\TUBERCULOSIS\tb_00416.png
exact_duplicate,G:\Ai-CDD\data\raw\dataset\test\TUBERCULOSIS\tb_00034.png,G:\Ai-CDD\data\raw\dataset\val\TUBERCULOSIS\tb_00416.png
exact_duplicate,G:\Ai-CDD\data\raw\dataset\train\TUBERCULOSIS\tb_00101.png,G:\Ai-CDD\data\raw\dataset\val\TUBERCULOSIS\tb_00417.png
exact_duplicate,G:\Ai-CDD\data\raw\dataset\train\TUBERCULOSIS\tb_00654.png,G:\Ai-CDD\data\raw\dataset\val\TUBERCULOSIS\tb_00417.png
exact_duplicate,G:\Ai-CDD\data\raw\dataset\train\TUBERCULOSIS\tb_00105.png,G:\Ai-CDD\data\raw\dataset\val\TUBERCULOSIS\tb_00419.png
exact_duplicate,G:\Ai-CDD\data\raw\dataset\train\TUBERCULOSIS\tb_00662.png,G:\Ai-CDD\data\raw\dataset\val\TUBERCULOSIS\tb_00419.png
exact_duplicate,G:\Ai-CDD\data\raw\dataset\train\TUBERCULOSIS\tb_00110.png,G:\Ai-CDD\data\raw\dataset\val\TUBERCULOSIS\tb_00420.png
exact_duplicate,G:\Ai-CDD\data\raw\dataset\train\TUBERCULOSIS\tb_00668.png,G:\Ai-CDD\data\raw\dataset\val\TUBERCULOSIS\tb_00420.png
exact_duplicate,G:\Ai-CDD\data\raw\dataset\train\TUBERCULOSIS\tb_00683.png,G:\Ai-CDD\data\raw\dataset\val\TUBERCULOSIS\tb_00421.png
exact_duplicate,G:\Ai-CDD\data\raw\dataset\test\TUBERCULOSIS\tb_00038.png,G:\Ai-CDD\data\raw\dataset\val\TUBERCULOSIS\tb_00421.png
exact_duplicate,G:\Ai-CDD\data\raw\dataset\train\TUBERCULOSIS\tb_00124.png,G:\Ai-CDD\data\raw\dataset\val\TUBERCULOSIS\tb_00422.png
exact_duplicate,G:\Ai-CDD\data\raw\dataset\train\TUBERCULOSIS\tb_00686.png,G:\Ai-CDD\data\raw\dataset\val\TUBERCULOSIS\tb_00422.png
exact_duplicate,G:\Ai-CDD\data\raw\dataset\train\TUBERCULOSIS\tb_00128.png,G:\Ai-CDD\data\raw\dataset\val\TUBERCULOSIS\tb_00423.png
exact_duplicate,G:\Ai-CDD\data\raw\dataset\train\TUBERCULOSIS\tb_00690.png,G:\Ai-CDD\data\raw\dataset\val\TUBERCULOSIS\tb_00423.png
exact_duplicate,G:\Ai-CDD\data\raw\dataset\train\TUBERCULOSIS\tb_00129.png,G:\Ai-CDD\data\raw\dataset\val\TUBERCULOSIS\tb_00424.png
exact_duplicate,G:\Ai-CDD\data\raw\dataset\train\TUBERCULOSIS\tb_00691.png,G:\Ai-CDD\data\raw\dataset\val\TUBERCULOSIS\tb_00424.png
exact_duplicate,G:\Ai-CDD\data\raw\dataset\train\TUBERCULOSIS\tb_00130.png,G:\Ai-CDD\data\raw\dataset\val\TUBERCULOSIS\tb_00425.png
exact_duplicate,G:\Ai-CDD\data\raw\dataset\train\TUBERCULOSIS\tb_00692.png,G:\Ai-CDD\data\raw\dataset\val\TUBERCULOSIS\tb_00425.png
exact_duplicate,G:\Ai-CDD\data\raw\dataset\train\TUBERCULOSIS\tb_00131.png,G:\Ai-CDD\data\raw\dataset\val\TUBERCULOSIS\tb_00426.png
exact_duplicate,G:\Ai-CDD\data\raw\dataset\train\TUBERCULOSIS\tb_00693.png,G:\Ai-CDD\data\raw\dataset\val\TUBERCULOSIS\tb_00426.png
exact_duplicate,G:\Ai-CDD\data\raw\dataset\train\TUBERCULOSIS\tb_00697.png,G:\Ai-CDD\data\raw\dataset\val\TUBERCULOSIS\tb_00427.png
exact_duplicate,G:\Ai-CDD\data\raw\dataset\test\TUBERCULOSIS\tb_00039.png,G:\Ai-CDD\data\raw\dataset\val\TUBERCULOSIS\tb_00427.png
exact_duplicate,G:\Ai-CDD\data\raw\dataset\train\TUBERCULOSIS\tb_00137.png,G:\Ai-CDD\data\raw\dataset\val\TUBERCULOSIS\tb_00429.png
exact_duplicate,G:\Ai-CDD\data\raw\dataset\train\TUBERCULOSIS\tb_00702.png,G:\Ai-CDD\data\raw\dataset\val\TUBERCULOSIS\tb_00429.png
exact_duplicate,G:\Ai-CDD\data\raw\dataset\train\TUBERCULOSIS\tb_00141.png,G:\Ai-CDD\data\raw\dataset\val\TUBERCULOSIS\tb_00430.png
exact_duplicate,G:\Ai-CDD\data\raw\dataset\train\TUBERCULOSIS\tb_00706.png,G:\Ai-CDD\data\raw\dataset\val\TUBERCULOSIS\tb_00430.png
exact_duplicate,G:\Ai-CDD\data\raw\dataset\train\TUBERCULOSIS\tb_00143.png,G:\Ai-CDD\data\raw\dataset\val\TUBERCULOSIS\tb_00431.png
exact_duplicate,G:\Ai-CDD\data\raw\dataset\train\TUBERCULOSIS\tb_00709.png,G:\Ai-CDD\data\raw\dataset\val\TUBERCULOSIS\tb_00431.png
exact_duplicate,G:\Ai-CDD\data\raw\dataset\train\TUBERCULOSIS\tb_00144.png,G:\Ai-CDD\data\raw\dataset\val\TUBERCULOSIS\tb_00432.png
exact_duplicate,G:\Ai-CDD\data\raw\dataset\train\TUBERCULOSIS\tb_00711.png,G:\Ai-CDD\data\raw\dataset\val\TUBERCULOSIS\tb_00432.png
exact_duplicate,G:\Ai-CDD\data\raw\dataset\train\TUBERCULOSIS\tb_00146.png,G:\Ai-CDD\data\raw\dataset\val\TUBERCULOSIS\tb_00433.png
exact_duplicate,G:\Ai-CDD\data\raw\dataset\train\TUBERCULOSIS\tb_00714.png,G:\Ai-CDD\data\raw\dataset\val\TUBERCULOSIS\tb_00433.png
exact_duplicate,G:\Ai-CDD\data\raw\dataset\train\TUBERCULOSIS\tb_00153.png,G:\Ai-CDD\data\raw\dataset\val\TUBERCULOSIS\tb_00434.png
exact_duplicate,G:\Ai-CDD\data\raw\dataset\train\TUBERCULOSIS\tb_00722.png,G:\Ai-CDD\data\raw\dataset\val\TUBERCULOSIS\tb_00434.png
exact_duplicate,G:\Ai-CDD\data\raw\dataset\train\TUBERCULOSIS\tb_00154.png,G:\Ai-CDD\data\raw\dataset\val\TUBERCULOSIS\tb_00435.png
exact_duplicate,G:\Ai-CDD\data\raw\dataset\train\TUBERCULOSIS\tb_00723.png,G:\Ai-CDD\data\raw\dataset\val\TUBERCULOSIS\tb_00435.png
exact_duplicate,G:\Ai-CDD\data\raw\dataset\train\TUBERCULOSIS\tb_00746.png,G:\Ai-CDD\data\raw\dataset\val\TUBERCULOSIS\tb_00436.png
exact_duplicate,G:\Ai-CDD\data\raw\dataset\test\TUBERCULOSIS\tb_00048.png,G:\Ai-CDD\data\raw\dataset\val\TUBERCULOSIS\tb_00436.png
exact_duplicate,G:\Ai-CDD\data\raw\dataset\train\TUBERCULOSIS\tb_00168.png,G:\Ai-CDD\data\raw\dataset\val\TUBERCULOSIS\tb_00437.png
exact_duplicate,G:\Ai-CDD\data\raw\dataset\train\TUBERCULOSIS\tb_00747.png,G:\Ai-CDD\data\raw\dataset\val\TUBERCULOSIS\tb_00437.png
exact_duplicate,G:\Ai-CDD\data\raw\dataset\train\TUBERCULOSIS\tb_00169.png,G:\Ai-CDD\data\raw\dataset\val\TUBERCULOSIS\tb_00438.png
exact_duplicate,G:\Ai-CDD\data\raw\dataset\train\TUBERCULOSIS\tb_00748.png,G:\Ai-CDD\data\raw\dataset\val\TUBERCULOSIS\tb_00438.png
exact_duplicate,G:\Ai-CDD\data\raw\dataset\train\TUBERCULOSIS\tb_00179.png,G:\Ai-CDD\data\raw\dataset\val\TUBERCULOSIS\tb_00440.png
exact_duplicate,G:\Ai-CDD\data\raw\dataset\train\TUBERCULOSIS\tb_00763.png,G:\Ai-CDD\data\raw\dataset\val\TUBERCULOSIS\tb_00440.png
exact_duplicate,G:\Ai-CDD\data\raw\dataset\train\TUBERCULOSIS\tb_00180.png,G:\Ai-CDD\data\raw\dataset\val\TUBERCULOSIS\tb_00441.png
exact_duplicate,G:\Ai-CDD\data\raw\dataset\train\TUBERCULOSIS\tb_00181.png,G:\Ai-CDD\data\raw\dataset\val\TUBERCULOSIS\tb_00441.png
exact_duplicate,G:\Ai-CDD\data\raw\dataset\train\TUBERCULOSIS\tb_00764.png,G:\Ai-CDD\data\raw\dataset\val\TUBERCULOSIS\tb_00441.png
exact_duplicate,G:\Ai-CDD\data\raw\dataset\train\TUBERCULOSIS\tb_00766.png,G:\Ai-CDD\data\raw\dataset\val\TUBERCULOSIS\tb_00441.png
exact_duplicate,G:\Ai-CDD\data\raw\dataset\train\TUBERCULOSIS\tb_00183.png,G:\Ai-CDD\data\raw\dataset\val\TUBERCULOSIS\tb_00442.png
exact_duplicate,G:\Ai-CDD\data\raw\dataset\train\TUBERCULOSIS\tb_00769.png,G:\Ai-CDD\data\raw\dataset\val\TUBERCULOSIS\tb_00442.png
exact_duplicate,G:\Ai-CDD\data\raw\dataset\train\TUBERCULOSIS\tb_00191.png,G:\Ai-CDD\data\raw\dataset\val\TUBERCULOSIS\tb_00443.png
exact_duplicate,G:\Ai-CDD\data\raw\dataset\train\TUBERCULOSIS\tb_00782.png,G:\Ai-CDD\data\raw\dataset\val\TUBERCULOSIS\tb_00443.png
exact_duplicate,G:\Ai-CDD\data\raw\dataset\train\TUBERCULOSIS\tb_00200.png,G:\Ai-CDD\data\raw\dataset\val\TUBERCULOSIS\tb_00444.png
exact_duplicate,G:\Ai-CDD\data\raw\dataset\train\TUBERCULOSIS\tb_00793.png,G:\Ai-CDD\data\raw\dataset\val\TUBERCULOSIS\tb_00444.png
exact_duplicate,G:\Ai-CDD\data\raw\dataset\train\TUBERCULOSIS\tb_00201.png,G:\Ai-CDD\data\raw\dataset\val\TUBERCULOSIS\tb_00445.png
exact_duplicate,G:\Ai-CDD\data\raw\dataset\train\TUBERCULOSIS\tb_00794.png,G:\Ai-CDD\data\raw\dataset\val\TUBERCULOSIS\tb_00445.png
exact_duplicate,G:\Ai-CDD\data\raw\dataset\train\TUBERCULOSIS\tb_00202.png,G:\Ai-CDD\data\raw\dataset\val\TUBERCULOSIS\tb_00446.png
exact_duplicate,G:\Ai-CDD\data\raw\dataset\train\TUBERCULOSIS\tb_00795.png,G:\Ai-CDD\data\raw\dataset\val\TUBERCULOSIS\tb_00446.png
exact_duplicate,G:\Ai-CDD\data\raw\dataset\train\TUBERCULOSIS\tb_00798.png,G:\Ai-CDD\data\raw\dataset\val\TUBERCULOSIS\tb_00447.png
exact_duplicate,G:\Ai-CDD\data\raw\dataset\test\TUBERCULOSIS\tb_00053.png,G:\Ai-CDD\data\raw\dataset\val\TUBERCULOSIS\tb_00447.png
exact_duplicate,G:\Ai-CDD\data\raw\dataset\train\TUBERCULOSIS\tb_00802.png,G:\Ai-CDD\data\raw\dataset\val\TUBERCULOSIS\tb_00448.png
exact_duplicate,G:\Ai-CDD\data\raw\dataset\test\TUBERCULOSIS\tb_00055.png,G:\Ai-CDD\data\raw\dataset\val\TUBERCULOSIS\tb_00448.png
exact_duplicate,G:\Ai-CDD\data\raw\dataset\train\TUBERCULOSIS\tb_00213.png,G:\Ai-CDD\data\raw\dataset\val\TUBERCULOSIS\tb_00450.png
exact_duplicate,G:\Ai-CDD\data\raw\dataset\train\TUBERCULOSIS\tb_00815.png,G:\Ai-CDD\data\raw\dataset\val\TUBERCULOSIS\tb_00450.png
exact_duplicate,G:\Ai-CDD\data\raw\dataset\train\TUBERCULOSIS\tb_00221.png,G:\Ai-CDD\data\raw\dataset\val\TUBERCULOSIS\tb_00451.png
exact_duplicate,G:\Ai-CDD\data\raw\dataset\train\TUBERCULOSIS\tb_00823.png,G:\Ai-CDD\data\raw\dataset\val\TUBERCULOSIS\tb_00451.png
exact_duplicate,G:\Ai-CDD\data\raw\dataset\train\TUBERCULOSIS\tb_00226.png,G:\Ai-CDD\data\raw\dataset\val\TUBERCULOSIS\tb_00452.png
exact_duplicate,G:\Ai-CDD\data\raw\dataset\train\TUBERCULOSIS\tb_00829.png,G:\Ai-CDD\data\raw\dataset\val\TUBERCULOSIS\tb_00452.png
exact_duplicate,G:\Ai-CDD\data\raw\dataset\train\TUBERCULOSIS\tb_00233.png,G:\Ai-CDD\data\raw\dataset\val\TUBERCULOSIS\tb_00453.png
exact_duplicate,G:\Ai-CDD\data\raw\dataset\train\TUBERCULOSIS\tb_00838.png,G:\Ai-CDD\data\raw\dataset\val\TUBERCULOSIS\tb_00453.png
exact_duplicate,G:\Ai-CDD\data\raw\dataset\train\TUBERCULOSIS\tb_00235.png,G:\Ai-CDD\data\raw\dataset\val\TUBERCULOSIS\tb_00454.png
exact_duplicate,G:\Ai-CDD\data\raw\dataset\train\TUBERCULOSIS\tb_00840.png,G:\Ai-CDD\data\raw\dataset\val\TUBERCULOSIS\tb_00454.png
exact_duplicate,G:\Ai-CDD\data\raw\dataset\train\TUBERCULOSIS\tb_00244.png,G:\Ai-CDD\data\raw\dataset\val\TUBERCULOSIS\tb_00455.png
exact_duplicate,G:\Ai-CDD\data\raw\dataset\train\TUBERCULOSIS\tb_00852.png,G:\Ai-CDD\data\raw\dataset\val\TUBERCULOSIS\tb_00455.png
exact_duplicate,G:\Ai-CDD\data\raw\dataset\train\TUBERCULOSIS\tb_00246.png,G:\Ai-CDD\data\raw\dataset\val\TUBERCULOSIS\tb_00456.png
exact_duplicate,G:\Ai-CDD\data\raw\dataset\train\TUBERCULOSIS\tb_00854.png,G:\Ai-CDD\data\raw\dataset\val\TUBERCULOSIS\tb_00456.png
exact_duplicate,G:\Ai-CDD\data\raw\dataset\train\TUBERCULOSIS\tb_00253.png,G:\Ai-CDD\data\raw\dataset\val\TUBERCULOSIS\tb_00457.png
exact_duplicate,G:\Ai-CDD\data\raw\dataset\train\TUBERCULOSIS\tb_00863.png,G:\Ai-CDD\data\raw\dataset\val\TUBERCULOSIS\tb_00457.png
exact_duplicate,G:\Ai-CDD\data\raw\dataset\train\TUBERCULOSIS\tb_00254.png,G:\Ai-CDD\data\raw\dataset\val\TUBERCULOSIS\tb_00458.png
exact_duplicate,G:\Ai-CDD\data\raw\dataset\train\TUBERCULOSIS\tb_00865.png,G:\Ai-CDD\data\raw\dataset\val\TUBERCULOSIS\tb_00458.png
exact_duplicate,G:\Ai-CDD\data\raw\dataset\train\TUBERCULOSIS\tb_00260.png,G:\Ai-CDD\data\raw\dataset\val\TUBERCULOSIS\tb_00459.png
exact_duplicate,G:\Ai-CDD\data\raw\dataset\train\TUBERCULOSIS\tb_00874.png,G:\Ai-CDD\data\raw\dataset\val\TUBERCULOSIS\tb_00459.png
exact_duplicate,G:\Ai-CDD\data\raw\dataset\train\TUBERCULOSIS\tb_00263.png,G:\Ai-CDD\data\raw\dataset\val\TUBERCULOSIS\tb_00460.png
exact_duplicate,G:\Ai-CDD\data\raw\dataset\train\TUBERCULOSIS\tb_00877.png,G:\Ai-CDD\data\raw\dataset\val\TUBERCULOSIS\tb_00460.png
exact_duplicate,G:\Ai-CDD\data\raw\dataset\train\TUBERCULOSIS\tb_00267.png,G:\Ai-CDD\data\raw\dataset\val\TUBERCULOSIS\tb_00461.png
exact_duplicate,G:\Ai-CDD\data\raw\dataset\train\TUBERCULOSIS\tb_00884.png,G:\Ai-CDD\data\raw\dataset\val\TUBERCULOSIS\tb_00461.png
exact_duplicate,G:\Ai-CDD\data\raw\dataset\train\TUBERCULOSIS\tb_00269.png,G:\Ai-CDD\data\raw\dataset\val\TUBERCULOSIS\tb_00463.png
exact_duplicate,G:\Ai-CDD\data\raw\dataset\train\TUBERCULOSIS\tb_00888.png,G:\Ai-CDD\data\raw\dataset\val\TUBERCULOSIS\tb_00463.png
exact_duplicate,G:\Ai-CDD\data\raw\dataset\train\TUBERCULOSIS\tb_00273.png,G:\Ai-CDD\data\raw\dataset\val\TUBERCULOSIS\tb_00464.png
exact_duplicate,G:\Ai-CDD\data\raw\dataset\train\TUBERCULOSIS\tb_00894.png,G:\Ai-CDD\data\raw\dataset\val\TUBERCULOSIS\tb_00464.png
exact_duplicate,G:\Ai-CDD\data\raw\dataset\train\TUBERCULOSIS\tb_00274.png,G:\Ai-CDD\data\raw\dataset\val\TUBERCULOSIS\tb_00465.png
exact_duplicate,G:\Ai-CDD\data\raw\dataset\train\TUBERCULOSIS\tb_00896.png,G:\Ai-CDD\data\raw\dataset\val\TUBERCULOSIS\tb_00465.png
exact_duplicate,G:\Ai-CDD\data\raw\dataset\train\TUBERCULOSIS\tb_00276.png,G:\Ai-CDD\data\raw\dataset\val\TUBERCULOSIS\tb_00466.png
exact_duplicate,G:\Ai-CDD\data\raw\dataset\train\TUBERCULOSIS\tb_00899.png,G:\Ai-CDD\data\raw\dataset\val\TUBERCULOSIS\tb_00466.png
exact_duplicate,G:\Ai-CDD\data\raw\dataset\train\TUBERCULOSIS\tb_00283.png,G:\Ai-CDD\data\raw\dataset\val\TUBERCULOSIS\tb_00467.png
exact_duplicate,G:\Ai-CDD\data\raw\dataset\train\TUBERCULOSIS\tb_00907.png,G:\Ai-CDD\data\raw\dataset\val\TUBERCULOSIS\tb_00467.png
exact_duplicate,G:\Ai-CDD\data\raw\dataset\train\TUBERCULOSIS\tb_00296.png,G:\Ai-CDD\data\raw\dataset\val\TUBERCULOSIS\tb_00469.png
exact_duplicate,G:\Ai-CDD\data\raw\dataset\train\TUBERCULOSIS\tb_00925.png,G:\Ai-CDD\data\raw\dataset\val\TUBERCULOSIS\tb_00469.png
exact_duplicate,G:\Ai-CDD\data\raw\dataset\train\TUBERCULOSIS\tb_00298.png,G:\Ai-CDD\data\raw\dataset\val\TUBERCULOSIS\tb_00470.png
exact_duplicate,G:\Ai-CDD\data\raw\dataset\train\TUBERCULOSIS\tb_00927.png,G:\Ai-CDD\data\raw\dataset\val\TUBERCULOSIS\tb_00470.png
exact_duplicate,G:\Ai-CDD\data\raw\dataset\train\TUBERCULOSIS\tb_00300.png,G:\Ai-CDD\data\raw\dataset\val\TUBERCULOSIS\tb_00471.png
exact_duplicate,G:\Ai-CDD\data\raw\dataset\train\TUBERCULOSIS\tb_00931.png,G:\Ai-CDD\data\raw\dataset\val\TUBERCULOSIS\tb_00471.png
exact_duplicate,G:\Ai-CDD\data\raw\dataset\train\TUBERCULOSIS\tb_00943.png,G:\Ai-CDD\data\raw\dataset\val\TUBERCULOSIS\tb_00472.png
exact_duplicate,G:\Ai-CDD\data\raw\dataset\test\TUBERCULOSIS\tb_00075.png,G:\Ai-CDD\data\raw\dataset\val\TUBERCULOSIS\tb_00472.png
exact_duplicate,G:\Ai-CDD\data\raw\dataset\train\TUBERCULOSIS\tb_00309.png,G:\Ai-CDD\data\raw\dataset\val\TUBERCULOSIS\tb_00473.png
exact_duplicate,G:\Ai-CDD\data\raw\dataset\train\TUBERCULOSIS\tb_00946.png,G:\Ai-CDD\data\raw\dataset\val\TUBERCULOSIS\tb_00473.png
exact_duplicate,G:\Ai-CDD\data\raw\dataset\train\TUBERCULOSIS\tb_00314.png,G:\Ai-CDD\data\raw\dataset\val\TUBERCULOSIS\tb_00474.png
exact_duplicate,G:\Ai-CDD\data\raw\dataset\train\TUBERCULOSIS\tb_00952.png,G:\Ai-CDD\data\raw\dataset\val\TUBERCULOSIS\tb_00474.png
exact_duplicate,G:\Ai-CDD\data\raw\dataset\train\TUBERCULOSIS\tb_00315.png,G:\Ai-CDD\data\raw\dataset\val\TUBERCULOSIS\tb_00475.png
exact_duplicate,G:\Ai-CDD\data\raw\dataset\train\TUBERCULOSIS\tb_00953.png,G:\Ai-CDD\data\raw\dataset\val\TUBERCULOSIS\tb_00475.png
exact_duplicate,G:\Ai-CDD\data\raw\dataset\train\TUBERCULOSIS\tb_00321.png,G:\Ai-CDD\data\raw\dataset\val\TUBERCULOSIS\tb_00477.png
exact_duplicate,G:\Ai-CDD\data\raw\dataset\train\TUBERCULOSIS\tb_00963.png,G:\Ai-CDD\data\raw\dataset\val\TUBERCULOSIS\tb_00477.png
exact_duplicate,G:\Ai-CDD\data\raw\dataset\train\TUBERCULOSIS\tb_00324.png,G:\Ai-CDD\data\raw\dataset\val\TUBERCULOSIS\tb_00478.png
exact_duplicate,G:\Ai-CDD\data\raw\dataset\train\TUBERCULOSIS\tb_00966.png,G:\Ai-CDD\data\raw\dataset\val\TUBERCULOSIS\tb_00478.png
exact_duplicate,G:\Ai-CDD\data\raw\dataset\train\TUBERCULOSIS\tb_00328.png,G:\Ai-CDD\data\raw\dataset\val\TUBERCULOSIS\tb_00479.png
exact_duplicate,G:\Ai-CDD\data\raw\dataset\train\TUBERCULOSIS\tb_00970.png,G:\Ai-CDD\data\raw\dataset\val\TUBERCULOSIS\tb_00479.png
exact_duplicate,G:\Ai-CDD\data\raw\dataset\train\TUBERCULOSIS\tb_00334.png,G:\Ai-CDD\data\raw\dataset\val\TUBERCULOSIS\tb_00480.png
exact_duplicate,G:\Ai-CDD\data\raw\dataset\train\TUBERCULOSIS\tb_00977.png,G:\Ai-CDD\data\raw\dataset\val\TUBERCULOSIS\tb_00480.png
exact_duplicate,G:\Ai-CDD\data\raw\dataset\train\TUBERCULOSIS\tb_00340.png,G:\Ai-CDD\data\raw\dataset\val\TUBERCULOSIS\tb_00481.png
exact_duplicate,G:\Ai-CDD\data\raw\dataset\train\TUBERCULOSIS\tb_00985.png,G:\Ai-CDD\data\raw\dataset\val\TUBERCULOSIS\tb_00481.png
exact_duplicate,G:\Ai-CDD\data\raw\dataset\train\TUBERCULOSIS\tb_00346.png,G:\Ai-CDD\data\raw\dataset\val\TUBERCULOSIS\tb_00482.png
exact_duplicate,G:\Ai-CDD\data\raw\dataset\train\TUBERCULOSIS\tb_00992.png,G:\Ai-CDD\data\raw\dataset\val\TUBERCULOSIS\tb_00482.png
exact_duplicate,G:\Ai-CDD\data\raw\dataset\train\TUBERCULOSIS\tb_00348.png,G:\Ai-CDD\data\raw\dataset\val\TUBERCULOSIS\tb_00483.png
exact_duplicate,G:\Ai-CDD\data\raw\dataset\train\TUBERCULOSIS\tb_00994.png,G:\Ai-CDD\data\raw\dataset\val\TUBERCULOSIS\tb_00483.png
exact_duplicate,G:\Ai-CDD\data\raw\dataset\train\TUBERCULOSIS\tb_00356.png,G:\Ai-CDD\data\raw\dataset\val\TUBERCULOSIS\tb_00485.png
exact_duplicate,G:\Ai-CDD\data\raw\dataset\train\TUBERCULOSIS\tb_01006.png,G:\Ai-CDD\data\raw\dataset\val\TUBERCULOSIS\tb_00485.png
exact_duplicate,G:\Ai-CDD\data\raw\dataset\train\TUBERCULOSIS\tb_00363.png,G:\Ai-CDD\data\raw\dataset\val\TUBERCULOSIS\tb_00487.png
exact_duplicate,G:\Ai-CDD\data\raw\dataset\train\TUBERCULOSIS\tb_01018.png,G:\Ai-CDD\data\raw\dataset\val\TUBERCULOSIS\tb_00487.png
exact_duplicate,G:\Ai-CDD\data\raw\dataset\train\TUBERCULOSIS\tb_00369.png,G:\Ai-CDD\data\raw\dataset\val\TUBERCULOSIS\tb_00488.png
exact_duplicate,G:\Ai-CDD\data\raw\dataset\train\TUBERCULOSIS\tb_01026.png,G:\Ai-CDD\data\raw\dataset\val\TUBERCULOSIS\tb_00488.png
exact_duplicate,G:\Ai-CDD\data\raw\dataset\train\TUBERCULOSIS\tb_00380.png,G:\Ai-CDD\data\raw\dataset\val\TUBERCULOSIS\tb_00491.png
exact_duplicate,G:\Ai-CDD\data\raw\dataset\train\TUBERCULOSIS\tb_01045.png,G:\Ai-CDD\data\raw\dataset\val\TUBERCULOSIS\tb_00491.png
exact_duplicate,G:\Ai-CDD\data\raw\dataset\train\TUBERCULOSIS\tb_01050.png,G:\Ai-CDD\data\raw\dataset\val\TUBERCULOSIS\tb_00492.png
exact_duplicate,G:\Ai-CDD\data\raw\dataset\test\TUBERCULOSIS\tb_00086.png,G:\Ai-CDD\data\raw\dataset\val\TUBERCULOSIS\tb_00492.png
exact_duplicate,G:\Ai-CDD\data\raw\dataset\train\TUBERCULOSIS\tb_00388.png,G:\Ai-CDD\data\raw\dataset\val\TUBERCULOSIS\tb_00493.png
exact_duplicate,G:\Ai-CDD\data\raw\dataset\train\TUBERCULOSIS\tb_01057.png,G:\Ai-CDD\data\raw\dataset\val\TUBERCULOSIS\tb_00493.png
exact_duplicate,G:\Ai-CDD\data\raw\dataset\train\TUBERCULOSIS\tb_00391.png,G:\Ai-CDD\data\raw\dataset\val\TUBERCULOSIS\tb_00494.png
exact_duplicate,G:\Ai-CDD\data\raw\dataset\train\TUBERCULOSIS\tb_01060.png,G:\Ai-CDD\data\raw\dataset\val\TUBERCULOSIS\tb_00494.png
exact_duplicate,G:\Ai-CDD\data\raw\dataset\train\TUBERCULOSIS\tb_01066.png,G:\Ai-CDD\data\raw\dataset\val\TUBERCULOSIS\tb_00495.png
exact_duplicate,G:\Ai-CDD\data\raw\dataset\test\TUBERCULOSIS\tb_00088.png,G:\Ai-CDD\data\raw\dataset\val\TUBERCULOSIS\tb_00495.png
exact_duplicate,G:\Ai-CDD\data\raw\dataset\train\TUBERCULOSIS\tb_00398.png,G:\Ai-CDD\data\raw\dataset\val\TUBERCULOSIS\tb_00496.png
exact_duplicate,G:\Ai-CDD\data\raw\dataset\train\TUBERCULOSIS\tb_01068.png,G:\Ai-CDD\data\raw\dataset\val\TUBERCULOSIS\tb_00496.png
exact_duplicate,G:\Ai-CDD\data\raw\dataset\train\TUBERCULOSIS\tb_01069.png,G:\Ai-CDD\data\raw\dataset\val\TUBERCULOSIS\tb_00497.png
exact_duplicate,G:\Ai-CDD\data\raw\dataset\test\TUBERCULOSIS\tb_00089.png,G:\Ai-CDD\data\raw\dataset\val\TUBERCULOSIS\tb_00497.png
exact_duplicate,G:\Ai-CDD\data\raw\dataset\train\TUBERCULOSIS\tb_00408.png,G:\Ai-CDD\data\raw\dataset\val\TUBERCULOSIS\tb_00498.png
exact_duplicate,G:\Ai-CDD\data\raw\dataset\train\TUBERCULOSIS\tb_01082.png,G:\Ai-CDD\data\raw\dataset\val\TUBERCULOSIS\tb_00498.png
exact_duplicate,G:\Ai-CDD\data\raw\dataset\train\TUBERCULOSIS\tb_00412.png,G:\Ai-CDD\data\raw\dataset\val\TUBERCULOSIS\tb_00499.png
exact_duplicate,G:\Ai-CDD\data\raw\dataset\train\TUBERCULOSIS\tb_01086.png,G:\Ai-CDD\data\raw\dataset\val\TUBERCULOSIS\tb_00499.png
exact_duplicate,G:\Ai-CDD\data\raw\dataset\train\TUBERCULOSIS\tb_00419.png,G:\Ai-CDD\data\raw\dataset\val\TUBERCULOSIS\tb_00500.png
exact_duplicate,G:\Ai-CDD\data\raw\dataset\train\TUBERCULOSIS\tb_01094.png,G:\Ai-CDD\data\raw\dataset\val\TUBERCULOSIS\tb_00500.png
exact_duplicate,G:\Ai-CDD\data\raw\dataset\train\TUBERCULOSIS\tb_00433.png,G:\Ai-CDD\data\raw\dataset\val\TUBERCULOSIS\tb_00503.png
exact_duplicate,G:\Ai-CDD\data\raw\dataset\test\TUBERCULOSIS\tb_00107.png,G:\Ai-CDD\data\raw\dataset\val\TUBERCULOSIS\tb_00503.png
exact_duplicate,G:\Ai-CDD\data\raw\dataset\test\TUBERCULOSIS\tb_00095.png,G:\Ai-CDD\data\raw\dataset\val\TUBERCULOSIS\tb_00504.png
exact_duplicate,G:\Ai-CDD\data\raw\dataset\test\TUBERCULOSIS\tb_00108.png,G:\Ai-CDD\data\raw\dataset\val\TUBERCULOSIS\tb_00504.png
exact_duplicate,G:\Ai-CDD\data\raw\dataset\train\TUBERCULOSIS\tb_00436.png,G:\Ai-CDD\data\raw\dataset\val\TUBERCULOSIS\tb_00505.png
exact_duplicate,G:\Ai-CDD\data\raw\dataset\test\TUBERCULOSIS\tb_00111.png,G:\Ai-CDD\data\raw\dataset\val\TUBERCULOSIS\tb_00505.png
exact_duplicate,G:\Ai-CDD\data\raw\dataset\train\TUBERCULOSIS\tb_00438.png,G:\Ai-CDD\data\raw\dataset\val\TUBERCULOSIS\tb_00506.png
exact_duplicate,G:\Ai-CDD\data\raw\dataset\test\TUBERCULOSIS\tb_00113.png,G:\Ai-CDD\data\raw\dataset\val\TUBERCULOSIS\tb_00506.png
exact_duplicate,G:\Ai-CDD\data\raw\dataset\train\TUBERCULOSIS\tb_00448.png,G:\Ai-CDD\data\raw\dataset\val\TUBERCULOSIS\tb_00508.png
exact_duplicate,G:\Ai-CDD\data\raw\dataset\test\TUBERCULOSIS\tb_00126.png,G:\Ai-CDD\data\raw\dataset\val\TUBERCULOSIS\tb_00508.png
exact_duplicate,G:\Ai-CDD\data\raw\dataset\train\TUBERCULOSIS\tb_00453.png,G:\Ai-CDD\data\raw\dataset\val\TUBERCULOSIS\tb_00509.png
exact_duplicate,G:\Ai-CDD\data\raw\dataset\test\TUBERCULOSIS\tb_00132.png,G:\Ai-CDD\data\raw\dataset\val\TUBERCULOSIS\tb_00509.png
exact_duplicate,G:\Ai-CDD\data\raw\dataset\train\TUBERCULOSIS\tb_00459.png,G:\Ai-CDD\data\raw\dataset\val\TUBERCULOSIS\tb_00511.png
exact_duplicate,G:\Ai-CDD\data\raw\dataset\test\TUBERCULOSIS\tb_00140.png,G:\Ai-CDD\data\raw\dataset\val\TUBERCULOSIS\tb_00511.png
exact_duplicate,G:\Ai-CDD\data\raw\dataset\train\TUBERCULOSIS\tb_00461.png,G:\Ai-CDD\data\raw\dataset\val\TUBERCULOSIS\tb_00512.png
exact_duplicate,G:\Ai-CDD\data\raw\dataset\test\TUBERCULOSIS\tb_00143.png,G:\Ai-CDD\data\raw\dataset\val\TUBERCULOSIS\tb_00512.png
exact_duplicate,G:\Ai-CDD\data\raw\dataset\test\TUBERCULOSIS\tb_00102.png,G:\Ai-CDD\data\raw\dataset\val\TUBERCULOSIS\tb_00513.png
exact_duplicate,G:\Ai-CDD\data\raw\dataset\test\TUBERCULOSIS\tb_00145.png,G:\Ai-CDD\data\raw\dataset\val\TUBERCULOSIS\tb_00513.png
exact_duplicate,G:\Ai-CDD\data\raw\dataset\train\TUBERCULOSIS\tb_00469.png,G:\Ai-CDD\data\raw\dataset\val\TUBERCULOSIS\tb_00515.png
exact_duplicate,G:\Ai-CDD\data\raw\dataset\train\TUBERCULOSIS\tb_01116.png,G:\Ai-CDD\data\raw\dataset\val\TUBERCULOSIS\tb_00515.png
exact_duplicate,G:\Ai-CDD\data\raw\dataset\train\TUBERCULOSIS\tb_00471.png,G:\Ai-CDD\data\raw\dataset\val\TUBERCULOSIS\tb_00516.png
exact_duplicate,G:\Ai-CDD\data\raw\dataset\train\TUBERCULOSIS\tb_01118.png,G:\Ai-CDD\data\raw\dataset\val\TUBERCULOSIS\tb_00516.png
exact_duplicate,G:\Ai-CDD\data\raw\dataset\train\TUBERCULOSIS\tb_01119.png,G:\Ai-CDD\data\raw\dataset\val\TUBERCULOSIS\tb_00517.png
exact_duplicate,G:\Ai-CDD\data\raw\dataset\test\TUBERCULOSIS\tb_00105.png,G:\Ai-CDD\data\raw\dataset\val\TUBERCULOSIS\tb_00517.png
exact_duplicate,G:\Ai-CDD\data\raw\dataset\train\TUBERCULOSIS\tb_00472.png,G:\Ai-CDD\data\raw\dataset\val\TUBERCULOSIS\tb_00518.png
exact_duplicate,G:\Ai-CDD\data\raw\dataset\train\TUBERCULOSIS\tb_01120.png,G:\Ai-CDD\data\raw\dataset\val\TUBERCULOSIS\tb_00518.png
exact_duplicate,G:\Ai-CDD\data\raw\dataset\train\TUBERCULOSIS\tb_00473.png,G:\Ai-CDD\data\raw\dataset\val\TUBERCULOSIS\tb_00519.png
exact_duplicate,G:\Ai-CDD\data\raw\dataset\train\TUBERCULOSIS\tb_01121.png,G:\Ai-CDD\data\raw\dataset\val\TUBERCULOSIS\tb_00519.png
exact_duplicate,G:\Ai-CDD\data\raw\dataset\train\TUBERCULOSIS\tb_00478.png,G:\Ai-CDD\data\raw\dataset\val\TUBERCULOSIS\tb_00520.png
exact_duplicate,G:\Ai-CDD\data\raw\dataset\train\TUBERCULOSIS\tb_01126.png,G:\Ai-CDD\data\raw\dataset\val\TUBERCULOSIS\tb_00520.png
exact_duplicate,G:\Ai-CDD\data\raw\dataset\train\TUBERCULOSIS\tb_00483.png,G:\Ai-CDD\data\raw\dataset\val\TUBERCULOSIS\tb_00521.png
exact_duplicate,G:\Ai-CDD\data\raw\dataset\train\TUBERCULOSIS\tb_01131.png,G:\Ai-CDD\data\raw\dataset\val\TUBERCULOSIS\tb_00521.png
exact_duplicate,G:\Ai-CDD\data\raw\dataset\train\TUBERCULOSIS\tb_00486.png,G:\Ai-CDD\data\raw\dataset\val\TUBERCULOSIS\tb_00522.png
exact_duplicate,G:\Ai-CDD\data\raw\dataset\train\TUBERCULOSIS\tb_01135.png,G:\Ai-CDD\data\raw\dataset\val\TUBERCULOSIS\tb_00522.png
exact_duplicate,G:\Ai-CDD\data\raw\dataset\test\NORMAL\normal_00787.png,G:\Ai-CDD\data\raw\dataset\train\NORMAL\normal_02454.png
exact_duplicate,G:\Ai-CDD\data\raw\dataset\test\NORMAL\normal_00788.png,G:\Ai-CDD\data\raw\dataset\train\NORMAL\normal_02455.png
exact_duplicate,G:\Ai-CDD\data\raw\dataset\val\NORMAL\normal_00560.png,G:\Ai-CDD\data\raw\dataset\train\NORMAL\normal_02460.png
exact_duplicate,G:\Ai-CDD\data\raw\dataset\val\NORMAL\normal_00561.png,G:\Ai-CDD\data\raw\dataset\train\NORMAL\normal_02461.png
exact_duplicate,G:\Ai-CDD\data\raw\dataset\val\NORMAL\normal_00562.png,G:\Ai-CDD\data\raw\dataset\train\NORMAL\normal_02462.png
exact_duplicate,G:\Ai-CDD\data\raw\dataset\test\NORMAL\normal_00789.png,G:\Ai-CDD\data\raw\dataset\train\NORMAL\normal_02467.png
exact_duplicate,G:\Ai-CDD\data\raw\dataset\test\NORMAL\normal_00790.png,G:\Ai-CDD\data\raw\dataset\train\NORMAL\normal_02470.png
exact_duplicate,G:\Ai-CDD\data\raw\dataset\test\NORMAL\normal_00791.png,G:\Ai-CDD\data\raw\dataset\train\NORMAL\normal_02471.png
exact_duplicate,G:\Ai-CDD\data\raw\dataset\test\NORMAL\normal_00792.png,G:\Ai-CDD\data\raw\dataset\train\NORMAL\normal_02472.png
exact_duplicate,G:\Ai-CDD\data\raw\dataset\test\NORMAL\normal_00793.png,G:\Ai-CDD\data\raw\dataset\train\NORMAL\normal_02474.png
exact_duplicate,G:\Ai-CDD\data\raw\dataset\val\NORMAL\normal_00563.png,G:\Ai-CDD\data\raw\dataset\train\NORMAL\normal_02476.png
exact_duplicate,G:\Ai-CDD\data\raw\dataset\val\NORMAL\normal_00564.png,G:\Ai-CDD\data\raw\dataset\train\NORMAL\normal_02477.png
exact_duplicate,G:\Ai-CDD\data\raw\dataset\test\NORMAL\normal_00794.png,G:\Ai-CDD\data\raw\dataset\train\NORMAL\normal_02481.png
exact_duplicate,G:\Ai-CDD\data\raw\dataset\val\NORMAL\normal_00565.png,G:\Ai-CDD\data\raw\dataset\train\NORMAL\normal_02484.png
exact_duplicate,G:\Ai-CDD\data\raw\dataset\test\NORMAL\normal_00795.png,G:\Ai-CDD\data\raw\dataset\train\NORMAL\normal_02485.png
exact_duplicate,G:\Ai-CDD\data\raw\dataset\val\NORMAL\normal_00566.png,G:\Ai-CDD\data\raw\dataset\train\NORMAL\normal_02490.png
exact_duplicate,G:\Ai-CDD\data\raw\dataset\test\NORMAL\normal_00796.png,G:\Ai-CDD\data\raw\dataset\train\NORMAL\normal_02494.png
exact_duplicate,G:\Ai-CDD\data\raw\dataset\test\NORMAL\normal_00797.png,G:\Ai-CDD\data\raw\dataset\train\NORMAL\normal_02498.png
exact_duplicate,G:\Ai-CDD\data\raw\dataset\test\NORMAL\normal_00798.png,G:\Ai-CDD\data\raw\dataset\train\NORMAL\normal_02500.png
exact_duplicate,G:\Ai-CDD\data\raw\dataset\val\NORMAL\normal_00567.png,G:\Ai-CDD\data\raw\dataset\train\NORMAL\normal_02503.png
exact_duplicate,G:\Ai-CDD\data\raw\dataset\test\NORMAL\normal_00799.png,G:\Ai-CDD\data\raw\dataset\train\NORMAL\normal_02510.png
exact_duplicate,G:\Ai-CDD\data\raw\dataset\val\NORMAL\normal_00568.png,G:\Ai-CDD\data\raw\dataset\train\NORMAL\normal_02515.png
exact_duplicate,G:\Ai-CDD\data\raw\dataset\val\NORMAL\normal_00569.png,G:\Ai-CDD\data\raw\dataset\train\NORMAL\normal_02517.png
exact_duplicate,G:\Ai-CDD\data\raw\dataset\val\NORMAL\normal_00570.png,G:\Ai-CDD\data\raw\dataset\train\NORMAL\normal_02518.png
exact_duplicate,G:\Ai-CDD\data\raw\dataset\val\NORMAL\normal_00571.png,G:\Ai-CDD\data\raw\dataset\train\NORMAL\normal_02520.png
exact_duplicate,G:\Ai-CDD\data\raw\dataset\val\NORMAL\normal_00572.png,G:\Ai-CDD\data\raw\dataset\train\NORMAL\normal_02525.png
exact_duplicate,G:\Ai-CDD\data\raw\dataset\val\NORMAL\normal_00573.png,G:\Ai-CDD\data\raw\dataset\train\NORMAL\normal_02531.png
exact_duplicate,G:\Ai-CDD\data\raw\dataset\val\NORMAL\normal_00574.png,G:\Ai-CDD\data\raw\dataset\train\NORMAL\normal_02541.png
exact_duplicate,G:\Ai-CDD\data\raw\dataset\test\NORMAL\normal_00800.png,G:\Ai-CDD\data\raw\dataset\train\NORMAL\normal_02545.png
exact_duplicate,G:\Ai-CDD\data\raw\dataset\test\NORMAL\normal_00801.png,G:\Ai-CDD\data\raw\dataset\train\NORMAL\normal_02546.png
exact_duplicate,G:\Ai-CDD\data\raw\dataset\val\NORMAL\normal_00575.png,G:\Ai-CDD\data\raw\dataset\train\NORMAL\normal_02547.png
exact_duplicate,G:\Ai-CDD\data\raw\dataset\val\NORMAL\normal_00576.png,G:\Ai-CDD\data\raw\dataset\train\NORMAL\normal_02549.png
exact_duplicate,G:\Ai-CDD\data\raw\dataset\test\NORMAL\normal_00802.png,G:\Ai-CDD\data\raw\dataset\train\NORMAL\normal_02550.png
exact_duplicate,G:\Ai-CDD\data\raw\dataset\val\NORMAL\normal_00577.png,G:\Ai-CDD\data\raw\dataset\train\NORMAL\normal_02553.png
exact_duplicate,G:\Ai-CDD\data\raw\dataset\test\NORMAL\normal_00803.png,G:\Ai-CDD\data\raw\dataset\train\NORMAL\normal_02554.png
exact_duplicate,G:\Ai-CDD\data\raw\dataset\val\NORMAL\normal_00578.png,G:\Ai-CDD\data\raw\dataset\train\NORMAL\normal_02557.png
exact_duplicate,G:\Ai-CDD\data\raw\dataset\val\NORMAL\normal_00579.png,G:\Ai-CDD\data\raw\dataset\train\NORMAL\normal_02559.png
exact_duplicate,G:\Ai-CDD\data\raw\dataset\test\NORMAL\normal_00804.png,G:\Ai-CDD\data\raw\dataset\train\NORMAL\normal_02560.png
exact_duplicate,G:\Ai-CDD\data\raw\dataset\val\NORMAL\normal_00580.png,G:\Ai-CDD\data\raw\dataset\train\NORMAL\normal_02563.png
exact_duplicate,G:\Ai-CDD\data\raw\dataset\val\NORMAL\normal_00581.png,G:\Ai-CDD\data\raw\dataset\train\NORMAL\normal_02565.png
exact_duplicate,G:\Ai-CDD\data\raw\dataset\test\NORMAL\normal_00805.png,G:\Ai-CDD\data\raw\dataset\train\NORMAL\normal_02569.png
exact_duplicate,G:\Ai-CDD\data\raw\dataset\test\NORMAL\normal_00806.png,G:\Ai-CDD\data\raw\dataset\train\NORMAL\normal_02572.png
exact_duplicate,G:\Ai-CDD\data\raw\dataset\test\NORMAL\normal_00807.png,G:\Ai-CDD\data\raw\dataset\train\NORMAL\normal_02579.png
exact_duplicate,G:\Ai-CDD\data\raw\dataset\val\NORMAL\normal_00582.png,G:\Ai-CDD\data\raw\dataset\train\NORMAL\normal_02585.png
exact_duplicate,G:\Ai-CDD\data\raw\dataset\val\NORMAL\normal_00583.png,G:\Ai-CDD\data\raw\dataset\train\NORMAL\normal_02590.png
exact_duplicate,G:\Ai-CDD\data\raw\dataset\val\NORMAL\normal_00584.png,G:\Ai-CDD\data\raw\dataset\train\NORMAL\normal_02598.png
exact_duplicate,G:\Ai-CDD\data\raw\dataset\val\NORMAL\normal_00585.png,G:\Ai-CDD\data\raw\dataset\train\NORMAL\normal_02601.png
exact_duplicate,G:\Ai-CDD\data\raw\dataset\test\NORMAL\normal_00808.png,G:\Ai-CDD\data\raw\dataset\train\NORMAL\normal_02604.png
exact_duplicate,G:\Ai-CDD\data\raw\dataset\test\NORMAL\normal_00809.png,G:\Ai-CDD\data\raw\dataset\train\NORMAL\normal_02615.png
exact_duplicate,G:\Ai-CDD\data\raw\dataset\val\NORMAL\normal_00586.png,G:\Ai-CDD\data\raw\dataset\train\NORMAL\normal_02621.png
exact_duplicate,G:\Ai-CDD\data\raw\dataset\test\NORMAL\normal_00810.png,G:\Ai-CDD\data\raw\dataset\train\NORMAL\normal_02622.png
exact_duplicate,G:\Ai-CDD\data\raw\dataset\val\NORMAL\normal_00587.png,G:\Ai-CDD\data\raw\dataset\train\NORMAL\normal_02623.png
exact_duplicate,G:\Ai-CDD\data\raw\dataset\test\NORMAL\normal_00811.png,G:\Ai-CDD\data\raw\dataset\train\NORMAL\normal_02632.png
exact_duplicate,G:\Ai-CDD\data\raw\dataset\val\NORMAL\normal_00588.png,G:\Ai-CDD\data\raw\dataset\train\NORMAL\normal_02633.png
exact_duplicate,G:\Ai-CDD\data\raw\dataset\val\NORMAL\normal_00589.png,G:\Ai-CDD\data\raw\dataset\train\NORMAL\normal_02634.png
exact_duplicate,G:\Ai-CDD\data\raw\dataset\val\NORMAL\normal_00590.png,G:\Ai-CDD\data\raw\dataset\train\NORMAL\normal_02636.png
exact_duplicate,G:\Ai-CDD\data\raw\dataset\test\NORMAL\normal_00812.png,G:\Ai-CDD\data\raw\dataset\train\NORMAL\normal_02640.png
exact_duplicate,G:\Ai-CDD\data\raw\dataset\test\NORMAL\normal_00813.png,G:\Ai-CDD\data\raw\dataset\train\NORMAL\normal_02641.png
exact_duplicate,G:\Ai-CDD\data\raw\dataset\test\NORMAL\normal_00814.png,G:\Ai-CDD\data\raw\dataset\train\NORMAL\normal_02644.png
exact_duplicate,G:\Ai-CDD\data\raw\dataset\val\NORMAL\normal_00591.png,G:\Ai-CDD\data\raw\dataset\train\NORMAL\normal_02646.png
exact_duplicate,G:\Ai-CDD\data\raw\dataset\val\NORMAL\normal_00592.png,G:\Ai-CDD\data\raw\dataset\train\NORMAL\normal_02648.png
exact_duplicate,G:\Ai-CDD\data\raw\dataset\test\NORMAL\normal_00815.png,G:\Ai-CDD\data\raw\dataset\train\NORMAL\normal_02649.png
exact_duplicate,G:\Ai-CDD\data\raw\dataset\val\NORMAL\normal_00593.png,G:\Ai-CDD\data\raw\dataset\train\NORMAL\normal_02650.png
exact_duplicate,G:\Ai-CDD\data\raw\dataset\val\NORMAL\normal_00594.png,G:\Ai-CDD\data\raw\dataset\train\NORMAL\normal_02652.png
exact_duplicate,G:\Ai-CDD\data\raw\dataset\test\NORMAL\normal_00816.png,G:\Ai-CDD\data\raw\dataset\train\NORMAL\normal_02655.png
exact_duplicate,G:\Ai-CDD\data\raw\dataset\test\NORMAL\normal_00817.png,G:\Ai-CDD\data\raw\dataset\train\NORMAL\normal_02656.png
exact_duplicate,G:\Ai-CDD\data\raw\dataset\test\NORMAL\normal_00818.png,G:\Ai-CDD\data\raw\dataset\train\NORMAL\normal_02658.png
exact_duplicate,G:\Ai-CDD\data\raw\dataset\val\NORMAL\normal_00595.png,G:\Ai-CDD\data\raw\dataset\train\NORMAL\normal_02660.png
exact_duplicate,G:\Ai-CDD\data\raw\dataset\test\NORMAL\normal_00819.png,G:\Ai-CDD\data\raw\dataset\train\NORMAL\normal_02662.png
exact_duplicate,G:\Ai-CDD\data\raw\dataset\test\NORMAL\normal_00820.png,G:\Ai-CDD\data\raw\dataset\train\NORMAL\normal_02663.png
exact_duplicate,G:\Ai-CDD\data\raw\dataset\test\NORMAL\normal_00821.png,G:\Ai-CDD\data\raw\dataset\train\NORMAL\normal_02664.png
exact_duplicate,G:\Ai-CDD\data\raw\dataset\test\NORMAL\normal_00822.png,G:\Ai-CDD\data\raw\dataset\train\NORMAL\normal_02669.png
exact_duplicate,G:\Ai-CDD\data\raw\dataset\val\NORMAL\normal_00596.png,G:\Ai-CDD\data\raw\dataset\train\NORMAL\normal_02671.png
exact_duplicate,G:\Ai-CDD\data\raw\dataset\val\NORMAL\normal_00597.png,G:\Ai-CDD\data\raw\dataset\train\NORMAL\normal_02672.png
exact_duplicate,G:\Ai-CDD\data\raw\dataset\test\NORMAL\normal_00823.png,G:\Ai-CDD\data\raw\dataset\train\NORMAL\normal_02676.png
exact_duplicate,G:\Ai-CDD\data\raw\dataset\val\NORMAL\normal_00598.png,G:\Ai-CDD\data\raw\dataset\train\NORMAL\normal_02683.png
exact_duplicate,G:\Ai-CDD\data\raw\dataset\test\NORMAL\normal_00824.png,G:\Ai-CDD\data\raw\dataset\train\NORMAL\normal_02684.png
exact_duplicate,G:\Ai-CDD\data\raw\dataset\test\NORMAL\normal_00825.png,G:\Ai-CDD\data\raw\dataset\train\NORMAL\normal_02685.png
exact_duplicate,G:\Ai-CDD\data\raw\dataset\test\NORMAL\normal_00826.png,G:\Ai-CDD\data\raw\dataset\train\NORMAL\normal_02687.png
exact_duplicate,G:\Ai-CDD\data\raw\dataset\val\NORMAL\normal_00599.png,G:\Ai-CDD\data\raw\dataset\train\NORMAL\normal_02694.png
exact_duplicate,G:\Ai-CDD\data\raw\dataset\test\NORMAL\normal_00827.png,G:\Ai-CDD\data\raw\dataset\train\NORMAL\normal_02697.png
exact_duplicate,G:\Ai-CDD\data\raw\dataset\val\NORMAL\normal_00600.png,G:\Ai-CDD\data\raw\dataset\train\NORMAL\normal_02701.png
exact_duplicate,G:\Ai-CDD\data\raw\dataset\val\NORMAL\normal_00601.png,G:\Ai-CDD\data\raw\dataset\train\NORMAL\normal_02704.png
exact_duplicate,G:\Ai-CDD\data\raw\dataset\val\NORMAL\normal_00602.png,G:\Ai-CDD\data\raw\dataset\train\NORMAL\normal_02705.png
exact_duplicate,G:\Ai-CDD\data\raw\dataset\test\NORMAL\normal_00828.png,G:\Ai-CDD\data\raw\dataset\train\NORMAL\normal_02709.png
exact_duplicate,G:\Ai-CDD\data\raw\dataset\val\NORMAL\normal_00603.png,G:\Ai-CDD\data\raw\dataset\train\NORMAL\normal_02714.png
exact_duplicate,G:\Ai-CDD\data\raw\dataset\val\NORMAL\normal_00604.png,G:\Ai-CDD\data\raw\dataset\train\NORMAL\normal_02715.png
exact_duplicate,G:\Ai-CDD\data\raw\dataset\val\NORMAL\normal_00605.png,G:\Ai-CDD\data\raw\dataset\train\NORMAL\normal_02717.png
exact_duplicate,G:\Ai-CDD\data\raw\dataset\test\NORMAL\normal_00829.png,G:\Ai-CDD\data\raw\dataset\train\NORMAL\normal_02718.png
exact_duplicate,G:\Ai-CDD\data\raw\dataset\val\NORMAL\normal_00606.png,G:\Ai-CDD\data\raw\dataset\train\NORMAL\normal_02720.png
exact_duplicate,G:\Ai-CDD\data\raw\dataset\val\NORMAL\normal_00607.png,G:\Ai-CDD\data\raw\dataset\train\NORMAL\normal_02721.png
exact_duplicate,G:\Ai-CDD\data\raw\dataset\val\NORMAL\normal_00608.png,G:\Ai-CDD\data\raw\dataset\train\NORMAL\normal_02723.png
exact_duplicate,G:\Ai-CDD\data\raw\dataset\val\NORMAL\normal_00609.png,G:\Ai-CDD\data\raw\dataset\train\NORMAL\normal_02727.png
exact_duplicate,G:\Ai-CDD\data\raw\dataset\val\NORMAL\normal_00610.png,G:\Ai-CDD\data\raw\dataset\train\NORMAL\normal_02728.png
exact_duplicate,G:\Ai-CDD\data\raw\dataset\test\NORMAL\normal_00830.png,G:\Ai-CDD\data\raw\dataset\train\NORMAL\normal_02733.png
exact_duplicate,G:\Ai-CDD\data\raw\dataset\test\NORMAL\normal_00831.png,G:\Ai-CDD\data\raw\dataset\train\NORMAL\normal_02734.png
exact_duplicate,G:\Ai-CDD\data\raw\dataset\test\NORMAL\normal_00832.png,G:\Ai-CDD\data\raw\dataset\train\NORMAL\normal_02735.png
exact_duplicate,G:\Ai-CDD\data\raw\dataset\test\NORMAL\normal_00833.png,G:\Ai-CDD\data\raw\dataset\train\NORMAL\normal_02737.png
exact_duplicate,G:\Ai-CDD\data\raw\dataset\test\NORMAL\normal_00834.png,G:\Ai-CDD\data\raw\dataset\train\NORMAL\normal_02738.png
exact_duplicate,G:\Ai-CDD\data\raw\dataset\test\NORMAL\normal_00835.png,G:\Ai-CDD\data\raw\dataset\train\NORMAL\normal_02739.png
exact_duplicate,G:\Ai-CDD\data\raw\dataset\test\NORMAL\normal_00836.png,G:\Ai-CDD\data\raw\dataset\train\NORMAL\normal_02741.png
exact_duplicate,G:\Ai-CDD\data\raw\dataset\test\NORMAL\normal_00837.png,G:\Ai-CDD\data\raw\dataset\train\NORMAL\normal_02743.png
exact_duplicate,G:\Ai-CDD\data\raw\dataset\test\NORMAL\normal_00838.png,G:\Ai-CDD\data\raw\dataset\train\NORMAL\normal_02744.png
exact_duplicate,G:\Ai-CDD\data\raw\dataset\val\NORMAL\normal_00611.png,G:\Ai-CDD\data\raw\dataset\train\NORMAL\normal_02749.png
exact_duplicate,G:\Ai-CDD\data\raw\dataset\test\NORMAL\normal_00839.png,G:\Ai-CDD\data\raw\dataset\train\NORMAL\normal_02752.png
exact_duplicate,G:\Ai-CDD\data\raw\dataset\val\NORMAL\normal_00612.png,G:\Ai-CDD\data\raw\dataset\train\NORMAL\normal_02753.png
exact_duplicate,G:\Ai-CDD\data\raw\dataset\test\NORMAL\normal_00840.png,G:\Ai-CDD\data\raw\dataset\train\NORMAL\normal_02760.png
exact_duplicate,G:\Ai-CDD\data\raw\dataset\val\NORMAL\normal_00613.png,G:\Ai-CDD\data\raw\dataset\train\NORMAL\normal_02766.png
exact_duplicate,G:\Ai-CDD\data\raw\dataset\test\NORMAL\normal_00841.png,G:\Ai-CDD\data\raw\dataset\train\NORMAL\normal_02767.png
exact_duplicate,G:\Ai-CDD\data\raw\dataset\test\NORMAL\normal_00842.png,G:\Ai-CDD\data\raw\dataset\train\NORMAL\normal_02777.png
exact_duplicate,G:\Ai-CDD\data\raw\dataset\val\NORMAL\normal_00614.png,G:\Ai-CDD\data\raw\dataset\train\NORMAL\normal_02778.png
exact_duplicate,G:\Ai-CDD\data\raw\dataset\test\NORMAL\normal_00843.png,G:\Ai-CDD\data\raw\dataset\train\NORMAL\normal_02779.png
exact_duplicate,G:\Ai-CDD\data\raw\dataset\val\NORMAL\normal_00615.png,G:\Ai-CDD\data\raw\dataset\train\NORMAL\normal_02780.png
exact_duplicate,G:\Ai-CDD\data\raw\dataset\val\NORMAL\normal_00616.png,G:\Ai-CDD\data\raw\dataset\train\NORMAL\normal_02784.png
exact_duplicate,G:\Ai-CDD\data\raw\dataset\val\NORMAL\normal_00617.png,G:\Ai-CDD\data\raw\dataset\train\NORMAL\normal_02785.png
exact_duplicate,G:\Ai-CDD\data\raw\dataset\val\NORMAL\normal_00618.png,G:\Ai-CDD\data\raw\dataset\train\NORMAL\normal_02790.png
exact_duplicate,G:\Ai-CDD\data\raw\dataset\test\NORMAL\normal_00844.png,G:\Ai-CDD\data\raw\dataset\train\NORMAL\normal_02795.png
exact_duplicate,G:\Ai-CDD\data\raw\dataset\val\NORMAL\normal_00619.png,G:\Ai-CDD\data\raw\dataset\train\NORMAL\normal_02796.png
exact_duplicate,G:\Ai-CDD\data\raw\dataset\val\NORMAL\normal_00620.png,G:\Ai-CDD\data\raw\dataset\train\NORMAL\normal_02797.png
exact_duplicate,G:\Ai-CDD\data\raw\dataset\test\NORMAL\normal_00845.png,G:\Ai-CDD\data\raw\dataset\train\NORMAL\normal_02798.png
exact_duplicate,G:\Ai-CDD\data\raw\dataset\val\NORMAL\normal_00621.png,G:\Ai-CDD\data\raw\dataset\train\NORMAL\normal_02799.png
exact_duplicate,G:\Ai-CDD\data\raw\dataset\test\NORMAL\normal_00846.png,G:\Ai-CDD\data\raw\dataset\train\NORMAL\normal_02802.png
exact_duplicate,G:\Ai-CDD\data\raw\dataset\val\NORMAL\normal_00622.png,G:\Ai-CDD\data\raw\dataset\train\NORMAL\normal_02806.png
exact_duplicate,G:\Ai-CDD\data\raw\dataset\test\NORMAL\normal_00847.png,G:\Ai-CDD\data\raw\dataset\train\NORMAL\normal_02807.png
exact_duplicate,G:\Ai-CDD\data\raw\dataset\val\NORMAL\normal_00623.png,G:\Ai-CDD\data\raw\dataset\train\NORMAL\normal_02809.png
exact_duplicate,G:\Ai-CDD\data\raw\dataset\test\NORMAL\normal_00848.png,G:\Ai-CDD\data\raw\dataset\train\NORMAL\normal_02810.png
exact_duplicate,G:\Ai-CDD\data\raw\dataset\val\NORMAL\normal_00624.png,G:\Ai-CDD\data\raw\dataset\train\NORMAL\normal_02811.png
exact_duplicate,G:\Ai-CDD\data\raw\dataset\val\NORMAL\normal_00625.png,G:\Ai-CDD\data\raw\dataset\train\NORMAL\normal_02813.png
exact_duplicate,G:\Ai-CDD\data\raw\dataset\val\NORMAL\normal_00626.png,G:\Ai-CDD\data\raw\dataset\train\NORMAL\normal_02816.png
exact_duplicate,G:\Ai-CDD\data\raw\dataset\val\NORMAL\normal_00627.png,G:\Ai-CDD\data\raw\dataset\train\NORMAL\normal_02817.png
exact_duplicate,G:\Ai-CDD\data\raw\dataset\val\NORMAL\normal_00628.png,G:\Ai-CDD\data\raw\dataset\train\NORMAL\normal_02820.png
exact_duplicate,G:\Ai-CDD\data\raw\dataset\val\NORMAL\normal_00629.png,G:\Ai-CDD\data\raw\dataset\train\NORMAL\normal_02822.png
exact_duplicate,G:\Ai-CDD\data\raw\dataset\test\NORMAL\normal_00849.png,G:\Ai-CDD\data\raw\dataset\train\NORMAL\normal_02826.png
exact_duplicate,G:\Ai-CDD\data\raw\dataset\test\NORMAL\normal_00850.png,G:\Ai-CDD\data\raw\dataset\train\NORMAL\normal_02827.png
exact_duplicate,G:\Ai-CDD\data\raw\dataset\val\NORMAL\normal_00630.png,G:\Ai-CDD\data\raw\dataset\train\NORMAL\normal_02838.png
exact_duplicate,G:\Ai-CDD\data\raw\dataset\test\NORMAL\normal_00851.png,G:\Ai-CDD\data\raw\dataset\train\NORMAL\normal_02839.png
exact_duplicate,G:\Ai-CDD\data\raw\dataset\test\NORMAL\normal_00852.png,G:\Ai-CDD\data\raw\dataset\train\NORMAL\normal_02842.png
exact_duplicate,G:\Ai-CDD\data\raw\dataset\test\NORMAL\normal_00853.png,G:\Ai-CDD\data\raw\dataset\train\NORMAL\normal_02844.png
exact_duplicate,G:\Ai-CDD\data\raw\dataset\val\NORMAL\normal_00631.png,G:\Ai-CDD\data\raw\dataset\train\NORMAL\normal_02845.png
exact_duplicate,G:\Ai-CDD\data\raw\dataset\test\NORMAL\normal_00854.png,G:\Ai-CDD\data\raw\dataset\train\NORMAL\normal_02846.png
exact_duplicate,G:\Ai-CDD\data\raw\dataset\val\NORMAL\normal_00632.png,G:\Ai-CDD\data\raw\dataset\train\NORMAL\normal_02848.png
exact_duplicate,G:\Ai-CDD\data\raw\dataset\val\NORMAL\normal_00633.png,G:\Ai-CDD\data\raw\dataset\train\NORMAL\normal_02854.png
exact_duplicate,G:\Ai-CDD\data\raw\dataset\val\NORMAL\normal_00634.png,G:\Ai-CDD\data\raw\dataset\train\NORMAL\normal_02857.png
exact_duplicate,G:\Ai-CDD\data\raw\dataset\test\NORMAL\normal_00855.png,G:\Ai-CDD\data\raw\dataset\train\NORMAL\normal_02859.png
exact_duplicate,G:\Ai-CDD\data\raw\dataset\test\NORMAL\normal_00856.png,G:\Ai-CDD\data\raw\dataset\train\NORMAL\normal_02860.png
exact_duplicate,G:\Ai-CDD\data\raw\dataset\val\NORMAL\normal_00635.png,G:\Ai-CDD\data\raw\dataset\train\NORMAL\normal_02863.png
exact_duplicate,G:\Ai-CDD\data\raw\dataset\val\NORMAL\normal_00636.png,G:\Ai-CDD\data\raw\dataset\train\NORMAL\normal_02866.png
exact_duplicate,G:\Ai-CDD\data\raw\dataset\val\NORMAL\normal_00637.png,G:\Ai-CDD\data\raw\dataset\train\NORMAL\normal_02867.png
exact_duplicate,G:\Ai-CDD\data\raw\dataset\test\NORMAL\normal_00857.png,G:\Ai-CDD\data\raw\dataset\train\NORMAL\normal_02868.png
exact_duplicate,G:\Ai-CDD\data\raw\dataset\val\NORMAL\normal_00638.png,G:\Ai-CDD\data\raw\dataset\train\NORMAL\normal_02877.png
exact_duplicate,G:\Ai-CDD\data\raw\dataset\test\NORMAL\normal_00858.png,G:\Ai-CDD\data\raw\dataset\train\NORMAL\normal_02878.png
exact_duplicate,G:\Ai-CDD\data\raw\dataset\val\NORMAL\normal_00639.png,G:\Ai-CDD\data\raw\dataset\train\NORMAL\normal_02879.png
exact_duplicate,G:\Ai-CDD\data\raw\dataset\test\NORMAL\normal_00859.png,G:\Ai-CDD\data\raw\dataset\train\NORMAL\normal_02881.png
exact_duplicate,G:\Ai-CDD\data\raw\dataset\test\NORMAL\normal_00860.png,G:\Ai-CDD\data\raw\dataset\train\NORMAL\normal_02884.png
exact_duplicate,G:\Ai-CDD\data\raw\dataset\val\NORMAL\normal_00640.png,G:\Ai-CDD\data\raw\dataset\train\NORMAL\normal_02885.png
exact_duplicate,G:\Ai-CDD\data\raw\dataset\val\NORMAL\normal_00641.png,G:\Ai-CDD\data\raw\dataset\train\NORMAL\normal_02888.png
exact_duplicate,G:\Ai-CDD\data\raw\dataset\val\NORMAL\normal_00642.png,G:\Ai-CDD\data\raw\dataset\train\NORMAL\normal_02892.png
exact_duplicate,G:\Ai-CDD\data\raw\dataset\val\NORMAL\normal_00643.png,G:\Ai-CDD\data\raw\dataset\train\NORMAL\normal_02896.png
exact_duplicate,G:\Ai-CDD\data\raw\dataset\test\NORMAL\normal_00861.png,G:\Ai-CDD\data\raw\dataset\train\NORMAL\normal_02901.png
exact_duplicate,G:\Ai-CDD\data\raw\dataset\test\NORMAL\normal_00862.png,G:\Ai-CDD\data\raw\dataset\train\NORMAL\normal_02905.png
exact_duplicate,G:\Ai-CDD\data\raw\dataset\test\NORMAL\normal_00863.png,G:\Ai-CDD\data\raw\dataset\train\NORMAL\normal_02906.png
exact_duplicate,G:\Ai-CDD\data\raw\dataset\val\NORMAL\normal_00644.png,G:\Ai-CDD\data\raw\dataset\train\NORMAL\normal_02907.png
exact_duplicate,G:\Ai-CDD\data\raw\dataset\test\NORMAL\normal_00864.png,G:\Ai-CDD\data\raw\dataset\train\NORMAL\normal_02908.png
exact_duplicate,G:\Ai-CDD\data\raw\dataset\test\NORMAL\normal_00865.png,G:\Ai-CDD\data\raw\dataset\train\NORMAL\normal_02912.png
exact_duplicate,G:\Ai-CDD\data\raw\dataset\val\NORMAL\normal_00645.png,G:\Ai-CDD\data\raw\dataset\train\NORMAL\normal_02917.png
exact_duplicate,G:\Ai-CDD\data\raw\dataset\val\NORMAL\normal_00646.png,G:\Ai-CDD\data\raw\dataset\train\NORMAL\normal_02918.png
exact_duplicate,G:\Ai-CDD\data\raw\dataset\val\NORMAL\normal_00647.png,G:\Ai-CDD\data\raw\dataset\train\NORMAL\normal_02921.png
exact_duplicate,G:\Ai-CDD\data\raw\dataset\test\NORMAL\normal_00866.png,G:\Ai-CDD\data\raw\dataset\train\NORMAL\normal_02926.png
exact_duplicate,G:\Ai-CDD\data\raw\dataset\val\NORMAL\normal_00648.png,G:\Ai-CDD\data\raw\dataset\train\NORMAL\normal_02928.png
exact_duplicate,G:\Ai-CDD\data\raw\dataset\val\NORMAL\normal_00649.png,G:\Ai-CDD\data\raw\dataset\train\NORMAL\normal_02929.png
exact_duplicate,G:\Ai-CDD\data\raw\dataset\test\NORMAL\normal_00867.png,G:\Ai-CDD\data\raw\dataset\train\NORMAL\normal_02930.png
exact_duplicate,G:\Ai-CDD\data\raw\dataset\test\NORMAL\normal_00868.png,G:\Ai-CDD\data\raw\dataset\train\NORMAL\normal_02931.png
exact_duplicate,G:\Ai-CDD\data\raw\dataset\val\NORMAL\normal_00650.png,G:\Ai-CDD\data\raw\dataset\train\NORMAL\normal_02938.png
exact_duplicate,G:\Ai-CDD\data\raw\dataset\test\NORMAL\normal_00869.png,G:\Ai-CDD\data\raw\dataset\train\NORMAL\normal_02949.png
exact_duplicate,G:\Ai-CDD\data\raw\dataset\val\NORMAL\normal_00651.png,G:\Ai-CDD\data\raw\dataset\train\NORMAL\normal_02952.png
exact_duplicate,G:\Ai-CDD\data\raw\dataset\test\NORMAL\normal_00870.png,G:\Ai-CDD\data\raw\dataset\train\NORMAL\normal_02955.png
exact_duplicate,G:\Ai-CDD\data\raw\dataset\test\NORMAL\normal_00871.png,G:\Ai-CDD\data\raw\dataset\train\NORMAL\normal_02956.png
exact_duplicate,G:\Ai-CDD\data\raw\dataset\test\NORMAL\normal_00872.png,G:\Ai-CDD\data\raw\dataset\train\NORMAL\normal_02960.png
exact_duplicate,G:\Ai-CDD\data\raw\dataset\val\NORMAL\normal_00652.png,G:\Ai-CDD\data\raw\dataset\train\NORMAL\normal_02963.png
exact_duplicate,G:\Ai-CDD\data\raw\dataset\val\NORMAL\normal_00653.png,G:\Ai-CDD\data\raw\dataset\train\NORMAL\normal_02964.png
exact_duplicate,G:\Ai-CDD\data\raw\dataset\test\NORMAL\normal_00873.png,G:\Ai-CDD\data\raw\dataset\train\NORMAL\normal_02968.png
exact_duplicate,G:\Ai-CDD\data\raw\dataset\test\NORMAL\normal_00874.png,G:\Ai-CDD\data\raw\dataset\train\NORMAL\normal_02971.png
exact_duplicate,G:\Ai-CDD\data\raw\dataset\test\NORMAL\normal_00875.png,G:\Ai-CDD\data\raw\dataset\train\NORMAL\normal_02972.png
exact_duplicate,G:\Ai-CDD\data\raw\dataset\test\NORMAL\normal_00876.png,G:\Ai-CDD\data\raw\dataset\train\NORMAL\normal_02973.png
exact_duplicate,G:\Ai-CDD\data\raw\dataset\val\NORMAL\normal_00654.png,G:\Ai-CDD\data\raw\dataset\train\NORMAL\normal_02977.png
exact_duplicate,G:\Ai-CDD\data\raw\dataset\val\NORMAL\normal_00655.png,G:\Ai-CDD\data\raw\dataset\train\NORMAL\normal_02978.png
exact_duplicate,G:\Ai-CDD\data\raw\dataset\test\NORMAL\normal_00877.png,G:\Ai-CDD\data\raw\dataset\train\NORMAL\normal_02979.png
exact_duplicate,G:\Ai-CDD\data\raw\dataset\val\NORMAL\normal_00656.png,G:\Ai-CDD\data\raw\dataset\train\NORMAL\normal_02982.png
exact_duplicate,G:\Ai-CDD\data\raw\dataset\test\NORMAL\normal_00878.png,G:\Ai-CDD\data\raw\dataset\train\NORMAL\normal_02984.png
exact_duplicate,G:\Ai-CDD\data\raw\dataset\test\NORMAL\normal_00879.png,G:\Ai-CDD\data\raw\dataset\train\NORMAL\normal_02986.png
exact_duplicate,G:\Ai-CDD\data\raw\dataset\test\NORMAL\normal_00880.png,G:\Ai-CDD\data\raw\dataset\train\NORMAL\normal_02987.png
exact_duplicate,G:\Ai-CDD\data\raw\dataset\test\NORMAL\normal_00881.png,G:\Ai-CDD\data\raw\dataset\train\NORMAL\normal_02989.png
exact_duplicate,G:\Ai-CDD\data\raw\dataset\test\NORMAL\normal_00882.png,G:\Ai-CDD\data\raw\dataset\train\NORMAL\normal_02991.png
exact_duplicate,G:\Ai-CDD\data\raw\dataset\val\NORMAL\normal_00657.png,G:\Ai-CDD\data\raw\dataset\train\NORMAL\normal_02993.png
exact_duplicate,G:\Ai-CDD\data\raw\dataset\val\NORMAL\normal_00658.png,G:\Ai-CDD\data\raw\dataset\train\NORMAL\normal_02994.png
exact_duplicate,G:\Ai-CDD\data\raw\dataset\val\NORMAL\normal_00659.png,G:\Ai-CDD\data\raw\dataset\train\NORMAL\normal_03000.png
exact_duplicate,G:\Ai-CDD\data\raw\dataset\test\NORMAL\normal_00883.png,G:\Ai-CDD\data\raw\dataset\train\NORMAL\normal_03002.png
exact_duplicate,G:\Ai-CDD\data\raw\dataset\test\NORMAL\normal_00884.png,G:\Ai-CDD\data\raw\dataset\train\NORMAL\normal_03004.png
exact_duplicate,G:\Ai-CDD\data\raw\dataset\val\NORMAL\normal_00660.png,G:\Ai-CDD\data\raw\dataset\train\NORMAL\normal_03008.png
exact_duplicate,G:\Ai-CDD\data\raw\dataset\val\NORMAL\normal_00661.png,G:\Ai-CDD\data\raw\dataset\train\NORMAL\normal_03012.png
exact_duplicate,G:\Ai-CDD\data\raw\dataset\test\NORMAL\normal_00885.png,G:\Ai-CDD\data\raw\dataset\train\NORMAL\normal_03017.png
exact_duplicate,G:\Ai-CDD\data\raw\dataset\val\NORMAL\normal_00662.png,G:\Ai-CDD\data\raw\dataset\train\NORMAL\normal_03022.png
exact_duplicate,G:\Ai-CDD\data\raw\dataset\val\NORMAL\normal_00663.png,G:\Ai-CDD\data\raw\dataset\train\NORMAL\normal_03023.png
exact_duplicate,G:\Ai-CDD\data\raw\dataset\test\NORMAL\normal_00886.png,G:\Ai-CDD\data\raw\dataset\train\NORMAL\normal_03026.png
exact_duplicate,G:\Ai-CDD\data\raw\dataset\test\NORMAL\normal_00887.png,G:\Ai-CDD\data\raw\dataset\train\NORMAL\normal_03028.png
exact_duplicate,G:\Ai-CDD\data\raw\dataset\val\NORMAL\normal_00664.png,G:\Ai-CDD\data\raw\dataset\train\NORMAL\normal_03039.png
exact_duplicate,G:\Ai-CDD\data\raw\dataset\val\NORMAL\normal_00665.png,G:\Ai-CDD\data\raw\dataset\train\NORMAL\normal_03042.png
exact_duplicate,G:\Ai-CDD\data\raw\dataset\val\NORMAL\normal_00666.png,G:\Ai-CDD\data\raw\dataset\train\NORMAL\normal_03043.png
exact_duplicate,G:\Ai-CDD\data\raw\dataset\test\NORMAL\normal_00888.png,G:\Ai-CDD\data\raw\dataset\train\NORMAL\normal_03047.png
exact_duplicate,G:\Ai-CDD\data\raw\dataset\val\NORMAL\normal_00691.png,G:\Ai-CDD\data\raw\dataset\train\NORMAL\normal_03048.png
exact_duplicate,G:\Ai-CDD\data\raw\dataset\test\NORMAL\normal_00914.png,G:\Ai-CDD\data\raw\dataset\train\NORMAL\normal_03049.png
exact_duplicate,G:\Ai-CDD\data\raw\dataset\test\NORMAL\normal_00915.png,G:\Ai-CDD\data\raw\dataset\train\NORMAL\normal_03051.png
exact_duplicate,G:\Ai-CDD\data\raw\dataset\val\NORMAL\normal_00692.png,G:\Ai-CDD\data\raw\dataset\train\NORMAL\normal_03052.png
exact_duplicate,G:\Ai-CDD\data\raw\dataset\test\NORMAL\normal_00916.png,G:\Ai-CDD\data\raw\dataset\train\NORMAL\normal_03053.png
exact_duplicate,G:\Ai-CDD\data\raw\dataset\test\NORMAL\normal_00917.png,G:\Ai-CDD\data\raw\dataset\train\NORMAL\normal_03056.png
exact_duplicate,G:\Ai-CDD\data\raw\dataset\test\NORMAL\normal_00918.png,G:\Ai-CDD\data\raw\dataset\train\NORMAL\normal_03059.png
exact_duplicate,G:\Ai-CDD\data\raw\dataset\val\NORMAL\normal_00693.png,G:\Ai-CDD\data\raw\dataset\train\NORMAL\normal_03060.png
exact_duplicate,G:\Ai-CDD\data\raw\dataset\val\NORMAL\normal_00694.png,G:\Ai-CDD\data\raw\dataset\train\NORMAL\normal_03062.png
exact_duplicate,G:\Ai-CDD\data\raw\dataset\val\NORMAL\normal_00695.png,G:\Ai-CDD\data\raw\dataset\train\NORMAL\normal_03067.png
exact_duplicate,G:\Ai-CDD\data\raw\dataset\val\NORMAL\normal_00696.png,G:\Ai-CDD\data\raw\dataset\train\NORMAL\normal_03070.png
exact_duplicate,G:\Ai-CDD\data\raw\dataset\test\NORMAL\normal_00919.png,G:\Ai-CDD\data\raw\dataset\train\NORMAL\normal_03073.png
exact_duplicate,G:\Ai-CDD\data\raw\dataset\test\NORMAL\normal_00920.png,G:\Ai-CDD\data\raw\dataset\train\NORMAL\normal_03076.png
exact_duplicate,G:\Ai-CDD\data\raw\dataset\val\NORMAL\normal_00697.png,G:\Ai-CDD\data\raw\dataset\train\NORMAL\normal_03078.png
exact_duplicate,G:\Ai-CDD\data\raw\dataset\test\NORMAL\normal_00921.png,G:\Ai-CDD\data\raw\dataset\train\NORMAL\normal_03080.png
exact_duplicate,G:\Ai-CDD\data\raw\dataset\val\NORMAL\normal_00698.png,G:\Ai-CDD\data\raw\dataset\train\NORMAL\normal_03086.png
exact_duplicate,G:\Ai-CDD\data\raw\dataset\val\NORMAL\normal_00699.png,G:\Ai-CDD\data\raw\dataset\train\NORMAL\normal_03088.png
exact_duplicate,G:\Ai-CDD\data\raw\dataset\val\NORMAL\normal_00700.png,G:\Ai-CDD\data\raw\dataset\train\NORMAL\normal_03089.png
exact_duplicate,G:\Ai-CDD\data\raw\dataset\val\NORMAL\normal_00701.png,G:\Ai-CDD\data\raw\dataset\train\NORMAL\normal_03092.png
exact_duplicate,G:\Ai-CDD\data\raw\dataset\val\NORMAL\normal_00702.png,G:\Ai-CDD\data\raw\dataset\train\NORMAL\normal_03095.png
exact_duplicate,G:\Ai-CDD\data\raw\dataset\test\NORMAL\normal_00922.png,G:\Ai-CDD\data\raw\dataset\train\NORMAL\normal_03096.png
exact_duplicate,G:\Ai-CDD\data\raw\dataset\test\NORMAL\normal_00923.png,G:\Ai-CDD\data\raw\dataset\train\NORMAL\normal_03098.png
exact_duplicate,G:\Ai-CDD\data\raw\dataset\test\NORMAL\normal_00924.png,G:\Ai-CDD\data\raw\dataset\train\NORMAL\normal_03099.png
exact_duplicate,G:\Ai-CDD\data\raw\dataset\val\NORMAL\normal_00703.png,G:\Ai-CDD\data\raw\dataset\train\NORMAL\normal_03101.png
exact_duplicate,G:\Ai-CDD\data\raw\dataset\test\NORMAL\normal_00925.png,G:\Ai-CDD\data\raw\dataset\train\NORMAL\normal_03104.png
exact_duplicate,G:\Ai-CDD\data\raw\dataset\test\NORMAL\normal_00926.png,G:\Ai-CDD\data\raw\dataset\train\NORMAL\normal_03105.png
exact_duplicate,G:\Ai-CDD\data\raw\dataset\test\NORMAL\normal_00927.png,G:\Ai-CDD\data\raw\dataset\train\NORMAL\normal_03106.png
exact_duplicate,G:\Ai-CDD\data\raw\dataset\test\NORMAL\normal_00928.png,G:\Ai-CDD\data\raw\dataset\train\NORMAL\normal_03110.png
exact_duplicate,G:\Ai-CDD\data\raw\dataset\val\NORMAL\normal_00704.png,G:\Ai-CDD\data\raw\dataset\train\NORMAL\normal_03113.png
exact_duplicate,G:\Ai-CDD\data\raw\dataset\val\NORMAL\normal_00705.png,G:\Ai-CDD\data\raw\dataset\train\NORMAL\normal_03115.png
exact_duplicate,G:\Ai-CDD\data\raw\dataset\val\NORMAL\normal_00706.png,G:\Ai-CDD\data\raw\dataset\train\NORMAL\normal_03117.png
exact_duplicate,G:\Ai-CDD\data\raw\dataset\val\NORMAL\normal_00707.png,G:\Ai-CDD\data\raw\dataset\train\NORMAL\normal_03118.png
exact_duplicate,G:\Ai-CDD\data\raw\dataset\val\NORMAL\normal_00708.png,G:\Ai-CDD\data\raw\dataset\train\NORMAL\normal_03119.png
exact_duplicate,G:\Ai-CDD\data\raw\dataset\test\NORMAL\normal_00929.png,G:\Ai-CDD\data\raw\dataset\train\NORMAL\normal_03120.png
exact_duplicate,G:\Ai-CDD\data\raw\dataset\val\NORMAL\normal_00709.png,G:\Ai-CDD\data\raw\dataset\train\NORMAL\normal_03122.png
exact_duplicate,G:\Ai-CDD\data\raw\dataset\test\NORMAL\normal_00930.png,G:\Ai-CDD\data\raw\dataset\train\NORMAL\normal_03125.png
exact_duplicate,G:\Ai-CDD\data\raw\dataset\test\NORMAL\normal_00931.png,G:\Ai-CDD\data\raw\dataset\train\NORMAL\normal_03126.png
exact_duplicate,G:\Ai-CDD\data\raw\dataset\test\NORMAL\normal_00932.png,G:\Ai-CDD\data\raw\dataset\train\NORMAL\normal_03127.png
exact_duplicate,G:\Ai-CDD\data\raw\dataset\val\NORMAL\normal_00710.png,G:\Ai-CDD\data\raw\dataset\train\NORMAL\normal_03133.png
exact_duplicate,G:\Ai-CDD\data\raw\dataset\test\NORMAL\normal_00933.png,G:\Ai-CDD\data\raw\dataset\train\NORMAL\normal_03134.png
exact_duplicate,G:\Ai-CDD\data\raw\dataset\val\NORMAL\normal_00711.png,G:\Ai-CDD\data\raw\dataset\train\NORMAL\normal_03140.png
exact_duplicate,G:\Ai-CDD\data\raw\dataset\val\NORMAL\normal_00712.png,G:\Ai-CDD\data\raw\dataset\train\NORMAL\normal_03143.png
exact_duplicate,G:\Ai-CDD\data\raw\dataset\val\NORMAL\normal_00713.png,G:\Ai-CDD\data\raw\dataset\train\NORMAL\normal_03150.png
exact_duplicate,G:\Ai-CDD\data\raw\dataset\test\NORMAL\normal_00934.png,G:\Ai-CDD\data\raw\dataset\train\NORMAL\normal_03152.png
exact_duplicate,G:\Ai-CDD\data\raw\dataset\val\NORMAL\normal_00714.png,G:\Ai-CDD\data\raw\dataset\train\NORMAL\normal_03153.png
exact_duplicate,G:\Ai-CDD\data\raw\dataset\test\NORMAL\normal_00935.png,G:\Ai-CDD\data\raw\dataset\train\NORMAL\normal_03158.png
exact_duplicate,G:\Ai-CDD\data\raw\dataset\val\NORMAL\normal_00715.png,G:\Ai-CDD\data\raw\dataset\train\NORMAL\normal_03159.png
exact_duplicate,G:\Ai-CDD\data\raw\dataset\val\NORMAL\normal_00716.png,G:\Ai-CDD\data\raw\dataset\train\NORMAL\normal_03160.png
exact_duplicate,G:\Ai-CDD\data\raw\dataset\test\NORMAL\normal_00936.png,G:\Ai-CDD\data\raw\dataset\train\NORMAL\normal_03162.png
exact_duplicate,G:\Ai-CDD\data\raw\dataset\test\NORMAL\normal_00937.png,G:\Ai-CDD\data\raw\dataset\train\NORMAL\normal_03163.png
exact_duplicate,G:\Ai-CDD\data\raw\dataset\val\NORMAL\normal_00717.png,G:\Ai-CDD\data\raw\dataset\train\NORMAL\normal_03166.png
exact_duplicate,G:\Ai-CDD\data\raw\dataset\test\NORMAL\normal_00938.png,G:\Ai-CDD\data\raw\dataset\train\NORMAL\normal_03169.png
exact_duplicate,G:\Ai-CDD\data\raw\dataset\test\NORMAL\normal_00939.png,G:\Ai-CDD\data\raw\dataset\train\NORMAL\normal_03170.png
exact_duplicate,G:\Ai-CDD\data\raw\dataset\test\NORMAL\normal_00940.png,G:\Ai-CDD\data\raw\dataset\train\NORMAL\normal_03171.png
exact_duplicate,G:\Ai-CDD\data\raw\dataset\val\NORMAL\normal_00718.png,G:\Ai-CDD\data\raw\dataset\train\NORMAL\normal_03179.png
exact_duplicate,G:\Ai-CDD\data\raw\dataset\test\NORMAL\normal_00941.png,G:\Ai-CDD\data\raw\dataset\train\NORMAL\normal_03180.png
exact_duplicate,G:\Ai-CDD\data\raw\dataset\test\NORMAL\normal_00942.png,G:\Ai-CDD\data\raw\dataset\train\NORMAL\normal_03186.png
exact_duplicate,G:\Ai-CDD\data\raw\dataset\val\NORMAL\normal_00719.png,G:\Ai-CDD\data\raw\dataset\train\NORMAL\normal_03190.png
exact_duplicate,G:\Ai-CDD\data\raw\dataset\val\NORMAL\normal_00720.png,G:\Ai-CDD\data\raw\dataset\train\NORMAL\normal_03193.png
exact_duplicate,G:\Ai-CDD\data\raw\dataset\test\NORMAL\normal_00943.png,G:\Ai-CDD\data\raw\dataset\train\NORMAL\normal_03194.png
exact_duplicate,G:\Ai-CDD\data\raw\dataset\val\NORMAL\normal_00721.png,G:\Ai-CDD\data\raw\dataset\train\NORMAL\normal_03195.png
exact_duplicate,G:\Ai-CDD\data\raw\dataset\val\NORMAL\normal_00722.png,G:\Ai-CDD\data\raw\dataset\train\NORMAL\normal_03203.png
exact_duplicate,G:\Ai-CDD\data\raw\dataset\val\NORMAL\normal_00723.png,G:\Ai-CDD\data\raw\dataset\train\NORMAL\normal_03209.png
exact_duplicate,G:\Ai-CDD\data\raw\dataset\val\NORMAL\normal_00724.png,G:\Ai-CDD\data\raw\dataset\train\NORMAL\normal_03216.png
exact_duplicate,G:\Ai-CDD\data\raw\dataset\test\NORMAL\normal_00944.png,G:\Ai-CDD\data\raw\dataset\train\NORMAL\normal_03219.png
exact_duplicate,G:\Ai-CDD\data\raw\dataset\test\NORMAL\normal_00945.png,G:\Ai-CDD\data\raw\dataset\train\NORMAL\normal_03223.png
exact_duplicate,G:\Ai-CDD\data\raw\dataset\test\NORMAL\normal_00946.png,G:\Ai-CDD\data\raw\dataset\train\NORMAL\normal_03227.png
exact_duplicate,G:\Ai-CDD\data\raw\dataset\val\NORMAL\normal_00725.png,G:\Ai-CDD\data\raw\dataset\train\NORMAL\normal_03229.png
exact_duplicate,G:\Ai-CDD\data\raw\dataset\test\NORMAL\normal_00947.png,G:\Ai-CDD\data\raw\dataset\train\NORMAL\normal_03230.png
exact_duplicate,G:\Ai-CDD\data\raw\dataset\val\NORMAL\normal_00726.png,G:\Ai-CDD\data\raw\dataset\train\NORMAL\normal_03231.png
exact_duplicate,G:\Ai-CDD\data\raw\dataset\val\NORMAL\normal_00727.png,G:\Ai-CDD\data\raw\dataset\train\NORMAL\normal_03233.png
exact_duplicate,G:\Ai-CDD\data\raw\dataset\test\NORMAL\normal_00948.png,G:\Ai-CDD\data\raw\dataset\train\NORMAL\normal_03235.png
exact_duplicate,G:\Ai-CDD\data\raw\dataset\test\NORMAL\normal_00949.png,G:\Ai-CDD\data\raw\dataset\train\NORMAL\normal_03236.png
exact_duplicate,G:\Ai-CDD\data\raw\dataset\test\NORMAL\normal_00950.png,G:\Ai-CDD\data\raw\dataset\train\NORMAL\normal_03242.png
exact_duplicate,G:\Ai-CDD\data\raw\dataset\test\NORMAL\normal_00951.png,G:\Ai-CDD\data\raw\dataset\train\NORMAL\normal_03245.png
exact_duplicate,G:\Ai-CDD\data\raw\dataset\val\NORMAL\normal_00728.png,G:\Ai-CDD\data\raw\dataset\train\NORMAL\normal_03246.png
exact_duplicate,G:\Ai-CDD\data\raw\dataset\val\NORMAL\normal_00729.png,G:\Ai-CDD\data\raw\dataset\train\NORMAL\normal_03250.png
exact_duplicate,G:\Ai-CDD\data\raw\dataset\val\NORMAL\normal_00730.png,G:\Ai-CDD\data\raw\dataset\train\NORMAL\normal_03255.png
exact_duplicate,G:\Ai-CDD\data\raw\dataset\test\NORMAL\normal_00952.png,G:\Ai-CDD\data\raw\dataset\train\NORMAL\normal_03261.png
exact_duplicate,G:\Ai-CDD\data\raw\dataset\test\NORMAL\normal_00953.png,G:\Ai-CDD\data\raw\dataset\train\NORMAL\normal_03264.png
exact_duplicate,G:\Ai-CDD\data\raw\dataset\val\NORMAL\normal_00731.png,G:\Ai-CDD\data\raw\dataset\train\NORMAL\normal_03275.png
exact_duplicate,G:\Ai-CDD\data\raw\dataset\val\NORMAL\normal_00732.png,G:\Ai-CDD\data\raw\dataset\train\NORMAL\normal_03276.png
exact_duplicate,G:\Ai-CDD\data\raw\dataset\val\NORMAL\normal_00733.png,G:\Ai-CDD\data\raw\dataset\train\NORMAL\normal_03280.png
exact_duplicate,G:\Ai-CDD\data\raw\dataset\val\NORMAL\normal_00734.png,G:\Ai-CDD\data\raw\dataset\train\NORMAL\normal_03285.png
exact_duplicate,G:\Ai-CDD\data\raw\dataset\val\NORMAL\normal_00735.png,G:\Ai-CDD\data\raw\dataset\train\NORMAL\normal_03289.png
exact_duplicate,G:\Ai-CDD\data\raw\dataset\val\NORMAL\normal_00736.png,G:\Ai-CDD\data\raw\dataset\train\NORMAL\normal_03290.png
exact_duplicate,G:\Ai-CDD\data\raw\dataset\val\NORMAL\normal_00737.png,G:\Ai-CDD\data\raw\dataset\train\NORMAL\normal_03297.png
exact_duplicate,G:\Ai-CDD\data\raw\dataset\val\NORMAL\normal_00738.png,G:\Ai-CDD\data\raw\dataset\train\NORMAL\normal_03298.png
exact_duplicate,G:\Ai-CDD\data\raw\dataset\test\NORMAL\normal_00954.png,G:\Ai-CDD\data\raw\dataset\train\NORMAL\normal_03299.png
exact_duplicate,G:\Ai-CDD\data\raw\dataset\val\NORMAL\normal_00739.png,G:\Ai-CDD\data\raw\dataset\train\NORMAL\normal_03300.png
exact_duplicate,G:\Ai-CDD\data\raw\dataset\val\NORMAL\normal_00740.png,G:\Ai-CDD\data\raw\dataset\train\NORMAL\normal_03301.png
exact_duplicate,G:\Ai-CDD\data\raw\dataset\val\NORMAL\normal_00741.png,G:\Ai-CDD\data\raw\dataset\train\NORMAL\normal_03302.png
exact_duplicate,G:\Ai-CDD\data\raw\dataset\val\NORMAL\normal_00742.png,G:\Ai-CDD\data\raw\dataset\train\NORMAL\normal_03305.png
exact_duplicate,G:\Ai-CDD\data\raw\dataset\test\NORMAL\normal_00955.png,G:\Ai-CDD\data\raw\dataset\train\NORMAL\normal_03306.png
exact_duplicate,G:\Ai-CDD\data\raw\dataset\test\NORMAL\normal_00956.png,G:\Ai-CDD\data\raw\dataset\train\NORMAL\normal_03308.png
exact_duplicate,G:\Ai-CDD\data\raw\dataset\test\NORMAL\normal_00957.png,G:\Ai-CDD\data\raw\dataset\train\NORMAL\normal_03309.png
exact_duplicate,G:\Ai-CDD\data\raw\dataset\test\NORMAL\normal_00958.png,G:\Ai-CDD\data\raw\dataset\train\NORMAL\normal_03312.png
exact_duplicate,G:\Ai-CDD\data\raw\dataset\test\NORMAL\normal_00959.png,G:\Ai-CDD\data\raw\dataset\train\NORMAL\normal_03313.png
exact_duplicate,G:\Ai-CDD\data\raw\dataset\val\NORMAL\normal_00743.png,G:\Ai-CDD\data\raw\dataset\train\NORMAL\normal_03316.png
exact_duplicate,G:\Ai-CDD\data\raw\dataset\val\NORMAL\normal_00744.png,G:\Ai-CDD\data\raw\dataset\train\NORMAL\normal_03321.png
exact_duplicate,G:\Ai-CDD\data\raw\dataset\val\NORMAL\normal_00745.png,G:\Ai-CDD\data\raw\dataset\train\NORMAL\normal_03322.png
exact_duplicate,G:\Ai-CDD\data\raw\dataset\test\NORMAL\normal_00960.png,G:\Ai-CDD\data\raw\dataset\train\NORMAL\normal_03323.png
exact_duplicate,G:\Ai-CDD\data\raw\dataset\test\NORMAL\normal_00961.png,G:\Ai-CDD\data\raw\dataset\train\NORMAL\normal_03326.png
exact_duplicate,G:\Ai-CDD\data\raw\dataset\val\NORMAL\normal_00746.png,G:\Ai-CDD\data\raw\dataset\train\NORMAL\normal_03327.png
exact_duplicate,G:\Ai-CDD\data\raw\dataset\val\NORMAL\normal_00747.png,G:\Ai-CDD\data\raw\dataset\train\NORMAL\normal_03328.png
exact_duplicate,G:\Ai-CDD\data\raw\dataset\val\NORMAL\normal_00748.png,G:\Ai-CDD\data\raw\dataset\train\NORMAL\normal_03334.png
exact_duplicate,G:\Ai-CDD\data\raw\dataset\test\NORMAL\normal_00962.png,G:\Ai-CDD\data\raw\dataset\train\NORMAL\normal_03337.png
exact_duplicate,G:\Ai-CDD\data\raw\dataset\test\NORMAL\normal_00963.png,G:\Ai-CDD\data\raw\dataset\train\NORMAL\normal_03338.png
exact_duplicate,G:\Ai-CDD\data\raw\dataset\val\NORMAL\normal_00749.png,G:\Ai-CDD\data\raw\dataset\train\NORMAL\normal_03339.png
exact_duplicate,G:\Ai-CDD\data\raw\dataset\val\NORMAL\normal_00750.png,G:\Ai-CDD\data\raw\dataset\train\NORMAL\normal_03340.png
exact_duplicate,G:\Ai-CDD\data\raw\dataset\test\NORMAL\normal_00964.png,G:\Ai-CDD\data\raw\dataset\train\NORMAL\normal_03342.png
exact_duplicate,G:\Ai-CDD\data\raw\dataset\val\NORMAL\normal_00751.png,G:\Ai-CDD\data\raw\dataset\train\NORMAL\normal_03343.png
exact_duplicate,G:\Ai-CDD\data\raw\dataset\test\NORMAL\normal_00965.png,G:\Ai-CDD\data\raw\dataset\train\NORMAL\normal_03350.png
exact_duplicate,G:\Ai-CDD\data\raw\dataset\val\NORMAL\normal_00752.png,G:\Ai-CDD\data\raw\dataset\train\NORMAL\normal_03351.png
exact_duplicate,G:\Ai-CDD\data\raw\dataset\test\NORMAL\normal_00966.png,G:\Ai-CDD\data\raw\dataset\train\NORMAL\normal_03353.png
exact_duplicate,G:\Ai-CDD\data\raw\dataset\test\NORMAL\normal_00967.png,G:\Ai-CDD\data\raw\dataset\train\NORMAL\normal_03357.png
exact_duplicate,G:\Ai-CDD\data\raw\dataset\test\NORMAL\normal_00968.png,G:\Ai-CDD\data\raw\dataset\train\NORMAL\normal_03358.png
exact_duplicate,G:\Ai-CDD\data\raw\dataset\val\NORMAL\normal_00753.png,G:\Ai-CDD\data\raw\dataset\train\NORMAL\normal_03359.png
exact_duplicate,G:\Ai-CDD\data\raw\dataset\val\NORMAL\normal_00754.png,G:\Ai-CDD\data\raw\dataset\train\NORMAL\normal_03360.png
exact_duplicate,G:\Ai-CDD\data\raw\dataset\test\NORMAL\normal_00969.png,G:\Ai-CDD\data\raw\dataset\train\NORMAL\normal_03361.png
exact_duplicate,G:\Ai-CDD\data\raw\dataset\val\NORMAL\normal_00755.png,G:\Ai-CDD\data\raw\dataset\train\NORMAL\normal_03363.png
exact_duplicate,G:\Ai-CDD\data\raw\dataset\test\NORMAL\normal_00970.png,G:\Ai-CDD\data\raw\dataset\train\NORMAL\normal_03364.png
exact_duplicate,G:\Ai-CDD\data\raw\dataset\val\NORMAL\normal_00756.png,G:\Ai-CDD\data\raw\dataset\train\NORMAL\normal_03365.png
exact_duplicate,G:\Ai-CDD\data\raw\dataset\test\NORMAL\normal_00971.png,G:\Ai-CDD\data\raw\dataset\train\NORMAL\normal_03367.png
exact_duplicate,G:\Ai-CDD\data\raw\dataset\test\NORMAL\normal_00972.png,G:\Ai-CDD\data\raw\dataset\train\NORMAL\normal_03369.png
exact_duplicate,G:\Ai-CDD\data\raw\dataset\val\NORMAL\normal_00757.png,G:\Ai-CDD\data\raw\dataset\train\NORMAL\normal_03370.png
exact_duplicate,G:\Ai-CDD\data\raw\dataset\test\NORMAL\normal_00973.png,G:\Ai-CDD\data\raw\dataset\train\NORMAL\normal_03375.png
exact_duplicate,G:\Ai-CDD\data\raw\dataset\val\NORMAL\normal_00758.png,G:\Ai-CDD\data\raw\dataset\train\NORMAL\normal_03378.png
exact_duplicate,G:\Ai-CDD\data\raw\dataset\test\NORMAL\normal_00974.png,G:\Ai-CDD\data\raw\dataset\train\NORMAL\normal_03380.png
exact_duplicate,G:\Ai-CDD\data\raw\dataset\val\NORMAL\normal_00759.png,G:\Ai-CDD\data\raw\dataset\train\NORMAL\normal_03382.png
exact_duplicate,G:\Ai-CDD\data\raw\dataset\test\NORMAL\normal_00975.png,G:\Ai-CDD\data\raw\dataset\train\NORMAL\normal_03384.png
exact_duplicate,G:\Ai-CDD\data\raw\dataset\val\NORMAL\normal_00760.png,G:\Ai-CDD\data\raw\dataset\train\NORMAL\normal_03385.png
exact_duplicate,G:\Ai-CDD\data\raw\dataset\val\NORMAL\normal_00761.png,G:\Ai-CDD\data\raw\dataset\train\NORMAL\normal_03394.png
exact_duplicate,G:\Ai-CDD\data\raw\dataset\val\NORMAL\normal_00762.png,G:\Ai-CDD\data\raw\dataset\train\NORMAL\normal_03395.png
exact_duplicate,G:\Ai-CDD\data\raw\dataset\val\NORMAL\normal_00763.png,G:\Ai-CDD\data\raw\dataset\train\NORMAL\normal_03396.png
exact_duplicate,G:\Ai-CDD\data\raw\dataset\test\NORMAL\normal_00976.png,G:\Ai-CDD\data\raw\dataset\train\NORMAL\normal_03397.png
exact_duplicate,G:\Ai-CDD\data\raw\dataset\test\NORMAL\normal_00977.png,G:\Ai-CDD\data\raw\dataset\train\NORMAL\normal_03398.png
exact_duplicate,G:\Ai-CDD\data\raw\dataset\val\NORMAL\normal_00764.png,G:\Ai-CDD\data\raw\dataset\train\NORMAL\normal_03401.png
exact_duplicate,G:\Ai-CDD\data\raw\dataset\test\NORMAL\normal_00978.png,G:\Ai-CDD\data\raw\dataset\train\NORMAL\normal_03402.png
exact_duplicate,G:\Ai-CDD\data\raw\dataset\test\NORMAL\normal_00979.png,G:\Ai-CDD\data\raw\dataset\train\NORMAL\normal_03404.png
exact_duplicate,G:\Ai-CDD\data\raw\dataset\val\NORMAL\normal_00765.png,G:\Ai-CDD\data\raw\dataset\train\NORMAL\normal_03405.png
exact_duplicate,G:\Ai-CDD\data\raw\dataset\val\NORMAL\normal_00766.png,G:\Ai-CDD\data\raw\dataset\train\NORMAL\normal_03412.png
exact_duplicate,G:\Ai-CDD\data\raw\dataset\test\NORMAL\normal_00980.png,G:\Ai-CDD\data\raw\dataset\train\NORMAL\normal_03415.png
exact_duplicate,G:\Ai-CDD\data\raw\dataset\test\NORMAL\normal_00981.png,G:\Ai-CDD\data\raw\dataset\train\NORMAL\normal_03420.png
exact_duplicate,G:\Ai-CDD\data\raw\dataset\test\NORMAL\normal_00982.png,G:\Ai-CDD\data\raw\dataset\train\NORMAL\normal_03421.png
exact_duplicate,G:\Ai-CDD\data\raw\dataset\test\NORMAL\normal_00983.png,G:\Ai-CDD\data\raw\dataset\train\NORMAL\normal_03423.png
exact_duplicate,G:\Ai-CDD\data\raw\dataset\test\NORMAL\normal_00984.png,G:\Ai-CDD\data\raw\dataset\train\NORMAL\normal_03428.png
exact_duplicate,G:\Ai-CDD\data\raw\dataset\val\NORMAL\normal_00767.png,G:\Ai-CDD\data\raw\dataset\train\NORMAL\normal_03429.png
exact_duplicate,G:\Ai-CDD\data\raw\dataset\val\NORMAL\normal_00768.png,G:\Ai-CDD\data\raw\dataset\train\NORMAL\normal_03430.png
exact_duplicate,G:\Ai-CDD\data\raw\dataset\val\NORMAL\normal_00769.png,G:\Ai-CDD\data\raw\dataset\train\NORMAL\normal_03431.png
exact_duplicate,G:\Ai-CDD\data\raw\dataset\test\NORMAL\normal_00985.png,G:\Ai-CDD\data\raw\dataset\train\NORMAL\normal_03432.png
exact_duplicate,G:\Ai-CDD\data\raw\dataset\val\NORMAL\normal_00770.png,G:\Ai-CDD\data\raw\dataset\train\NORMAL\normal_03437.png
exact_duplicate,G:\Ai-CDD\data\raw\dataset\val\NORMAL\normal_00771.png,G:\Ai-CDD\data\raw\dataset\train\NORMAL\normal_03439.png
exact_duplicate,G:\Ai-CDD\data\raw\dataset\val\NORMAL\normal_00772.png,G:\Ai-CDD\data\raw\dataset\train\NORMAL\normal_03441.png
exact_duplicate,G:\Ai-CDD\data\raw\dataset\test\NORMAL\normal_00986.png,G:\Ai-CDD\data\raw\dataset\train\NORMAL\normal_03443.png
exact_duplicate,G:\Ai-CDD\data\raw\dataset\val\NORMAL\normal_00773.png,G:\Ai-CDD\data\raw\dataset\train\NORMAL\normal_03444.png
exact_duplicate,G:\Ai-CDD\data\raw\dataset\val\NORMAL\normal_00774.png,G:\Ai-CDD\data\raw\dataset\train\NORMAL\normal_03445.png
exact_duplicate,G:\Ai-CDD\data\raw\dataset\test\NORMAL\normal_00987.png,G:\Ai-CDD\data\raw\dataset\train\NORMAL\normal_03449.png
exact_duplicate,G:\Ai-CDD\data\raw\dataset\test\NORMAL\normal_00988.png,G:\Ai-CDD\data\raw\dataset\train\NORMAL\normal_03450.png
exact_duplicate,G:\Ai-CDD\data\raw\dataset\test\NORMAL\normal_00989.png,G:\Ai-CDD\data\raw\dataset\train\NORMAL\normal_03452.png
exact_duplicate,G:\Ai-CDD\data\raw\dataset\val\NORMAL\normal_00775.png,G:\Ai-CDD\data\raw\dataset\train\NORMAL\normal_03455.png
exact_duplicate,G:\Ai-CDD\data\raw\dataset\val\NORMAL\normal_00776.png,G:\Ai-CDD\data\raw\dataset\train\NORMAL\normal_03456.png
exact_duplicate,G:\Ai-CDD\data\raw\dataset\test\NORMAL\normal_00990.png,G:\Ai-CDD\data\raw\dataset\train\NORMAL\normal_03461.png
exact_duplicate,G:\Ai-CDD\data\raw\dataset\test\NORMAL\normal_00991.png,G:\Ai-CDD\data\raw\dataset\train\NORMAL\normal_03463.png
exact_duplicate,G:\Ai-CDD\data\raw\dataset\val\NORMAL\normal_00777.png,G:\Ai-CDD\data\raw\dataset\train\NORMAL\normal_03464.png
exact_duplicate,G:\Ai-CDD\data\raw\dataset\val\NORMAL\normal_00778.png,G:\Ai-CDD\data\raw\dataset\train\NORMAL\normal_03468.png
exact_duplicate,G:\Ai-CDD\data\raw\dataset\test\NORMAL\normal_00992.png,G:\Ai-CDD\data\raw\dataset\train\NORMAL\normal_03470.png
exact_duplicate,G:\Ai-CDD\data\raw\dataset\test\NORMAL\normal_00993.png,G:\Ai-CDD\data\raw\dataset\train\NORMAL\normal_03473.png
exact_duplicate,G:\Ai-CDD\data\raw\dataset\test\NORMAL\normal_00994.png,G:\Ai-CDD\data\raw\dataset\train\NORMAL\normal_03476.png
exact_duplicate,G:\Ai-CDD\data\raw\dataset\test\NORMAL\normal_00995.png,G:\Ai-CDD\data\raw\dataset\train\NORMAL\normal_03485.png
exact_duplicate,G:\Ai-CDD\data\raw\dataset\val\NORMAL\normal_00779.png,G:\Ai-CDD\data\raw\dataset\train\NORMAL\normal_03486.png
exact_duplicate,G:\Ai-CDD\data\raw\dataset\test\NORMAL\normal_00996.png,G:\Ai-CDD\data\raw\dataset\train\NORMAL\normal_03487.png
exact_duplicate,G:\Ai-CDD\data\raw\dataset\test\NORMAL\normal_00997.png,G:\Ai-CDD\data\raw\dataset\train\NORMAL\normal_03490.png
exact_duplicate,G:\Ai-CDD\data\raw\dataset\val\NORMAL\normal_00780.png,G:\Ai-CDD\data\raw\dataset\train\NORMAL\normal_03492.png
exact_duplicate,G:\Ai-CDD\data\raw\dataset\val\NORMAL\normal_00781.png,G:\Ai-CDD\data\raw\dataset\train\NORMAL\normal_03493.png
exact_duplicate,G:\Ai-CDD\data\raw\dataset\test\NORMAL\normal_00998.png,G:\Ai-CDD\data\raw\dataset\train\NORMAL\normal_03495.png
exact_duplicate,G:\Ai-CDD\data\raw\dataset\val\NORMAL\normal_00782.png,G:\Ai-CDD\data\raw\dataset\train\NORMAL\normal_03498.png
exact_duplicate,G:\Ai-CDD\data\raw\dataset\test\NORMAL\normal_00999.png,G:\Ai-CDD\data\raw\dataset\train\NORMAL\normal_03500.png
exact_duplicate,G:\Ai-CDD\data\raw\dataset\val\NORMAL\normal_00783.png,G:\Ai-CDD\data\raw\dataset\train\NORMAL\normal_03501.png
exact_duplicate,G:\Ai-CDD\data\raw\dataset\test\NORMAL\normal_01000.png,G:\Ai-CDD\data\raw\dataset\train\NORMAL\normal_03502.png
exact_duplicate,G:\Ai-CDD\data\raw\dataset\test\NORMAL\normal_01001.png,G:\Ai-CDD\data\raw\dataset\train\NORMAL\normal_03504.png
exact_duplicate,G:\Ai-CDD\data\raw\dataset\val\NORMAL\normal_00784.png,G:\Ai-CDD\data\raw\dataset\train\NORMAL\normal_03506.png
exact_duplicate,G:\Ai-CDD\data\raw\dataset\val\NORMAL\normal_00785.png,G:\Ai-CDD\data\raw\dataset\train\NORMAL\normal_03507.png
exact_duplicate,G:\Ai-CDD\data\raw\dataset\test\NORMAL\normal_01002.png,G:\Ai-CDD\data\raw\dataset\train\NORMAL\normal_03508.png
exact_duplicate,G:\Ai-CDD\data\raw\dataset\val\NORMAL\normal_00786.png,G:\Ai-CDD\data\raw\dataset\train\NORMAL\normal_03509.png
exact_duplicate,G:\Ai-CDD\data\raw\dataset\val\NORMAL\normal_00787.png,G:\Ai-CDD\data\raw\dataset\train\NORMAL\normal_03511.png
exact_duplicate,G:\Ai-CDD\data\raw\dataset\test\NORMAL\normal_01003.png,G:\Ai-CDD\data\raw\dataset\train\NORMAL\normal_03512.png
exact_duplicate,G:\Ai-CDD\data\raw\dataset\test\NORMAL\normal_01004.png,G:\Ai-CDD\data\raw\dataset\train\NORMAL\normal_03513.png
exact_duplicate,G:\Ai-CDD\data\raw\dataset\test\NORMAL\normal_01005.png,G:\Ai-CDD\data\raw\dataset\train\NORMAL\normal_03514.png
exact_duplicate,G:\Ai-CDD\data\raw\dataset\val\NORMAL\normal_00788.png,G:\Ai-CDD\data\raw\dataset\train\NORMAL\normal_03518.png
exact_duplicate,G:\Ai-CDD\data\raw\dataset\val\NORMAL\normal_00789.png,G:\Ai-CDD\data\raw\dataset\train\NORMAL\normal_03520.png
exact_duplicate,G:\Ai-CDD\data\raw\dataset\test\NORMAL\normal_01006.png,G:\Ai-CDD\data\raw\dataset\train\NORMAL\normal_03523.png
exact_duplicate,G:\Ai-CDD\data\raw\dataset\test\NORMAL\normal_01007.png,G:\Ai-CDD\data\raw\dataset\train\NORMAL\normal_03525.png
exact_duplicate,G:\Ai-CDD\data\raw\dataset\test\NORMAL\normal_01008.png,G:\Ai-CDD\data\raw\dataset\train\NORMAL\normal_03530.png
exact_duplicate,G:\Ai-CDD\data\raw\dataset\val\NORMAL\normal_00790.png,G:\Ai-CDD\data\raw\dataset\train\NORMAL\normal_03531.png
exact_duplicate,G:\Ai-CDD\data\raw\dataset\test\NORMAL\normal_01009.png,G:\Ai-CDD\data\raw\dataset\train\NORMAL\normal_03533.png
exact_duplicate,G:\Ai-CDD\data\raw\dataset\test\NORMAL\normal_01010.png,G:\Ai-CDD\data\raw\dataset\train\NORMAL\normal_03535.png
exact_duplicate,G:\Ai-CDD\data\raw\dataset\test\NORMAL\normal_01011.png,G:\Ai-CDD\data\raw\dataset\train\NORMAL\normal_03538.png
exact_duplicate,G:\Ai-CDD\data\raw\dataset\test\NORMAL\normal_01012.png,G:\Ai-CDD\data\raw\dataset\train\NORMAL\normal_03542.png
exact_duplicate,G:\Ai-CDD\data\raw\dataset\test\NORMAL\normal_01013.png,G:\Ai-CDD\data\raw\dataset\train\NORMAL\normal_03544.png
exact_duplicate,G:\Ai-CDD\data\raw\dataset\val\NORMAL\normal_00791.png,G:\Ai-CDD\data\raw\dataset\train\NORMAL\normal_03545.png
exact_duplicate,G:\Ai-CDD\data\raw\dataset\test\NORMAL\normal_01014.png,G:\Ai-CDD\data\raw\dataset\train\NORMAL\normal_03547.png
exact_duplicate,G:\Ai-CDD\data\raw\dataset\test\NORMAL\normal_01015.png,G:\Ai-CDD\data\raw\dataset\train\NORMAL\normal_03548.png
exact_duplicate,G:\Ai-CDD\data\raw\dataset\test\NORMAL\normal_01016.png,G:\Ai-CDD\data\raw\dataset\train\NORMAL\normal_03550.png
exact_duplicate,G:\Ai-CDD\data\raw\dataset\val\NORMAL\normal_00792.png,G:\Ai-CDD\data\raw\dataset\train\NORMAL\normal_03552.png
exact_duplicate,G:\Ai-CDD\data\raw\dataset\test\NORMAL\normal_01017.png,G:\Ai-CDD\data\raw\dataset\train\NORMAL\normal_03553.png
exact_duplicate,G:\Ai-CDD\data\raw\dataset\test\NORMAL\normal_01018.png,G:\Ai-CDD\data\raw\dataset\train\NORMAL\normal_03554.png
exact_duplicate,G:\Ai-CDD\data\raw\dataset\test\NORMAL\normal_01019.png,G:\Ai-CDD\data\raw\dataset\train\NORMAL\normal_03555.png
exact_duplicate,G:\Ai-CDD\data\raw\dataset\test\NORMAL\normal_01020.png,G:\Ai-CDD\data\raw\dataset\train\NORMAL\normal_03557.png
exact_duplicate,G:\Ai-CDD\data\raw\dataset\test\NORMAL\normal_01021.png,G:\Ai-CDD\data\raw\dataset\train\NORMAL\normal_03561.png
exact_duplicate,G:\Ai-CDD\data\raw\dataset\val\NORMAL\normal_00793.png,G:\Ai-CDD\data\raw\dataset\train\NORMAL\normal_03562.png
exact_duplicate,G:\Ai-CDD\data\raw\dataset\test\NORMAL\normal_01022.png,G:\Ai-CDD\data\raw\dataset\train\NORMAL\normal_03564.png
exact_duplicate,G:\Ai-CDD\data\raw\dataset\test\NORMAL\normal_01023.png,G:\Ai-CDD\data\raw\dataset\train\NORMAL\normal_03565.png
exact_duplicate,G:\Ai-CDD\data\raw\dataset\val\NORMAL\normal_00794.png,G:\Ai-CDD\data\raw\dataset\train\NORMAL\normal_03567.png
exact_duplicate,G:\Ai-CDD\data\raw\dataset\val\NORMAL\normal_00795.png,G:\Ai-CDD\data\raw\dataset\train\NORMAL\normal_03568.png
exact_duplicate,G:\Ai-CDD\data\raw\dataset\test\NORMAL\normal_01024.png,G:\Ai-CDD\data\raw\dataset\train\NORMAL\normal_03570.png
exact_duplicate,G:\Ai-CDD\data\raw\dataset\val\NORMAL\normal_00796.png,G:\Ai-CDD\data\raw\dataset\train\NORMAL\normal_03571.png
exact_duplicate,G:\Ai-CDD\data\raw\dataset\test\NORMAL\normal_01025.png,G:\Ai-CDD\data\raw\dataset\train\NORMAL\normal_03572.png
exact_duplicate,G:\Ai-CDD\data\raw\dataset\val\NORMAL\normal_00797.png,G:\Ai-CDD\data\raw\dataset\train\NORMAL\normal_03573.png
exact_duplicate,G:\Ai-CDD\data\raw\dataset\test\NORMAL\normal_01026.png,G:\Ai-CDD\data\raw\dataset\train\NORMAL\normal_03574.png
exact_duplicate,G:\Ai-CDD\data\raw\dataset\val\NORMAL\normal_00798.png,G:\Ai-CDD\data\raw\dataset\train\NORMAL\normal_03576.png
exact_duplicate,G:\Ai-CDD\data\raw\dataset\val\NORMAL\normal_00799.png,G:\Ai-CDD\data\raw\dataset\train\NORMAL\normal_03578.png
exact_duplicate,G:\Ai-CDD\data\raw\dataset\test\NORMAL\normal_01027.png,G:\Ai-CDD\data\raw\dataset\train\NORMAL\normal_03579.png
exact_duplicate,G:\Ai-CDD\data\raw\dataset\test\NORMAL\normal_01028.png,G:\Ai-CDD\data\raw\dataset\train\NORMAL\normal_03580.png
exact_duplicate,G:\Ai-CDD\data\raw\dataset\val\NORMAL\normal_00800.png,G:\Ai-CDD\data\raw\dataset\train\NORMAL\normal_03583.png
exact_duplicate,G:\Ai-CDD\data\raw\dataset\test\NORMAL\normal_01029.png,G:\Ai-CDD\data\raw\dataset\train\NORMAL\normal_03585.png
exact_duplicate,G:\Ai-CDD\data\raw\dataset\val\NORMAL\normal_00801.png,G:\Ai-CDD\data\raw\dataset\train\NORMAL\normal_03588.png
exact_duplicate,G:\Ai-CDD\data\raw\dataset\test\NORMAL\normal_01030.png,G:\Ai-CDD\data\raw\dataset\train\NORMAL\normal_03589.png
exact_duplicate,G:\Ai-CDD\data\raw\dataset\val\NORMAL\normal_00802.png,G:\Ai-CDD\data\raw\dataset\train\NORMAL\normal_03590.png
exact_duplicate,G:\Ai-CDD\data\raw\dataset\test\NORMAL\normal_01031.png,G:\Ai-CDD\data\raw\dataset\train\NORMAL\normal_03592.png
exact_duplicate,G:\Ai-CDD\data\raw\dataset\test\NORMAL\normal_01032.png,G:\Ai-CDD\data\raw\dataset\train\NORMAL\normal_03594.png
exact_duplicate,G:\Ai-CDD\data\raw\dataset\test\NORMAL\normal_01033.png,G:\Ai-CDD\data\raw\dataset\train\NORMAL\normal_03595.png
exact_duplicate,G:\Ai-CDD\data\raw\dataset\test\NORMAL\normal_01034.png,G:\Ai-CDD\data\raw\dataset\train\NORMAL\normal_03601.png
exact_duplicate,G:\Ai-CDD\data\raw\dataset\test\NORMAL\normal_01035.png,G:\Ai-CDD\data\raw\dataset\train\NORMAL\normal_03603.png
exact_duplicate,G:\Ai-CDD\data\raw\dataset\test\NORMAL\normal_01036.png,G:\Ai-CDD\data\raw\dataset\train\NORMAL\normal_03610.png
exact_duplicate,G:\Ai-CDD\data\raw\dataset\test\NORMAL\normal_01037.png,G:\Ai-CDD\data\raw\dataset\train\NORMAL\normal_03613.png
exact_duplicate,G:\Ai-CDD\data\raw\dataset\val\NORMAL\normal_00803.png,G:\Ai-CDD\data\raw\dataset\train\NORMAL\normal_03614.png
exact_duplicate,G:\Ai-CDD\data\raw\dataset\val\NORMAL\normal_00804.png,G:\Ai-CDD\data\raw\dataset\train\NORMAL\normal_03615.png
exact_duplicate,G:\Ai-CDD\data\raw\dataset\val\NORMAL\normal_00805.png,G:\Ai-CDD\data\raw\dataset\train\NORMAL\normal_03616.png
exact_duplicate,G:\Ai-CDD\data\raw\dataset\val\NORMAL\normal_00806.png,G:\Ai-CDD\data\raw\dataset\train\NORMAL\normal_03617.png
exact_duplicate,G:\Ai-CDD\data\raw\dataset\test\NORMAL\normal_01038.png,G:\Ai-CDD\data\raw\dataset\train\NORMAL\normal_03618.png
exact_duplicate,G:\Ai-CDD\data\raw\dataset\val\NORMAL\normal_00807.png,G:\Ai-CDD\data\raw\dataset\train\NORMAL\normal_03619.png
exact_duplicate,G:\Ai-CDD\data\raw\dataset\test\NORMAL\normal_01039.png,G:\Ai-CDD\data\raw\dataset\train\NORMAL\normal_03621.png
exact_duplicate,G:\Ai-CDD\data\raw\dataset\val\NORMAL\normal_00808.png,G:\Ai-CDD\data\raw\dataset\train\NORMAL\normal_03624.png
exact_duplicate,G:\Ai-CDD\data\raw\dataset\test\NORMAL\normal_01040.png,G:\Ai-CDD\data\raw\dataset\train\NORMAL\normal_03625.png
exact_duplicate,G:\Ai-CDD\data\raw\dataset\test\NORMAL\normal_01041.png,G:\Ai-CDD\data\raw\dataset\train\NORMAL\normal_03626.png
exact_duplicate,G:\Ai-CDD\data\raw\dataset\test\NORMAL\normal_01042.png,G:\Ai-CDD\data\raw\dataset\train\NORMAL\normal_03628.png
exact_duplicate,G:\Ai-CDD\data\raw\dataset\test\NORMAL\normal_01043.png,G:\Ai-CDD\data\raw\dataset\train\NORMAL\normal_03629.png
exact_duplicate,G:\Ai-CDD\data\raw\dataset\val\NORMAL\normal_00809.png,G:\Ai-CDD\data\raw\dataset\train\NORMAL\normal_03630.png
exact_duplicate,G:\Ai-CDD\data\raw\dataset\test\NORMAL\normal_01044.png,G:\Ai-CDD\data\raw\dataset\train\NORMAL\normal_03637.png
exact_duplicate,G:\Ai-CDD\data\raw\dataset\val\NORMAL\normal_00810.png,G:\Ai-CDD\data\raw\dataset\train\NORMAL\normal_03643.png
exact_duplicate,G:\Ai-CDD\data\raw\dataset\val\NORMAL\normal_00811.png,G:\Ai-CDD\data\raw\dataset\train\NORMAL\normal_03646.png
exact_duplicate,G:\Ai-CDD\data\raw\dataset\val\NORMAL\normal_00812.png,G:\Ai-CDD\data\raw\dataset\train\NORMAL\normal_03648.png
exact_duplicate,G:\Ai-CDD\data\raw\dataset\test\NORMAL\normal_01045.png,G:\Ai-CDD\data\raw\dataset\train\NORMAL\normal_03649.png
exact_duplicate,G:\Ai-CDD\data\raw\dataset\val\NORMAL\normal_00813.png,G:\Ai-CDD\data\raw\dataset\train\NORMAL\normal_03650.png
exact_duplicate,G:\Ai-CDD\data\raw\dataset\test\NORMAL\normal_01046.png,G:\Ai-CDD\data\raw\dataset\train\NORMAL\normal_03651.png
exact_duplicate,G:\Ai-CDD\data\raw\dataset\test\NORMAL\normal_01047.png,G:\Ai-CDD\data\raw\dataset\train\NORMAL\normal_03652.png
exact_duplicate,G:\Ai-CDD\data\raw\dataset\test\NORMAL\normal_01048.png,G:\Ai-CDD\data\raw\dataset\train\NORMAL\normal_03658.png
exact_duplicate,G:\Ai-CDD\data\raw\dataset\val\NORMAL\normal_00814.png,G:\Ai-CDD\data\raw\dataset\train\NORMAL\normal_03659.png
exact_duplicate,G:\Ai-CDD\data\raw\dataset\val\NORMAL\normal_00815.png,G:\Ai-CDD\data\raw\dataset\train\NORMAL\normal_03661.png
exact_duplicate,G:\Ai-CDD\data\raw\dataset\test\NORMAL\normal_01049.png,G:\Ai-CDD\data\raw\dataset\train\NORMAL\normal_03664.png
exact_duplicate,G:\Ai-CDD\data\raw\dataset\test\NORMAL\normal_01050.png,G:\Ai-CDD\data\raw\dataset\train\NORMAL\normal_03665.png
exact_duplicate,G:\Ai-CDD\data\raw\dataset\val\NORMAL\normal_00816.png,G:\Ai-CDD\data\raw\dataset\train\NORMAL\normal_03667.png
exact_duplicate,G:\Ai-CDD\data\raw\dataset\test\NORMAL\normal_01051.png,G:\Ai-CDD\data\raw\dataset\train\NORMAL\normal_03668.png
exact_duplicate,G:\Ai-CDD\data\raw\dataset\val\NORMAL\normal_00817.png,G:\Ai-CDD\data\raw\dataset\train\NORMAL\normal_03670.png
exact_duplicate,G:\Ai-CDD\data\raw\dataset\val\NORMAL\normal_00818.png,G:\Ai-CDD\data\raw\dataset\train\NORMAL\normal_03673.png
exact_duplicate,G:\Ai-CDD\data\raw\dataset\val\NORMAL\normal_00819.png,G:\Ai-CDD\data\raw\dataset\train\NORMAL\normal_03677.png
exact_duplicate,G:\Ai-CDD\data\raw\dataset\test\NORMAL\normal_01052.png,G:\Ai-CDD\data\raw\dataset\train\NORMAL\normal_03678.png
exact_duplicate,G:\Ai-CDD\data\raw\dataset\val\NORMAL\normal_00820.png,G:\Ai-CDD\data\raw\dataset\train\NORMAL\normal_03679.png
exact_duplicate,G:\Ai-CDD\data\raw\dataset\test\NORMAL\normal_01053.png,G:\Ai-CDD\data\raw\dataset\train\NORMAL\normal_03687.png
exact_duplicate,G:\Ai-CDD\data\raw\dataset\test\NORMAL\normal_01054.png,G:\Ai-CDD\data\raw\dataset\train\NORMAL\normal_03688.png
exact_duplicate,G:\Ai-CDD\data\raw\dataset\test\NORMAL\normal_01055.png,G:\Ai-CDD\data\raw\dataset\train\NORMAL\normal_03690.png
exact_duplicate,G:\Ai-CDD\data\raw\dataset\test\NORMAL\normal_01056.png,G:\Ai-CDD\data\raw\dataset\train\NORMAL\normal_03692.png
exact_duplicate,G:\Ai-CDD\data\raw\dataset\test\NORMAL\normal_01057.png,G:\Ai-CDD\data\raw\dataset\train\NORMAL\normal_03693.png
exact_duplicate,G:\Ai-CDD\data\raw\dataset\test\NORMAL\normal_01058.png,G:\Ai-CDD\data\raw\dataset\train\NORMAL\normal_03696.png
exact_duplicate,G:\Ai-CDD\data\raw\dataset\val\NORMAL\normal_00821.png,G:\Ai-CDD\data\raw\dataset\train\NORMAL\normal_03698.png
exact_duplicate,G:\Ai-CDD\data\raw\dataset\val\NORMAL\normal_00822.png,G:\Ai-CDD\data\raw\dataset\train\NORMAL\normal_03700.png
exact_duplicate,G:\Ai-CDD\data\raw\dataset\val\NORMAL\normal_00823.png,G:\Ai-CDD\data\raw\dataset\train\NORMAL\normal_03702.png
exact_duplicate,G:\Ai-CDD\data\raw\dataset\val\NORMAL\normal_00824.png,G:\Ai-CDD\data\raw\dataset\train\NORMAL\normal_03703.png
exact_duplicate,G:\Ai-CDD\data\raw\dataset\test\NORMAL\normal_01059.png,G:\Ai-CDD\data\raw\dataset\train\NORMAL\normal_03705.png
exact_duplicate,G:\Ai-CDD\data\raw\dataset\test\NORMAL\normal_01060.png,G:\Ai-CDD\data\raw\dataset\train\NORMAL\normal_03706.png
exact_duplicate,G:\Ai-CDD\data\raw\dataset\test\NORMAL\normal_01061.png,G:\Ai-CDD\data\raw\dataset\train\NORMAL\normal_03707.png
exact_duplicate,G:\Ai-CDD\data\raw\dataset\val\NORMAL\normal_00825.png,G:\Ai-CDD\data\raw\dataset\train\NORMAL\normal_03708.png
exact_duplicate,G:\Ai-CDD\data\raw\dataset\val\NORMAL\normal_00826.png,G:\Ai-CDD\data\raw\dataset\train\NORMAL\normal_03713.png
exact_duplicate,G:\Ai-CDD\data\raw\dataset\test\NORMAL\normal_01062.png,G:\Ai-CDD\data\raw\dataset\train\NORMAL\normal_03715.png
exact_duplicate,G:\Ai-CDD\data\raw\dataset\val\NORMAL\normal_00827.png,G:\Ai-CDD\data\raw\dataset\train\NORMAL\normal_03718.png
exact_duplicate,G:\Ai-CDD\data\raw\dataset\val\NORMAL\normal_00828.png,G:\Ai-CDD\data\raw\dataset\train\NORMAL\normal_03721.png
exact_duplicate,G:\Ai-CDD\data\raw\dataset\test\NORMAL\normal_01063.png,G:\Ai-CDD\data\raw\dataset\train\NORMAL\normal_03724.png
exact_duplicate,G:\Ai-CDD\data\raw\dataset\test\NORMAL\normal_01064.png,G:\Ai-CDD\data\raw\dataset\train\NORMAL\normal_03729.png
exact_duplicate,G:\Ai-CDD\data\raw\dataset\val\NORMAL\normal_00829.png,G:\Ai-CDD\data\raw\dataset\train\NORMAL\normal_03731.png
exact_duplicate,G:\Ai-CDD\data\raw\dataset\val\NORMAL\normal_00830.png,G:\Ai-CDD\data\raw\dataset\train\NORMAL\normal_03734.png
exact_duplicate,G:\Ai-CDD\data\raw\dataset\test\NORMAL\normal_01065.png,G:\Ai-CDD\data\raw\dataset\train\NORMAL\normal_03735.png
exact_duplicate,G:\Ai-CDD\data\raw\dataset\test\NORMAL\normal_01066.png,G:\Ai-CDD\data\raw\dataset\train\NORMAL\normal_03738.png
exact_duplicate,G:\Ai-CDD\data\raw\dataset\val\NORMAL\normal_00831.png,G:\Ai-CDD\data\raw\dataset\train\NORMAL\normal_03739.png
exact_duplicate,G:\Ai-CDD\data\raw\dataset\val\NORMAL\normal_00832.png,G:\Ai-CDD\data\raw\dataset\train\NORMAL\normal_03740.png
exact_duplicate,G:\Ai-CDD\data\raw\dataset\test\NORMAL\normal_01067.png,G:\Ai-CDD\data\raw\dataset\train\NORMAL\normal_03741.png
exact_duplicate,G:\Ai-CDD\data\raw\dataset\test\NORMAL\normal_01068.png,G:\Ai-CDD\data\raw\dataset\train\NORMAL\normal_03742.png
exact_duplicate,G:\Ai-CDD\data\raw\dataset\test\NORMAL\normal_01069.png,G:\Ai-CDD\data\raw\dataset\train\NORMAL\normal_03745.png
exact_duplicate,G:\Ai-CDD\data\raw\dataset\test\NORMAL\normal_01070.png,G:\Ai-CDD\data\raw\dataset\train\NORMAL\normal_03747.png
exact_duplicate,G:\Ai-CDD\data\raw\dataset\val\NORMAL\normal_00833.png,G:\Ai-CDD\data\raw\dataset\train\NORMAL\normal_03750.png
exact_duplicate,G:\Ai-CDD\data\raw\dataset\test\NORMAL\normal_01071.png,G:\Ai-CDD\data\raw\dataset\train\NORMAL\normal_03754.png
exact_duplicate,G:\Ai-CDD\data\raw\dataset\test\NORMAL\normal_01072.png,G:\Ai-CDD\data\raw\dataset\train\NORMAL\normal_03761.png
exact_duplicate,G:\Ai-CDD\data\raw\dataset\val\NORMAL\normal_00834.png,G:\Ai-CDD\data\raw\dataset\train\NORMAL\normal_03762.png
exact_duplicate,G:\Ai-CDD\data\raw\dataset\test\NORMAL\normal_01073.png,G:\Ai-CDD\data\raw\dataset\train\NORMAL\normal_03765.png
exact_duplicate,G:\Ai-CDD\data\raw\dataset\val\NORMAL\normal_00835.png,G:\Ai-CDD\data\raw\dataset\train\NORMAL\normal_03770.png
exact_duplicate,G:\Ai-CDD\data\raw\dataset\test\NORMAL\normal_01074.png,G:\Ai-CDD\data\raw\dataset\train\NORMAL\normal_03771.png
exact_duplicate,G:\Ai-CDD\data\raw\dataset\val\NORMAL\normal_00836.png,G:\Ai-CDD\data\raw\dataset\train\NORMAL\normal_03772.png
exact_duplicate,G:\Ai-CDD\data\raw\dataset\test\NORMAL\normal_01075.png,G:\Ai-CDD\data\raw\dataset\train\NORMAL\normal_03776.png
exact_duplicate,G:\Ai-CDD\data\raw\dataset\test\NORMAL\normal_01076.png,G:\Ai-CDD\data\raw\dataset\train\NORMAL\normal_03777.png
exact_duplicate,G:\Ai-CDD\data\raw\dataset\val\NORMAL\normal_00837.png,G:\Ai-CDD\data\raw\dataset\train\NORMAL\normal_03785.png
exact_duplicate,G:\Ai-CDD\data\raw\dataset\val\NORMAL\normal_00838.png,G:\Ai-CDD\data\raw\dataset\train\NORMAL\normal_03786.png
exact_duplicate,G:\Ai-CDD\data\raw\dataset\val\NORMAL\normal_00839.png,G:\Ai-CDD\data\raw\dataset\train\NORMAL\normal_03788.png
exact_duplicate,G:\Ai-CDD\data\raw\dataset\val\NORMAL\normal_00840.png,G:\Ai-CDD\data\raw\dataset\train\NORMAL\normal_03790.png
exact_duplicate,G:\Ai-CDD\data\raw\dataset\test\NORMAL\normal_00526.png,G:\Ai-CDD\data\raw\dataset\train\NORMAL\normal_03839.png
exact_duplicate,G:\Ai-CDD\data\raw\dataset\test\NORMAL\normal_00529.png,G:\Ai-CDD\data\raw\dataset\train\NORMAL\normal_03840.png
exact_duplicate,G:\Ai-CDD\data\raw\dataset\test\NORMAL\normal_00564.png,G:\Ai-CDD\data\raw\dataset\train\NORMAL\normal_03841.png
exact_duplicate,G:\Ai-CDD\data\raw\dataset\test\NORMAL\normal_00565.png,G:\Ai-CDD\data\raw\dataset\train\NORMAL\normal_03842.png
exact_duplicate,G:\Ai-CDD\data\raw\dataset\test\NORMAL\normal_00566.png,G:\Ai-CDD\data\raw\dataset\train\NORMAL\normal_03843.png
exact_duplicate,G:\Ai-CDD\data\raw\dataset\test\NORMAL\normal_00568.png,G:\Ai-CDD\data\raw\dataset\train\NORMAL\normal_03844.png
exact_duplicate,G:\Ai-CDD\data\raw\dataset\test\NORMAL\normal_00569.png,G:\Ai-CDD\data\raw\dataset\train\NORMAL\normal_03845.png
exact_duplicate,G:\Ai-CDD\data\raw\dataset\test\NORMAL\normal_00571.png,G:\Ai-CDD\data\raw\dataset\train\NORMAL\normal_03846.png
exact_duplicate,G:\Ai-CDD\data\raw\dataset\test\NORMAL\normal_00572.png,G:\Ai-CDD\data\raw\dataset\train\NORMAL\normal_03847.png
exact_duplicate,G:\Ai-CDD\data\raw\dataset\test\NORMAL\normal_00573.png,G:\Ai-CDD\data\raw\dataset\train\NORMAL\normal_03848.png
exact_duplicate,G:\Ai-CDD\data\raw\dataset\test\NORMAL\normal_00574.png,G:\Ai-CDD\data\raw\dataset\train\NORMAL\normal_03849.png
exact_duplicate,G:\Ai-CDD\data\raw\dataset\test\NORMAL\normal_00575.png,G:\Ai-CDD\data\raw\dataset\train\NORMAL\normal_03850.png
exact_duplicate,G:\Ai-CDD\data\raw\dataset\test\NORMAL\normal_00580.png,G:\Ai-CDD\data\raw\dataset\train\NORMAL\normal_03851.png
exact_duplicate,G:\Ai-CDD\data\raw\dataset\test\NORMAL\normal_00583.png,G:\Ai-CDD\data\raw\dataset\train\NORMAL\normal_03852.png
exact_duplicate,G:\Ai-CDD\data\raw\dataset\test\NORMAL\normal_00585.png,G:\Ai-CDD\data\raw\dataset\train\NORMAL\normal_03853.png
exact_duplicate,G:\Ai-CDD\data\raw\dataset\test\NORMAL\normal_00588.png,G:\Ai-CDD\data\raw\dataset\train\NORMAL\normal_03854.png
exact_duplicate,G:\Ai-CDD\data\raw\dataset\test\NORMAL\normal_00590.png,G:\Ai-CDD\data\raw\dataset\train\NORMAL\normal_03855.png
exact_duplicate,G:\Ai-CDD\data\raw\dataset\test\NORMAL\normal_00596.png,G:\Ai-CDD\data\raw\dataset\train\NORMAL\normal_04232.png
exact_duplicate,G:\Ai-CDD\data\raw\dataset\test\NORMAL\normal_00599.png,G:\Ai-CDD\data\raw\dataset\train\NORMAL\normal_04233.png
exact_duplicate,G:\Ai-CDD\data\raw\dataset\test\NORMAL\normal_00600.png,G:\Ai-CDD\data\raw\dataset\train\NORMAL\normal_04234.png
exact_duplicate,G:\Ai-CDD\data\raw\dataset\test\NORMAL\normal_00602.png,G:\Ai-CDD\data\raw\dataset\train\NORMAL\normal_04235.png
exact_duplicate,G:\Ai-CDD\data\raw\dataset\test\NORMAL\normal_00605.png,G:\Ai-CDD\data\raw\dataset\train\NORMAL\normal_04236.png
exact_duplicate,G:\Ai-CDD\data\raw\dataset\test\NORMAL\normal_00606.png,G:\Ai-CDD\data\raw\dataset\train\NORMAL\normal_04237.png
exact_duplicate,G:\Ai-CDD\data\raw\dataset\test\NORMAL\normal_00607.png,G:\Ai-CDD\data\raw\dataset\train\NORMAL\normal_04238.png
exact_duplicate,G:\Ai-CDD\data\raw\dataset\test\NORMAL\normal_00613.png,G:\Ai-CDD\data\raw\dataset\train\NORMAL\normal_04239.png
exact_duplicate,G:\Ai-CDD\data\raw\dataset\test\NORMAL\normal_00614.png,G:\Ai-CDD\data\raw\dataset\train\NORMAL\normal_04240.png
exact_duplicate,G:\Ai-CDD\data\raw\dataset\test\NORMAL\normal_00625.png,G:\Ai-CDD\data\raw\dataset\train\NORMAL\normal_04241.png
exact_duplicate,G:\Ai-CDD\data\raw\dataset\test\NORMAL\normal_00626.png,G:\Ai-CDD\data\raw\dataset\train\NORMAL\normal_04242.png
exact_duplicate,G:\Ai-CDD\data\raw\dataset\test\NORMAL\normal_00627.png,G:\Ai-CDD\data\raw\dataset\train\NORMAL\normal_04243.png
exact_duplicate,G:\Ai-CDD\data\raw\dataset\test\NORMAL\normal_00635.png,G:\Ai-CDD\data\raw\dataset\train\NORMAL\normal_04244.png
exact_duplicate,G:\Ai-CDD\data\raw\dataset\test\NORMAL\normal_00636.png,G:\Ai-CDD\data\raw\dataset\train\NORMAL\normal_04245.png
exact_duplicate,G:\Ai-CDD\data\raw\dataset\test\NORMAL\normal_00637.png,G:\Ai-CDD\data\raw\dataset\train\NORMAL\normal_04246.png
exact_duplicate,G:\Ai-CDD\data\raw\dataset\test\NORMAL\normal_00638.png,G:\Ai-CDD\data\raw\dataset\train\NORMAL\normal_04247.png
exact_duplicate,G:\Ai-CDD\data\raw\dataset\test\NORMAL\normal_00640.png,G:\Ai-CDD\data\raw\dataset\train\NORMAL\normal_04248.png
exact_duplicate,G:\Ai-CDD\data\raw\dataset\test\NORMAL\normal_00641.png,G:\Ai-CDD\data\raw\dataset\train\NORMAL\normal_04249.png
exact_duplicate,G:\Ai-CDD\data\raw\dataset\test\NORMAL\normal_00642.png,G:\Ai-CDD\data\raw\dataset\train\NORMAL\normal_04250.png
exact_duplicate,G:\Ai-CDD\data\raw\dataset\test\NORMAL\normal_00644.png,G:\Ai-CDD\data\raw\dataset\train\NORMAL\normal_04251.png
exact_duplicate,G:\Ai-CDD\data\raw\dataset\test\NORMAL\normal_00648.png,G:\Ai-CDD\data\raw\dataset\train\NORMAL\normal_04252.png
exact_duplicate,G:\Ai-CDD\data\raw\dataset\test\NORMAL\normal_00650.png,G:\Ai-CDD\data\raw\dataset\train\NORMAL\normal_04253.png
exact_duplicate,G:\Ai-CDD\data\raw\dataset\test\NORMAL\normal_00654.png,G:\Ai-CDD\data\raw\dataset\train\NORMAL\normal_04254.png
exact_duplicate,G:\Ai-CDD\data\raw\dataset\test\NORMAL\normal_00655.png,G:\Ai-CDD\data\raw\dataset\train\NORMAL\normal_04255.png
exact_duplicate,G:\Ai-CDD\data\raw\dataset\test\NORMAL\normal_00656.png,G:\Ai-CDD\data\raw\dataset\train\NORMAL\normal_04256.png
exact_duplicate,G:\Ai-CDD\data\raw\dataset\test\NORMAL\normal_00658.png,G:\Ai-CDD\data\raw\dataset\train\NORMAL\normal_04257.png
exact_duplicate,G:\Ai-CDD\data\raw\dataset\test\NORMAL\normal_00659.png,G:\Ai-CDD\data\raw\dataset\train\NORMAL\normal_04258.png
exact_duplicate,G:\Ai-CDD\data\raw\dataset\test\NORMAL\normal_00660.png,G:\Ai-CDD\data\raw\dataset\train\NORMAL\normal_04259.png
exact_duplicate,G:\Ai-CDD\data\raw\dataset\test\NORMAL\normal_00662.png,G:\Ai-CDD\data\raw\dataset\train\NORMAL\normal_04260.png
exact_duplicate,G:\Ai-CDD\data\raw\dataset\test\NORMAL\normal_00664.png,G:\Ai-CDD\data\raw\dataset\train\NORMAL\normal_04261.png
exact_duplicate,G:\Ai-CDD\data\raw\dataset\test\NORMAL\normal_00665.png,G:\Ai-CDD\data\raw\dataset\train\NORMAL\normal_04261.png
exact_duplicate,G:\Ai-CDD\data\raw\dataset\test\NORMAL\normal_00667.png,G:\Ai-CDD\data\raw\dataset\train\NORMAL\normal_04262.png
exact_duplicate,G:\Ai-CDD\data\raw\dataset\test\NORMAL\normal_00668.png,G:\Ai-CDD\data\raw\dataset\train\NORMAL\normal_04263.png
exact_duplicate,G:\Ai-CDD\data\raw\dataset\test\NORMAL\normal_00669.png,G:\Ai-CDD\data\raw\dataset\train\NORMAL\normal_04264.png
exact_duplicate,G:\Ai-CDD\data\raw\dataset\test\NORMAL\normal_00671.png,G:\Ai-CDD\data\raw\dataset\train\NORMAL\normal_04265.png
exact_duplicate,G:\Ai-CDD\data\raw\dataset\test\NORMAL\normal_00672.png,G:\Ai-CDD\data\raw\dataset\train\NORMAL\normal_04266.png
exact_duplicate,G:\Ai-CDD\data\raw\dataset\test\NORMAL\normal_00673.png,G:\Ai-CDD\data\raw\dataset\train\NORMAL\normal_04267.png
exact_duplicate,G:\Ai-CDD\data\raw\dataset\test\NORMAL\normal_00674.png,G:\Ai-CDD\data\raw\dataset\train\NORMAL\normal_04268.png
exact_duplicate,G:\Ai-CDD\data\raw\dataset\test\NORMAL\normal_00677.png,G:\Ai-CDD\data\raw\dataset\train\NORMAL\normal_04269.png
exact_duplicate,G:\Ai-CDD\data\raw\dataset\test\NORMAL\normal_00678.png,G:\Ai-CDD\data\raw\dataset\train\NORMAL\normal_04270.png
exact_duplicate,G:\Ai-CDD\data\raw\dataset\test\NORMAL\normal_00681.png,G:\Ai-CDD\data\raw\dataset\train\NORMAL\normal_04271.png
exact_duplicate,G:\Ai-CDD\data\raw\dataset\test\NORMAL\normal_00685.png,G:\Ai-CDD\data\raw\dataset\train\NORMAL\normal_04272.png
exact_duplicate,G:\Ai-CDD\data\raw\dataset\test\NORMAL\normal_00686.png,G:\Ai-CDD\data\raw\dataset\train\NORMAL\normal_04273.png
exact_duplicate,G:\Ai-CDD\data\raw\dataset\test\NORMAL\normal_00688.png,G:\Ai-CDD\data\raw\dataset\train\NORMAL\normal_04274.png
exact_duplicate,G:\Ai-CDD\data\raw\dataset\test\NORMAL\normal_00689.png,G:\Ai-CDD\data\raw\dataset\train\NORMAL\normal_04275.png
exact_duplicate,G:\Ai-CDD\data\raw\dataset\test\NORMAL\normal_00691.png,G:\Ai-CDD\data\raw\dataset\train\NORMAL\normal_04276.png
exact_duplicate,G:\Ai-CDD\data\raw\dataset\test\NORMAL\normal_00693.png,G:\Ai-CDD\data\raw\dataset\train\NORMAL\normal_04277.png
exact_duplicate,G:\Ai-CDD\data\raw\dataset\test\NORMAL\normal_00694.png,G:\Ai-CDD\data\raw\dataset\train\NORMAL\normal_04278.png
exact_duplicate,G:\Ai-CDD\data\raw\dataset\test\NORMAL\normal_00697.png,G:\Ai-CDD\data\raw\dataset\train\NORMAL\normal_04279.png
exact_duplicate,G:\Ai-CDD\data\raw\dataset\test\NORMAL\normal_00700.png,G:\Ai-CDD\data\raw\dataset\train\NORMAL\normal_04280.png
exact_duplicate,G:\Ai-CDD\data\raw\dataset\test\NORMAL\normal_00703.png,G:\Ai-CDD\data\raw\dataset\train\NORMAL\normal_04281.png
exact_duplicate,G:\Ai-CDD\data\raw\dataset\test\NORMAL\normal_00706.png,G:\Ai-CDD\data\raw\dataset\train\NORMAL\normal_04282.png
exact_duplicate,G:\Ai-CDD\data\raw\dataset\test\NORMAL\normal_00707.png,G:\Ai-CDD\data\raw\dataset\train\NORMAL\normal_04283.png
exact_duplicate,G:\Ai-CDD\data\raw\dataset\test\NORMAL\normal_00708.png,G:\Ai-CDD\data\raw\dataset\train\NORMAL\normal_04284.png
exact_duplicate,G:\Ai-CDD\data\raw\dataset\test\NORMAL\normal_00710.png,G:\Ai-CDD\data\raw\dataset\train\NORMAL\normal_04285.png
exact_duplicate,G:\Ai-CDD\data\raw\dataset\test\NORMAL\normal_00712.png,G:\Ai-CDD\data\raw\dataset\train\NORMAL\normal_04286.png
exact_duplicate,G:\Ai-CDD\data\raw\dataset\test\NORMAL\normal_00716.png,G:\Ai-CDD\data\raw\dataset\train\NORMAL\normal_04287.png
exact_duplicate,G:\Ai-CDD\data\raw\dataset\test\NORMAL\normal_00719.png,G:\Ai-CDD\data\raw\dataset\train\NORMAL\normal_04288.png
exact_duplicate,G:\Ai-CDD\data\raw\dataset\test\NORMAL\normal_00723.png,G:\Ai-CDD\data\raw\dataset\train\NORMAL\normal_04289.png
exact_duplicate,G:\Ai-CDD\data\raw\dataset\test\NORMAL\normal_00725.png,G:\Ai-CDD\data\raw\dataset\train\NORMAL\normal_04290.png
exact_duplicate,G:\Ai-CDD\data\raw\dataset\test\NORMAL\normal_00728.png,G:\Ai-CDD\data\raw\dataset\train\NORMAL\normal_04291.png
exact_duplicate,G:\Ai-CDD\data\raw\dataset\test\NORMAL\normal_00730.png,G:\Ai-CDD\data\raw\dataset\train\NORMAL\normal_04292.png
exact_duplicate,G:\Ai-CDD\data\raw\dataset\test\NORMAL\normal_00733.png,G:\Ai-CDD\data\raw\dataset\train\NORMAL\normal_04293.png
exact_duplicate,G:\Ai-CDD\data\raw\dataset\test\NORMAL\normal_00736.png,G:\Ai-CDD\data\raw\dataset\train\NORMAL\normal_04294.png
exact_duplicate,G:\Ai-CDD\data\raw\dataset\test\NORMAL\normal_00737.png,G:\Ai-CDD\data\raw\dataset\train\NORMAL\normal_04295.png
exact_duplicate,G:\Ai-CDD\data\raw\dataset\test\NORMAL\normal_00740.png,G:\Ai-CDD\data\raw\dataset\train\NORMAL\normal_04296.png
exact_duplicate,G:\Ai-CDD\data\raw\dataset\test\NORMAL\normal_00745.png,G:\Ai-CDD\data\raw\dataset\train\NORMAL\normal_04297.png
exact_duplicate,G:\Ai-CDD\data\raw\dataset\test\NORMAL\normal_00747.png,G:\Ai-CDD\data\raw\dataset\train\NORMAL\normal_04298.png
exact_duplicate,G:\Ai-CDD\data\raw\dataset\test\NORMAL\normal_00752.png,G:\Ai-CDD\data\raw\dataset\train\NORMAL\normal_04299.png
exact_duplicate,G:\Ai-CDD\data\raw\dataset\test\NORMAL\normal_00753.png,G:\Ai-CDD\data\raw\dataset\train\NORMAL\normal_04300.png
exact_duplicate,G:\Ai-CDD\data\raw\dataset\test\NORMAL\normal_00754.png,G:\Ai-CDD\data\raw\dataset\train\NORMAL\normal_04301.png
exact_duplicate,G:\Ai-CDD\data\raw\dataset\test\NORMAL\normal_00756.png,G:\Ai-CDD\data\raw\dataset\train\NORMAL\normal_04302.png
exact_duplicate,G:\Ai-CDD\data\raw\dataset\test\NORMAL\normal_00757.png,G:\Ai-CDD\data\raw\dataset\train\NORMAL\normal_04303.png
exact_duplicate,G:\Ai-CDD\data\raw\dataset\val\NORMAL\normal_00528.png,G:\Ai-CDD\data\raw\dataset\train\NORMAL\normal_04723.png
exact_duplicate,G:\Ai-CDD\data\raw\dataset\val\NORMAL\normal_00529.png,G:\Ai-CDD\data\raw\dataset\train\NORMAL\normal_04724.png
exact_duplicate,G:\Ai-CDD\data\raw\dataset\train\TUBERCULOSIS\tb_00493.png,G:\Ai-CDD\data\raw\dataset\train\TUBERCULOSIS\tb_00002.png
exact_duplicate,G:\Ai-CDD\data\raw\dataset\test\TUBERCULOSIS\tb_00418.png,G:\Ai-CDD\data\raw\dataset\train\TUBERCULOSIS\tb_00002.png
exact_duplicate,G:\Ai-CDD\data\raw\dataset\train\TUBERCULOSIS\tb_00495.png,G:\Ai-CDD\data\raw\dataset\train\TUBERCULOSIS\tb_00004.png
exact_duplicate,G:\Ai-CDD\data\raw\dataset\test\TUBERCULOSIS\tb_00419.png,G:\Ai-CDD\data\raw\dataset\train\TUBERCULOSIS\tb_00004.png
exact_duplicate,G:\Ai-CDD\data\raw\dataset\train\TUBERCULOSIS\tb_00496.png,G:\Ai-CDD\data\raw\dataset\train\TUBERCULOSIS\tb_00005.png
exact_duplicate,G:\Ai-CDD\data\raw\dataset\test\TUBERCULOSIS\tb_00420.png,G:\Ai-CDD\data\raw\dataset\train\TUBERCULOSIS\tb_00005.png
exact_duplicate,G:\Ai-CDD\data\raw\dataset\train\TUBERCULOSIS\tb_00513.png,G:\Ai-CDD\data\raw\dataset\train\TUBERCULOSIS\tb_00014.png
exact_duplicate,G:\Ai-CDD\data\raw\dataset\test\TUBERCULOSIS\tb_00423.png,G:\Ai-CDD\data\raw\dataset\train\TUBERCULOSIS\tb_00014.png
exact_duplicate,G:\Ai-CDD\data\raw\dataset\train\TUBERCULOSIS\tb_00516.png,G:\Ai-CDD\data\raw\dataset\train\TUBERCULOSIS\tb_00017.png
exact_duplicate,G:\Ai-CDD\data\raw\dataset\test\TUBERCULOSIS\tb_00424.png,G:\Ai-CDD\data\raw\dataset\train\TUBERCULOSIS\tb_00017.png
exact_duplicate,G:\Ai-CDD\data\raw\dataset\train\TUBERCULOSIS\tb_00521.png,G:\Ai-CDD\data\raw\dataset\train\TUBERCULOSIS\tb_00019.png
exact_duplicate,G:\Ai-CDD\data\raw\dataset\test\TUBERCULOSIS\tb_00425.png,G:\Ai-CDD\data\raw\dataset\train\TUBERCULOSIS\tb_00019.png
exact_duplicate,G:\Ai-CDD\data\raw\dataset\train\TUBERCULOSIS\tb_00524.png,G:\Ai-CDD\data\raw\dataset\train\TUBERCULOSIS\tb_00022.png
exact_duplicate,G:\Ai-CDD\data\raw\dataset\test\TUBERCULOSIS\tb_00426.png,G:\Ai-CDD\data\raw\dataset\train\TUBERCULOSIS\tb_00022.png
exact_duplicate,G:\Ai-CDD\data\raw\dataset\train\TUBERCULOSIS\tb_00528.png,G:\Ai-CDD\data\raw\dataset\train\TUBERCULOSIS\tb_00026.png
exact_duplicate,G:\Ai-CDD\data\raw\dataset\test\TUBERCULOSIS\tb_00427.png,G:\Ai-CDD\data\raw\dataset\train\TUBERCULOSIS\tb_00026.png
exact_duplicate,G:\Ai-CDD\data\raw\dataset\train\TUBERCULOSIS\tb_00529.png,G:\Ai-CDD\data\raw\dataset\train\TUBERCULOSIS\tb_00027.png
exact_duplicate,G:\Ai-CDD\data\raw\dataset\test\TUBERCULOSIS\tb_00428.png,G:\Ai-CDD\data\raw\dataset\train\TUBERCULOSIS\tb_00027.png
exact_duplicate,G:\Ai-CDD\data\raw\dataset\train\TUBERCULOSIS\tb_00531.png,G:\Ai-CDD\data\raw\dataset\train\TUBERCULOSIS\tb_00028.png
exact_duplicate,G:\Ai-CDD\data\raw\dataset\test\TUBERCULOSIS\tb_00429.png,G:\Ai-CDD\data\raw\dataset\train\TUBERCULOSIS\tb_00028.png
exact_duplicate,G:\Ai-CDD\data\raw\dataset\train\TUBERCULOSIS\tb_00532.png,G:\Ai-CDD\data\raw\dataset\train\TUBERCULOSIS\tb_00029.png
exact_duplicate,G:\Ai-CDD\data\raw\dataset\test\TUBERCULOSIS\tb_00430.png,G:\Ai-CDD\data\raw\dataset\train\TUBERCULOSIS\tb_00029.png
exact_duplicate,G:\Ai-CDD\data\raw\dataset\train\TUBERCULOSIS\tb_00552.png,G:\Ai-CDD\data\raw\dataset\train\TUBERCULOSIS\tb_00041.png
exact_duplicate,G:\Ai-CDD\data\raw\dataset\test\TUBERCULOSIS\tb_00432.png,G:\Ai-CDD\data\raw\dataset\train\TUBERCULOSIS\tb_00041.png
exact_duplicate,G:\Ai-CDD\data\raw\dataset\train\TUBERCULOSIS\tb_00554.png,G:\Ai-CDD\data\raw\dataset\train\TUBERCULOSIS\tb_00043.png
exact_duplicate,G:\Ai-CDD\data\raw\dataset\test\TUBERCULOSIS\tb_00433.png,G:\Ai-CDD\data\raw\dataset\train\TUBERCULOSIS\tb_00043.png
exact_duplicate,G:\Ai-CDD\data\raw\dataset\train\TUBERCULOSIS\tb_00561.png,G:\Ai-CDD\data\raw\dataset\train\TUBERCULOSIS\tb_00046.png
exact_duplicate,G:\Ai-CDD\data\raw\dataset\test\TUBERCULOSIS\tb_00435.png,G:\Ai-CDD\data\raw\dataset\train\TUBERCULOSIS\tb_00046.png
exact_duplicate,G:\Ai-CDD\data\raw\dataset\train\TUBERCULOSIS\tb_00572.png,G:\Ai-CDD\data\raw\dataset\train\TUBERCULOSIS\tb_00052.png
exact_duplicate,G:\Ai-CDD\data\raw\dataset\test\TUBERCULOSIS\tb_00438.png,G:\Ai-CDD\data\raw\dataset\train\TUBERCULOSIS\tb_00052.png
exact_duplicate,G:\Ai-CDD\data\raw\dataset\train\TUBERCULOSIS\tb_00582.png,G:\Ai-CDD\data\raw\dataset\train\TUBERCULOSIS\tb_00057.png
exact_duplicate,G:\Ai-CDD\data\raw\dataset\test\TUBERCULOSIS\tb_00439.png,G:\Ai-CDD\data\raw\dataset\train\TUBERCULOSIS\tb_00057.png
exact_duplicate,G:\Ai-CDD\data\raw\dataset\train\TUBERCULOSIS\tb_00596.png,G:\Ai-CDD\data\raw\dataset\train\TUBERCULOSIS\tb_00064.png
exact_duplicate,G:\Ai-CDD\data\raw\dataset\test\TUBERCULOSIS\tb_00443.png,G:\Ai-CDD\data\raw\dataset\train\TUBERCULOSIS\tb_00064.png
exact_duplicate,G:\Ai-CDD\data\raw\dataset\train\TUBERCULOSIS\tb_00597.png,G:\Ai-CDD\data\raw\dataset\train\TUBERCULOSIS\tb_00065.png
exact_duplicate,G:\Ai-CDD\data\raw\dataset\test\TUBERCULOSIS\tb_00444.png,G:\Ai-CDD\data\raw\dataset\train\TUBERCULOSIS\tb_00065.png
exact_duplicate,G:\Ai-CDD\data\raw\dataset\train\TUBERCULOSIS\tb_00600.png,G:\Ai-CDD\data\raw\dataset\train\TUBERCULOSIS\tb_00068.png
exact_duplicate,G:\Ai-CDD\data\raw\dataset\test\TUBERCULOSIS\tb_00445.png,G:\Ai-CDD\data\raw\dataset\train\TUBERCULOSIS\tb_00068.png
exact_duplicate,G:\Ai-CDD\data\raw\dataset\train\TUBERCULOSIS\tb_00609.png,G:\Ai-CDD\data\raw\dataset\train\TUBERCULOSIS\tb_00074.png
exact_duplicate,G:\Ai-CDD\data\raw\dataset\test\TUBERCULOSIS\tb_00446.png,G:\Ai-CDD\data\raw\dataset\train\TUBERCULOSIS\tb_00074.png
exact_duplicate,G:\Ai-CDD\data\raw\dataset\train\TUBERCULOSIS\tb_00611.png,G:\Ai-CDD\data\raw\dataset\train\TUBERCULOSIS\tb_00075.png
exact_duplicate,G:\Ai-CDD\data\raw\dataset\test\TUBERCULOSIS\tb_00448.png,G:\Ai-CDD\data\raw\dataset\train\TUBERCULOSIS\tb_00075.png
exact_duplicate,G:\Ai-CDD\data\raw\dataset\train\TUBERCULOSIS\tb_00628.png,G:\Ai-CDD\data\raw\dataset\train\TUBERCULOSIS\tb_00083.png
exact_duplicate,G:\Ai-CDD\data\raw\dataset\test\TUBERCULOSIS\tb_00450.png,G:\Ai-CDD\data\raw\dataset\train\TUBERCULOSIS\tb_00083.png
exact_duplicate,G:\Ai-CDD\data\raw\dataset\train\TUBERCULOSIS\tb_00639.png,G:\Ai-CDD\data\raw\dataset\train\TUBERCULOSIS\tb_00091.png
exact_duplicate,G:\Ai-CDD\data\raw\dataset\test\TUBERCULOSIS\tb_00452.png,G:\Ai-CDD\data\raw\dataset\train\TUBERCULOSIS\tb_00091.png
exact_duplicate,G:\Ai-CDD\data\raw\dataset\train\TUBERCULOSIS\tb_00642.png,G:\Ai-CDD\data\raw\dataset\train\TUBERCULOSIS\tb_00094.png
exact_duplicate,G:\Ai-CDD\data\raw\dataset\test\TUBERCULOSIS\tb_00453.png,G:\Ai-CDD\data\raw\dataset\train\TUBERCULOSIS\tb_00094.png
exact_duplicate,G:\Ai-CDD\data\raw\dataset\train\TUBERCULOSIS\tb_00670.png,G:\Ai-CDD\data\raw\dataset\train\TUBERCULOSIS\tb_00111.png
exact_duplicate,G:\Ai-CDD\data\raw\dataset\test\TUBERCULOSIS\tb_00460.png,G:\Ai-CDD\data\raw\dataset\train\TUBERCULOSIS\tb_00111.png
exact_duplicate,G:\Ai-CDD\data\raw\dataset\train\TUBERCULOSIS\tb_00676.png,G:\Ai-CDD\data\raw\dataset\train\TUBERCULOSIS\tb_00116.png
exact_duplicate,G:\Ai-CDD\data\raw\dataset\test\TUBERCULOSIS\tb_00461.png,G:\Ai-CDD\data\raw\dataset\train\TUBERCULOSIS\tb_00116.png
exact_duplicate,G:\Ai-CDD\data\raw\dataset\train\TUBERCULOSIS\tb_00681.png,G:\Ai-CDD\data\raw\dataset\train\TUBERCULOSIS\tb_00120.png
exact_duplicate,G:\Ai-CDD\data\raw\dataset\test\TUBERCULOSIS\tb_00462.png,G:\Ai-CDD\data\raw\dataset\train\TUBERCULOSIS\tb_00120.png
exact_duplicate,G:\Ai-CDD\data\raw\dataset\train\TUBERCULOSIS\tb_00682.png,G:\Ai-CDD\data\raw\dataset\train\TUBERCULOSIS\tb_00121.png
exact_duplicate,G:\Ai-CDD\data\raw\dataset\test\TUBERCULOSIS\tb_00463.png,G:\Ai-CDD\data\raw\dataset\train\TUBERCULOSIS\tb_00121.png
exact_duplicate,G:\Ai-CDD\data\raw\dataset\train\TUBERCULOSIS\tb_00701.png,G:\Ai-CDD\data\raw\dataset\train\TUBERCULOSIS\tb_00136.png
exact_duplicate,G:\Ai-CDD\data\raw\dataset\test\TUBERCULOSIS\tb_00464.png,G:\Ai-CDD\data\raw\dataset\train\TUBERCULOSIS\tb_00136.png
exact_duplicate,G:\Ai-CDD\data\raw\dataset\train\TUBERCULOSIS\tb_00703.png,G:\Ai-CDD\data\raw\dataset\train\TUBERCULOSIS\tb_00138.png
exact_duplicate,G:\Ai-CDD\data\raw\dataset\test\TUBERCULOSIS\tb_00465.png,G:\Ai-CDD\data\raw\dataset\train\TUBERCULOSIS\tb_00138.png
exact_duplicate,G:\Ai-CDD\data\raw\dataset\train\TUBERCULOSIS\tb_00704.png,G:\Ai-CDD\data\raw\dataset\train\TUBERCULOSIS\tb_00139.png
exact_duplicate,G:\Ai-CDD\data\raw\dataset\test\TUBERCULOSIS\tb_00466.png,G:\Ai-CDD\data\raw\dataset\train\TUBERCULOSIS\tb_00139.png
exact_duplicate,G:\Ai-CDD\data\raw\dataset\train\TUBERCULOSIS\tb_00705.png,G:\Ai-CDD\data\raw\dataset\train\TUBERCULOSIS\tb_00140.png
exact_duplicate,G:\Ai-CDD\data\raw\dataset\test\TUBERCULOSIS\tb_00467.png,G:\Ai-CDD\data\raw\dataset\train\TUBERCULOSIS\tb_00140.png
exact_duplicate,G:\Ai-CDD\data\raw\dataset\train\TUBERCULOSIS\tb_00713.png,G:\Ai-CDD\data\raw\dataset\train\TUBERCULOSIS\tb_00145.png
exact_duplicate,G:\Ai-CDD\data\raw\dataset\test\TUBERCULOSIS\tb_00468.png,G:\Ai-CDD\data\raw\dataset\train\TUBERCULOSIS\tb_00145.png
exact_duplicate,G:\Ai-CDD\data\raw\dataset\train\TUBERCULOSIS\tb_00719.png,G:\Ai-CDD\data\raw\dataset\train\TUBERCULOSIS\tb_00151.png
exact_duplicate,G:\Ai-CDD\data\raw\dataset\test\TUBERCULOSIS\tb_00469.png,G:\Ai-CDD\data\raw\dataset\train\TUBERCULOSIS\tb_00151.png
exact_duplicate,G:\Ai-CDD\data\raw\dataset\train\TUBERCULOSIS\tb_00726.png,G:\Ai-CDD\data\raw\dataset\train\TUBERCULOSIS\tb_00156.png
exact_duplicate,G:\Ai-CDD\data\raw\dataset\test\TUBERCULOSIS\tb_00470.png,G:\Ai-CDD\data\raw\dataset\train\TUBERCULOSIS\tb_00156.png
exact_duplicate,G:\Ai-CDD\data\raw\dataset\train\TUBERCULOSIS\tb_00731.png,G:\Ai-CDD\data\raw\dataset\train\TUBERCULOSIS\tb_00160.png
exact_duplicate,G:\Ai-CDD\data\raw\dataset\test\TUBERCULOSIS\tb_00472.png,G:\Ai-CDD\data\raw\dataset\train\TUBERCULOSIS\tb_00160.png
exact_duplicate,G:\Ai-CDD\data\raw\dataset\train\TUBERCULOSIS\tb_00741.png,G:\Ai-CDD\data\raw\dataset\train\TUBERCULOSIS\tb_00166.png
exact_duplicate,G:\Ai-CDD\data\raw\dataset\test\TUBERCULOSIS\tb_00473.png,G:\Ai-CDD\data\raw\dataset\train\TUBERCULOSIS\tb_00166.png
exact_duplicate,G:\Ai-CDD\data\raw\dataset\train\TUBERCULOSIS\tb_00749.png,G:\Ai-CDD\data\raw\dataset\train\TUBERCULOSIS\tb_00170.png
exact_duplicate,G:\Ai-CDD\data\raw\dataset\test\TUBERCULOSIS\tb_00474.png,G:\Ai-CDD\data\raw\dataset\train\TUBERCULOSIS\tb_00170.png
exact_duplicate,G:\Ai-CDD\data\raw\dataset\train\TUBERCULOSIS\tb_00756.png,G:\Ai-CDD\data\raw\dataset\train\TUBERCULOSIS\tb_00174.png
exact_duplicate,G:\Ai-CDD\data\raw\dataset\test\TUBERCULOSIS\tb_00475.png,G:\Ai-CDD\data\raw\dataset\train\TUBERCULOSIS\tb_00174.png
exact_duplicate,G:\Ai-CDD\data\raw\dataset\train\TUBERCULOSIS\tb_00760.png,G:\Ai-CDD\data\raw\dataset\train\TUBERCULOSIS\tb_00176.png
exact_duplicate,G:\Ai-CDD\data\raw\dataset\test\TUBERCULOSIS\tb_00477.png,G:\Ai-CDD\data\raw\dataset\train\TUBERCULOSIS\tb_00176.png
exact_duplicate,G:\Ai-CDD\data\raw\dataset\train\TUBERCULOSIS\tb_00761.png,G:\Ai-CDD\data\raw\dataset\train\TUBERCULOSIS\tb_00177.png
exact_duplicate,G:\Ai-CDD\data\raw\dataset\test\TUBERCULOSIS\tb_00478.png,G:\Ai-CDD\data\raw\dataset\train\TUBERCULOSIS\tb_00177.png
exact_duplicate,G:\Ai-CDD\data\raw\dataset\train\TUBERCULOSIS\tb_00771.png,G:\Ai-CDD\data\raw\dataset\train\TUBERCULOSIS\tb_00184.png
exact_duplicate,G:\Ai-CDD\data\raw\dataset\test\TUBERCULOSIS\tb_00480.png,G:\Ai-CDD\data\raw\dataset\train\TUBERCULOSIS\tb_00184.png
exact_duplicate,G:\Ai-CDD\data\raw\dataset\train\TUBERCULOSIS\tb_00772.png,G:\Ai-CDD\data\raw\dataset\train\TUBERCULOSIS\tb_00185.png
exact_duplicate,G:\Ai-CDD\data\raw\dataset\test\TUBERCULOSIS\tb_00481.png,G:\Ai-CDD\data\raw\dataset\train\TUBERCULOSIS\tb_00185.png
exact_duplicate,G:\Ai-CDD\data\raw\dataset\train\TUBERCULOSIS\tb_00777.png,G:\Ai-CDD\data\raw\dataset\train\TUBERCULOSIS\tb_00188.png
exact_duplicate,G:\Ai-CDD\data\raw\dataset\test\TUBERCULOSIS\tb_00482.png,G:\Ai-CDD\data\raw\dataset\train\TUBERCULOSIS\tb_00188.png
exact_duplicate,G:\Ai-CDD\data\raw\dataset\train\TUBERCULOSIS\tb_00778.png,G:\Ai-CDD\data\raw\dataset\train\TUBERCULOSIS\tb_00189.png
exact_duplicate,G:\Ai-CDD\data\raw\dataset\test\TUBERCULOSIS\tb_00483.png,G:\Ai-CDD\data\raw\dataset\train\TUBERCULOSIS\tb_00189.png
exact_duplicate,G:\Ai-CDD\data\raw\dataset\train\TUBERCULOSIS\tb_00779.png,G:\Ai-CDD\data\raw\dataset\train\TUBERCULOSIS\tb_00190.png
exact_duplicate,G:\Ai-CDD\data\raw\dataset\test\TUBERCULOSIS\tb_00484.png,G:\Ai-CDD\data\raw\dataset\train\TUBERCULOSIS\tb_00190.png
exact_duplicate,G:\Ai-CDD\data\raw\dataset\train\TUBERCULOSIS\tb_00784.png,G:\Ai-CDD\data\raw\dataset\train\TUBERCULOSIS\tb_00192.png
exact_duplicate,G:\Ai-CDD\data\raw\dataset\test\TUBERCULOSIS\tb_00486.png,G:\Ai-CDD\data\raw\dataset\train\TUBERCULOSIS\tb_00192.png
exact_duplicate,G:\Ai-CDD\data\raw\dataset\train\TUBERCULOSIS\tb_00785.png,G:\Ai-CDD\data\raw\dataset\train\TUBERCULOSIS\tb_00193.png
exact_duplicate,G:\Ai-CDD\data\raw\dataset\test\TUBERCULOSIS\tb_00487.png,G:\Ai-CDD\data\raw\dataset\train\TUBERCULOSIS\tb_00193.png
exact_duplicate,G:\Ai-CDD\data\raw\dataset\train\TUBERCULOSIS\tb_00789.png,G:\Ai-CDD\data\raw\dataset\train\TUBERCULOSIS\tb_00197.png
exact_duplicate,G:\Ai-CDD\data\raw\dataset\test\TUBERCULOSIS\tb_00488.png,G:\Ai-CDD\data\raw\dataset\train\TUBERCULOSIS\tb_00197.png
exact_duplicate,G:\Ai-CDD\data\raw\dataset\train\TUBERCULOSIS\tb_00791.png,G:\Ai-CDD\data\raw\dataset\train\TUBERCULOSIS\tb_00199.png
exact_duplicate,G:\Ai-CDD\data\raw\dataset\test\TUBERCULOSIS\tb_00489.png,G:\Ai-CDD\data\raw\dataset\train\TUBERCULOSIS\tb_00199.png
exact_duplicate,G:\Ai-CDD\data\raw\dataset\train\TUBERCULOSIS\tb_00804.png,G:\Ai-CDD\data\raw\dataset\train\TUBERCULOSIS\tb_00207.png
exact_duplicate,G:\Ai-CDD\data\raw\dataset\test\TUBERCULOSIS\tb_00491.png,G:\Ai-CDD\data\raw\dataset\train\TUBERCULOSIS\tb_00207.png
exact_duplicate,G:\Ai-CDD\data\raw\dataset\train\TUBERCULOSIS\tb_00279.png,G:\Ai-CDD\data\raw\dataset\train\TUBERCULOSIS\tb_00217.png
exact_duplicate,G:\Ai-CDD\data\raw\dataset\train\TUBERCULOSIS\tb_00819.png,G:\Ai-CDD\data\raw\dataset\train\TUBERCULOSIS\tb_00217.png
exact_duplicate,G:\Ai-CDD\data\raw\dataset\train\TUBERCULOSIS\tb_00903.png,G:\Ai-CDD\data\raw\dataset\train\TUBERCULOSIS\tb_00217.png
exact_duplicate,G:\Ai-CDD\data\raw\dataset\test\TUBERCULOSIS\tb_00505.png,G:\Ai-CDD\data\raw\dataset\train\TUBERCULOSIS\tb_00217.png
exact_duplicate,G:\Ai-CDD\data\raw\dataset\train\TUBERCULOSIS\tb_00825.png,G:\Ai-CDD\data\raw\dataset\train\TUBERCULOSIS\tb_00222.png
exact_duplicate,G:\Ai-CDD\data\raw\dataset\test\TUBERCULOSIS\tb_00494.png,G:\Ai-CDD\data\raw\dataset\train\TUBERCULOSIS\tb_00222.png
exact_duplicate,G:\Ai-CDD\data\raw\dataset\train\TUBERCULOSIS\tb_00826.png,G:\Ai-CDD\data\raw\dataset\train\TUBERCULOSIS\tb_00223.png
exact_duplicate,G:\Ai-CDD\data\raw\dataset\test\TUBERCULOSIS\tb_00495.png,G:\Ai-CDD\data\raw\dataset\train\TUBERCULOSIS\tb_00223.png
exact_duplicate,G:\Ai-CDD\data\raw\dataset\train\TUBERCULOSIS\tb_00834.png,G:\Ai-CDD\data\raw\dataset\train\TUBERCULOSIS\tb_00230.png
exact_duplicate,G:\Ai-CDD\data\raw\dataset\test\TUBERCULOSIS\tb_00496.png,G:\Ai-CDD\data\raw\dataset\train\TUBERCULOSIS\tb_00230.png
exact_duplicate,G:\Ai-CDD\data\raw\dataset\train\TUBERCULOSIS\tb_00850.png,G:\Ai-CDD\data\raw\dataset\train\TUBERCULOSIS\tb_00242.png
exact_duplicate,G:\Ai-CDD\data\raw\dataset\test\TUBERCULOSIS\tb_00498.png,G:\Ai-CDD\data\raw\dataset\train\TUBERCULOSIS\tb_00242.png
exact_duplicate,G:\Ai-CDD\data\raw\dataset\train\TUBERCULOSIS\tb_00853.png,G:\Ai-CDD\data\raw\dataset\train\TUBERCULOSIS\tb_00245.png
exact_duplicate,G:\Ai-CDD\data\raw\dataset\test\TUBERCULOSIS\tb_00499.png,G:\Ai-CDD\data\raw\dataset\train\TUBERCULOSIS\tb_00245.png
exact_duplicate,G:\Ai-CDD\data\raw\dataset\train\TUBERCULOSIS\tb_00799.png,G:\Ai-CDD\data\raw\dataset\train\TUBERCULOSIS\tb_00250.png
exact_duplicate,G:\Ai-CDD\data\raw\dataset\train\TUBERCULOSIS\tb_00858.png,G:\Ai-CDD\data\raw\dataset\train\TUBERCULOSIS\tb_00250.png
exact_duplicate,G:\Ai-CDD\data\raw\dataset\train\TUBERCULOSIS\tb_02161.png,G:\Ai-CDD\data\raw\dataset\train\TUBERCULOSIS\tb_00250.png
exact_duplicate,G:\Ai-CDD\data\raw\dataset\test\TUBERCULOSIS\tb_00054.png,G:\Ai-CDD\data\raw\dataset\train\TUBERCULOSIS\tb_00250.png
exact_duplicate,G:\Ai-CDD\data\raw\dataset\train\TUBERCULOSIS\tb_00868.png,G:\Ai-CDD\data\raw\dataset\train\TUBERCULOSIS\tb_00256.png
exact_duplicate,G:\Ai-CDD\data\raw\dataset\test\TUBERCULOSIS\tb_00500.png,G:\Ai-CDD\data\raw\dataset\train\TUBERCULOSIS\tb_00256.png
exact_duplicate,G:\Ai-CDD\data\raw\dataset\train\TUBERCULOSIS\tb_00871.png,G:\Ai-CDD\data\raw\dataset\train\TUBERCULOSIS\tb_00257.png
exact_duplicate,G:\Ai-CDD\data\raw\dataset\test\TUBERCULOSIS\tb_00501.png,G:\Ai-CDD\data\raw\dataset\train\TUBERCULOSIS\tb_00257.png
exact_duplicate,G:\Ai-CDD\data\raw\dataset\train\TUBERCULOSIS\tb_00893.png,G:\Ai-CDD\data\raw\dataset\train\TUBERCULOSIS\tb_00272.png
exact_duplicate,G:\Ai-CDD\data\raw\dataset\test\TUBERCULOSIS\tb_00503.png,G:\Ai-CDD\data\raw\dataset\train\TUBERCULOSIS\tb_00272.png
exact_duplicate,G:\Ai-CDD\data\raw\dataset\train\TUBERCULOSIS\tb_00908.png,G:\Ai-CDD\data\raw\dataset\train\TUBERCULOSIS\tb_00284.png
exact_duplicate,G:\Ai-CDD\data\raw\dataset\test\TUBERCULOSIS\tb_00506.png,G:\Ai-CDD\data\raw\dataset\train\TUBERCULOSIS\tb_00284.png
exact_duplicate,G:\Ai-CDD\data\raw\dataset\train\TUBERCULOSIS\tb_00910.png,G:\Ai-CDD\data\raw\dataset\train\TUBERCULOSIS\tb_00286.png
exact_duplicate,G:\Ai-CDD\data\raw\dataset\test\TUBERCULOSIS\tb_00507.png,G:\Ai-CDD\data\raw\dataset\train\TUBERCULOSIS\tb_00286.png
exact_duplicate,G:\Ai-CDD\data\raw\dataset\train\TUBERCULOSIS\tb_00918.png,G:\Ai-CDD\data\raw\dataset\train\TUBERCULOSIS\tb_00292.png
exact_duplicate,G:\Ai-CDD\data\raw\dataset\test\TUBERCULOSIS\tb_00508.png,G:\Ai-CDD\data\raw\dataset\train\TUBERCULOSIS\tb_00292.png
exact_duplicate,G:\Ai-CDD\data\raw\dataset\train\TUBERCULOSIS\tb_00921.png,G:\Ai-CDD\data\raw\dataset\train\TUBERCULOSIS\tb_00294.png
exact_duplicate,G:\Ai-CDD\data\raw\dataset\test\TUBERCULOSIS\tb_00509.png,G:\Ai-CDD\data\raw\dataset\train\TUBERCULOSIS\tb_00294.png
exact_duplicate,G:\Ai-CDD\data\raw\dataset\train\TUBERCULOSIS\tb_00926.png,G:\Ai-CDD\data\raw\dataset\train\TUBERCULOSIS\tb_00297.png
exact_duplicate,G:\Ai-CDD\data\raw\dataset\test\TUBERCULOSIS\tb_00510.png,G:\Ai-CDD\data\raw\dataset\train\TUBERCULOSIS\tb_00297.png
exact_duplicate,G:\Ai-CDD\data\raw\dataset\train\TUBERCULOSIS\tb_00936.png,G:\Ai-CDD\data\raw\dataset\train\TUBERCULOSIS\tb_00304.png
exact_duplicate,G:\Ai-CDD\data\raw\dataset\test\TUBERCULOSIS\tb_00511.png,G:\Ai-CDD\data\raw\dataset\train\TUBERCULOSIS\tb_00304.png
exact_duplicate,G:\Ai-CDD\data\raw\dataset\train\TUBERCULOSIS\tb_00950.png,G:\Ai-CDD\data\raw\dataset\train\TUBERCULOSIS\tb_00312.png
exact_duplicate,G:\Ai-CDD\data\raw\dataset\test\TUBERCULOSIS\tb_00513.png,G:\Ai-CDD\data\raw\dataset\train\TUBERCULOSIS\tb_00312.png
exact_duplicate,G:\Ai-CDD\data\raw\dataset\train\TUBERCULOSIS\tb_00951.png,G:\Ai-CDD\data\raw\dataset\train\TUBERCULOSIS\tb_00313.png
exact_duplicate,G:\Ai-CDD\data\raw\dataset\test\TUBERCULOSIS\tb_00514.png,G:\Ai-CDD\data\raw\dataset\train\TUBERCULOSIS\tb_00313.png
exact_duplicate,G:\Ai-CDD\data\raw\dataset\train\TUBERCULOSIS\tb_00962.png,G:\Ai-CDD\data\raw\dataset\train\TUBERCULOSIS\tb_00320.png
exact_duplicate,G:\Ai-CDD\data\raw\dataset\test\TUBERCULOSIS\tb_00516.png,G:\Ai-CDD\data\raw\dataset\train\TUBERCULOSIS\tb_00320.png
exact_duplicate,G:\Ai-CDD\data\raw\dataset\train\TUBERCULOSIS\tb_00967.png,G:\Ai-CDD\data\raw\dataset\train\TUBERCULOSIS\tb_00325.png
exact_duplicate,G:\Ai-CDD\data\raw\dataset\test\TUBERCULOSIS\tb_00517.png,G:\Ai-CDD\data\raw\dataset\train\TUBERCULOSIS\tb_00325.png
exact_duplicate,G:\Ai-CDD\data\raw\dataset\train\TUBERCULOSIS\tb_00993.png,G:\Ai-CDD\data\raw\dataset\train\TUBERCULOSIS\tb_00347.png
exact_duplicate,G:\Ai-CDD\data\raw\dataset\test\TUBERCULOSIS\tb_00520.png,G:\Ai-CDD\data\raw\dataset\train\TUBERCULOSIS\tb_00347.png
exact_duplicate,G:\Ai-CDD\data\raw\dataset\train\TUBERCULOSIS\tb_00995.png,G:\Ai-CDD\data\raw\dataset\train\TUBERCULOSIS\tb_00349.png
exact_duplicate,G:\Ai-CDD\data\raw\dataset\test\TUBERCULOSIS\tb_00521.png,G:\Ai-CDD\data\raw\dataset\train\TUBERCULOSIS\tb_00349.png
exact_duplicate,G:\Ai-CDD\data\raw\dataset\train\TUBERCULOSIS\tb_01000.png,G:\Ai-CDD\data\raw\dataset\train\TUBERCULOSIS\tb_00352.png
exact_duplicate,G:\Ai-CDD\data\raw\dataset\test\TUBERCULOSIS\tb_00524.png,G:\Ai-CDD\data\raw\dataset\train\TUBERCULOSIS\tb_00352.png
exact_duplicate,G:\Ai-CDD\data\raw\dataset\train\TUBERCULOSIS\tb_01009.png,G:\Ai-CDD\data\raw\dataset\train\TUBERCULOSIS\tb_00357.png
exact_duplicate,G:\Ai-CDD\data\raw\dataset\test\TUBERCULOSIS\tb_00526.png,G:\Ai-CDD\data\raw\dataset\train\TUBERCULOSIS\tb_00357.png
exact_duplicate,G:\Ai-CDD\data\raw\dataset\train\TUBERCULOSIS\tb_01019.png,G:\Ai-CDD\data\raw\dataset\train\TUBERCULOSIS\tb_00364.png
exact_duplicate,G:\Ai-CDD\data\raw\dataset\test\TUBERCULOSIS\tb_00528.png,G:\Ai-CDD\data\raw\dataset\train\TUBERCULOSIS\tb_00364.png
exact_duplicate,G:\Ai-CDD\data\raw\dataset\train\TUBERCULOSIS\tb_01028.png,G:\Ai-CDD\data\raw\dataset\train\TUBERCULOSIS\tb_00371.png
exact_duplicate,G:\Ai-CDD\data\raw\dataset\test\TUBERCULOSIS\tb_00530.png,G:\Ai-CDD\data\raw\dataset\train\TUBERCULOSIS\tb_00371.png
exact_duplicate,G:\Ai-CDD\data\raw\dataset\train\TUBERCULOSIS\tb_01032.png,G:\Ai-CDD\data\raw\dataset\train\TUBERCULOSIS\tb_00373.png
exact_duplicate,G:\Ai-CDD\data\raw\dataset\test\TUBERCULOSIS\tb_00532.png,G:\Ai-CDD\data\raw\dataset\train\TUBERCULOSIS\tb_00373.png
exact_duplicate,G:\Ai-CDD\data\raw\dataset\train\TUBERCULOSIS\tb_01038.png,G:\Ai-CDD\data\raw\dataset\train\TUBERCULOSIS\tb_00378.png
exact_duplicate,G:\Ai-CDD\data\raw\dataset\test\TUBERCULOSIS\tb_00534.png,G:\Ai-CDD\data\raw\dataset\train\TUBERCULOSIS\tb_00378.png
exact_duplicate,G:\Ai-CDD\data\raw\dataset\train\TUBERCULOSIS\tb_01052.png,G:\Ai-CDD\data\raw\dataset\train\TUBERCULOSIS\tb_00385.png
exact_duplicate,G:\Ai-CDD\data\raw\dataset\test\TUBERCULOSIS\tb_00537.png,G:\Ai-CDD\data\raw\dataset\train\TUBERCULOSIS\tb_00385.png
exact_duplicate,G:\Ai-CDD\data\raw\dataset\train\TUBERCULOSIS\tb_01055.png,G:\Ai-CDD\data\raw\dataset\train\TUBERCULOSIS\tb_00387.png
exact_duplicate,G:\Ai-CDD\data\raw\dataset\test\TUBERCULOSIS\tb_00538.png,G:\Ai-CDD\data\raw\dataset\train\TUBERCULOSIS\tb_00387.png
exact_duplicate,G:\Ai-CDD\data\raw\dataset\train\TUBERCULOSIS\tb_01064.png,G:\Ai-CDD\data\raw\dataset\train\TUBERCULOSIS\tb_00395.png
exact_duplicate,G:\Ai-CDD\data\raw\dataset\test\TUBERCULOSIS\tb_00539.png,G:\Ai-CDD\data\raw\dataset\train\TUBERCULOSIS\tb_00395.png
exact_duplicate,G:\Ai-CDD\data\raw\dataset\train\TUBERCULOSIS\tb_01072.png,G:\Ai-CDD\data\raw\dataset\train\TUBERCULOSIS\tb_00401.png
exact_duplicate,G:\Ai-CDD\data\raw\dataset\test\TUBERCULOSIS\tb_00540.png,G:\Ai-CDD\data\raw\dataset\train\TUBERCULOSIS\tb_00401.png
exact_duplicate,G:\Ai-CDD\data\raw\dataset\train\TUBERCULOSIS\tb_01074.png,G:\Ai-CDD\data\raw\dataset\train\TUBERCULOSIS\tb_00402.png
exact_duplicate,G:\Ai-CDD\data\raw\dataset\test\TUBERCULOSIS\tb_00541.png,G:\Ai-CDD\data\raw\dataset\train\TUBERCULOSIS\tb_00402.png
exact_duplicate,G:\Ai-CDD\data\raw\dataset\train\TUBERCULOSIS\tb_01088.png,G:\Ai-CDD\data\raw\dataset\train\TUBERCULOSIS\tb_00414.png
exact_duplicate,G:\Ai-CDD\data\raw\dataset\test\TUBERCULOSIS\tb_00542.png,G:\Ai-CDD\data\raw\dataset\train\TUBERCULOSIS\tb_00414.png
exact_duplicate,G:\Ai-CDD\data\raw\dataset\train\TUBERCULOSIS\tb_02316.png,G:\Ai-CDD\data\raw\dataset\train\TUBERCULOSIS\tb_00434.png
exact_duplicate,G:\Ai-CDD\data\raw\dataset\test\TUBERCULOSIS\tb_00109.png,G:\Ai-CDD\data\raw\dataset\train\TUBERCULOSIS\tb_00434.png
exact_duplicate,G:\Ai-CDD\data\raw\dataset\test\TUBERCULOSIS\tb_00110.png,G:\Ai-CDD\data\raw\dataset\train\TUBERCULOSIS\tb_00435.png
exact_duplicate,G:\Ai-CDD\data\raw\dataset\test\TUBERCULOSIS\tb_00545.png,G:\Ai-CDD\data\raw\dataset\train\TUBERCULOSIS\tb_00435.png
exact_duplicate,G:\Ai-CDD\data\raw\dataset\train\TUBERCULOSIS\tb_02317.png,G:\Ai-CDD\data\raw\dataset\train\TUBERCULOSIS\tb_00437.png
exact_duplicate,G:\Ai-CDD\data\raw\dataset\test\TUBERCULOSIS\tb_00112.png,G:\Ai-CDD\data\raw\dataset\train\TUBERCULOSIS\tb_00437.png
exact_duplicate,G:\Ai-CDD\data\raw\dataset\train\TUBERCULOSIS\tb_02318.png,G:\Ai-CDD\data\raw\dataset\train\TUBERCULOSIS\tb_00439.png
exact_duplicate,G:\Ai-CDD\data\raw\dataset\test\TUBERCULOSIS\tb_00114.png,G:\Ai-CDD\data\raw\dataset\train\TUBERCULOSIS\tb_00439.png
exact_duplicate,G:\Ai-CDD\data\raw\dataset\train\TUBERCULOSIS\tb_02319.png,G:\Ai-CDD\data\raw\dataset\train\TUBERCULOSIS\tb_00440.png
exact_duplicate,G:\Ai-CDD\data\raw\dataset\test\TUBERCULOSIS\tb_00115.png,G:\Ai-CDD\data\raw\dataset\train\TUBERCULOSIS\tb_00440.png
exact_duplicate,G:\Ai-CDD\data\raw\dataset\train\TUBERCULOSIS\tb_02320.png,G:\Ai-CDD\data\raw\dataset\train\TUBERCULOSIS\tb_00441.png
exact_duplicate,G:\Ai-CDD\data\raw\dataset\test\TUBERCULOSIS\tb_00116.png,G:\Ai-CDD\data\raw\dataset\train\TUBERCULOSIS\tb_00441.png
exact_duplicate,G:\Ai-CDD\data\raw\dataset\train\TUBERCULOSIS\tb_02322.png,G:\Ai-CDD\data\raw\dataset\train\TUBERCULOSIS\tb_00442.png
exact_duplicate,G:\Ai-CDD\data\raw\dataset\test\TUBERCULOSIS\tb_00117.png,G:\Ai-CDD\data\raw\dataset\train\TUBERCULOSIS\tb_00442.png
exact_duplicate,G:\Ai-CDD\data\raw\dataset\train\TUBERCULOSIS\tb_02323.png,G:\Ai-CDD\data\raw\dataset\train\TUBERCULOSIS\tb_00443.png
exact_duplicate,G:\Ai-CDD\data\raw\dataset\test\TUBERCULOSIS\tb_00118.png,G:\Ai-CDD\data\raw\dataset\train\TUBERCULOSIS\tb_00443.png
exact_duplicate,G:\Ai-CDD\data\raw\dataset\train\TUBERCULOSIS\tb_02324.png,G:\Ai-CDD\data\raw\dataset\train\TUBERCULOSIS\tb_00444.png
exact_duplicate,G:\Ai-CDD\data\raw\dataset\test\TUBERCULOSIS\tb_00119.png,G:\Ai-CDD\data\raw\dataset\train\TUBERCULOSIS\tb_00444.png
exact_duplicate,G:\Ai-CDD\data\raw\dataset\train\TUBERCULOSIS\tb_02325.png,G:\Ai-CDD\data\raw\dataset\train\TUBERCULOSIS\tb_00445.png
exact_duplicate,G:\Ai-CDD\data\raw\dataset\test\TUBERCULOSIS\tb_00120.png,G:\Ai-CDD\data\raw\dataset\train\TUBERCULOSIS\tb_00445.png
exact_duplicate,G:\Ai-CDD\data\raw\dataset\train\TUBERCULOSIS\tb_02326.png,G:\Ai-CDD\data\raw\dataset\train\TUBERCULOSIS\tb_00446.png
exact_duplicate,G:\Ai-CDD\data\raw\dataset\test\TUBERCULOSIS\tb_00121.png,G:\Ai-CDD\data\raw\dataset\train\TUBERCULOSIS\tb_00446.png
exact_duplicate,G:\Ai-CDD\data\raw\dataset\train\TUBERCULOSIS\tb_02327.png,G:\Ai-CDD\data\raw\dataset\train\TUBERCULOSIS\tb_00447.png
exact_duplicate,G:\Ai-CDD\data\raw\dataset\test\TUBERCULOSIS\tb_00122.png,G:\Ai-CDD\data\raw\dataset\train\TUBERCULOSIS\tb_00447.png
exact_duplicate,G:\Ai-CDD\data\raw\dataset\train\TUBERCULOSIS\tb_02331.png,G:\Ai-CDD\data\raw\dataset\train\TUBERCULOSIS\tb_00449.png
exact_duplicate,G:\Ai-CDD\data\raw\dataset\test\TUBERCULOSIS\tb_00127.png,G:\Ai-CDD\data\raw\dataset\train\TUBERCULOSIS\tb_00449.png
exact_duplicate,G:\Ai-CDD\data\raw\dataset\test\TUBERCULOSIS\tb_00128.png,G:\Ai-CDD\data\raw\dataset\train\TUBERCULOSIS\tb_00450.png
exact_duplicate,G:\Ai-CDD\data\raw\dataset\test\TUBERCULOSIS\tb_00546.png,G:\Ai-CDD\data\raw\dataset\train\TUBERCULOSIS\tb_00450.png
exact_duplicate,G:\Ai-CDD\data\raw\dataset\train\TUBERCULOSIS\tb_02332.png,G:\Ai-CDD\data\raw\dataset\train\TUBERCULOSIS\tb_00451.png
exact_duplicate,G:\Ai-CDD\data\raw\dataset\test\TUBERCULOSIS\tb_00129.png,G:\Ai-CDD\data\raw\dataset\train\TUBERCULOSIS\tb_00451.png
exact_duplicate,G:\Ai-CDD\data\raw\dataset\train\TUBERCULOSIS\tb_02333.png,G:\Ai-CDD\data\raw\dataset\train\TUBERCULOSIS\tb_00452.png
exact_duplicate,G:\Ai-CDD\data\raw\dataset\test\TUBERCULOSIS\tb_00131.png,G:\Ai-CDD\data\raw\dataset\train\TUBERCULOSIS\tb_00452.png
exact_duplicate,G:\Ai-CDD\data\raw\dataset\test\TUBERCULOSIS\tb_00133.png,G:\Ai-CDD\data\raw\dataset\train\TUBERCULOSIS\tb_00454.png
exact_duplicate,G:\Ai-CDD\data\raw\dataset\test\TUBERCULOSIS\tb_00548.png,G:\Ai-CDD\data\raw\dataset\train\TUBERCULOSIS\tb_00454.png
exact_duplicate,G:\Ai-CDD\data\raw\dataset\train\TUBERCULOSIS\tb_02334.png,G:\Ai-CDD\data\raw\dataset\train\TUBERCULOSIS\tb_00455.png
exact_duplicate,G:\Ai-CDD\data\raw\dataset\test\TUBERCULOSIS\tb_00134.png,G:\Ai-CDD\data\raw\dataset\train\TUBERCULOSIS\tb_00455.png
exact_duplicate,G:\Ai-CDD\data\raw\dataset\train\TUBERCULOSIS\tb_02335.png,G:\Ai-CDD\data\raw\dataset\train\TUBERCULOSIS\tb_00456.png
exact_duplicate,G:\Ai-CDD\data\raw\dataset\test\TUBERCULOSIS\tb_00135.png,G:\Ai-CDD\data\raw\dataset\train\TUBERCULOSIS\tb_00456.png
exact_duplicate,G:\Ai-CDD\data\raw\dataset\train\TUBERCULOSIS\tb_02338.png,G:\Ai-CDD\data\raw\dataset\train\TUBERCULOSIS\tb_00458.png
exact_duplicate,G:\Ai-CDD\data\raw\dataset\test\TUBERCULOSIS\tb_00137.png,G:\Ai-CDD\data\raw\dataset\train\TUBERCULOSIS\tb_00458.png
exact_duplicate,G:\Ai-CDD\data\raw\dataset\test\TUBERCULOSIS\tb_00141.png,G:\Ai-CDD\data\raw\dataset\train\TUBERCULOSIS\tb_00460.png
exact_duplicate,G:\Ai-CDD\data\raw\dataset\test\TUBERCULOSIS\tb_00549.png,G:\Ai-CDD\data\raw\dataset\train\TUBERCULOSIS\tb_00460.png
exact_duplicate,G:\Ai-CDD\data\raw\dataset\train\TUBERCULOSIS\tb_02341.png,G:\Ai-CDD\data\raw\dataset\train\TUBERCULOSIS\tb_00462.png
exact_duplicate,G:\Ai-CDD\data\raw\dataset\test\TUBERCULOSIS\tb_00144.png,G:\Ai-CDD\data\raw\dataset\train\TUBERCULOSIS\tb_00462.png
exact_duplicate,G:\Ai-CDD\data\raw\dataset\train\TUBERCULOSIS\tb_02344.png,G:\Ai-CDD\data\raw\dataset\train\TUBERCULOSIS\tb_00465.png
exact_duplicate,G:\Ai-CDD\data\raw\dataset\test\TUBERCULOSIS\tb_00147.png,G:\Ai-CDD\data\raw\dataset\train\TUBERCULOSIS\tb_00465.png
exact_duplicate,G:\Ai-CDD\data\raw\dataset\train\TUBERCULOSIS\tb_01122.png,G:\Ai-CDD\data\raw\dataset\train\TUBERCULOSIS\tb_00474.png
exact_duplicate,G:\Ai-CDD\data\raw\dataset\test\TUBERCULOSIS\tb_00553.png,G:\Ai-CDD\data\raw\dataset\train\TUBERCULOSIS\tb_00474.png
exact_duplicate,G:\Ai-CDD\data\raw\dataset\train\TUBERCULOSIS\tb_01125.png,G:\Ai-CDD\data\raw\dataset\train\TUBERCULOSIS\tb_00477.png
exact_duplicate,G:\Ai-CDD\data\raw\dataset\test\TUBERCULOSIS\tb_00554.png,G:\Ai-CDD\data\raw\dataset\train\TUBERCULOSIS\tb_00477.png
exact_duplicate,G:\Ai-CDD\data\raw\dataset\train\TUBERCULOSIS\tb_01129.png,G:\Ai-CDD\data\raw\dataset\train\TUBERCULOSIS\tb_00481.png
exact_duplicate,G:\Ai-CDD\data\raw\dataset\test\TUBERCULOSIS\tb_00555.png,G:\Ai-CDD\data\raw\dataset\train\TUBERCULOSIS\tb_00481.png
exact_duplicate,G:\Ai-CDD\data\raw\dataset\train\TUBERCULOSIS\tb_01960.png,G:\Ai-CDD\data\raw\dataset\train\TUBERCULOSIS\tb_00491.png
exact_duplicate,G:\Ai-CDD\data\raw\dataset\test\TUBERCULOSIS\tb_00002.png,G:\Ai-CDD\data\raw\dataset\train\TUBERCULOSIS\tb_00491.png
exact_duplicate,G:\Ai-CDD\data\raw\dataset\train\TUBERCULOSIS\tb_01963.png,G:\Ai-CDD\data\raw\dataset\train\TUBERCULOSIS\tb_00498.png
exact_duplicate,G:\Ai-CDD\data\raw\dataset\test\TUBERCULOSIS\tb_00003.png,G:\Ai-CDD\data\raw\dataset\train\TUBERCULOSIS\tb_00498.png
exact_duplicate,G:\Ai-CDD\data\raw\dataset\train\TUBERCULOSIS\tb_01964.png,G:\Ai-CDD\data\raw\dataset\train\TUBERCULOSIS\tb_00499.png
exact_duplicate,G:\Ai-CDD\data\raw\dataset\test\TUBERCULOSIS\tb_00004.png,G:\Ai-CDD\data\raw\dataset\train\TUBERCULOSIS\tb_00499.png
exact_duplicate,G:\Ai-CDD\data\raw\dataset\train\TUBERCULOSIS\tb_01983.png,G:\Ai-CDD\data\raw\dataset\train\TUBERCULOSIS\tb_00537.png
exact_duplicate,G:\Ai-CDD\data\raw\dataset\test\TUBERCULOSIS\tb_00007.png,G:\Ai-CDD\data\raw\dataset\train\TUBERCULOSIS\tb_00537.png
exact_duplicate,G:\Ai-CDD\data\raw\dataset\test\TUBERCULOSIS\tb_00008.png,G:\Ai-CDD\data\raw\dataset\train\TUBERCULOSIS\tb_00539.png
exact_duplicate,G:\Ai-CDD\data\raw\dataset\test\TUBERCULOSIS\tb_00431.png,G:\Ai-CDD\data\raw\dataset\train\TUBERCULOSIS\tb_00539.png
exact_duplicate,G:\Ai-CDD\data\raw\dataset\train\TUBERCULOSIS\tb_01988.png,G:\Ai-CDD\data\raw\dataset\train\TUBERCULOSIS\tb_00543.png
exact_duplicate,G:\Ai-CDD\data\raw\dataset\test\TUBERCULOSIS\tb_00009.png,G:\Ai-CDD\data\raw\dataset\train\TUBERCULOSIS\tb_00543.png
exact_duplicate,G:\Ai-CDD\data\raw\dataset\train\TUBERCULOSIS\tb_01996.png,G:\Ai-CDD\data\raw\dataset\train\TUBERCULOSIS\tb_00560.png
exact_duplicate,G:\Ai-CDD\data\raw\dataset\test\TUBERCULOSIS\tb_00010.png,G:\Ai-CDD\data\raw\dataset\train\TUBERCULOSIS\tb_00560.png
exact_duplicate,G:\Ai-CDD\data\raw\dataset\test\TUBERCULOSIS\tb_00011.png,G:\Ai-CDD\data\raw\dataset\train\TUBERCULOSIS\tb_00562.png
exact_duplicate,G:\Ai-CDD\data\raw\dataset\test\TUBERCULOSIS\tb_00012.png,G:\Ai-CDD\data\raw\dataset\train\TUBERCULOSIS\tb_00569.png
exact_duplicate,G:\Ai-CDD\data\raw\dataset\test\TUBERCULOSIS\tb_00437.png,G:\Ai-CDD\data\raw\dataset\train\TUBERCULOSIS\tb_00569.png
exact_duplicate,G:\Ai-CDD\data\raw\dataset\train\TUBERCULOSIS\tb_02001.png,G:\Ai-CDD\data\raw\dataset\train\TUBERCULOSIS\tb_00574.png
exact_duplicate,G:\Ai-CDD\data\raw\dataset\test\TUBERCULOSIS\tb_00013.png,G:\Ai-CDD\data\raw\dataset\train\TUBERCULOSIS\tb_00574.png
exact_duplicate,G:\Ai-CDD\data\raw\dataset\train\TUBERCULOSIS\tb_02002.png,G:\Ai-CDD\data\raw\dataset\train\TUBERCULOSIS\tb_00576.png
exact_duplicate,G:\Ai-CDD\data\raw\dataset\test\TUBERCULOSIS\tb_00014.png,G:\Ai-CDD\data\raw\dataset\train\TUBERCULOSIS\tb_00576.png
exact_duplicate,G:\Ai-CDD\data\raw\dataset\train\TUBERCULOSIS\tb_02003.png,G:\Ai-CDD\data\raw\dataset\train\TUBERCULOSIS\tb_00578.png
exact_duplicate,G:\Ai-CDD\data\raw\dataset\test\TUBERCULOSIS\tb_00015.png,G:\Ai-CDD\data\raw\dataset\train\TUBERCULOSIS\tb_00578.png
exact_duplicate,G:\Ai-CDD\data\raw\dataset\train\TUBERCULOSIS\tb_02006.png,G:\Ai-CDD\data\raw\dataset\train\TUBERCULOSIS\tb_00581.png
exact_duplicate,G:\Ai-CDD\data\raw\dataset\test\TUBERCULOSIS\tb_00016.png,G:\Ai-CDD\data\raw\dataset\train\TUBERCULOSIS\tb_00581.png
exact_duplicate,G:\Ai-CDD\data\raw\dataset\train\TUBERCULOSIS\tb_02008.png,G:\Ai-CDD\data\raw\dataset\train\TUBERCULOSIS\tb_00585.png
exact_duplicate,G:\Ai-CDD\data\raw\dataset\test\TUBERCULOSIS\tb_00018.png,G:\Ai-CDD\data\raw\dataset\train\TUBERCULOSIS\tb_00585.png
exact_duplicate,G:\Ai-CDD\data\raw\dataset\train\TUBERCULOSIS\tb_02009.png,G:\Ai-CDD\data\raw\dataset\train\TUBERCULOSIS\tb_00587.png
exact_duplicate,G:\Ai-CDD\data\raw\dataset\test\TUBERCULOSIS\tb_00019.png,G:\Ai-CDD\data\raw\dataset\train\TUBERCULOSIS\tb_00587.png
exact_duplicate,G:\Ai-CDD\data\raw\dataset\test\TUBERCULOSIS\tb_00020.png,G:\Ai-CDD\data\raw\dataset\train\TUBERCULOSIS\tb_00591.png
exact_duplicate,G:\Ai-CDD\data\raw\dataset\test\TUBERCULOSIS\tb_00440.png,G:\Ai-CDD\data\raw\dataset\train\TUBERCULOSIS\tb_00591.png
exact_duplicate,G:\Ai-CDD\data\raw\dataset\test\TUBERCULOSIS\tb_00021.png,G:\Ai-CDD\data\raw\dataset\train\TUBERCULOSIS\tb_00592.png
exact_duplicate,G:\Ai-CDD\data\raw\dataset\test\TUBERCULOSIS\tb_00441.png,G:\Ai-CDD\data\raw\dataset\train\TUBERCULOSIS\tb_00592.png
exact_duplicate,G:\Ai-CDD\data\raw\dataset\test\TUBERCULOSIS\tb_00022.png,G:\Ai-CDD\data\raw\dataset\train\TUBERCULOSIS\tb_00594.png
exact_duplicate,G:\Ai-CDD\data\raw\dataset\test\TUBERCULOSIS\tb_00442.png,G:\Ai-CDD\data\raw\dataset\train\TUBERCULOSIS\tb_00594.png
exact_duplicate,G:\Ai-CDD\data\raw\dataset\train\TUBERCULOSIS\tb_02013.png,G:\Ai-CDD\data\raw\dataset\train\TUBERCULOSIS\tb_00595.png
exact_duplicate,G:\Ai-CDD\data\raw\dataset\test\TUBERCULOSIS\tb_00023.png,G:\Ai-CDD\data\raw\dataset\train\TUBERCULOSIS\tb_00595.png
exact_duplicate,G:\Ai-CDD\data\raw\dataset\train\TUBERCULOSIS\tb_02021.png,G:\Ai-CDD\data\raw\dataset\train\TUBERCULOSIS\tb_00613.png
exact_duplicate,G:\Ai-CDD\data\raw\dataset\test\TUBERCULOSIS\tb_00024.png,G:\Ai-CDD\data\raw\dataset\train\TUBERCULOSIS\tb_00613.png
exact_duplicate,G:\Ai-CDD\data\raw\dataset\train\TUBERCULOSIS\tb_02024.png,G:\Ai-CDD\data\raw\dataset\train\TUBERCULOSIS\tb_00616.png
exact_duplicate,G:\Ai-CDD\data\raw\dataset\test\TUBERCULOSIS\tb_00025.png,G:\Ai-CDD\data\raw\dataset\train\TUBERCULOSIS\tb_00616.png
exact_duplicate,G:\Ai-CDD\data\raw\dataset\train\TUBERCULOSIS\tb_02026.png,G:\Ai-CDD\data\raw\dataset\train\TUBERCULOSIS\tb_00623.png
exact_duplicate,G:\Ai-CDD\data\raw\dataset\test\TUBERCULOSIS\tb_00027.png,G:\Ai-CDD\data\raw\dataset\train\TUBERCULOSIS\tb_00623.png
exact_duplicate,G:\Ai-CDD\data\raw\dataset\train\TUBERCULOSIS\tb_02028.png,G:\Ai-CDD\data\raw\dataset\train\TUBERCULOSIS\tb_00625.png
exact_duplicate,G:\Ai-CDD\data\raw\dataset\test\TUBERCULOSIS\tb_00028.png,G:\Ai-CDD\data\raw\dataset\train\TUBERCULOSIS\tb_00625.png
exact_duplicate,G:\Ai-CDD\data\raw\dataset\train\TUBERCULOSIS\tb_02031.png,G:\Ai-CDD\data\raw\dataset\train\TUBERCULOSIS\tb_00630.png
exact_duplicate,G:\Ai-CDD\data\raw\dataset\test\TUBERCULOSIS\tb_00030.png,G:\Ai-CDD\data\raw\dataset\train\TUBERCULOSIS\tb_00630.png
exact_duplicate,G:\Ai-CDD\data\raw\dataset\test\TUBERCULOSIS\tb_00031.png,G:\Ai-CDD\data\raw\dataset\train\TUBERCULOSIS\tb_00633.png
exact_duplicate,G:\Ai-CDD\data\raw\dataset\test\TUBERCULOSIS\tb_00451.png,G:\Ai-CDD\data\raw\dataset\train\TUBERCULOSIS\tb_00633.png
exact_duplicate,G:\Ai-CDD\data\raw\dataset\test\TUBERCULOSIS\tb_00033.png,G:\Ai-CDD\data\raw\dataset\train\TUBERCULOSIS\tb_00645.png
exact_duplicate,G:\Ai-CDD\data\raw\dataset\test\TUBERCULOSIS\tb_00454.png,G:\Ai-CDD\data\raw\dataset\train\TUBERCULOSIS\tb_00645.png
exact_duplicate,G:\Ai-CDD\data\raw\dataset\test\TUBERCULOSIS\tb_00035.png,G:\Ai-CDD\data\raw\dataset\train\TUBERCULOSIS\tb_00652.png
exact_duplicate,G:\Ai-CDD\data\raw\dataset\test\TUBERCULOSIS\tb_00457.png,G:\Ai-CDD\data\raw\dataset\train\TUBERCULOSIS\tb_00652.png
exact_duplicate,G:\Ai-CDD\data\raw\dataset\train\TUBERCULOSIS\tb_02046.png,G:\Ai-CDD\data\raw\dataset\train\TUBERCULOSIS\tb_00658.png
exact_duplicate,G:\Ai-CDD\data\raw\dataset\test\TUBERCULOSIS\tb_00036.png,G:\Ai-CDD\data\raw\dataset\train\TUBERCULOSIS\tb_00658.png
exact_duplicate,G:\Ai-CDD\data\raw\dataset\test\TUBERCULOSIS\tb_00037.png,G:\Ai-CDD\data\raw\dataset\train\TUBERCULOSIS\tb_00659.png
exact_duplicate,G:\Ai-CDD\data\raw\dataset\test\TUBERCULOSIS\tb_00458.png,G:\Ai-CDD\data\raw\dataset\train\TUBERCULOSIS\tb_00659.png
exact_duplicate,G:\Ai-CDD\data\raw\dataset\train\TUBERCULOSIS\tb_02071.png,G:\Ai-CDD\data\raw\dataset\train\TUBERCULOSIS\tb_00700.png
exact_duplicate,G:\Ai-CDD\data\raw\dataset\test\TUBERCULOSIS\tb_00040.png,G:\Ai-CDD\data\raw\dataset\train\TUBERCULOSIS\tb_00700.png
exact_duplicate,G:\Ai-CDD\data\raw\dataset\train\TUBERCULOSIS\tb_02073.png,G:\Ai-CDD\data\raw\dataset\train\TUBERCULOSIS\tb_00708.png
exact_duplicate,G:\Ai-CDD\data\raw\dataset\test\TUBERCULOSIS\tb_00041.png,G:\Ai-CDD\data\raw\dataset\train\TUBERCULOSIS\tb_00708.png
exact_duplicate,G:\Ai-CDD\data\raw\dataset\train\TUBERCULOSIS\tb_02081.png,G:\Ai-CDD\data\raw\dataset\train\TUBERCULOSIS\tb_00721.png
exact_duplicate,G:\Ai-CDD\data\raw\dataset\test\TUBERCULOSIS\tb_00043.png,G:\Ai-CDD\data\raw\dataset\train\TUBERCULOSIS\tb_00721.png
exact_duplicate,G:\Ai-CDD\data\raw\dataset\train\TUBERCULOSIS\tb_02082.png,G:\Ai-CDD\data\raw\dataset\train\TUBERCULOSIS\tb_00724.png
exact_duplicate,G:\Ai-CDD\data\raw\dataset\test\TUBERCULOSIS\tb_00044.png,G:\Ai-CDD\data\raw\dataset\train\TUBERCULOSIS\tb_00724.png
exact_duplicate,G:\Ai-CDD\data\raw\dataset\test\TUBERCULOSIS\tb_00045.png,G:\Ai-CDD\data\raw\dataset\train\TUBERCULOSIS\tb_00729.png
exact_duplicate,G:\Ai-CDD\data\raw\dataset\test\TUBERCULOSIS\tb_00471.png,G:\Ai-CDD\data\raw\dataset\train\TUBERCULOSIS\tb_00729.png
exact_duplicate,G:\Ai-CDD\data\raw\dataset\train\TUBERCULOSIS\tb_02097.png,G:\Ai-CDD\data\raw\dataset\train\TUBERCULOSIS\tb_00743.png
exact_duplicate,G:\Ai-CDD\data\raw\dataset\test\TUBERCULOSIS\tb_00046.png,G:\Ai-CDD\data\raw\dataset\train\TUBERCULOSIS\tb_00743.png
exact_duplicate,G:\Ai-CDD\data\raw\dataset\train\TUBERCULOSIS\tb_02098.png,G:\Ai-CDD\data\raw\dataset\train\TUBERCULOSIS\tb_00744.png
exact_duplicate,G:\Ai-CDD\data\raw\dataset\test\TUBERCULOSIS\tb_00047.png,G:\Ai-CDD\data\raw\dataset\train\TUBERCULOSIS\tb_00744.png
exact_duplicate,G:\Ai-CDD\data\raw\dataset\train\TUBERCULOSIS\tb_02110.png,G:\Ai-CDD\data\raw\dataset\train\TUBERCULOSIS\tb_00770.png
exact_duplicate,G:\Ai-CDD\data\raw\dataset\test\TUBERCULOSIS\tb_00049.png,G:\Ai-CDD\data\raw\dataset\train\TUBERCULOSIS\tb_00770.png
exact_duplicate,G:\Ai-CDD\data\raw\dataset\train\TUBERCULOSIS\tb_02111.png,G:\Ai-CDD\data\raw\dataset\train\TUBERCULOSIS\tb_00773.png
exact_duplicate,G:\Ai-CDD\data\raw\dataset\test\TUBERCULOSIS\tb_00050.png,G:\Ai-CDD\data\raw\dataset\train\TUBERCULOSIS\tb_00773.png
exact_duplicate,G:\Ai-CDD\data\raw\dataset\test\TUBERCULOSIS\tb_00051.png,G:\Ai-CDD\data\raw\dataset\train\TUBERCULOSIS\tb_00781.png
exact_duplicate,G:\Ai-CDD\data\raw\dataset\test\TUBERCULOSIS\tb_00485.png,G:\Ai-CDD\data\raw\dataset\train\TUBERCULOSIS\tb_00781.png
exact_duplicate,G:\Ai-CDD\data\raw\dataset\train\TUBERCULOSIS\tb_02121.png,G:\Ai-CDD\data\raw\dataset\train\TUBERCULOSIS\tb_00796.png
exact_duplicate,G:\Ai-CDD\data\raw\dataset\test\TUBERCULOSIS\tb_00052.png,G:\Ai-CDD\data\raw\dataset\train\TUBERCULOSIS\tb_00796.png
exact_duplicate,G:\Ai-CDD\data\raw\dataset\test\TUBERCULOSIS\tb_00056.png,G:\Ai-CDD\data\raw\dataset\train\TUBERCULOSIS\tb_00810.png
exact_duplicate,G:\Ai-CDD\data\raw\dataset\test\TUBERCULOSIS\tb_00492.png,G:\Ai-CDD\data\raw\dataset\train\TUBERCULOSIS\tb_00810.png
exact_duplicate,G:\Ai-CDD\data\raw\dataset\train\TUBERCULOSIS\tb_02131.png,G:\Ai-CDD\data\raw\dataset\train\TUBERCULOSIS\tb_00812.png
exact_duplicate,G:\Ai-CDD\data\raw\dataset\test\TUBERCULOSIS\tb_00057.png,G:\Ai-CDD\data\raw\dataset\train\TUBERCULOSIS\tb_00812.png
exact_duplicate,G:\Ai-CDD\data\raw\dataset\train\TUBERCULOSIS\tb_02145.png,G:\Ai-CDD\data\raw\dataset\train\TUBERCULOSIS\tb_00835.png
exact_duplicate,G:\Ai-CDD\data\raw\dataset\test\TUBERCULOSIS\tb_00058.png,G:\Ai-CDD\data\raw\dataset\train\TUBERCULOSIS\tb_00835.png
exact_duplicate,G:\Ai-CDD\data\raw\dataset\test\TUBERCULOSIS\tb_00059.png,G:\Ai-CDD\data\raw\dataset\train\TUBERCULOSIS\tb_00841.png
exact_duplicate,G:\Ai-CDD\data\raw\dataset\test\TUBERCULOSIS\tb_00497.png,G:\Ai-CDD\data\raw\dataset\train\TUBERCULOSIS\tb_00841.png
exact_duplicate,G:\Ai-CDD\data\raw\dataset\train\TUBERCULOSIS\tb_02156.png,G:\Ai-CDD\data\raw\dataset\train\TUBERCULOSIS\tb_00849.png
exact_duplicate,G:\Ai-CDD\data\raw\dataset\test\TUBERCULOSIS\tb_00060.png,G:\Ai-CDD\data\raw\dataset\train\TUBERCULOSIS\tb_00849.png
exact_duplicate,G:\Ai-CDD\data\raw\dataset\train\TUBERCULOSIS\tb_02162.png,G:\Ai-CDD\data\raw\dataset\train\TUBERCULOSIS\tb_00859.png
exact_duplicate,G:\Ai-CDD\data\raw\dataset\test\TUBERCULOSIS\tb_00061.png,G:\Ai-CDD\data\raw\dataset\train\TUBERCULOSIS\tb_00859.png
exact_duplicate,G:\Ai-CDD\data\raw\dataset\train\TUBERCULOSIS\tb_02167.png,G:\Ai-CDD\data\raw\dataset\train\TUBERCULOSIS\tb_00866.png
exact_duplicate,G:\Ai-CDD\data\raw\dataset\test\TUBERCULOSIS\tb_00062.png,G:\Ai-CDD\data\raw\dataset\train\TUBERCULOSIS\tb_00866.png
exact_duplicate,G:\Ai-CDD\data\raw\dataset\train\TUBERCULOSIS\tb_02170.png,G:\Ai-CDD\data\raw\dataset\train\TUBERCULOSIS\tb_00870.png
exact_duplicate,G:\Ai-CDD\data\raw\dataset\test\TUBERCULOSIS\tb_00063.png,G:\Ai-CDD\data\raw\dataset\train\TUBERCULOSIS\tb_00870.png
exact_duplicate,G:\Ai-CDD\data\raw\dataset\test\TUBERCULOSIS\tb_00064.png,G:\Ai-CDD\data\raw\dataset\train\TUBERCULOSIS\tb_00881.png
exact_duplicate,G:\Ai-CDD\data\raw\dataset\train\TUBERCULOSIS\tb_02176.png,G:\Ai-CDD\data\raw\dataset\train\TUBERCULOSIS\tb_00882.png
exact_duplicate,G:\Ai-CDD\data\raw\dataset\test\TUBERCULOSIS\tb_00065.png,G:\Ai-CDD\data\raw\dataset\train\TUBERCULOSIS\tb_00882.png
exact_duplicate,G:\Ai-CDD\data\raw\dataset\train\TUBERCULOSIS\tb_02177.png,G:\Ai-CDD\data\raw\dataset\train\TUBERCULOSIS\tb_00883.png
exact_duplicate,G:\Ai-CDD\data\raw\dataset\test\TUBERCULOSIS\tb_00066.png,G:\Ai-CDD\data\raw\dataset\train\TUBERCULOSIS\tb_00883.png
exact_duplicate,G:\Ai-CDD\data\raw\dataset\train\TUBERCULOSIS\tb_02181.png,G:\Ai-CDD\data\raw\dataset\train\TUBERCULOSIS\tb_00891.png
exact_duplicate,G:\Ai-CDD\data\raw\dataset\test\TUBERCULOSIS\tb_00067.png,G:\Ai-CDD\data\raw\dataset\train\TUBERCULOSIS\tb_00891.png
exact_duplicate,G:\Ai-CDD\data\raw\dataset\test\TUBERCULOSIS\tb_00068.png,G:\Ai-CDD\data\raw\dataset\train\TUBERCULOSIS\tb_00895.png
exact_duplicate,G:\Ai-CDD\data\raw\dataset\test\TUBERCULOSIS\tb_00504.png,G:\Ai-CDD\data\raw\dataset\train\TUBERCULOSIS\tb_00895.png
exact_duplicate,G:\Ai-CDD\data\raw\dataset\train\TUBERCULOSIS\tb_02189.png,G:\Ai-CDD\data\raw\dataset\train\TUBERCULOSIS\tb_00911.png
exact_duplicate,G:\Ai-CDD\data\raw\dataset\test\TUBERCULOSIS\tb_00069.png,G:\Ai-CDD\data\raw\dataset\train\TUBERCULOSIS\tb_00911.png
exact_duplicate,G:\Ai-CDD\data\raw\dataset\train\TUBERCULOSIS\tb_02197.png,G:\Ai-CDD\data\raw\dataset\train\TUBERCULOSIS\tb_00922.png
exact_duplicate,G:\Ai-CDD\data\raw\dataset\test\TUBERCULOSIS\tb_00070.png,G:\Ai-CDD\data\raw\dataset\train\TUBERCULOSIS\tb_00922.png
exact_duplicate,G:\Ai-CDD\data\raw\dataset\train\TUBERCULOSIS\tb_02200.png,G:\Ai-CDD\data\raw\dataset\train\TUBERCULOSIS\tb_00928.png
exact_duplicate,G:\Ai-CDD\data\raw\dataset\test\TUBERCULOSIS\tb_00071.png,G:\Ai-CDD\data\raw\dataset\train\TUBERCULOSIS\tb_00928.png
exact_duplicate,G:\Ai-CDD\data\raw\dataset\train\TUBERCULOSIS\tb_02201.png,G:\Ai-CDD\data\raw\dataset\train\TUBERCULOSIS\tb_00929.png
exact_duplicate,G:\Ai-CDD\data\raw\dataset\test\TUBERCULOSIS\tb_00072.png,G:\Ai-CDD\data\raw\dataset\train\TUBERCULOSIS\tb_00929.png
exact_duplicate,G:\Ai-CDD\data\raw\dataset\train\TUBERCULOSIS\tb_02210.png,G:\Ai-CDD\data\raw\dataset\train\TUBERCULOSIS\tb_00940.png
exact_duplicate,G:\Ai-CDD\data\raw\dataset\test\TUBERCULOSIS\tb_00073.png,G:\Ai-CDD\data\raw\dataset\train\TUBERCULOSIS\tb_00940.png
exact_duplicate,G:\Ai-CDD\data\raw\dataset\test\TUBERCULOSIS\tb_00074.png,G:\Ai-CDD\data\raw\dataset\train\TUBERCULOSIS\tb_00941.png
exact_duplicate,G:\Ai-CDD\data\raw\dataset\test\TUBERCULOSIS\tb_00512.png,G:\Ai-CDD\data\raw\dataset\train\TUBERCULOSIS\tb_00941.png
exact_duplicate,G:\Ai-CDD\data\raw\dataset\test\TUBERCULOSIS\tb_00077.png,G:\Ai-CDD\data\raw\dataset\train\TUBERCULOSIS\tb_00957.png
exact_duplicate,G:\Ai-CDD\data\raw\dataset\test\TUBERCULOSIS\tb_00515.png,G:\Ai-CDD\data\raw\dataset\train\TUBERCULOSIS\tb_00957.png
exact_duplicate,G:\Ai-CDD\data\raw\dataset\train\TUBERCULOSIS\tb_02220.png,G:\Ai-CDD\data\raw\dataset\train\TUBERCULOSIS\tb_00960.png
exact_duplicate,G:\Ai-CDD\data\raw\dataset\test\TUBERCULOSIS\tb_00078.png,G:\Ai-CDD\data\raw\dataset\train\TUBERCULOSIS\tb_00960.png
exact_duplicate,G:\Ai-CDD\data\raw\dataset\test\TUBERCULOSIS\tb_00079.png,G:\Ai-CDD\data\raw\dataset\train\TUBERCULOSIS\tb_00978.png
exact_duplicate,G:\Ai-CDD\data\raw\dataset\test\TUBERCULOSIS\tb_00519.png,G:\Ai-CDD\data\raw\dataset\train\TUBERCULOSIS\tb_00978.png
exact_duplicate,G:\Ai-CDD\data\raw\dataset\train\TUBERCULOSIS\tb_02231.png,G:\Ai-CDD\data\raw\dataset\train\TUBERCULOSIS\tb_00979.png
exact_duplicate,G:\Ai-CDD\data\raw\dataset\test\TUBERCULOSIS\tb_00080.png,G:\Ai-CDD\data\raw\dataset\train\TUBERCULOSIS\tb_00979.png
exact_duplicate,G:\Ai-CDD\data\raw\dataset\train\TUBERCULOSIS\tb_02237.png,G:\Ai-CDD\data\raw\dataset\train\TUBERCULOSIS\tb_00986.png
exact_duplicate,G:\Ai-CDD\data\raw\dataset\test\TUBERCULOSIS\tb_00081.png,G:\Ai-CDD\data\raw\dataset\train\TUBERCULOSIS\tb_00986.png
exact_duplicate,G:\Ai-CDD\data\raw\dataset\train\TUBERCULOSIS\tb_02251.png,G:\Ai-CDD\data\raw\dataset\train\TUBERCULOSIS\tb_01011.png
exact_duplicate,G:\Ai-CDD\data\raw\dataset\test\TUBERCULOSIS\tb_00082.png,G:\Ai-CDD\data\raw\dataset\train\TUBERCULOSIS\tb_01011.png
exact_duplicate,G:\Ai-CDD\data\raw\dataset\train\TUBERCULOSIS\tb_02256.png,G:\Ai-CDD\data\raw\dataset\train\TUBERCULOSIS\tb_01020.png
exact_duplicate,G:\Ai-CDD\data\raw\dataset\test\TUBERCULOSIS\tb_00083.png,G:\Ai-CDD\data\raw\dataset\train\TUBERCULOSIS\tb_01020.png
exact_duplicate,G:\Ai-CDD\data\raw\dataset\test\TUBERCULOSIS\tb_00084.png,G:\Ai-CDD\data\raw\dataset\train\TUBERCULOSIS\tb_01021.png
exact_duplicate,G:\Ai-CDD\data\raw\dataset\test\TUBERCULOSIS\tb_00529.png,G:\Ai-CDD\data\raw\dataset\train\TUBERCULOSIS\tb_01021.png
exact_duplicate,G:\Ai-CDD\data\raw\dataset\test\TUBERCULOSIS\tb_00085.png,G:\Ai-CDD\data\raw\dataset\train\TUBERCULOSIS\tb_01033.png
exact_duplicate,G:\Ai-CDD\data\raw\dataset\test\TUBERCULOSIS\tb_00533.png,G:\Ai-CDD\data\raw\dataset\train\TUBERCULOSIS\tb_01033.png
exact_duplicate,G:\Ai-CDD\data\raw\dataset\train\TUBERCULOSIS\tb_02276.png,G:\Ai-CDD\data\raw\dataset\train\TUBERCULOSIS\tb_01056.png
exact_duplicate,G:\Ai-CDD\data\raw\dataset\test\TUBERCULOSIS\tb_00087.png,G:\Ai-CDD\data\raw\dataset\train\TUBERCULOSIS\tb_01056.png
exact_duplicate,G:\Ai-CDD\data\raw\dataset\train\TUBERCULOSIS\tb_02293.png,G:\Ai-CDD\data\raw\dataset\train\TUBERCULOSIS\tb_01081.png
exact_duplicate,G:\Ai-CDD\data\raw\dataset\test\TUBERCULOSIS\tb_00090.png,G:\Ai-CDD\data\raw\dataset\train\TUBERCULOSIS\tb_01081.png
exact_duplicate,G:\Ai-CDD\data\raw\dataset\train\TUBERCULOSIS\tb_02301.png,G:\Ai-CDD\data\raw\dataset\train\TUBERCULOSIS\tb_01093.png
exact_duplicate,G:\Ai-CDD\data\raw\dataset\test\TUBERCULOSIS\tb_00091.png,G:\Ai-CDD\data\raw\dataset\train\TUBERCULOSIS\tb_01093.png
exact_duplicate,G:\Ai-CDD\data\raw\dataset\train\TUBERCULOSIS\tb_02304.png,G:\Ai-CDD\data\raw\dataset\train\TUBERCULOSIS\tb_01097.png
exact_duplicate,G:\Ai-CDD\data\raw\dataset\test\TUBERCULOSIS\tb_00092.png,G:\Ai-CDD\data\raw\dataset\train\TUBERCULOSIS\tb_01097.png
exact_duplicate,G:\Ai-CDD\data\raw\dataset\train\TUBERCULOSIS\tb_02315.png,G:\Ai-CDD\data\raw\dataset\train\TUBERCULOSIS\tb_01103.png
exact_duplicate,G:\Ai-CDD\data\raw\dataset\test\TUBERCULOSIS\tb_00094.png,G:\Ai-CDD\data\raw\dataset\train\TUBERCULOSIS\tb_01103.png
exact_duplicate,G:\Ai-CDD\data\raw\dataset\test\TUBERCULOSIS\tb_00104.png,G:\Ai-CDD\data\raw\dataset\train\TUBERCULOSIS\tb_01110.png
exact_duplicate,G:\Ai-CDD\data\raw\dataset\test\TUBERCULOSIS\tb_00552.png,G:\Ai-CDD\data\raw\dataset\train\TUBERCULOSIS\tb_01110.png
exact_duplicate,G:\Ai-CDD\data\raw\dataset\train\TUBERCULOSIS\tb_02356.png,G:\Ai-CDD\data\raw\dataset\train\TUBERCULOSIS\tb_01133.png
exact_duplicate,G:\Ai-CDD\data\raw\dataset\test\TUBERCULOSIS\tb_00106.png,G:\Ai-CDD\data\raw\dataset\train\TUBERCULOSIS\tb_01133.png
exact_duplicate,G:\Ai-CDD\data\raw\dataset\test\TUBERCULOSIS\tb_00096.png,G:\Ai-CDD\data\raw\dataset\train\TUBERCULOSIS\tb_02328.png
exact_duplicate,G:\Ai-CDD\data\raw\dataset\test\TUBERCULOSIS\tb_00123.png,G:\Ai-CDD\data\raw\dataset\train\TUBERCULOSIS\tb_02328.png
exact_duplicate,G:\Ai-CDD\data\raw\dataset\test\TUBERCULOSIS\tb_00097.png,G:\Ai-CDD\data\raw\dataset\train\TUBERCULOSIS\tb_02329.png
exact_duplicate,G:\Ai-CDD\data\raw\dataset\test\TUBERCULOSIS\tb_00124.png,G:\Ai-CDD\data\raw\dataset\train\TUBERCULOSIS\tb_02329.png
exact_duplicate,G:\Ai-CDD\data\raw\dataset\test\TUBERCULOSIS\tb_00099.png,G:\Ai-CDD\data\raw\dataset\train\TUBERCULOSIS\tb_02336.png
exact_duplicate,G:\Ai-CDD\data\raw\dataset\test\TUBERCULOSIS\tb_00136.png,G:\Ai-CDD\data\raw\dataset\train\TUBERCULOSIS\tb_02336.png
exact_duplicate,G:\Ai-CDD\data\raw\dataset\test\TUBERCULOSIS\tb_00100.png,G:\Ai-CDD\data\raw\dataset\train\TUBERCULOSIS\tb_02339.png
exact_duplicate,G:\Ai-CDD\data\raw\dataset\test\TUBERCULOSIS\tb_00138.png,G:\Ai-CDD\data\raw\dataset\train\TUBERCULOSIS\tb_02339.png
exact_duplicate,G:\Ai-CDD\data\raw\dataset\test\TUBERCULOSIS\tb_00101.png,G:\Ai-CDD\data\raw\dataset\train\TUBERCULOSIS\tb_02340.png
exact_duplicate,G:\Ai-CDD\data\raw\dataset\test\TUBERCULOSIS\tb_00142.png,G:\Ai-CDD\data\raw\dataset\train\TUBERCULOSIS\tb_02340.png
exact_duplicate,G:\Ai-CDD\data\raw\dataset\val\NORMAL\normal_00554.png,G:\Ai-CDD\data\raw\dataset\test\NORMAL\normal_00576.png
exact_duplicate,G:\Ai-CDD\data\raw\dataset\val\NORMAL\normal_00555.png,G:\Ai-CDD\data\raw\dataset\test\NORMAL\normal_00577.png
exact_duplicate,G:\Ai-CDD\data\raw\dataset\val\NORMAL\normal_00556.png,G:\Ai-CDD\data\raw\dataset\test\NORMAL\normal_00582.png
exact_duplicate,G:\Ai-CDD\data\raw\dataset\val\NORMAL\normal_00557.png,G:\Ai-CDD\data\raw\dataset\test\NORMAL\normal_00591.png
exact_duplicate,G:\Ai-CDD\data\raw\dataset\val\NORMAL\normal_00558.png,G:\Ai-CDD\data\raw\dataset\test\NORMAL\normal_00593.png
exact_duplicate,G:\Ai-CDD\data\raw\dataset\val\NORMAL\normal_00559.png,G:\Ai-CDD\data\raw\dataset\test\NORMAL\normal_00594.png
exact_duplicate,G:\Ai-CDD\data\raw\dataset\val\NORMAL\normal_00667.png,G:\Ai-CDD\data\raw\dataset\test\NORMAL\normal_00597.png
exact_duplicate,G:\Ai-CDD\data\raw\dataset\val\NORMAL\normal_00668.png,G:\Ai-CDD\data\raw\dataset\test\NORMAL\normal_00608.png
exact_duplicate,G:\Ai-CDD\data\raw\dataset\val\NORMAL\normal_00669.png,G:\Ai-CDD\data\raw\dataset\test\NORMAL\normal_00624.png
exact_duplicate,G:\Ai-CDD\data\raw\dataset\val\NORMAL\normal_00670.png,G:\Ai-CDD\data\raw\dataset\test\NORMAL\normal_00629.png
exact_duplicate,G:\Ai-CDD\data\raw\dataset\val\NORMAL\normal_00671.png,G:\Ai-CDD\data\raw\dataset\test\NORMAL\normal_00645.png
exact_duplicate,G:\Ai-CDD\data\raw\dataset\val\NORMAL\normal_00672.png,G:\Ai-CDD\data\raw\dataset\test\NORMAL\normal_00651.png
exact_duplicate,G:\Ai-CDD\data\raw\dataset\val\NORMAL\normal_00673.png,G:\Ai-CDD\data\raw\dataset\test\NORMAL\normal_00657.png
exact_duplicate,G:\Ai-CDD\data\raw\dataset\val\NORMAL\normal_00674.png,G:\Ai-CDD\data\raw\dataset\test\NORMAL\normal_00666.png
exact_duplicate,G:\Ai-CDD\data\raw\dataset\val\NORMAL\normal_00675.png,G:\Ai-CDD\data\raw\dataset\test\NORMAL\normal_00670.png
exact_duplicate,G:\Ai-CDD\data\raw\dataset\val\NORMAL\normal_00676.png,G:\Ai-CDD\data\raw\dataset\test\NORMAL\normal_00676.png
exact_duplicate,G:\Ai-CDD\data\raw\dataset\val\NORMAL\normal_00677.png,G:\Ai-CDD\data\raw\dataset\test\NORMAL\normal_00680.png
exact_duplicate,G:\Ai-CDD\data\raw\dataset\val\NORMAL\normal_00678.png,G:\Ai-CDD\data\raw\dataset\test\NORMAL\normal_00682.png
exact_duplicate,G:\Ai-CDD\data\raw\dataset\val\NORMAL\normal_00679.png,G:\Ai-CDD\data\raw\dataset\test\NORMAL\normal_00687.png
exact_duplicate,G:\Ai-CDD\data\raw\dataset\val\NORMAL\normal_00680.png,G:\Ai-CDD\data\raw\dataset\test\NORMAL\normal_00714.png
exact_duplicate,G:\Ai-CDD\data\raw\dataset\val\NORMAL\normal_00681.png,G:\Ai-CDD\data\raw\dataset\test\NORMAL\normal_00717.png
exact_duplicate,G:\Ai-CDD\data\raw\dataset\val\NORMAL\normal_00682.png,G:\Ai-CDD\data\raw\dataset\test\NORMAL\normal_00720.png
exact_duplicate,G:\Ai-CDD\data\raw\dataset\val\NORMAL\normal_00683.png,G:\Ai-CDD\data\raw\dataset\test\NORMAL\normal_00721.png
exact_duplicate,G:\Ai-CDD\data\raw\dataset\val\NORMAL\normal_00684.png,G:\Ai-CDD\data\raw\dataset\test\NORMAL\normal_00726.png
exact_duplicate,G:\Ai-CDD\data\raw\dataset\val\NORMAL\normal_00685.png,G:\Ai-CDD\data\raw\dataset\test\NORMAL\normal_00735.png
exact_duplicate,G:\Ai-CDD\data\raw\dataset\val\NORMAL\normal_00686.png,G:\Ai-CDD\data\raw\dataset\test\NORMAL\normal_00738.png
exact_duplicate,G:\Ai-CDD\data\raw\dataset\val\NORMAL\normal_00687.png,G:\Ai-CDD\data\raw\dataset\test\NORMAL\normal_00742.png
exact_duplicate,G:\Ai-CDD\data\raw\dataset\val\NORMAL\normal_00688.png,G:\Ai-CDD\data\raw\dataset\test\NORMAL\normal_00743.png
exact_duplicate,G:\Ai-CDD\data\raw\dataset\val\NORMAL\normal_00689.png,G:\Ai-CDD\data\raw\dataset\test\NORMAL\normal_00746.png
exact_duplicate,G:\Ai-CDD\data\raw\dataset\val\NORMAL\normal_00690.png,G:\Ai-CDD\data\raw\dataset\test\NORMAL\normal_00751.png
exact_duplicate,G:\Ai-CDD\data\raw\dataset\val\NORMAL\normal_00530.png,G:\Ai-CDD\data\raw\dataset\test\NORMAL\normal_01077.png
exact_duplicate,G:\Ai-CDD\data\raw\dataset\val\NORMAL\normal_00532.png,G:\Ai-CDD\data\raw\dataset\test\NORMAL\normal_01078.png
exact_duplicate,G:\Ai-CDD\data\raw\dataset\val\NORMAL\normal_00533.png,G:\Ai-CDD\data\raw\dataset\test\NORMAL\normal_01079.png
perceptual_duplicate,G:\Ai-CDD\data\raw\dataset\train\NORMAL\normal_00954.png,G:\Ai-CDD\data\raw\dataset\train\NORMAL\normal_00007.png
perceptual_duplicate,G:\Ai-CDD\data\raw\dataset\train\NORMAL\normal_01122.png,G:\Ai-CDD\data\raw\dataset\train\NORMAL\normal_00007.png
perceptual_duplicate,G:\Ai-CDD\data\raw\dataset\test\NORMAL\normal_00028.png,G:\Ai-CDD\data\raw\dataset\train\NORMAL\normal_00028.png
perceptual_duplicate,G:\Ai-CDD\data\raw\dataset\val\NORMAL\normal_00169.png,G:\Ai-CDD\data\raw\dataset\train\NORMAL\normal_00036.png
perceptual_duplicate,G:\Ai-CDD\data\raw\dataset\train\NORMAL\normal_02159.png,G:\Ai-CDD\data\raw\dataset\train\NORMAL\normal_00041.png
perceptual_duplicate,G:\Ai-CDD\data\raw\dataset\train\NORMAL\normal_00867.png,G:\Ai-CDD\data\raw\dataset\train\NORMAL\normal_00067.png
perceptual_duplicate,G:\Ai-CDD\data\raw\dataset\test\NORMAL\normal_00449.png,G:\Ai-CDD\data\raw\dataset\train\NORMAL\normal_00081.png
perceptual_duplicate,G:\Ai-CDD\data\raw\dataset\val\NORMAL\normal_00376.png,G:\Ai-CDD\data\raw\dataset\train\NORMAL\normal_00120.png
perceptual_duplicate,G:\Ai-CDD\data\raw\dataset\train\NORMAL\normal_01653.png,G:\Ai-CDD\data\raw\dataset\train\NORMAL\normal_00141.png
perceptual_duplicate,G:\Ai-CDD\data\raw\dataset\train\NORMAL\normal_01023.png,G:\Ai-CDD\data\raw\dataset\train\NORMAL\normal_00144.png
perceptual_duplicate,G:\Ai-CDD\data\raw\dataset\train\NORMAL\normal_00598.png,G:\Ai-CDD\data\raw\dataset\train\NORMAL\normal_00145.png
perceptual_duplicate,G:\Ai-CDD\data\raw\dataset\train\NORMAL\normal_00642.png,G:\Ai-CDD\data\raw\dataset\train\NORMAL\normal_00189.png
perceptual_duplicate,G:\Ai-CDD\data\raw\dataset\test\NORMAL\normal_00176.png,G:\Ai-CDD\data\raw\dataset\train\NORMAL\normal_00189.png
perceptual_duplicate,G:\Ai-CDD\data\raw\dataset\test\NORMAL\normal_00301.png,G:\Ai-CDD\data\raw\dataset\train\NORMAL\normal_00239.png
perceptual_duplicate,G:\Ai-CDD\data\raw\dataset\train\NORMAL\normal_00678.png,G:\Ai-CDD\data\raw\dataset\train\NORMAL\normal_00286.png
perceptual_duplicate,G:\Ai-CDD\data\raw\dataset\test\NORMAL\normal_00404.png,G:\Ai-CDD\data\raw\dataset\train\NORMAL\normal_00368.png
perceptual_duplicate,G:\Ai-CDD\data\raw\dataset\train\NORMAL\normal_01983.png,G:\Ai-CDD\data\raw\dataset\train\NORMAL\normal_00384.png
perceptual_duplicate,G:\Ai-CDD\data\raw\dataset\train\NORMAL\normal_02099.png,G:\Ai-CDD\data\raw\dataset\train\NORMAL\normal_00394.png
perceptual_duplicate,G:\Ai-CDD\data\raw\dataset\train\NORMAL\normal_01989.png,G:\Ai-CDD\data\raw\dataset\train\NORMAL\normal_00399.png
perceptual_duplicate,G:\Ai-CDD\data\raw\dataset\train\NORMAL\normal_01673.png,G:\Ai-CDD\data\raw\dataset\train\NORMAL\normal_00412.png
perceptual_duplicate,G:\Ai-CDD\data\raw\dataset\train\NORMAL\normal_02426.png,G:\Ai-CDD\data\raw\dataset\train\NORMAL\normal_00444.png
perceptual_duplicate,G:\Ai-CDD\data\raw\dataset\val\NORMAL\normal_00119.png,G:\Ai-CDD\data\raw\dataset\train\NORMAL\normal_00505.png
perceptual_duplicate,G:\Ai-CDD\data\raw\dataset\val\NORMAL\normal_00387.png,G:\Ai-CDD\data\raw\dataset\train\NORMAL\normal_00514.png
perceptual_duplicate,G:\Ai-CDD\data\raw\dataset\val\NORMAL\normal_00406.png,G:\Ai-CDD\data\raw\dataset\train\NORMAL\normal_00541.png
perceptual_duplicate,G:\Ai-CDD\data\raw\dataset\val\NORMAL\normal_00172.png,G:\Ai-CDD\data\raw\dataset\train\NORMAL\normal_00565.png
perceptual_duplicate,G:\Ai-CDD\data\raw\dataset\test\NORMAL\normal_00393.png,G:\Ai-CDD\data\raw\dataset\train\NORMAL\normal_00568.png
perceptual_duplicate,G:\Ai-CDD\data\raw\dataset\train\NORMAL\normal_01797.png,G:\Ai-CDD\data\raw\dataset\train\NORMAL\normal_00579.png
perceptual_duplicate,G:\Ai-CDD\data\raw\dataset\test\NORMAL\normal_00345.png,G:\Ai-CDD\data\raw\dataset\train\NORMAL\normal_00599.png
perceptual_duplicate,G:\Ai-CDD\data\raw\dataset\train\NORMAL\normal_01433.png,G:\Ai-CDD\data\raw\dataset\train\NORMAL\normal_00600.png
perceptual_duplicate,G:\Ai-CDD\data\raw\dataset\train\NORMAL\normal_00749.png,G:\Ai-CDD\data\raw\dataset\train\NORMAL\normal_00642.png
perceptual_duplicate,G:\Ai-CDD\data\raw\dataset\train\NORMAL\normal_01482.png,G:\Ai-CDD\data\raw\dataset\train\NORMAL\normal_00642.png
perceptual_duplicate,G:\Ai-CDD\data\raw\dataset\train\NORMAL\normal_02265.png,G:\Ai-CDD\data\raw\dataset\train\NORMAL\normal_00646.png
perceptual_duplicate,G:\Ai-CDD\data\raw\dataset\test\NORMAL\normal_00364.png,G:\Ai-CDD\data\raw\dataset\train\NORMAL\normal_00669.png
perceptual_duplicate,G:\Ai-CDD\data\raw\dataset\train\NORMAL\normal_02222.png,G:\Ai-CDD\data\raw\dataset\train\NORMAL\normal_00678.png
perceptual_duplicate,G:\Ai-CDD\data\raw\dataset\val\NORMAL\normal_00254.png,G:\Ai-CDD\data\raw\dataset\train\NORMAL\normal_00695.png
perceptual_duplicate,G:\Ai-CDD\data\raw\dataset\train\NORMAL\normal_02149.png,G:\Ai-CDD\data\raw\dataset\train\NORMAL\normal_00708.png
perceptual_duplicate,G:\Ai-CDD\data\raw\dataset\train\NORMAL\normal_01527.png,G:\Ai-CDD\data\raw\dataset\train\NORMAL\normal_00711.png
perceptual_duplicate,G:\Ai-CDD\data\raw\dataset\test\NORMAL\normal_00266.png,G:\Ai-CDD\data\raw\dataset\train\NORMAL\normal_00716.png
perceptual_duplicate,G:\Ai-CDD\data\raw\dataset\train\NORMAL\normal_00844.png,G:\Ai-CDD\data\raw\dataset\train\NORMAL\normal_00718.png
perceptual_duplicate,G:\Ai-CDD\data\raw\dataset\test\NORMAL\normal_00403.png,G:\Ai-CDD\data\raw\dataset\train\NORMAL\normal_00738.png
perceptual_duplicate,G:\Ai-CDD\data\raw\dataset\train\NORMAL\normal_01215.png,G:\Ai-CDD\data\raw\dataset\train\NORMAL\normal_00752.png
perceptual_duplicate,G:\Ai-CDD\data\raw\dataset\train\NORMAL\normal_02138.png,G:\Ai-CDD\data\raw\dataset\train\NORMAL\normal_00759.png
perceptual_duplicate,G:\Ai-CDD\data\raw\dataset\train\NORMAL\normal_01902.png,G:\Ai-CDD\data\raw\dataset\train\NORMAL\normal_00807.png
perceptual_duplicate,G:\Ai-CDD\data\raw\dataset\test\NORMAL\normal_00055.png,G:\Ai-CDD\data\raw\dataset\train\NORMAL\normal_00807.png
perceptual_duplicate,G:\Ai-CDD\data\raw\dataset\train\NORMAL\normal_00968.png,G:\Ai-CDD\data\raw\dataset\train\NORMAL\normal_00808.png
perceptual_duplicate,G:\Ai-CDD\data\raw\dataset\train\NORMAL\normal_01628.png,G:\Ai-CDD\data\raw\dataset\train\NORMAL\normal_00865.png
perceptual_duplicate,G:\Ai-CDD\data\raw\dataset\train\NORMAL\normal_02336.png,G:\Ai-CDD\data\raw\dataset\train\NORMAL\normal_00865.png
perceptual_duplicate,G:\Ai-CDD\data\raw\dataset\val\NORMAL\normal_00386.png,G:\Ai-CDD\data\raw\dataset\train\NORMAL\normal_00865.png
perceptual_duplicate,G:\Ai-CDD\data\raw\dataset\val\NORMAL\normal_00196.png,G:\Ai-CDD\data\raw\dataset\train\NORMAL\normal_00867.png
perceptual_duplicate,G:\Ai-CDD\data\raw\dataset\train\NORMAL\normal_02038.png,G:\Ai-CDD\data\raw\dataset\train\NORMAL\normal_00921.png
perceptual_duplicate,G:\Ai-CDD\data\raw\dataset\train\NORMAL\normal_02250.png,G:\Ai-CDD\data\raw\dataset\train\NORMAL\normal_00921.png
perceptual_duplicate,G:\Ai-CDD\data\raw\dataset\val\NORMAL\normal_00290.png,G:\Ai-CDD\data\raw\dataset\train\NORMAL\normal_00921.png
perceptual_duplicate,G:\Ai-CDD\data\raw\dataset\train\NORMAL\normal_02065.png,G:\Ai-CDD\data\raw\dataset\train\NORMAL\normal_00982.png
perceptual_duplicate,G:\Ai-CDD\data\raw\dataset\test\NORMAL\normal_00458.png,G:\Ai-CDD\data\raw\dataset\train\NORMAL\normal_00994.png
perceptual_duplicate,G:\Ai-CDD\data\raw\dataset\train\NORMAL\normal_01527.png,G:\Ai-CDD\data\raw\dataset\train\NORMAL\normal_01019.png
perceptual_duplicate,G:\Ai-CDD\data\raw\dataset\train\NORMAL\normal_01501.png,G:\Ai-CDD\data\raw\dataset\train\NORMAL\normal_01065.png
perceptual_duplicate,G:\Ai-CDD\data\raw\dataset\train\NORMAL\normal_01708.png,G:\Ai-CDD\data\raw\dataset\train\NORMAL\normal_01098.png
perceptual_duplicate,G:\Ai-CDD\data\raw\dataset\val\NORMAL\normal_00425.png,G:\Ai-CDD\data\raw\dataset\train\NORMAL\normal_01109.png
perceptual_duplicate,G:\Ai-CDD\data\raw\dataset\train\NORMAL\normal_01797.png,G:\Ai-CDD\data\raw\dataset\train\NORMAL\normal_01111.png
perceptual_duplicate,G:\Ai-CDD\data\raw\dataset\train\NORMAL\normal_02345.png,G:\Ai-CDD\data\raw\dataset\train\NORMAL\normal_01159.png
perceptual_duplicate,G:\Ai-CDD\data\raw\dataset\test\NORMAL\normal_00524.png,G:\Ai-CDD\data\raw\dataset\train\NORMAL\normal_01177.png
perceptual_duplicate,G:\Ai-CDD\data\raw\dataset\train\NORMAL\normal_01651.png,G:\Ai-CDD\data\raw\dataset\train\NORMAL\normal_01202.png
perceptual_duplicate,G:\Ai-CDD\data\raw\dataset\train\NORMAL\normal_01767.png,G:\Ai-CDD\data\raw\dataset\train\NORMAL\normal_01245.png
perceptual_duplicate,G:\Ai-CDD\data\raw\dataset\test\NORMAL\normal_00132.png,G:\Ai-CDD\data\raw\dataset\train\NORMAL\normal_01245.png
perceptual_duplicate,G:\Ai-CDD\data\raw\dataset\val\NORMAL\normal_00124.png,G:\Ai-CDD\data\raw\dataset\train\NORMAL\normal_01272.png
perceptual_duplicate,G:\Ai-CDD\data\raw\dataset\train\NORMAL\normal_02426.png,G:\Ai-CDD\data\raw\dataset\train\NORMAL\normal_01352.png
perceptual_duplicate,G:\Ai-CDD\data\raw\dataset\test\NORMAL\normal_00609.png,G:\Ai-CDD\data\raw\dataset\train\NORMAL\normal_01352.png
perceptual_duplicate,G:\Ai-CDD\data\raw\dataset\val\NORMAL\normal_00549.png,G:\Ai-CDD\data\raw\dataset\train\NORMAL\normal_01352.png
perceptual_duplicate,G:\Ai-CDD\data\raw\dataset\train\NORMAL\normal_02050.png,G:\Ai-CDD\data\raw\dataset\train\NORMAL\normal_01396.png
perceptual_duplicate,G:\Ai-CDD\data\raw\dataset\test\NORMAL\normal_00329.png,G:\Ai-CDD\data\raw\dataset\train\NORMAL\normal_01417.png
perceptual_duplicate,G:\Ai-CDD\data\raw\dataset\train\NORMAL\normal_02250.png,G:\Ai-CDD\data\raw\dataset\train\NORMAL\normal_01448.png
perceptual_duplicate,G:\Ai-CDD\data\raw\dataset\val\NORMAL\normal_00333.png,G:\Ai-CDD\data\raw\dataset\train\NORMAL\normal_01555.png
perceptual_duplicate,G:\Ai-CDD\data\raw\dataset\train\NORMAL\normal_02054.png,G:\Ai-CDD\data\raw\dataset\train\NORMAL\normal_01560.png
perceptual_duplicate,G:\Ai-CDD\data\raw\dataset\train\NORMAL\normal_02339.png,G:\Ai-CDD\data\raw\dataset\train\NORMAL\normal_01594.png
perceptual_duplicate,G:\Ai-CDD\data\raw\dataset\test\NORMAL\normal_00330.png,G:\Ai-CDD\data\raw\dataset\train\NORMAL\normal_01628.png
perceptual_duplicate,G:\Ai-CDD\data\raw\dataset\val\NORMAL\normal_00004.png,G:\Ai-CDD\data\raw\dataset\train\NORMAL\normal_01628.png
perceptual_duplicate,G:\Ai-CDD\data\raw\dataset\train\NORMAL\normal_02342.png,G:\Ai-CDD\data\raw\dataset\train\NORMAL\normal_01651.png
perceptual_duplicate,G:\Ai-CDD\data\raw\dataset\test\NORMAL\normal_00246.png,G:\Ai-CDD\data\raw\dataset\train\NORMAL\normal_01660.png
perceptual_duplicate,G:\Ai-CDD\data\raw\dataset\test\NORMAL\normal_00266.png,G:\Ai-CDD\data\raw\dataset\train\NORMAL\normal_01662.png
perceptual_duplicate,G:\Ai-CDD\data\raw\dataset\train\NORMAL\normal_02310.png,G:\Ai-CDD\data\raw\dataset\train\NORMAL\normal_01692.png
perceptual_duplicate,G:\Ai-CDD\data\raw\dataset\test\NORMAL\normal_00168.png,G:\Ai-CDD\data\raw\dataset\train\NORMAL\normal_01708.png
perceptual_duplicate,G:\Ai-CDD\data\raw\dataset\test\NORMAL\normal_00075.png,G:\Ai-CDD\data\raw\dataset\train\NORMAL\normal_01715.png
perceptual_duplicate,G:\Ai-CDD\data\raw\dataset\train\NORMAL\normal_02313.png,G:\Ai-CDD\data\raw\dataset\train\NORMAL\normal_01772.png
perceptual_duplicate,G:\Ai-CDD\data\raw\dataset\train\NORMAL\normal_01857.png,G:\Ai-CDD\data\raw\dataset\train\NORMAL\normal_01786.png
perceptual_duplicate,G:\Ai-CDD\data\raw\dataset\val\TUBERCULOSIS\tb_00011.png,G:\Ai-CDD\data\raw\dataset\train\NORMAL\normal_01801.png
perceptual_duplicate,G:\Ai-CDD\data\raw\dataset\train\TUBERCULOSIS\tb_00546.png,G:\Ai-CDD\data\raw\dataset\train\NORMAL\normal_01801.png
perceptual_duplicate,G:\Ai-CDD\data\raw\dataset\train\NORMAL\normal_02108.png,G:\Ai-CDD\data\raw\dataset\train\NORMAL\normal_01817.png
perceptual_duplicate,G:\Ai-CDD\data\raw\dataset\test\NORMAL\normal_00039.png,G:\Ai-CDD\data\raw\dataset\train\NORMAL\normal_01817.png
perceptual_duplicate,G:\Ai-CDD\data\raw\dataset\test\NORMAL\normal_00227.png,G:\Ai-CDD\data\raw\dataset\train\NORMAL\normal_01817.png
perceptual_duplicate,G:\Ai-CDD\data\raw\dataset\test\NORMAL\normal_00259.png,G:\Ai-CDD\data\raw\dataset\train\NORMAL\normal_01831.png
perceptual_duplicate,G:\Ai-CDD\data\raw\dataset\train\NORMAL\normal_02275.png,G:\Ai-CDD\data\raw\dataset\train\NORMAL\normal_01873.png
perceptual_duplicate,G:\Ai-CDD\data\raw\dataset\val\NORMAL\normal_00434.png,G:\Ai-CDD\data\raw\dataset\train\NORMAL\normal_01887.png
perceptual_duplicate,G:\Ai-CDD\data\raw\dataset\train\NORMAL\normal_03705.png,G:\Ai-CDD\data\raw\dataset\train\NORMAL\normal_01921.png
perceptual_duplicate,G:\Ai-CDD\data\raw\dataset\test\NORMAL\normal_01059.png,G:\Ai-CDD\data\raw\dataset\train\NORMAL\normal_01921.png
perceptual_duplicate,G:\Ai-CDD\data\raw\dataset\train\NORMAL\normal_02374.png,G:\Ai-CDD\data\raw\dataset\train\NORMAL\normal_01988.png
perceptual_duplicate,G:\Ai-CDD\data\raw\dataset\train\TUBERCULOSIS\tb_00501.png,G:\Ai-CDD\data\raw\dataset\val\TUBERCULOSIS\tb_00001.png
perceptual_duplicate,G:\Ai-CDD\data\raw\dataset\train\TUBERCULOSIS\tb_01965.png,G:\Ai-CDD\data\raw\dataset\val\TUBERCULOSIS\tb_00001.png
perceptual_duplicate,G:\Ai-CDD\data\raw\dataset\train\TUBERCULOSIS\tb_00502.png,G:\Ai-CDD\data\raw\dataset\val\TUBERCULOSIS\tb_00002.png
perceptual_duplicate,G:\Ai-CDD\data\raw\dataset\test\TUBERCULOSIS\tb_00421.png,G:\Ai-CDD\data\raw\dataset\val\TUBERCULOSIS\tb_00002.png
perceptual_duplicate,G:\Ai-CDD\data\raw\dataset\train\TUBERCULOSIS\tb_00504.png,G:\Ai-CDD\data\raw\dataset\val\TUBERCULOSIS\tb_00003.png
perceptual_duplicate,G:\Ai-CDD\data\raw\dataset\test\TUBERCULOSIS\tb_00422.png,G:\Ai-CDD\data\raw\dataset\val\TUBERCULOSIS\tb_00003.png
perceptual_duplicate,G:\Ai-CDD\data\raw\dataset\train\TUBERCULOSIS\tb_00507.png,G:\Ai-CDD\data\raw\dataset\val\TUBERCULOSIS\tb_00004.png
perceptual_duplicate,G:\Ai-CDD\data\raw\dataset\train\TUBERCULOSIS\tb_01967.png,G:\Ai-CDD\data\raw\dataset\val\TUBERCULOSIS\tb_00004.png
perceptual_duplicate,G:\Ai-CDD\data\raw\dataset\train\TUBERCULOSIS\tb_00512.png,G:\Ai-CDD\data\raw\dataset\val\TUBERCULOSIS\tb_00005.png
perceptual_duplicate,G:\Ai-CDD\data\raw\dataset\train\TUBERCULOSIS\tb_01971.png,G:\Ai-CDD\data\raw\dataset\val\TUBERCULOSIS\tb_00005.png
perceptual_duplicate,G:\Ai-CDD\data\raw\dataset\val\TUBERCULOSIS\tb_00387.png,G:\Ai-CDD\data\raw\dataset\val\TUBERCULOSIS\tb_00006.png
perceptual_duplicate,G:\Ai-CDD\data\raw\dataset\train\TUBERCULOSIS\tb_00518.png,G:\Ai-CDD\data\raw\dataset\val\TUBERCULOSIS\tb_00006.png
perceptual_duplicate,G:\Ai-CDD\data\raw\dataset\train\TUBERCULOSIS\tb_00520.png,G:\Ai-CDD\data\raw\dataset\val\TUBERCULOSIS\tb_00007.png
perceptual_duplicate,G:\Ai-CDD\data\raw\dataset\train\TUBERCULOSIS\tb_01974.png,G:\Ai-CDD\data\raw\dataset\val\TUBERCULOSIS\tb_00007.png
perceptual_duplicate,G:\Ai-CDD\data\raw\dataset\train\TUBERCULOSIS\tb_00530.png,G:\Ai-CDD\data\raw\dataset\val\TUBERCULOSIS\tb_00008.png
perceptual_duplicate,G:\Ai-CDD\data\raw\dataset\train\TUBERCULOSIS\tb_01978.png,G:\Ai-CDD\data\raw\dataset\val\TUBERCULOSIS\tb_00008.png
perceptual_duplicate,G:\Ai-CDD\data\raw\dataset\train\TUBERCULOSIS\tb_00542.png,G:\Ai-CDD\data\raw\dataset\val\TUBERCULOSIS\tb_00009.png
perceptual_duplicate,G:\Ai-CDD\data\raw\dataset\train\TUBERCULOSIS\tb_01987.png,G:\Ai-CDD\data\raw\dataset\val\TUBERCULOSIS\tb_00009.png
perceptual_duplicate,G:\Ai-CDD\data\raw\dataset\train\TUBERCULOSIS\tb_00545.png,G:\Ai-CDD\data\raw\dataset\val\TUBERCULOSIS\tb_00010.png
perceptual_duplicate,G:\Ai-CDD\data\raw\dataset\val\TUBERCULOSIS\tb_00496.png,G:\Ai-CDD\data\raw\dataset\val\TUBERCULOSIS\tb_00011.png
perceptual_duplicate,G:\Ai-CDD\data\raw\dataset\train\TUBERCULOSIS\tb_00398.png,G:\Ai-CDD\data\raw\dataset\val\TUBERCULOSIS\tb_00011.png
perceptual_duplicate,G:\Ai-CDD\data\raw\dataset\train\TUBERCULOSIS\tb_00546.png,G:\Ai-CDD\data\raw\dataset\val\TUBERCULOSIS\tb_00011.png
perceptual_duplicate,G:\Ai-CDD\data\raw\dataset\train\TUBERCULOSIS\tb_01068.png,G:\Ai-CDD\data\raw\dataset\val\TUBERCULOSIS\tb_00011.png
perceptual_duplicate,G:\Ai-CDD\data\raw\dataset\train\TUBERCULOSIS\tb_00549.png,G:\Ai-CDD\data\raw\dataset\val\TUBERCULOSIS\tb_00012.png
perceptual_duplicate,G:\Ai-CDD\data\raw\dataset\train\TUBERCULOSIS\tb_01991.png,G:\Ai-CDD\data\raw\dataset\val\TUBERCULOSIS\tb_00012.png
perceptual_duplicate,G:\Ai-CDD\data\raw\dataset\val\TUBERCULOSIS\tb_00393.png,G:\Ai-CDD\data\raw\dataset\val\TUBERCULOSIS\tb_00013.png
perceptual_duplicate,G:\Ai-CDD\data\raw\dataset\train\TUBERCULOSIS\tb_00551.png,G:\Ai-CDD\data\raw\dataset\val\TUBERCULOSIS\tb_00013.png
perceptual_duplicate,G:\Ai-CDD\data\raw\dataset\train\TUBERCULOSIS\tb_00555.png,G:\Ai-CDD\data\raw\dataset\val\TUBERCULOSIS\tb_00014.png
perceptual_duplicate,G:\Ai-CDD\data\raw\dataset\test\TUBERCULOSIS\tb_00434.png,G:\Ai-CDD\data\raw\dataset\val\TUBERCULOSIS\tb_00014.png
perceptual_duplicate,G:\Ai-CDD\data\raw\dataset\train\TUBERCULOSIS\tb_00557.png,G:\Ai-CDD\data\raw\dataset\val\TUBERCULOSIS\tb_00015.png
perceptual_duplicate,G:\Ai-CDD\data\raw\dataset\train\TUBERCULOSIS\tb_01994.png,G:\Ai-CDD\data\raw\dataset\val\TUBERCULOSIS\tb_00015.png
perceptual_duplicate,G:\Ai-CDD\data\raw\dataset\train\TUBERCULOSIS\tb_00559.png,G:\Ai-CDD\data\raw\dataset\val\TUBERCULOSIS\tb_00016.png
perceptual_duplicate,G:\Ai-CDD\data\raw\dataset\train\TUBERCULOSIS\tb_01995.png,G:\Ai-CDD\data\raw\dataset\val\TUBERCULOSIS\tb_00016.png
perceptual_duplicate,G:\Ai-CDD\data\raw\dataset\train\TUBERCULOSIS\tb_00564.png,G:\Ai-CDD\data\raw\dataset\val\TUBERCULOSIS\tb_00017.png
perceptual_duplicate,G:\Ai-CDD\data\raw\dataset\train\TUBERCULOSIS\tb_01997.png,G:\Ai-CDD\data\raw\dataset\val\TUBERCULOSIS\tb_00017.png
perceptual_duplicate,G:\Ai-CDD\data\raw\dataset\train\TUBERCULOSIS\tb_00568.png,G:\Ai-CDD\data\raw\dataset\val\TUBERCULOSIS\tb_00018.png
perceptual_duplicate,G:\Ai-CDD\data\raw\dataset\test\TUBERCULOSIS\tb_00436.png,G:\Ai-CDD\data\raw\dataset\val\TUBERCULOSIS\tb_00018.png
perceptual_duplicate,G:\Ai-CDD\data\raw\dataset\val\TUBERCULOSIS\tb_00397.png,G:\Ai-CDD\data\raw\dataset\val\TUBERCULOSIS\tb_00019.png
perceptual_duplicate,G:\Ai-CDD\data\raw\dataset\train\TUBERCULOSIS\tb_00570.png,G:\Ai-CDD\data\raw\dataset\val\TUBERCULOSIS\tb_00019.png
perceptual_duplicate,G:\Ai-CDD\data\raw\dataset\val\TUBERCULOSIS\tb_00399.png,G:\Ai-CDD\data\raw\dataset\val\TUBERCULOSIS\tb_00020.png
perceptual_duplicate,G:\Ai-CDD\data\raw\dataset\train\TUBERCULOSIS\tb_00575.png,G:\Ai-CDD\data\raw\dataset\val\TUBERCULOSIS\tb_00020.png
perceptual_duplicate,G:\Ai-CDD\data\raw\dataset\train\TUBERCULOSIS\tb_00605.png,G:\Ai-CDD\data\raw\dataset\val\TUBERCULOSIS\tb_00021.png
perceptual_duplicate,G:\Ai-CDD\data\raw\dataset\train\TUBERCULOSIS\tb_02017.png,G:\Ai-CDD\data\raw\dataset\val\TUBERCULOSIS\tb_00021.png
perceptual_duplicate,G:\Ai-CDD\data\raw\dataset\train\TUBERCULOSIS\tb_00606.png,G:\Ai-CDD\data\raw\dataset\val\TUBERCULOSIS\tb_00022.png
perceptual_duplicate,G:\Ai-CDD\data\raw\dataset\train\TUBERCULOSIS\tb_02018.png,G:\Ai-CDD\data\raw\dataset\val\TUBERCULOSIS\tb_00022.png
perceptual_duplicate,G:\Ai-CDD\data\raw\dataset\val\TUBERCULOSIS\tb_00407.png,G:\Ai-CDD\data\raw\dataset\val\TUBERCULOSIS\tb_00023.png
perceptual_duplicate,G:\Ai-CDD\data\raw\dataset\train\TUBERCULOSIS\tb_00608.png,G:\Ai-CDD\data\raw\dataset\val\TUBERCULOSIS\tb_00023.png
perceptual_duplicate,G:\Ai-CDD\data\raw\dataset\train\TUBERCULOSIS\tb_00610.png,G:\Ai-CDD\data\raw\dataset\val\TUBERCULOSIS\tb_00024.png
perceptual_duplicate,G:\Ai-CDD\data\raw\dataset\test\TUBERCULOSIS\tb_00447.png,G:\Ai-CDD\data\raw\dataset\val\TUBERCULOSIS\tb_00024.png
perceptual_duplicate,G:\Ai-CDD\data\raw\dataset\train\TUBERCULOSIS\tb_00612.png,G:\Ai-CDD\data\raw\dataset\val\TUBERCULOSIS\tb_00025.png
perceptual_duplicate,G:\Ai-CDD\data\raw\dataset\train\TUBERCULOSIS\tb_02020.png,G:\Ai-CDD\data\raw\dataset\val\TUBERCULOSIS\tb_00025.png
perceptual_duplicate,G:\Ai-CDD\data\raw\dataset\train\TUBERCULOSIS\tb_00619.png,G:\Ai-CDD\data\raw\dataset\val\TUBERCULOSIS\tb_00026.png
perceptual_duplicate,G:\Ai-CDD\data\raw\dataset\test\TUBERCULOSIS\tb_00449.png,G:\Ai-CDD\data\raw\dataset\val\TUBERCULOSIS\tb_00026.png
perceptual_duplicate,G:\Ai-CDD\data\raw\dataset\val\TUBERCULOSIS\tb_00410.png,G:\Ai-CDD\data\raw\dataset\val\TUBERCULOSIS\tb_00027.png
perceptual_duplicate,G:\Ai-CDD\data\raw\dataset\train\TUBERCULOSIS\tb_00620.png,G:\Ai-CDD\data\raw\dataset\val\TUBERCULOSIS\tb_00027.png
perceptual_duplicate,G:\Ai-CDD\data\raw\dataset\train\TUBERCULOSIS\tb_00646.png,G:\Ai-CDD\data\raw\dataset\val\TUBERCULOSIS\tb_00028.png
perceptual_duplicate,G:\Ai-CDD\data\raw\dataset\test\TUBERCULOSIS\tb_00455.png,G:\Ai-CDD\data\raw\dataset\val\TUBERCULOSIS\tb_00028.png
perceptual_duplicate,G:\Ai-CDD\data\raw\dataset\train\TUBERCULOSIS\tb_00649.png,G:\Ai-CDD\data\raw\dataset\val\TUBERCULOSIS\tb_00029.png
perceptual_duplicate,G:\Ai-CDD\data\raw\dataset\test\TUBERCULOSIS\tb_00456.png,G:\Ai-CDD\data\raw\dataset\val\TUBERCULOSIS\tb_00029.png
perceptual_duplicate,G:\Ai-CDD\data\raw\dataset\train\TUBERCULOSIS\tb_00657.png,G:\Ai-CDD\data\raw\dataset\val\TUBERCULOSIS\tb_00030.png
perceptual_duplicate,G:\Ai-CDD\data\raw\dataset\train\TUBERCULOSIS\tb_02045.png,G:\Ai-CDD\data\raw\dataset\val\TUBERCULOSIS\tb_00030.png
perceptual_duplicate,G:\Ai-CDD\data\raw\dataset\val\TUBERCULOSIS\tb_00418.png,G:\Ai-CDD\data\raw\dataset\val\TUBERCULOSIS\tb_00031.png
perceptual_duplicate,G:\Ai-CDD\data\raw\dataset\train\TUBERCULOSIS\tb_00660.png,G:\Ai-CDD\data\raw\dataset\val\TUBERCULOSIS\tb_00031.png
perceptual_duplicate,G:\Ai-CDD\data\raw\dataset\train\TUBERCULOSIS\tb_00666.png,G:\Ai-CDD\data\raw\dataset\val\TUBERCULOSIS\tb_00032.png
perceptual_duplicate,G:\Ai-CDD\data\raw\dataset\test\TUBERCULOSIS\tb_00459.png,G:\Ai-CDD\data\raw\dataset\val\TUBERCULOSIS\tb_00032.png
perceptual_duplicate,G:\Ai-CDD\data\raw\dataset\train\TUBERCULOSIS\tb_00669.png,G:\Ai-CDD\data\raw\dataset\val\TUBERCULOSIS\tb_00033.png
perceptual_duplicate,G:\Ai-CDD\data\raw\dataset\train\TUBERCULOSIS\tb_02052.png,G:\Ai-CDD\data\raw\dataset\val\TUBERCULOSIS\tb_00033.png
perceptual_duplicate,G:\Ai-CDD\data\raw\dataset\train\TUBERCULOSIS\tb_00674.png,G:\Ai-CDD\data\raw\dataset\val\TUBERCULOSIS\tb_00034.png
perceptual_duplicate,G:\Ai-CDD\data\raw\dataset\train\TUBERCULOSIS\tb_02056.png,G:\Ai-CDD\data\raw\dataset\val\TUBERCULOSIS\tb_00034.png
perceptual_duplicate,G:\Ai-CDD\data\raw\dataset\train\TUBERCULOSIS\tb_00678.png,G:\Ai-CDD\data\raw\dataset\val\TUBERCULOSIS\tb_00035.png
perceptual_duplicate,G:\Ai-CDD\data\raw\dataset\train\TUBERCULOSIS\tb_02059.png,G:\Ai-CDD\data\raw\dataset\val\TUBERCULOSIS\tb_00035.png
perceptual_duplicate,G:\Ai-CDD\data\raw\dataset\val\TUBERCULOSIS\tb_00428.png,G:\Ai-CDD\data\raw\dataset\val\TUBERCULOSIS\tb_00036.png
perceptual_duplicate,G:\Ai-CDD\data\raw\dataset\train\TUBERCULOSIS\tb_00698.png,G:\Ai-CDD\data\raw\dataset\val\TUBERCULOSIS\tb_00036.png
perceptual_duplicate,G:\Ai-CDD\data\raw\dataset\train\TUBERCULOSIS\tb_00710.png,G:\Ai-CDD\data\raw\dataset\val\TUBERCULOSIS\tb_00037.png
perceptual_duplicate,G:\Ai-CDD\data\raw\dataset\train\TUBERCULOSIS\tb_02074.png,G:\Ai-CDD\data\raw\dataset\val\TUBERCULOSIS\tb_00037.png
perceptual_duplicate,G:\Ai-CDD\data\raw\dataset\train\TUBERCULOSIS\tb_00734.png,G:\Ai-CDD\data\raw\dataset\val\TUBERCULOSIS\tb_00038.png
perceptual_duplicate,G:\Ai-CDD\data\raw\dataset\train\TUBERCULOSIS\tb_02089.png,G:\Ai-CDD\data\raw\dataset\val\TUBERCULOSIS\tb_00038.png
perceptual_duplicate,G:\Ai-CDD\data\raw\dataset\train\TUBERCULOSIS\tb_00735.png,G:\Ai-CDD\data\raw\dataset\val\TUBERCULOSIS\tb_00039.png
perceptual_duplicate,G:\Ai-CDD\data\raw\dataset\train\TUBERCULOSIS\tb_02090.png,G:\Ai-CDD\data\raw\dataset\val\TUBERCULOSIS\tb_00039.png
perceptual_duplicate,G:\Ai-CDD\data\raw\dataset\train\TUBERCULOSIS\tb_00736.png,G:\Ai-CDD\data\raw\dataset\val\TUBERCULOSIS\tb_00040.png
perceptual_duplicate,G:\Ai-CDD\data\raw\dataset\train\TUBERCULOSIS\tb_02091.png,G:\Ai-CDD\data\raw\dataset\val\TUBERCULOSIS\tb_00040.png
perceptual_duplicate,G:\Ai-CDD\data\raw\dataset\train\TUBERCULOSIS\tb_00740.png,G:\Ai-CDD\data\raw\dataset\val\TUBERCULOSIS\tb_00041.png
perceptual_duplicate,G:\Ai-CDD\data\raw\dataset\train\TUBERCULOSIS\tb_02095.png,G:\Ai-CDD\data\raw\dataset\val\TUBERCULOSIS\tb_00041.png
perceptual_duplicate,G:\Ai-CDD\data\raw\dataset\train\TUBERCULOSIS\tb_00745.png,G:\Ai-CDD\data\raw\dataset\val\TUBERCULOSIS\tb_00042.png
perceptual_duplicate,G:\Ai-CDD\data\raw\dataset\train\TUBERCULOSIS\tb_02099.png,G:\Ai-CDD\data\raw\dataset\val\TUBERCULOSIS\tb_00042.png
perceptual_duplicate,G:\Ai-CDD\data\raw\dataset\train\TUBERCULOSIS\tb_00750.png,G:\Ai-CDD\data\raw\dataset\val\TUBERCULOSIS\tb_00043.png
perceptual_duplicate,G:\Ai-CDD\data\raw\dataset\train\TUBERCULOSIS\tb_02100.png,G:\Ai-CDD\data\raw\dataset\val\TUBERCULOSIS\tb_00043.png
perceptual_duplicate,G:\Ai-CDD\data\raw\dataset\val\TUBERCULOSIS\tb_00439.png,G:\Ai-CDD\data\raw\dataset\val\TUBERCULOSIS\tb_00044.png
perceptual_duplicate,G:\Ai-CDD\data\raw\dataset\train\TUBERCULOSIS\tb_00751.png,G:\Ai-CDD\data\raw\dataset\val\TUBERCULOSIS\tb_00044.png
perceptual_duplicate,G:\Ai-CDD\data\raw\dataset\train\TUBERCULOSIS\tb_00755.png,G:\Ai-CDD\data\raw\dataset\val\TUBERCULOSIS\tb_00045.png
perceptual_duplicate,G:\Ai-CDD\data\raw\dataset\train\TUBERCULOSIS\tb_02104.png,G:\Ai-CDD\data\raw\dataset\val\TUBERCULOSIS\tb_00045.png
perceptual_duplicate,G:\Ai-CDD\data\raw\dataset\train\TUBERCULOSIS\tb_00758.png,G:\Ai-CDD\data\raw\dataset\val\TUBERCULOSIS\tb_00046.png
perceptual_duplicate,G:\Ai-CDD\data\raw\dataset\train\TUBERCULOSIS\tb_02106.png,G:\Ai-CDD\data\raw\dataset\val\TUBERCULOSIS\tb_00046.png
perceptual_duplicate,G:\Ai-CDD\data\raw\dataset\train\TUBERCULOSIS\tb_00759.png,G:\Ai-CDD\data\raw\dataset\val\TUBERCULOSIS\tb_00047.png
perceptual_duplicate,G:\Ai-CDD\data\raw\dataset\test\TUBERCULOSIS\tb_00476.png,G:\Ai-CDD\data\raw\dataset\val\TUBERCULOSIS\tb_00047.png
perceptual_duplicate,G:\Ai-CDD\data\raw\dataset\train\TUBERCULOSIS\tb_00765.png,G:\Ai-CDD\data\raw\dataset\val\TUBERCULOSIS\tb_00048.png
perceptual_duplicate,G:\Ai-CDD\data\raw\dataset\test\TUBERCULOSIS\tb_00479.png,G:\Ai-CDD\data\raw\dataset\val\TUBERCULOSIS\tb_00048.png
perceptual_duplicate,G:\Ai-CDD\data\raw\dataset\train\TUBERCULOSIS\tb_00768.png,G:\Ai-CDD\data\raw\dataset\val\TUBERCULOSIS\tb_00049.png
perceptual_duplicate,G:\Ai-CDD\data\raw\dataset\train\TUBERCULOSIS\tb_02109.png,G:\Ai-CDD\data\raw\dataset\val\TUBERCULOSIS\tb_00049.png
perceptual_duplicate,G:\Ai-CDD\data\raw\dataset\train\TUBERCULOSIS\tb_00774.png,G:\Ai-CDD\data\raw\dataset\val\TUBERCULOSIS\tb_00050.png
perceptual_duplicate,G:\Ai-CDD\data\raw\dataset\train\TUBERCULOSIS\tb_02112.png,G:\Ai-CDD\data\raw\dataset\val\TUBERCULOSIS\tb_00050.png
perceptual_duplicate,G:\Ai-CDD\data\raw\dataset\train\TUBERCULOSIS\tb_00780.png,G:\Ai-CDD\data\raw\dataset\val\TUBERCULOSIS\tb_00051.png
perceptual_duplicate,G:\Ai-CDD\data\raw\dataset\train\TUBERCULOSIS\tb_02115.png,G:\Ai-CDD\data\raw\dataset\val\TUBERCULOSIS\tb_00051.png
perceptual_duplicate,G:\Ai-CDD\data\raw\dataset\train\TUBERCULOSIS\tb_00783.png,G:\Ai-CDD\data\raw\dataset\val\TUBERCULOSIS\tb_00052.png
perceptual_duplicate,G:\Ai-CDD\data\raw\dataset\train\TUBERCULOSIS\tb_02116.png,G:\Ai-CDD\data\raw\dataset\val\TUBERCULOSIS\tb_00052.png
perceptual_duplicate,G:\Ai-CDD\data\raw\dataset\train\TUBERCULOSIS\tb_00792.png,G:\Ai-CDD\data\raw\dataset\val\TUBERCULOSIS\tb_00053.png
perceptual_duplicate,G:\Ai-CDD\data\raw\dataset\test\TUBERCULOSIS\tb_00490.png,G:\Ai-CDD\data\raw\dataset\val\TUBERCULOSIS\tb_00053.png
perceptual_duplicate,G:\Ai-CDD\data\raw\dataset\train\TUBERCULOSIS\tb_00806.png,G:\Ai-CDD\data\raw\dataset\val\TUBERCULOSIS\tb_00054.png
perceptual_duplicate,G:\Ai-CDD\data\raw\dataset\train\TUBERCULOSIS\tb_02127.png,G:\Ai-CDD\data\raw\dataset\val\TUBERCULOSIS\tb_00054.png
perceptual_duplicate,G:\Ai-CDD\data\raw\dataset\train\TUBERCULOSIS\tb_00807.png,G:\Ai-CDD\data\raw\dataset\val\TUBERCULOSIS\tb_00055.png
perceptual_duplicate,G:\Ai-CDD\data\raw\dataset\train\TUBERCULOSIS\tb_02128.png,G:\Ai-CDD\data\raw\dataset\val\TUBERCULOSIS\tb_00055.png
perceptual_duplicate,G:\Ai-CDD\data\raw\dataset\val\TUBERCULOSIS\tb_00449.png,G:\Ai-CDD\data\raw\dataset\val\TUBERCULOSIS\tb_00056.png
perceptual_duplicate,G:\Ai-CDD\data\raw\dataset\train\TUBERCULOSIS\tb_00814.png,G:\Ai-CDD\data\raw\dataset\val\TUBERCULOSIS\tb_00056.png
perceptual_duplicate,G:\Ai-CDD\data\raw\dataset\train\TUBERCULOSIS\tb_00824.png,G:\Ai-CDD\data\raw\dataset\val\TUBERCULOSIS\tb_00057.png
perceptual_duplicate,G:\Ai-CDD\data\raw\dataset\test\TUBERCULOSIS\tb_00493.png,G:\Ai-CDD\data\raw\dataset\val\TUBERCULOSIS\tb_00057.png
perceptual_duplicate,G:\Ai-CDD\data\raw\dataset\train\TUBERCULOSIS\tb_00833.png,G:\Ai-CDD\data\raw\dataset\val\TUBERCULOSIS\tb_00058.png
perceptual_duplicate,G:\Ai-CDD\data\raw\dataset\train\TUBERCULOSIS\tb_02144.png,G:\Ai-CDD\data\raw\dataset\val\TUBERCULOSIS\tb_00058.png
perceptual_duplicate,G:\Ai-CDD\data\raw\dataset\train\TUBERCULOSIS\tb_00845.png,G:\Ai-CDD\data\raw\dataset\val\TUBERCULOSIS\tb_00059.png
perceptual_duplicate,G:\Ai-CDD\data\raw\dataset\train\TUBERCULOSIS\tb_02152.png,G:\Ai-CDD\data\raw\dataset\val\TUBERCULOSIS\tb_00059.png
perceptual_duplicate,G:\Ai-CDD\data\raw\dataset\train\TUBERCULOSIS\tb_00860.png,G:\Ai-CDD\data\raw\dataset\val\TUBERCULOSIS\tb_00060.png
perceptual_duplicate,G:\Ai-CDD\data\raw\dataset\train\TUBERCULOSIS\tb_02163.png,G:\Ai-CDD\data\raw\dataset\val\TUBERCULOSIS\tb_00060.png
perceptual_duplicate,G:\Ai-CDD\data\raw\dataset\train\TUBERCULOSIS\tb_00864.png,G:\Ai-CDD\data\raw\dataset\val\TUBERCULOSIS\tb_00061.png
perceptual_duplicate,G:\Ai-CDD\data\raw\dataset\train\TUBERCULOSIS\tb_02166.png,G:\Ai-CDD\data\raw\dataset\val\TUBERCULOSIS\tb_00061.png
perceptual_duplicate,G:\Ai-CDD\data\raw\dataset\train\TUBERCULOSIS\tb_00869.png,G:\Ai-CDD\data\raw\dataset\val\TUBERCULOSIS\tb_00062.png
perceptual_duplicate,G:\Ai-CDD\data\raw\dataset\train\TUBERCULOSIS\tb_02169.png,G:\Ai-CDD\data\raw\dataset\val\TUBERCULOSIS\tb_00062.png
perceptual_duplicate,G:\Ai-CDD\data\raw\dataset\val\TUBERCULOSIS\tb_00462.png,G:\Ai-CDD\data\raw\dataset\val\TUBERCULOSIS\tb_00063.png
perceptual_duplicate,G:\Ai-CDD\data\raw\dataset\train\TUBERCULOSIS\tb_00885.png,G:\Ai-CDD\data\raw\dataset\val\TUBERCULOSIS\tb_00063.png
perceptual_duplicate,G:\Ai-CDD\data\raw\dataset\train\TUBERCULOSIS\tb_00886.png,G:\Ai-CDD\data\raw\dataset\val\TUBERCULOSIS\tb_00064.png
perceptual_duplicate,G:\Ai-CDD\data\raw\dataset\test\TUBERCULOSIS\tb_00502.png,G:\Ai-CDD\data\raw\dataset\val\TUBERCULOSIS\tb_00064.png
perceptual_duplicate,G:\Ai-CDD\data\raw\dataset\train\TUBERCULOSIS\tb_00890.png,G:\Ai-CDD\data\raw\dataset\val\TUBERCULOSIS\tb_00065.png
perceptual_duplicate,G:\Ai-CDD\data\raw\dataset\train\TUBERCULOSIS\tb_02180.png,G:\Ai-CDD\data\raw\dataset\val\TUBERCULOSIS\tb_00065.png
perceptual_duplicate,G:\Ai-CDD\data\raw\dataset\val\TUBERCULOSIS\tb_00465.png,G:\Ai-CDD\data\raw\dataset\val\TUBERCULOSIS\tb_00066.png
perceptual_duplicate,G:\Ai-CDD\data\raw\dataset\train\TUBERCULOSIS\tb_00274.png,G:\Ai-CDD\data\raw\dataset\val\TUBERCULOSIS\tb_00066.png
perceptual_duplicate,G:\Ai-CDD\data\raw\dataset\train\TUBERCULOSIS\tb_00896.png,G:\Ai-CDD\data\raw\dataset\val\TUBERCULOSIS\tb_00066.png
perceptual_duplicate,G:\Ai-CDD\data\raw\dataset\train\TUBERCULOSIS\tb_00897.png,G:\Ai-CDD\data\raw\dataset\val\TUBERCULOSIS\tb_00066.png
perceptual_duplicate,G:\Ai-CDD\data\raw\dataset\train\TUBERCULOSIS\tb_02183.png,G:\Ai-CDD\data\raw\dataset\val\TUBERCULOSIS\tb_00066.png
perceptual_duplicate,G:\Ai-CDD\data\raw\dataset\train\TUBERCULOSIS\tb_00901.png,G:\Ai-CDD\data\raw\dataset\val\TUBERCULOSIS\tb_00067.png
perceptual_duplicate,G:\Ai-CDD\data\raw\dataset\train\TUBERCULOSIS\tb_02184.png,G:\Ai-CDD\data\raw\dataset\val\TUBERCULOSIS\tb_00067.png
perceptual_duplicate,G:\Ai-CDD\data\raw\dataset\train\TUBERCULOSIS\tb_00915.png,G:\Ai-CDD\data\raw\dataset\val\TUBERCULOSIS\tb_00068.png
perceptual_duplicate,G:\Ai-CDD\data\raw\dataset\train\TUBERCULOSIS\tb_02193.png,G:\Ai-CDD\data\raw\dataset\val\TUBERCULOSIS\tb_00068.png
perceptual_duplicate,G:\Ai-CDD\data\raw\dataset\val\TUBERCULOSIS\tb_00468.png,G:\Ai-CDD\data\raw\dataset\val\TUBERCULOSIS\tb_00069.png
perceptual_duplicate,G:\Ai-CDD\data\raw\dataset\train\TUBERCULOSIS\tb_00920.png,G:\Ai-CDD\data\raw\dataset\val\TUBERCULOSIS\tb_00069.png
perceptual_duplicate,G:\Ai-CDD\data\raw\dataset\train\TUBERCULOSIS\tb_00923.png,G:\Ai-CDD\data\raw\dataset\val\TUBERCULOSIS\tb_00070.png
perceptual_duplicate,G:\Ai-CDD\data\raw\dataset\train\TUBERCULOSIS\tb_02198.png,G:\Ai-CDD\data\raw\dataset\val\TUBERCULOSIS\tb_00070.png
perceptual_duplicate,G:\Ai-CDD\data\raw\dataset\train\TUBERCULOSIS\tb_00934.png,G:\Ai-CDD\data\raw\dataset\val\TUBERCULOSIS\tb_00071.png
perceptual_duplicate,G:\Ai-CDD\data\raw\dataset\train\TUBERCULOSIS\tb_02205.png,G:\Ai-CDD\data\raw\dataset\val\TUBERCULOSIS\tb_00071.png
perceptual_duplicate,G:\Ai-CDD\data\raw\dataset\train\TUBERCULOSIS\tb_00937.png,G:\Ai-CDD\data\raw\dataset\val\TUBERCULOSIS\tb_00072.png
perceptual_duplicate,G:\Ai-CDD\data\raw\dataset\train\TUBERCULOSIS\tb_02207.png,G:\Ai-CDD\data\raw\dataset\val\TUBERCULOSIS\tb_00072.png
perceptual_duplicate,G:\Ai-CDD\data\raw\dataset\train\TUBERCULOSIS\tb_00945.png,G:\Ai-CDD\data\raw\dataset\val\TUBERCULOSIS\tb_00073.png
perceptual_duplicate,G:\Ai-CDD\data\raw\dataset\train\TUBERCULOSIS\tb_00947.png,G:\Ai-CDD\data\raw\dataset\val\TUBERCULOSIS\tb_00073.png
perceptual_duplicate,G:\Ai-CDD\data\raw\dataset\train\TUBERCULOSIS\tb_02213.png,G:\Ai-CDD\data\raw\dataset\val\TUBERCULOSIS\tb_00073.png
perceptual_duplicate,G:\Ai-CDD\data\raw\dataset\test\TUBERCULOSIS\tb_00076.png,G:\Ai-CDD\data\raw\dataset\val\TUBERCULOSIS\tb_00073.png
perceptual_duplicate,G:\Ai-CDD\data\raw\dataset\train\TUBERCULOSIS\tb_00954.png,G:\Ai-CDD\data\raw\dataset\val\TUBERCULOSIS\tb_00074.png
perceptual_duplicate,G:\Ai-CDD\data\raw\dataset\train\TUBERCULOSIS\tb_02216.png,G:\Ai-CDD\data\raw\dataset\val\TUBERCULOSIS\tb_00074.png
perceptual_duplicate,G:\Ai-CDD\data\raw\dataset\val\TUBERCULOSIS\tb_00476.png,G:\Ai-CDD\data\raw\dataset\val\TUBERCULOSIS\tb_00075.png
perceptual_duplicate,G:\Ai-CDD\data\raw\dataset\train\TUBERCULOSIS\tb_00956.png,G:\Ai-CDD\data\raw\dataset\val\TUBERCULOSIS\tb_00075.png
perceptual_duplicate,G:\Ai-CDD\data\raw\dataset\train\TUBERCULOSIS\tb_00972.png,G:\Ai-CDD\data\raw\dataset\val\TUBERCULOSIS\tb_00076.png
perceptual_duplicate,G:\Ai-CDD\data\raw\dataset\test\TUBERCULOSIS\tb_00518.png,G:\Ai-CDD\data\raw\dataset\val\TUBERCULOSIS\tb_00076.png
perceptual_duplicate,G:\Ai-CDD\data\raw\dataset\train\TUBERCULOSIS\tb_00996.png,G:\Ai-CDD\data\raw\dataset\val\TUBERCULOSIS\tb_00077.png
perceptual_duplicate,G:\Ai-CDD\data\raw\dataset\test\TUBERCULOSIS\tb_00522.png,G:\Ai-CDD\data\raw\dataset\val\TUBERCULOSIS\tb_00077.png
perceptual_duplicate,G:\Ai-CDD\data\raw\dataset\train\TUBERCULOSIS\tb_00998.png,G:\Ai-CDD\data\raw\dataset\val\TUBERCULOSIS\tb_00078.png
perceptual_duplicate,G:\Ai-CDD\data\raw\dataset\test\TUBERCULOSIS\tb_00523.png,G:\Ai-CDD\data\raw\dataset\val\TUBERCULOSIS\tb_00078.png
perceptual_duplicate,G:\Ai-CDD\data\raw\dataset\val\TUBERCULOSIS\tb_00484.png,G:\Ai-CDD\data\raw\dataset\val\TUBERCULOSIS\tb_00079.png
perceptual_duplicate,G:\Ai-CDD\data\raw\dataset\train\TUBERCULOSIS\tb_01001.png,G:\Ai-CDD\data\raw\dataset\val\TUBERCULOSIS\tb_00079.png
perceptual_duplicate,G:\Ai-CDD\data\raw\dataset\train\TUBERCULOSIS\tb_01003.png,G:\Ai-CDD\data\raw\dataset\val\TUBERCULOSIS\tb_00080.png
perceptual_duplicate,G:\Ai-CDD\data\raw\dataset\test\TUBERCULOSIS\tb_00525.png,G:\Ai-CDD\data\raw\dataset\val\TUBERCULOSIS\tb_00080.png
perceptual_duplicate,G:\Ai-CDD\data\raw\dataset\train\TUBERCULOSIS\tb_01007.png,G:\Ai-CDD\data\raw\dataset\val\TUBERCULOSIS\tb_00081.png
perceptual_duplicate,G:\Ai-CDD\data\raw\dataset\train\TUBERCULOSIS\tb_02248.png,G:\Ai-CDD\data\raw\dataset\val\TUBERCULOSIS\tb_00081.png
perceptual_duplicate,G:\Ai-CDD\data\raw\dataset\train\TUBERCULOSIS\tb_01008.png,G:\Ai-CDD\data\raw\dataset\val\TUBERCULOSIS\tb_00082.png
perceptual_duplicate,G:\Ai-CDD\data\raw\dataset\train\TUBERCULOSIS\tb_02249.png,G:\Ai-CDD\data\raw\dataset\val\TUBERCULOSIS\tb_00082.png
perceptual_duplicate,G:\Ai-CDD\data\raw\dataset\val\TUBERCULOSIS\tb_00486.png,G:\Ai-CDD\data\raw\dataset\val\TUBERCULOSIS\tb_00083.png
perceptual_duplicate,G:\Ai-CDD\data\raw\dataset\train\TUBERCULOSIS\tb_01013.png,G:\Ai-CDD\data\raw\dataset\val\TUBERCULOSIS\tb_00083.png
perceptual_duplicate,G:\Ai-CDD\data\raw\dataset\train\TUBERCULOSIS\tb_01017.png,G:\Ai-CDD\data\raw\dataset\val\TUBERCULOSIS\tb_00084.png
perceptual_duplicate,G:\Ai-CDD\data\raw\dataset\test\TUBERCULOSIS\tb_00527.png,G:\Ai-CDD\data\raw\dataset\val\TUBERCULOSIS\tb_00084.png
perceptual_duplicate,G:\Ai-CDD\data\raw\dataset\val\TUBERCULOSIS\tb_00489.png,G:\Ai-CDD\data\raw\dataset\val\TUBERCULOSIS\tb_00085.png
perceptual_duplicate,G:\Ai-CDD\data\raw\dataset\train\TUBERCULOSIS\tb_01030.png,G:\Ai-CDD\data\raw\dataset\val\TUBERCULOSIS\tb_00085.png
perceptual_duplicate,G:\Ai-CDD\data\raw\dataset\train\TUBERCULOSIS\tb_01031.png,G:\Ai-CDD\data\raw\dataset\val\TUBERCULOSIS\tb_00086.png
perceptual_duplicate,G:\Ai-CDD\data\raw\dataset\test\TUBERCULOSIS\tb_00531.png,G:\Ai-CDD\data\raw\dataset\val\TUBERCULOSIS\tb_00086.png
perceptual_duplicate,G:\Ai-CDD\data\raw\dataset\val\TUBERCULOSIS\tb_00490.png,G:\Ai-CDD\data\raw\dataset\val\TUBERCULOSIS\tb_00087.png
perceptual_duplicate,G:\Ai-CDD\data\raw\dataset\train\TUBERCULOSIS\tb_01039.png,G:\Ai-CDD\data\raw\dataset\val\TUBERCULOSIS\tb_00087.png
perceptual_duplicate,G:\Ai-CDD\data\raw\dataset\train\TUBERCULOSIS\tb_01040.png,G:\Ai-CDD\data\raw\dataset\val\TUBERCULOSIS\tb_00088.png
perceptual_duplicate,G:\Ai-CDD\data\raw\dataset\train\TUBERCULOSIS\tb_02266.png,G:\Ai-CDD\data\raw\dataset\val\TUBERCULOSIS\tb_00088.png
perceptual_duplicate,G:\Ai-CDD\data\raw\dataset\train\TUBERCULOSIS\tb_01041.png,G:\Ai-CDD\data\raw\dataset\val\TUBERCULOSIS\tb_00089.png
perceptual_duplicate,G:\Ai-CDD\data\raw\dataset\test\TUBERCULOSIS\tb_00535.png,G:\Ai-CDD\data\raw\dataset\val\TUBERCULOSIS\tb_00089.png
perceptual_duplicate,G:\Ai-CDD\data\raw\dataset\train\TUBERCULOSIS\tb_01042.png,G:\Ai-CDD\data\raw\dataset\val\TUBERCULOSIS\tb_00090.png
perceptual_duplicate,G:\Ai-CDD\data\raw\dataset\train\TUBERCULOSIS\tb_02267.png,G:\Ai-CDD\data\raw\dataset\val\TUBERCULOSIS\tb_00090.png
perceptual_duplicate,G:\Ai-CDD\data\raw\dataset\train\TUBERCULOSIS\tb_01043.png,G:\Ai-CDD\data\raw\dataset\val\TUBERCULOSIS\tb_00091.png
perceptual_duplicate,G:\Ai-CDD\data\raw\dataset\train\TUBERCULOSIS\tb_02268.png,G:\Ai-CDD\data\raw\dataset\val\TUBERCULOSIS\tb_00091.png
perceptual_duplicate,G:\Ai-CDD\data\raw\dataset\train\TUBERCULOSIS\tb_01049.png,G:\Ai-CDD\data\raw\dataset\val\TUBERCULOSIS\tb_00092.png
perceptual_duplicate,G:\Ai-CDD\data\raw\dataset\test\TUBERCULOSIS\tb_00536.png,G:\Ai-CDD\data\raw\dataset\val\TUBERCULOSIS\tb_00092.png
perceptual_duplicate,G:\Ai-CDD\data\raw\dataset\train\TUBERCULOSIS\tb_01053.png,G:\Ai-CDD\data\raw\dataset\val\TUBERCULOSIS\tb_00093.png
perceptual_duplicate,G:\Ai-CDD\data\raw\dataset\train\TUBERCULOSIS\tb_02274.png,G:\Ai-CDD\data\raw\dataset\val\TUBERCULOSIS\tb_00093.png
perceptual_duplicate,G:\Ai-CDD\data\raw\dataset\train\TUBERCULOSIS\tb_01073.png,G:\Ai-CDD\data\raw\dataset\val\TUBERCULOSIS\tb_00094.png
perceptual_duplicate,G:\Ai-CDD\data\raw\dataset\train\TUBERCULOSIS\tb_02286.png,G:\Ai-CDD\data\raw\dataset\val\TUBERCULOSIS\tb_00094.png
perceptual_duplicate,G:\Ai-CDD\data\raw\dataset\train\TUBERCULOSIS\tb_01079.png,G:\Ai-CDD\data\raw\dataset\val\TUBERCULOSIS\tb_00095.png
perceptual_duplicate,G:\Ai-CDD\data\raw\dataset\train\TUBERCULOSIS\tb_02291.png,G:\Ai-CDD\data\raw\dataset\val\TUBERCULOSIS\tb_00095.png
perceptual_duplicate,G:\Ai-CDD\data\raw\dataset\train\TUBERCULOSIS\tb_01099.png,G:\Ai-CDD\data\raw\dataset\val\TUBERCULOSIS\tb_00096.png
perceptual_duplicate,G:\Ai-CDD\data\raw\dataset\train\TUBERCULOSIS\tb_02306.png,G:\Ai-CDD\data\raw\dataset\val\TUBERCULOSIS\tb_00096.png
perceptual_duplicate,G:\Ai-CDD\data\raw\dataset\val\TUBERCULOSIS\tb_00112.png,G:\Ai-CDD\data\raw\dataset\val\TUBERCULOSIS\tb_00097.png
perceptual_duplicate,G:\Ai-CDD\data\raw\dataset\val\TUBERCULOSIS\tb_00501.png,G:\Ai-CDD\data\raw\dataset\val\TUBERCULOSIS\tb_00097.png
perceptual_duplicate,G:\Ai-CDD\data\raw\dataset\train\TUBERCULOSIS\tb_01104.png,G:\Ai-CDD\data\raw\dataset\val\TUBERCULOSIS\tb_00098.png
perceptual_duplicate,G:\Ai-CDD\data\raw\dataset\train\TUBERCULOSIS\tb_02321.png,G:\Ai-CDD\data\raw\dataset\val\TUBERCULOSIS\tb_00098.png
perceptual_duplicate,G:\Ai-CDD\data\raw\dataset\val\TUBERCULOSIS\tb_00507.png,G:\Ai-CDD\data\raw\dataset\val\TUBERCULOSIS\tb_00099.png
perceptual_duplicate,G:\Ai-CDD\data\raw\dataset\test\TUBERCULOSIS\tb_00125.png,G:\Ai-CDD\data\raw\dataset\val\TUBERCULOSIS\tb_00099.png
perceptual_duplicate,G:\Ai-CDD\data\raw\dataset\train\TUBERCULOSIS\tb_01105.png,G:\Ai-CDD\data\raw\dataset\val\TUBERCULOSIS\tb_00100.png
perceptual_duplicate,G:\Ai-CDD\data\raw\dataset\train\TUBERCULOSIS\tb_02330.png,G:\Ai-CDD\data\raw\dataset\val\TUBERCULOSIS\tb_00100.png
perceptual_duplicate,G:\Ai-CDD\data\raw\dataset\val\TUBERCULOSIS\tb_00510.png,G:\Ai-CDD\data\raw\dataset\val\TUBERCULOSIS\tb_00101.png
perceptual_duplicate,G:\Ai-CDD\data\raw\dataset\test\TUBERCULOSIS\tb_00139.png,G:\Ai-CDD\data\raw\dataset\val\TUBERCULOSIS\tb_00101.png
perceptual_duplicate,G:\Ai-CDD\data\raw\dataset\train\TUBERCULOSIS\tb_01109.png,G:\Ai-CDD\data\raw\dataset\val\TUBERCULOSIS\tb_00102.png
perceptual_duplicate,G:\Ai-CDD\data\raw\dataset\test\TUBERCULOSIS\tb_00551.png,G:\Ai-CDD\data\raw\dataset\val\TUBERCULOSIS\tb_00102.png
perceptual_duplicate,G:\Ai-CDD\data\raw\dataset\val\TUBERCULOSIS\tb_00514.png,G:\Ai-CDD\data\raw\dataset\val\TUBERCULOSIS\tb_00103.png
perceptual_duplicate,G:\Ai-CDD\data\raw\dataset\train\TUBERCULOSIS\tb_01112.png,G:\Ai-CDD\data\raw\dataset\val\TUBERCULOSIS\tb_00103.png
perceptual_duplicate,G:\Ai-CDD\data\raw\dataset\train\TUBERCULOSIS\tb_01113.png,G:\Ai-CDD\data\raw\dataset\val\TUBERCULOSIS\tb_00104.png
perceptual_duplicate,G:\Ai-CDD\data\raw\dataset\train\TUBERCULOSIS\tb_02346.png,G:\Ai-CDD\data\raw\dataset\val\TUBERCULOSIS\tb_00104.png
perceptual_duplicate,G:\Ai-CDD\data\raw\dataset\train\TUBERCULOSIS\tb_01139.png,G:\Ai-CDD\data\raw\dataset\val\TUBERCULOSIS\tb_00105.png
perceptual_duplicate,G:\Ai-CDD\data\raw\dataset\val\TUBERCULOSIS\tb_00111.png,G:\Ai-CDD\data\raw\dataset\val\TUBERCULOSIS\tb_00106.png
perceptual_duplicate,G:\Ai-CDD\data\raw\dataset\val\TUBERCULOSIS\tb_00383.png,G:\Ai-CDD\data\raw\dataset\val\TUBERCULOSIS\tb_00106.png
perceptual_duplicate,G:\Ai-CDD\data\raw\dataset\train\TUBERCULOSIS\tb_00490.png,G:\Ai-CDD\data\raw\dataset\val\TUBERCULOSIS\tb_00106.png
perceptual_duplicate,G:\Ai-CDD\data\raw\dataset\test\TUBERCULOSIS\tb_00001.png,G:\Ai-CDD\data\raw\dataset\val\TUBERCULOSIS\tb_00106.png
perceptual_duplicate,G:\Ai-CDD\data\raw\dataset\val\TUBERCULOSIS\tb_00113.png,G:\Ai-CDD\data\raw\dataset\val\TUBERCULOSIS\tb_00107.png
perceptual_duplicate,G:\Ai-CDD\data\raw\dataset\val\TUBERCULOSIS\tb_00404.png,G:\Ai-CDD\data\raw\dataset\val\TUBERCULOSIS\tb_00107.png
perceptual_duplicate,G:\Ai-CDD\data\raw\dataset\train\TUBERCULOSIS\tb_00069.png,G:\Ai-CDD\data\raw\dataset\val\TUBERCULOSIS\tb_00107.png
perceptual_duplicate,G:\Ai-CDD\data\raw\dataset\train\TUBERCULOSIS\tb_00601.png,G:\Ai-CDD\data\raw\dataset\val\TUBERCULOSIS\tb_00107.png
perceptual_duplicate,G:\Ai-CDD\data\raw\dataset\val\TUBERCULOSIS\tb_00115.png,G:\Ai-CDD\data\raw\dataset\val\TUBERCULOSIS\tb_00108.png
perceptual_duplicate,G:\Ai-CDD\data\raw\dataset\train\TUBERCULOSIS\tb_00712.png,G:\Ai-CDD\data\raw\dataset\val\TUBERCULOSIS\tb_00108.png
perceptual_duplicate,G:\Ai-CDD\data\raw\dataset\train\TUBERCULOSIS\tb_02075.png,G:\Ai-CDD\data\raw\dataset\val\TUBERCULOSIS\tb_00108.png
perceptual_duplicate,G:\Ai-CDD\data\raw\dataset\test\TUBERCULOSIS\tb_00042.png,G:\Ai-CDD\data\raw\dataset\val\TUBERCULOSIS\tb_00108.png
perceptual_duplicate,G:\Ai-CDD\data\raw\dataset\train\TUBERCULOSIS\tb_00426.png,G:\Ai-CDD\data\raw\dataset\val\TUBERCULOSIS\tb_00109.png
perceptual_duplicate,G:\Ai-CDD\data\raw\dataset\test\TUBERCULOSIS\tb_00543.png,G:\Ai-CDD\data\raw\dataset\val\TUBERCULOSIS\tb_00109.png
perceptual_duplicate,G:\Ai-CDD\data\raw\dataset\test\TUBERCULOSIS\tb_00093.png,G:\Ai-CDD\data\raw\dataset\val\TUBERCULOSIS\tb_00110.png
perceptual_duplicate,G:\Ai-CDD\data\raw\dataset\test\TUBERCULOSIS\tb_00544.png,G:\Ai-CDD\data\raw\dataset\val\TUBERCULOSIS\tb_00110.png
perceptual_duplicate,G:\Ai-CDD\data\raw\dataset\val\TUBERCULOSIS\tb_00383.png,G:\Ai-CDD\data\raw\dataset\val\TUBERCULOSIS\tb_00111.png
perceptual_duplicate,G:\Ai-CDD\data\raw\dataset\train\TUBERCULOSIS\tb_00490.png,G:\Ai-CDD\data\raw\dataset\val\TUBERCULOSIS\tb_00111.png
perceptual_duplicate,G:\Ai-CDD\data\raw\dataset\test\TUBERCULOSIS\tb_00001.png,G:\Ai-CDD\data\raw\dataset\val\TUBERCULOSIS\tb_00111.png
perceptual_duplicate,G:\Ai-CDD\data\raw\dataset\val\TUBERCULOSIS\tb_00501.png,G:\Ai-CDD\data\raw\dataset\val\TUBERCULOSIS\tb_00112.png
perceptual_duplicate,G:\Ai-CDD\data\raw\dataset\val\TUBERCULOSIS\tb_00404.png,G:\Ai-CDD\data\raw\dataset\val\TUBERCULOSIS\tb_00113.png
perceptual_duplicate,G:\Ai-CDD\data\raw\dataset\train\TUBERCULOSIS\tb_00069.png,G:\Ai-CDD\data\raw\dataset\val\TUBERCULOSIS\tb_00113.png
perceptual_duplicate,G:\Ai-CDD\data\raw\dataset\train\TUBERCULOSIS\tb_00601.png,G:\Ai-CDD\data\raw\dataset\val\TUBERCULOSIS\tb_00113.png
perceptual_duplicate,G:\Ai-CDD\data\raw\dataset\train\TUBERCULOSIS\tb_00429.png,G:\Ai-CDD\data\raw\dataset\val\TUBERCULOSIS\tb_00114.png
perceptual_duplicate,G:\Ai-CDD\data\raw\dataset\train\TUBERCULOSIS\tb_02312.png,G:\Ai-CDD\data\raw\dataset\val\TUBERCULOSIS\tb_00114.png
perceptual_duplicate,G:\Ai-CDD\data\raw\dataset\train\TUBERCULOSIS\tb_00712.png,G:\Ai-CDD\data\raw\dataset\val\TUBERCULOSIS\tb_00115.png
perceptual_duplicate,G:\Ai-CDD\data\raw\dataset\train\TUBERCULOSIS\tb_02075.png,G:\Ai-CDD\data\raw\dataset\val\TUBERCULOSIS\tb_00115.png
perceptual_duplicate,G:\Ai-CDD\data\raw\dataset\test\TUBERCULOSIS\tb_00042.png,G:\Ai-CDD\data\raw\dataset\val\TUBERCULOSIS\tb_00115.png
perceptual_duplicate,G:\Ai-CDD\data\raw\dataset\train\TUBERCULOSIS\tb_00431.png,G:\Ai-CDD\data\raw\dataset\val\TUBERCULOSIS\tb_00116.png
perceptual_duplicate,G:\Ai-CDD\data\raw\dataset\train\TUBERCULOSIS\tb_02314.png,G:\Ai-CDD\data\raw\dataset\val\TUBERCULOSIS\tb_00116.png
perceptual_duplicate,G:\Ai-CDD\data\raw\dataset\val\TUBERCULOSIS\tb_00502.png,G:\Ai-CDD\data\raw\dataset\val\TUBERCULOSIS\tb_00117.png
perceptual_duplicate,G:\Ai-CDD\data\raw\dataset\train\TUBERCULOSIS\tb_00432.png,G:\Ai-CDD\data\raw\dataset\val\TUBERCULOSIS\tb_00117.png
perceptual_duplicate,G:\Ai-CDD\data\raw\dataset\train\TUBERCULOSIS\tb_00490.png,G:\Ai-CDD\data\raw\dataset\val\TUBERCULOSIS\tb_00383.png
perceptual_duplicate,G:\Ai-CDD\data\raw\dataset\test\TUBERCULOSIS\tb_00001.png,G:\Ai-CDD\data\raw\dataset\val\TUBERCULOSIS\tb_00383.png
perceptual_duplicate,G:\Ai-CDD\data\raw\dataset\train\TUBERCULOSIS\tb_00007.png,G:\Ai-CDD\data\raw\dataset\val\TUBERCULOSIS\tb_00384.png
perceptual_duplicate,G:\Ai-CDD\data\raw\dataset\train\TUBERCULOSIS\tb_00500.png,G:\Ai-CDD\data\raw\dataset\val\TUBERCULOSIS\tb_00384.png
perceptual_duplicate,G:\Ai-CDD\data\raw\dataset\train\TUBERCULOSIS\tb_00506.png,G:\Ai-CDD\data\raw\dataset\val\TUBERCULOSIS\tb_00385.png
perceptual_duplicate,G:\Ai-CDD\data\raw\dataset\test\TUBERCULOSIS\tb_00005.png,G:\Ai-CDD\data\raw\dataset\val\TUBERCULOSIS\tb_00385.png
perceptual_duplicate,G:\Ai-CDD\data\raw\dataset\train\TUBERCULOSIS\tb_00517.png,G:\Ai-CDD\data\raw\dataset\val\TUBERCULOSIS\tb_00386.png
perceptual_duplicate,G:\Ai-CDD\data\raw\dataset\test\TUBERCULOSIS\tb_00006.png,G:\Ai-CDD\data\raw\dataset\val\TUBERCULOSIS\tb_00386.png
perceptual_duplicate,G:\Ai-CDD\data\raw\dataset\train\TUBERCULOSIS\tb_00518.png,G:\Ai-CDD\data\raw\dataset\val\TUBERCULOSIS\tb_00387.png
perceptual_duplicate,G:\Ai-CDD\data\raw\dataset\train\TUBERCULOSIS\tb_00018.png,G:\Ai-CDD\data\raw\dataset\val\TUBERCULOSIS\tb_00388.png
perceptual_duplicate,G:\Ai-CDD\data\raw\dataset\train\TUBERCULOSIS\tb_00519.png,G:\Ai-CDD\data\raw\dataset\val\TUBERCULOSIS\tb_00388.png
perceptual_duplicate,G:\Ai-CDD\data\raw\dataset\train\TUBERCULOSIS\tb_00020.png,G:\Ai-CDD\data\raw\dataset\val\TUBERCULOSIS\tb_00389.png
perceptual_duplicate,G:\Ai-CDD\data\raw\dataset\train\TUBERCULOSIS\tb_00522.png,G:\Ai-CDD\data\raw\dataset\val\TUBERCULOSIS\tb_00389.png
perceptual_duplicate,G:\Ai-CDD\data\raw\dataset\train\TUBERCULOSIS\tb_00025.png,G:\Ai-CDD\data\raw\dataset\val\TUBERCULOSIS\tb_00390.png
perceptual_duplicate,G:\Ai-CDD\data\raw\dataset\train\TUBERCULOSIS\tb_00527.png,G:\Ai-CDD\data\raw\dataset\val\TUBERCULOSIS\tb_00390.png
perceptual_duplicate,G:\Ai-CDD\data\raw\dataset\train\TUBERCULOSIS\tb_00037.png,G:\Ai-CDD\data\raw\dataset\val\TUBERCULOSIS\tb_00391.png
perceptual_duplicate,G:\Ai-CDD\data\raw\dataset\train\TUBERCULOSIS\tb_00544.png,G:\Ai-CDD\data\raw\dataset\val\TUBERCULOSIS\tb_00391.png
perceptual_duplicate,G:\Ai-CDD\data\raw\dataset\train\TUBERCULOSIS\tb_00040.png,G:\Ai-CDD\data\raw\dataset\val\TUBERCULOSIS\tb_00392.png
perceptual_duplicate,G:\Ai-CDD\data\raw\dataset\train\TUBERCULOSIS\tb_00550.png,G:\Ai-CDD\data\raw\dataset\val\TUBERCULOSIS\tb_00392.png
perceptual_duplicate,G:\Ai-CDD\data\raw\dataset\train\TUBERCULOSIS\tb_00551.png,G:\Ai-CDD\data\raw\dataset\val\TUBERCULOSIS\tb_00393.png
perceptual_duplicate,G:\Ai-CDD\data\raw\dataset\train\TUBERCULOSIS\tb_00045.png,G:\Ai-CDD\data\raw\dataset\val\TUBERCULOSIS\tb_00394.png
perceptual_duplicate,G:\Ai-CDD\data\raw\dataset\train\TUBERCULOSIS\tb_00558.png,G:\Ai-CDD\data\raw\dataset\val\TUBERCULOSIS\tb_00394.png
perceptual_duplicate,G:\Ai-CDD\data\raw\dataset\train\TUBERCULOSIS\tb_00047.png,G:\Ai-CDD\data\raw\dataset\val\TUBERCULOSIS\tb_00395.png
perceptual_duplicate,G:\Ai-CDD\data\raw\dataset\train\TUBERCULOSIS\tb_00563.png,G:\Ai-CDD\data\raw\dataset\val\TUBERCULOSIS\tb_00395.png
perceptual_duplicate,G:\Ai-CDD\data\raw\dataset\train\TUBERCULOSIS\tb_00049.png,G:\Ai-CDD\data\raw\dataset\val\TUBERCULOSIS\tb_00396.png
perceptual_duplicate,G:\Ai-CDD\data\raw\dataset\train\TUBERCULOSIS\tb_00566.png,G:\Ai-CDD\data\raw\dataset\val\TUBERCULOSIS\tb_00396.png
perceptual_duplicate,G:\Ai-CDD\data\raw\dataset\train\TUBERCULOSIS\tb_00570.png,G:\Ai-CDD\data\raw\dataset\val\TUBERCULOSIS\tb_00397.png
perceptual_duplicate,G:\Ai-CDD\data\raw\dataset\train\TUBERCULOSIS\tb_00051.png,G:\Ai-CDD\data\raw\dataset\val\TUBERCULOSIS\tb_00398.png
perceptual_duplicate,G:\Ai-CDD\data\raw\dataset\train\TUBERCULOSIS\tb_00571.png,G:\Ai-CDD\data\raw\dataset\val\TUBERCULOSIS\tb_00398.png
perceptual_duplicate,G:\Ai-CDD\data\raw\dataset\train\TUBERCULOSIS\tb_00575.png,G:\Ai-CDD\data\raw\dataset\val\TUBERCULOSIS\tb_00399.png
perceptual_duplicate,G:\Ai-CDD\data\raw\dataset\train\TUBERCULOSIS\tb_00054.png,G:\Ai-CDD\data\raw\dataset\val\TUBERCULOSIS\tb_00400.png
perceptual_duplicate,G:\Ai-CDD\data\raw\dataset\train\TUBERCULOSIS\tb_00577.png,G:\Ai-CDD\data\raw\dataset\val\TUBERCULOSIS\tb_00400.png
perceptual_duplicate,G:\Ai-CDD\data\raw\dataset\train\TUBERCULOSIS\tb_00583.png,G:\Ai-CDD\data\raw\dataset\val\TUBERCULOSIS\tb_00401.png
perceptual_duplicate,G:\Ai-CDD\data\raw\dataset\test\TUBERCULOSIS\tb_00017.png,G:\Ai-CDD\data\raw\dataset\val\TUBERCULOSIS\tb_00401.png
perceptual_duplicate,G:\Ai-CDD\data\raw\dataset\train\TUBERCULOSIS\tb_00059.png,G:\Ai-CDD\data\raw\dataset\val\TUBERCULOSIS\tb_00402.png
perceptual_duplicate,G:\Ai-CDD\data\raw\dataset\train\TUBERCULOSIS\tb_00586.png,G:\Ai-CDD\data\raw\dataset\val\TUBERCULOSIS\tb_00402.png
perceptual_duplicate,G:\Ai-CDD\data\raw\dataset\train\TUBERCULOSIS\tb_00063.png,G:\Ai-CDD\data\raw\dataset\val\TUBERCULOSIS\tb_00403.png
perceptual_duplicate,G:\Ai-CDD\data\raw\dataset\train\TUBERCULOSIS\tb_00593.png,G:\Ai-CDD\data\raw\dataset\val\TUBERCULOSIS\tb_00403.png
perceptual_duplicate,G:\Ai-CDD\data\raw\dataset\train\TUBERCULOSIS\tb_00069.png,G:\Ai-CDD\data\raw\dataset\val\TUBERCULOSIS\tb_00404.png
perceptual_duplicate,G:\Ai-CDD\data\raw\dataset\train\TUBERCULOSIS\tb_00601.png,G:\Ai-CDD\data\raw\dataset\val\TUBERCULOSIS\tb_00404.png
perceptual_duplicate,G:\Ai-CDD\data\raw\dataset\train\TUBERCULOSIS\tb_00070.png,G:\Ai-CDD\data\raw\dataset\val\TUBERCULOSIS\tb_00405.png
perceptual_duplicate,G:\Ai-CDD\data\raw\dataset\train\TUBERCULOSIS\tb_00602.png,G:\Ai-CDD\data\raw\dataset\val\TUBERCULOSIS\tb_00405.png
perceptual_duplicate,G:\Ai-CDD\data\raw\dataset\train\TUBERCULOSIS\tb_00072.png,G:\Ai-CDD\data\raw\dataset\val\TUBERCULOSIS\tb_00406.png
perceptual_duplicate,G:\Ai-CDD\data\raw\dataset\train\TUBERCULOSIS\tb_00604.png,G:\Ai-CDD\data\raw\dataset\val\TUBERCULOSIS\tb_00406.png
perceptual_duplicate,G:\Ai-CDD\data\raw\dataset\train\TUBERCULOSIS\tb_00608.png,G:\Ai-CDD\data\raw\dataset\val\TUBERCULOSIS\tb_00407.png
perceptual_duplicate,G:\Ai-CDD\data\raw\dataset\train\TUBERCULOSIS\tb_00617.png,G:\Ai-CDD\data\raw\dataset\val\TUBERCULOSIS\tb_00408.png
perceptual_duplicate,G:\Ai-CDD\data\raw\dataset\test\TUBERCULOSIS\tb_00026.png,G:\Ai-CDD\data\raw\dataset\val\TUBERCULOSIS\tb_00408.png
perceptual_duplicate,G:\Ai-CDD\data\raw\dataset\train\TUBERCULOSIS\tb_00078.png,G:\Ai-CDD\data\raw\dataset\val\TUBERCULOSIS\tb_00409.png
perceptual_duplicate,G:\Ai-CDD\data\raw\dataset\train\TUBERCULOSIS\tb_00618.png,G:\Ai-CDD\data\raw\dataset\val\TUBERCULOSIS\tb_00409.png
perceptual_duplicate,G:\Ai-CDD\data\raw\dataset\train\TUBERCULOSIS\tb_00620.png,G:\Ai-CDD\data\raw\dataset\val\TUBERCULOSIS\tb_00410.png
perceptual_duplicate,G:\Ai-CDD\data\raw\dataset\train\TUBERCULOSIS\tb_00079.png,G:\Ai-CDD\data\raw\dataset\val\TUBERCULOSIS\tb_00411.png
perceptual_duplicate,G:\Ai-CDD\data\raw\dataset\train\TUBERCULOSIS\tb_00621.png,G:\Ai-CDD\data\raw\dataset\val\TUBERCULOSIS\tb_00411.png
perceptual_duplicate,G:\Ai-CDD\data\raw\dataset\train\TUBERCULOSIS\tb_00626.png,G:\Ai-CDD\data\raw\dataset\val\TUBERCULOSIS\tb_00412.png
perceptual_duplicate,G:\Ai-CDD\data\raw\dataset\test\TUBERCULOSIS\tb_00029.png,G:\Ai-CDD\data\raw\dataset\val\TUBERCULOSIS\tb_00412.png
perceptual_duplicate,G:\Ai-CDD\data\raw\dataset\train\TUBERCULOSIS\tb_00085.png,G:\Ai-CDD\data\raw\dataset\val\TUBERCULOSIS\tb_00413.png
perceptual_duplicate,G:\Ai-CDD\data\raw\dataset\train\TUBERCULOSIS\tb_00631.png,G:\Ai-CDD\data\raw\dataset\val\TUBERCULOSIS\tb_00413.png
perceptual_duplicate,G:\Ai-CDD\data\raw\dataset\train\TUBERCULOSIS\tb_00636.png,G:\Ai-CDD\data\raw\dataset\val\TUBERCULOSIS\tb_00414.png
perceptual_duplicate,G:\Ai-CDD\data\raw\dataset\test\TUBERCULOSIS\tb_00032.png,G:\Ai-CDD\data\raw\dataset\val\TUBERCULOSIS\tb_00414.png
perceptual_duplicate,G:\Ai-CDD\data\raw\dataset\train\TUBERCULOSIS\tb_00090.png,G:\Ai-CDD\data\raw\dataset\val\TUBERCULOSIS\tb_00415.png
perceptual_duplicate,G:\Ai-CDD\data\raw\dataset\train\TUBERCULOSIS\tb_00638.png,G:\Ai-CDD\data\raw\dataset\val\TUBERCULOSIS\tb_00415.png
perceptual_duplicate,G:\Ai-CDD\data\raw\dataset\train\TUBERCULOSIS\tb_00099.png,G:\Ai-CDD\data\raw\dataset\val\TUBERCULOSIS\tb_00416.png
perceptual_duplicate,G:\Ai-CDD\data\raw\dataset\train\TUBERCULOSIS\tb_00650.png,G:\Ai-CDD\data\raw\dataset\val\TUBERCULOSIS\tb_00416.png
perceptual_duplicate,G:\Ai-CDD\data\raw\dataset\train\TUBERCULOSIS\tb_00651.png,G:\Ai-CDD\data\raw\dataset\val\TUBERCULOSIS\tb_00416.png
perceptual_duplicate,G:\Ai-CDD\data\raw\dataset\test\TUBERCULOSIS\tb_00034.png,G:\Ai-CDD\data\raw\dataset\val\TUBERCULOSIS\tb_00416.png
perceptual_duplicate,G:\Ai-CDD\data\raw\dataset\train\TUBERCULOSIS\tb_00101.png,G:\Ai-CDD\data\raw\dataset\val\TUBERCULOSIS\tb_00417.png
perceptual_duplicate,G:\Ai-CDD\data\raw\dataset\train\TUBERCULOSIS\tb_00654.png,G:\Ai-CDD\data\raw\dataset\val\TUBERCULOSIS\tb_00417.png
perceptual_duplicate,G:\Ai-CDD\data\raw\dataset\train\TUBERCULOSIS\tb_00660.png,G:\Ai-CDD\data\raw\dataset\val\TUBERCULOSIS\tb_00418.png
perceptual_duplicate,G:\Ai-CDD\data\raw\dataset\train\TUBERCULOSIS\tb_00105.png,G:\Ai-CDD\data\raw\dataset\val\TUBERCULOSIS\tb_00419.png
perceptual_duplicate,G:\Ai-CDD\data\raw\dataset\train\TUBERCULOSIS\tb_00662.png,G:\Ai-CDD\data\raw\dataset\val\TUBERCULOSIS\tb_00419.png
perceptual_duplicate,G:\Ai-CDD\data\raw\dataset\train\TUBERCULOSIS\tb_00110.png,G:\Ai-CDD\data\raw\dataset\val\TUBERCULOSIS\tb_00420.png
perceptual_duplicate,G:\Ai-CDD\data\raw\dataset\train\TUBERCULOSIS\tb_00668.png,G:\Ai-CDD\data\raw\dataset\val\TUBERCULOSIS\tb_00420.png
perceptual_duplicate,G:\Ai-CDD\data\raw\dataset\train\TUBERCULOSIS\tb_00683.png,G:\Ai-CDD\data\raw\dataset\val\TUBERCULOSIS\tb_00421.png
perceptual_duplicate,G:\Ai-CDD\data\raw\dataset\test\TUBERCULOSIS\tb_00038.png,G:\Ai-CDD\data\raw\dataset\val\TUBERCULOSIS\tb_00421.png
perceptual_duplicate,G:\Ai-CDD\data\raw\dataset\train\TUBERCULOSIS\tb_00124.png,G:\Ai-CDD\data\raw\dataset\val\TUBERCULOSIS\tb_00422.png
perceptual_duplicate,G:\Ai-CDD\data\raw\dataset\train\TUBERCULOSIS\tb_00686.png,G:\Ai-CDD\data\raw\dataset\val\TUBERCULOSIS\tb_00422.png
perceptual_duplicate,G:\Ai-CDD\data\raw\dataset\train\TUBERCULOSIS\tb_00128.png,G:\Ai-CDD\data\raw\dataset\val\TUBERCULOSIS\tb_00423.png
perceptual_duplicate,G:\Ai-CDD\data\raw\dataset\train\TUBERCULOSIS\tb_00690.png,G:\Ai-CDD\data\raw\dataset\val\TUBERCULOSIS\tb_00423.png
perceptual_duplicate,G:\Ai-CDD\data\raw\dataset\train\TUBERCULOSIS\tb_00129.png,G:\Ai-CDD\data\raw\dataset\val\TUBERCULOSIS\tb_00424.png
perceptual_duplicate,G:\Ai-CDD\data\raw\dataset\train\TUBERCULOSIS\tb_00691.png,G:\Ai-CDD\data\raw\dataset\val\TUBERCULOSIS\tb_00424.png
perceptual_duplicate,G:\Ai-CDD\data\raw\dataset\train\TUBERCULOSIS\tb_00130.png,G:\Ai-CDD\data\raw\dataset\val\TUBERCULOSIS\tb_00425.png
perceptual_duplicate,G:\Ai-CDD\data\raw\dataset\train\TUBERCULOSIS\tb_00692.png,G:\Ai-CDD\data\raw\dataset\val\TUBERCULOSIS\tb_00425.png
perceptual_duplicate,G:\Ai-CDD\data\raw\dataset\train\TUBERCULOSIS\tb_00131.png,G:\Ai-CDD\data\raw\dataset\val\TUBERCULOSIS\tb_00426.png
perceptual_duplicate,G:\Ai-CDD\data\raw\dataset\train\TUBERCULOSIS\tb_00693.png,G:\Ai-CDD\data\raw\dataset\val\TUBERCULOSIS\tb_00426.png
perceptual_duplicate,G:\Ai-CDD\data\raw\dataset\train\TUBERCULOSIS\tb_00697.png,G:\Ai-CDD\data\raw\dataset\val\TUBERCULOSIS\tb_00427.png
perceptual_duplicate,G:\Ai-CDD\data\raw\dataset\test\TUBERCULOSIS\tb_00039.png,G:\Ai-CDD\data\raw\dataset\val\TUBERCULOSIS\tb_00427.png
perceptual_duplicate,G:\Ai-CDD\data\raw\dataset\train\TUBERCULOSIS\tb_00698.png,G:\Ai-CDD\data\raw\dataset\val\TUBERCULOSIS\tb_00428.png
perceptual_duplicate,G:\Ai-CDD\data\raw\dataset\train\TUBERCULOSIS\tb_00137.png,G:\Ai-CDD\data\raw\dataset\val\TUBERCULOSIS\tb_00429.png
perceptual_duplicate,G:\Ai-CDD\data\raw\dataset\train\TUBERCULOSIS\tb_00702.png,G:\Ai-CDD\data\raw\dataset\val\TUBERCULOSIS\tb_00429.png
perceptual_duplicate,G:\Ai-CDD\data\raw\dataset\train\TUBERCULOSIS\tb_00141.png,G:\Ai-CDD\data\raw\dataset\val\TUBERCULOSIS\tb_00430.png
perceptual_duplicate,G:\Ai-CDD\data\raw\dataset\train\TUBERCULOSIS\tb_00706.png,G:\Ai-CDD\data\raw\dataset\val\TUBERCULOSIS\tb_00430.png
perceptual_duplicate,G:\Ai-CDD\data\raw\dataset\train\TUBERCULOSIS\tb_00143.png,G:\Ai-CDD\data\raw\dataset\val\TUBERCULOSIS\tb_00431.png
perceptual_duplicate,G:\Ai-CDD\data\raw\dataset\train\TUBERCULOSIS\tb_00709.png,G:\Ai-CDD\data\raw\dataset\val\TUBERCULOSIS\tb_00431.png
perceptual_duplicate,G:\Ai-CDD\data\raw\dataset\train\TUBERCULOSIS\tb_00144.png,G:\Ai-CDD\data\raw\dataset\val\TUBERCULOSIS\tb_00432.png
perceptual_duplicate,G:\Ai-CDD\data\raw\dataset\train\TUBERCULOSIS\tb_00711.png,G:\Ai-CDD\data\raw\dataset\val\TUBERCULOSIS\tb_00432.png
perceptual_duplicate,G:\Ai-CDD\data\raw\dataset\train\TUBERCULOSIS\tb_00146.png,G:\Ai-CDD\data\raw\dataset\val\TUBERCULOSIS\tb_00433.png
perceptual_duplicate,G:\Ai-CDD\data\raw\dataset\train\TUBERCULOSIS\tb_00714.png,G:\Ai-CDD\data\raw\dataset\val\TUBERCULOSIS\tb_00433.png
perceptual_duplicate,G:\Ai-CDD\data\raw\dataset\train\TUBERCULOSIS\tb_00153.png,G:\Ai-CDD\data\raw\dataset\val\TUBERCULOSIS\tb_00434.png
perceptual_duplicate,G:\Ai-CDD\data\raw\dataset\train\TUBERCULOSIS\tb_00722.png,G:\Ai-CDD\data\raw\dataset\val\TUBERCULOSIS\tb_00434.png
perceptual_duplicate,G:\Ai-CDD\data\raw\dataset\train\TUBERCULOSIS\tb_00154.png,G:\Ai-CDD\data\raw\dataset\val\TUBERCULOSIS\tb_00435.png
perceptual_duplicate,G:\Ai-CDD\data\raw\dataset\train\TUBERCULOSIS\tb_00723.png,G:\Ai-CDD\data\raw\dataset\val\TUBERCULOSIS\tb_00435.png
perceptual_duplicate,G:\Ai-CDD\data\raw\dataset\train\TUBERCULOSIS\tb_00746.png,G:\Ai-CDD\data\raw\dataset\val\TUBERCULOSIS\tb_00436.png
perceptual_duplicate,G:\Ai-CDD\data\raw\dataset\test\TUBERCULOSIS\tb_00048.png,G:\Ai-CDD\data\raw\dataset\val\TUBERCULOSIS\tb_00436.png
perceptual_duplicate,G:\Ai-CDD\data\raw\dataset\train\TUBERCULOSIS\tb_00168.png,G:\Ai-CDD\data\raw\dataset\val\TUBERCULOSIS\tb_00437.png
perceptual_duplicate,G:\Ai-CDD\data\raw\dataset\train\TUBERCULOSIS\tb_00747.png,G:\Ai-CDD\data\raw\dataset\val\TUBERCULOSIS\tb_00437.png
perceptual_duplicate,G:\Ai-CDD\data\raw\dataset\train\TUBERCULOSIS\tb_00169.png,G:\Ai-CDD\data\raw\dataset\val\TUBERCULOSIS\tb_00438.png
perceptual_duplicate,G:\Ai-CDD\data\raw\dataset\train\TUBERCULOSIS\tb_00748.png,G:\Ai-CDD\data\raw\dataset\val\TUBERCULOSIS\tb_00438.png
perceptual_duplicate,G:\Ai-CDD\data\raw\dataset\train\TUBERCULOSIS\tb_00751.png,G:\Ai-CDD\data\raw\dataset\val\TUBERCULOSIS\tb_00439.png
perceptual_duplicate,G:\Ai-CDD\data\raw\dataset\train\TUBERCULOSIS\tb_00179.png,G:\Ai-CDD\data\raw\dataset\val\TUBERCULOSIS\tb_00440.png
perceptual_duplicate,G:\Ai-CDD\data\raw\dataset\train\TUBERCULOSIS\tb_00763.png,G:\Ai-CDD\data\raw\dataset\val\TUBERCULOSIS\tb_00440.png
perceptual_duplicate,G:\Ai-CDD\data\raw\dataset\train\TUBERCULOSIS\tb_00180.png,G:\Ai-CDD\data\raw\dataset\val\TUBERCULOSIS\tb_00441.png
perceptual_duplicate,G:\Ai-CDD\data\raw\dataset\train\TUBERCULOSIS\tb_00181.png,G:\Ai-CDD\data\raw\dataset\val\TUBERCULOSIS\tb_00441.png
perceptual_duplicate,G:\Ai-CDD\data\raw\dataset\train\TUBERCULOSIS\tb_00764.png,G:\Ai-CDD\data\raw\dataset\val\TUBERCULOSIS\tb_00441.png
perceptual_duplicate,G:\Ai-CDD\data\raw\dataset\train\TUBERCULOSIS\tb_00766.png,G:\Ai-CDD\data\raw\dataset\val\TUBERCULOSIS\tb_00441.png
perceptual_duplicate,G:\Ai-CDD\data\raw\dataset\train\TUBERCULOSIS\tb_00183.png,G:\Ai-CDD\data\raw\dataset\val\TUBERCULOSIS\tb_00442.png
perceptual_duplicate,G:\Ai-CDD\data\raw\dataset\train\TUBERCULOSIS\tb_00769.png,G:\Ai-CDD\data\raw\dataset\val\TUBERCULOSIS\tb_00442.png
perceptual_duplicate,G:\Ai-CDD\data\raw\dataset\train\TUBERCULOSIS\tb_00191.png,G:\Ai-CDD\data\raw\dataset\val\TUBERCULOSIS\tb_00443.png
perceptual_duplicate,G:\Ai-CDD\data\raw\dataset\train\TUBERCULOSIS\tb_00782.png,G:\Ai-CDD\data\raw\dataset\val\TUBERCULOSIS\tb_00443.png
perceptual_duplicate,G:\Ai-CDD\data\raw\dataset\train\TUBERCULOSIS\tb_00200.png,G:\Ai-CDD\data\raw\dataset\val\TUBERCULOSIS\tb_00444.png
perceptual_duplicate,G:\Ai-CDD\data\raw\dataset\train\TUBERCULOSIS\tb_00793.png,G:\Ai-CDD\data\raw\dataset\val\TUBERCULOSIS\tb_00444.png
perceptual_duplicate,G:\Ai-CDD\data\raw\dataset\train\TUBERCULOSIS\tb_00201.png,G:\Ai-CDD\data\raw\dataset\val\TUBERCULOSIS\tb_00445.png
perceptual_duplicate,G:\Ai-CDD\data\raw\dataset\train\TUBERCULOSIS\tb_00794.png,G:\Ai-CDD\data\raw\dataset\val\TUBERCULOSIS\tb_00445.png
perceptual_duplicate,G:\Ai-CDD\data\raw\dataset\train\TUBERCULOSIS\tb_00202.png,G:\Ai-CDD\data\raw\dataset\val\TUBERCULOSIS\tb_00446.png
perceptual_duplicate,G:\Ai-CDD\data\raw\dataset\train\TUBERCULOSIS\tb_00795.png,G:\Ai-CDD\data\raw\dataset\val\TUBERCULOSIS\tb_00446.png
perceptual_duplicate,G:\Ai-CDD\data\raw\dataset\train\TUBERCULOSIS\tb_00798.png,G:\Ai-CDD\data\raw\dataset\val\TUBERCULOSIS\tb_00447.png
perceptual_duplicate,G:\Ai-CDD\data\raw\dataset\test\TUBERCULOSIS\tb_00053.png,G:\Ai-CDD\data\raw\dataset\val\TUBERCULOSIS\tb_00447.png
perceptual_duplicate,G:\Ai-CDD\data\raw\dataset\train\TUBERCULOSIS\tb_00802.png,G:\Ai-CDD\data\raw\dataset\val\TUBERCULOSIS\tb_00448.png
perceptual_duplicate,G:\Ai-CDD\data\raw\dataset\test\TUBERCULOSIS\tb_00055.png,G:\Ai-CDD\data\raw\dataset\val\TUBERCULOSIS\tb_00448.png
perceptual_duplicate,G:\Ai-CDD\data\raw\dataset\train\TUBERCULOSIS\tb_00814.png,G:\Ai-CDD\data\raw\dataset\val\TUBERCULOSIS\tb_00449.png
perceptual_duplicate,G:\Ai-CDD\data\raw\dataset\train\TUBERCULOSIS\tb_00213.png,G:\Ai-CDD\data\raw\dataset\val\TUBERCULOSIS\tb_00450.png
perceptual_duplicate,G:\Ai-CDD\data\raw\dataset\train\TUBERCULOSIS\tb_00815.png,G:\Ai-CDD\data\raw\dataset\val\TUBERCULOSIS\tb_00450.png
perceptual_duplicate,G:\Ai-CDD\data\raw\dataset\train\TUBERCULOSIS\tb_00221.png,G:\Ai-CDD\data\raw\dataset\val\TUBERCULOSIS\tb_00451.png
perceptual_duplicate,G:\Ai-CDD\data\raw\dataset\train\TUBERCULOSIS\tb_00823.png,G:\Ai-CDD\data\raw\dataset\val\TUBERCULOSIS\tb_00451.png
perceptual_duplicate,G:\Ai-CDD\data\raw\dataset\train\TUBERCULOSIS\tb_00226.png,G:\Ai-CDD\data\raw\dataset\val\TUBERCULOSIS\tb_00452.png
perceptual_duplicate,G:\Ai-CDD\data\raw\dataset\train\TUBERCULOSIS\tb_00829.png,G:\Ai-CDD\data\raw\dataset\val\TUBERCULOSIS\tb_00452.png
perceptual_duplicate,G:\Ai-CDD\data\raw\dataset\train\TUBERCULOSIS\tb_00233.png,G:\Ai-CDD\data\raw\dataset\val\TUBERCULOSIS\tb_00453.png
perceptual_duplicate,G:\Ai-CDD\data\raw\dataset\train\TUBERCULOSIS\tb_00838.png,G:\Ai-CDD\data\raw\dataset\val\TUBERCULOSIS\tb_00453.png
perceptual_duplicate,G:\Ai-CDD\data\raw\dataset\train\TUBERCULOSIS\tb_00235.png,G:\Ai-CDD\data\raw\dataset\val\TUBERCULOSIS\tb_00454.png
perceptual_duplicate,G:\Ai-CDD\data\raw\dataset\train\TUBERCULOSIS\tb_00840.png,G:\Ai-CDD\data\raw\dataset\val\TUBERCULOSIS\tb_00454.png
perceptual_duplicate,G:\Ai-CDD\data\raw\dataset\train\TUBERCULOSIS\tb_00244.png,G:\Ai-CDD\data\raw\dataset\val\TUBERCULOSIS\tb_00455.png
perceptual_duplicate,G:\Ai-CDD\data\raw\dataset\train\TUBERCULOSIS\tb_00852.png,G:\Ai-CDD\data\raw\dataset\val\TUBERCULOSIS\tb_00455.png
perceptual_duplicate,G:\Ai-CDD\data\raw\dataset\train\TUBERCULOSIS\tb_00246.png,G:\Ai-CDD\data\raw\dataset\val\TUBERCULOSIS\tb_00456.png
perceptual_duplicate,G:\Ai-CDD\data\raw\dataset\train\TUBERCULOSIS\tb_00854.png,G:\Ai-CDD\data\raw\dataset\val\TUBERCULOSIS\tb_00456.png
perceptual_duplicate,G:\Ai-CDD\data\raw\dataset\train\TUBERCULOSIS\tb_00253.png,G:\Ai-CDD\data\raw\dataset\val\TUBERCULOSIS\tb_00457.png
perceptual_duplicate,G:\Ai-CDD\data\raw\dataset\train\TUBERCULOSIS\tb_00863.png,G:\Ai-CDD\data\raw\dataset\val\TUBERCULOSIS\tb_00457.png
perceptual_duplicate,G:\Ai-CDD\data\raw\dataset\train\TUBERCULOSIS\tb_00254.png,G:\Ai-CDD\data\raw\dataset\val\TUBERCULOSIS\tb_00458.png
perceptual_duplicate,G:\Ai-CDD\data\raw\dataset\train\TUBERCULOSIS\tb_00865.png,G:\Ai-CDD\data\raw\dataset\val\TUBERCULOSIS\tb_00458.png
perceptual_duplicate,G:\Ai-CDD\data\raw\dataset\train\TUBERCULOSIS\tb_00260.png,G:\Ai-CDD\data\raw\dataset\val\TUBERCULOSIS\tb_00459.png
perceptual_duplicate,G:\Ai-CDD\data\raw\dataset\train\TUBERCULOSIS\tb_00874.png,G:\Ai-CDD\data\raw\dataset\val\TUBERCULOSIS\tb_00459.png
perceptual_duplicate,G:\Ai-CDD\data\raw\dataset\train\TUBERCULOSIS\tb_00263.png,G:\Ai-CDD\data\raw\dataset\val\TUBERCULOSIS\tb_00460.png
perceptual_duplicate,G:\Ai-CDD\data\raw\dataset\train\TUBERCULOSIS\tb_00877.png,G:\Ai-CDD\data\raw\dataset\val\TUBERCULOSIS\tb_00460.png
perceptual_duplicate,G:\Ai-CDD\data\raw\dataset\train\TUBERCULOSIS\tb_00267.png,G:\Ai-CDD\data\raw\dataset\val\TUBERCULOSIS\tb_00461.png
perceptual_duplicate,G:\Ai-CDD\data\raw\dataset\train\TUBERCULOSIS\tb_00884.png,G:\Ai-CDD\data\raw\dataset\val\TUBERCULOSIS\tb_00461.png
perceptual_duplicate,G:\Ai-CDD\data\raw\dataset\train\TUBERCULOSIS\tb_00885.png,G:\Ai-CDD\data\raw\dataset\val\TUBERCULOSIS\tb_00462.png
perceptual_duplicate,G:\Ai-CDD\data\raw\dataset\train\TUBERCULOSIS\tb_00269.png,G:\Ai-CDD\data\raw\dataset\val\TUBERCULOSIS\tb_00463.png
perceptual_duplicate,G:\Ai-CDD\data\raw\dataset\train\TUBERCULOSIS\tb_00888.png,G:\Ai-CDD\data\raw\dataset\val\TUBERCULOSIS\tb_00463.png
perceptual_duplicate,G:\Ai-CDD\data\raw\dataset\train\TUBERCULOSIS\tb_00273.png,G:\Ai-CDD\data\raw\dataset\val\TUBERCULOSIS\tb_00464.png
perceptual_duplicate,G:\Ai-CDD\data\raw\dataset\train\TUBERCULOSIS\tb_00894.png,G:\Ai-CDD\data\raw\dataset\val\TUBERCULOSIS\tb_00464.png
perceptual_duplicate,G:\Ai-CDD\data\raw\dataset\train\TUBERCULOSIS\tb_00274.png,G:\Ai-CDD\data\raw\dataset\val\TUBERCULOSIS\tb_00465.png
perceptual_duplicate,G:\Ai-CDD\data\raw\dataset\train\TUBERCULOSIS\tb_00896.png,G:\Ai-CDD\data\raw\dataset\val\TUBERCULOSIS\tb_00465.png
perceptual_duplicate,G:\Ai-CDD\data\raw\dataset\train\TUBERCULOSIS\tb_00897.png,G:\Ai-CDD\data\raw\dataset\val\TUBERCULOSIS\tb_00465.png
perceptual_duplicate,G:\Ai-CDD\data\raw\dataset\train\TUBERCULOSIS\tb_02183.png,G:\Ai-CDD\data\raw\dataset\val\TUBERCULOSIS\tb_00465.png
perceptual_duplicate,G:\Ai-CDD\data\raw\dataset\train\TUBERCULOSIS\tb_00275.png,G:\Ai-CDD\data\raw\dataset\val\TUBERCULOSIS\tb_00466.png
perceptual_duplicate,G:\Ai-CDD\data\raw\dataset\train\TUBERCULOSIS\tb_00276.png,G:\Ai-CDD\data\raw\dataset\val\TUBERCULOSIS\tb_00466.png
perceptual_duplicate,G:\Ai-CDD\data\raw\dataset\train\TUBERCULOSIS\tb_00277.png,G:\Ai-CDD\data\raw\dataset\val\TUBERCULOSIS\tb_00466.png
perceptual_duplicate,G:\Ai-CDD\data\raw\dataset\train\TUBERCULOSIS\tb_00278.png,G:\Ai-CDD\data\raw\dataset\val\TUBERCULOSIS\tb_00466.png
perceptual_duplicate,G:\Ai-CDD\data\raw\dataset\train\TUBERCULOSIS\tb_00898.png,G:\Ai-CDD\data\raw\dataset\val\TUBERCULOSIS\tb_00466.png
perceptual_duplicate,G:\Ai-CDD\data\raw\dataset\train\TUBERCULOSIS\tb_00899.png,G:\Ai-CDD\data\raw\dataset\val\TUBERCULOSIS\tb_00466.png
perceptual_duplicate,G:\Ai-CDD\data\raw\dataset\train\TUBERCULOSIS\tb_00900.png,G:\Ai-CDD\data\raw\dataset\val\TUBERCULOSIS\tb_00466.png
perceptual_duplicate,G:\Ai-CDD\data\raw\dataset\train\TUBERCULOSIS\tb_00902.png,G:\Ai-CDD\data\raw\dataset\val\TUBERCULOSIS\tb_00466.png
perceptual_duplicate,G:\Ai-CDD\data\raw\dataset\train\TUBERCULOSIS\tb_00283.png,G:\Ai-CDD\data\raw\dataset\val\TUBERCULOSIS\tb_00467.png
perceptual_duplicate,G:\Ai-CDD\data\raw\dataset\train\TUBERCULOSIS\tb_00907.png,G:\Ai-CDD\data\raw\dataset\val\TUBERCULOSIS\tb_00467.png
perceptual_duplicate,G:\Ai-CDD\data\raw\dataset\train\TUBERCULOSIS\tb_00920.png,G:\Ai-CDD\data\raw\dataset\val\TUBERCULOSIS\tb_00468.png
perceptual_duplicate,G:\Ai-CDD\data\raw\dataset\train\TUBERCULOSIS\tb_00296.png,G:\Ai-CDD\data\raw\dataset\val\TUBERCULOSIS\tb_00469.png
perceptual_duplicate,G:\Ai-CDD\data\raw\dataset\train\TUBERCULOSIS\tb_00925.png,G:\Ai-CDD\data\raw\dataset\val\TUBERCULOSIS\tb_00469.png
perceptual_duplicate,G:\Ai-CDD\data\raw\dataset\train\TUBERCULOSIS\tb_00298.png,G:\Ai-CDD\data\raw\dataset\val\TUBERCULOSIS\tb_00470.png
perceptual_duplicate,G:\Ai-CDD\data\raw\dataset\train\TUBERCULOSIS\tb_00927.png,G:\Ai-CDD\data\raw\dataset\val\TUBERCULOSIS\tb_00470.png
perceptual_duplicate,G:\Ai-CDD\data\raw\dataset\train\TUBERCULOSIS\tb_00300.png,G:\Ai-CDD\data\raw\dataset\val\TUBERCULOSIS\tb_00471.png
perceptual_duplicate,G:\Ai-CDD\data\raw\dataset\train\TUBERCULOSIS\tb_00931.png,G:\Ai-CDD\data\raw\dataset\val\TUBERCULOSIS\tb_00471.png
perceptual_duplicate,G:\Ai-CDD\data\raw\dataset\train\TUBERCULOSIS\tb_00943.png,G:\Ai-CDD\data\raw\dataset\val\TUBERCULOSIS\tb_00472.png
perceptual_duplicate,G:\Ai-CDD\data\raw\dataset\test\TUBERCULOSIS\tb_00075.png,G:\Ai-CDD\data\raw\dataset\val\TUBERCULOSIS\tb_00472.png
perceptual_duplicate,G:\Ai-CDD\data\raw\dataset\train\TUBERCULOSIS\tb_00309.png,G:\Ai-CDD\data\raw\dataset\val\TUBERCULOSIS\tb_00473.png
perceptual_duplicate,G:\Ai-CDD\data\raw\dataset\train\TUBERCULOSIS\tb_00946.png,G:\Ai-CDD\data\raw\dataset\val\TUBERCULOSIS\tb_00473.png
perceptual_duplicate,G:\Ai-CDD\data\raw\dataset\train\TUBERCULOSIS\tb_00314.png,G:\Ai-CDD\data\raw\dataset\val\TUBERCULOSIS\tb_00474.png
perceptual_duplicate,G:\Ai-CDD\data\raw\dataset\train\TUBERCULOSIS\tb_00952.png,G:\Ai-CDD\data\raw\dataset\val\TUBERCULOSIS\tb_00474.png
perceptual_duplicate,G:\Ai-CDD\data\raw\dataset\train\TUBERCULOSIS\tb_00315.png,G:\Ai-CDD\data\raw\dataset\val\TUBERCULOSIS\tb_00475.png
perceptual_duplicate,G:\Ai-CDD\data\raw\dataset\train\TUBERCULOSIS\tb_00953.png,G:\Ai-CDD\data\raw\dataset\val\TUBERCULOSIS\tb_00475.png
perceptual_duplicate,G:\Ai-CDD\data\raw\dataset\train\TUBERCULOSIS\tb_00956.png,G:\Ai-CDD\data\raw\dataset\val\TUBERCULOSIS\tb_00476.png
perceptual_duplicate,G:\Ai-CDD\data\raw\dataset\train\TUBERCULOSIS\tb_00321.png,G:\Ai-CDD\data\raw\dataset\val\TUBERCULOSIS\tb_00477.png
perceptual_duplicate,G:\Ai-CDD\data\raw\dataset\train\TUBERCULOSIS\tb_00963.png,G:\Ai-CDD\data\raw\dataset\val\TUBERCULOSIS\tb_00477.png
perceptual_duplicate,G:\Ai-CDD\data\raw\dataset\train\TUBERCULOSIS\tb_00324.png,G:\Ai-CDD\data\raw\dataset\val\TUBERCULOSIS\tb_00478.png
perceptual_duplicate,G:\Ai-CDD\data\raw\dataset\train\TUBERCULOSIS\tb_00966.png,G:\Ai-CDD\data\raw\dataset\val\TUBERCULOSIS\tb_00478.png
perceptual_duplicate,G:\Ai-CDD\data\raw\dataset\train\TUBERCULOSIS\tb_00328.png,G:\Ai-CDD\data\raw\dataset\val\TUBERCULOSIS\tb_00479.png
perceptual_duplicate,G:\Ai-CDD\data\raw\dataset\train\TUBERCULOSIS\tb_00970.png,G:\Ai-CDD\data\raw\dataset\val\TUBERCULOSIS\tb_00479.png
perceptual_duplicate,G:\Ai-CDD\data\raw\dataset\train\TUBERCULOSIS\tb_00334.png,G:\Ai-CDD\data\raw\dataset\val\TUBERCULOSIS\tb_00480.png
perceptual_duplicate,G:\Ai-CDD\data\raw\dataset\train\TUBERCULOSIS\tb_00977.png,G:\Ai-CDD\data\raw\dataset\val\TUBERCULOSIS\tb_00480.png
perceptual_duplicate,G:\Ai-CDD\data\raw\dataset\train\TUBERCULOSIS\tb_00340.png,G:\Ai-CDD\data\raw\dataset\val\TUBERCULOSIS\tb_00481.png
perceptual_duplicate,G:\Ai-CDD\data\raw\dataset\train\TUBERCULOSIS\tb_00985.png,G:\Ai-CDD\data\raw\dataset\val\TUBERCULOSIS\tb_00481.png
perceptual_duplicate,G:\Ai-CDD\data\raw\dataset\train\TUBERCULOSIS\tb_00346.png,G:\Ai-CDD\data\raw\dataset\val\TUBERCULOSIS\tb_00482.png
perceptual_duplicate,G:\Ai-CDD\data\raw\dataset\train\TUBERCULOSIS\tb_00992.png,G:\Ai-CDD\data\raw\dataset\val\TUBERCULOSIS\tb_00482.png
perceptual_duplicate,G:\Ai-CDD\data\raw\dataset\train\TUBERCULOSIS\tb_00348.png,G:\Ai-CDD\data\raw\dataset\val\TUBERCULOSIS\tb_00483.png
perceptual_duplicate,G:\Ai-CDD\data\raw\dataset\train\TUBERCULOSIS\tb_00994.png,G:\Ai-CDD\data\raw\dataset\val\TUBERCULOSIS\tb_00483.png
perceptual_duplicate,G:\Ai-CDD\data\raw\dataset\train\TUBERCULOSIS\tb_01001.png,G:\Ai-CDD\data\raw\dataset\val\TUBERCULOSIS\tb_00484.png
perceptual_duplicate,G:\Ai-CDD\data\raw\dataset\train\TUBERCULOSIS\tb_00356.png,G:\Ai-CDD\data\raw\dataset\val\TUBERCULOSIS\tb_00485.png
perceptual_duplicate,G:\Ai-CDD\data\raw\dataset\train\TUBERCULOSIS\tb_01006.png,G:\Ai-CDD\data\raw\dataset\val\TUBERCULOSIS\tb_00485.png
perceptual_duplicate,G:\Ai-CDD\data\raw\dataset\train\TUBERCULOSIS\tb_01013.png,G:\Ai-CDD\data\raw\dataset\val\TUBERCULOSIS\tb_00486.png
perceptual_duplicate,G:\Ai-CDD\data\raw\dataset\train\TUBERCULOSIS\tb_00363.png,G:\Ai-CDD\data\raw\dataset\val\TUBERCULOSIS\tb_00487.png
perceptual_duplicate,G:\Ai-CDD\data\raw\dataset\train\TUBERCULOSIS\tb_01018.png,G:\Ai-CDD\data\raw\dataset\val\TUBERCULOSIS\tb_00487.png
perceptual_duplicate,G:\Ai-CDD\data\raw\dataset\train\TUBERCULOSIS\tb_00365.png,G:\Ai-CDD\data\raw\dataset\val\TUBERCULOSIS\tb_00488.png
perceptual_duplicate,G:\Ai-CDD\data\raw\dataset\train\TUBERCULOSIS\tb_00369.png,G:\Ai-CDD\data\raw\dataset\val\TUBERCULOSIS\tb_00488.png
perceptual_duplicate,G:\Ai-CDD\data\raw\dataset\train\TUBERCULOSIS\tb_01022.png,G:\Ai-CDD\data\raw\dataset\val\TUBERCULOSIS\tb_00488.png
perceptual_duplicate,G:\Ai-CDD\data\raw\dataset\train\TUBERCULOSIS\tb_01026.png,G:\Ai-CDD\data\raw\dataset\val\TUBERCULOSIS\tb_00488.png
perceptual_duplicate,G:\Ai-CDD\data\raw\dataset\train\TUBERCULOSIS\tb_01030.png,G:\Ai-CDD\data\raw\dataset\val\TUBERCULOSIS\tb_00489.png
perceptual_duplicate,G:\Ai-CDD\data\raw\dataset\train\TUBERCULOSIS\tb_01039.png,G:\Ai-CDD\data\raw\dataset\val\TUBERCULOSIS\tb_00490.png
perceptual_duplicate,G:\Ai-CDD\data\raw\dataset\train\TUBERCULOSIS\tb_00380.png,G:\Ai-CDD\data\raw\dataset\val\TUBERCULOSIS\tb_00491.png
perceptual_duplicate,G:\Ai-CDD\data\raw\dataset\train\TUBERCULOSIS\tb_01045.png,G:\Ai-CDD\data\raw\dataset\val\TUBERCULOSIS\tb_00491.png
perceptual_duplicate,G:\Ai-CDD\data\raw\dataset\train\TUBERCULOSIS\tb_01050.png,G:\Ai-CDD\data\raw\dataset\val\TUBERCULOSIS\tb_00492.png
perceptual_duplicate,G:\Ai-CDD\data\raw\dataset\test\TUBERCULOSIS\tb_00086.png,G:\Ai-CDD\data\raw\dataset\val\TUBERCULOSIS\tb_00492.png
perceptual_duplicate,G:\Ai-CDD\data\raw\dataset\train\TUBERCULOSIS\tb_00388.png,G:\Ai-CDD\data\raw\dataset\val\TUBERCULOSIS\tb_00493.png
perceptual_duplicate,G:\Ai-CDD\data\raw\dataset\train\TUBERCULOSIS\tb_01057.png,G:\Ai-CDD\data\raw\dataset\val\TUBERCULOSIS\tb_00493.png
perceptual_duplicate,G:\Ai-CDD\data\raw\dataset\train\TUBERCULOSIS\tb_00391.png,G:\Ai-CDD\data\raw\dataset\val\TUBERCULOSIS\tb_00494.png
perceptual_duplicate,G:\Ai-CDD\data\raw\dataset\train\TUBERCULOSIS\tb_01060.png,G:\Ai-CDD\data\raw\dataset\val\TUBERCULOSIS\tb_00494.png
perceptual_duplicate,G:\Ai-CDD\data\raw\dataset\train\TUBERCULOSIS\tb_01066.png,G:\Ai-CDD\data\raw\dataset\val\TUBERCULOSIS\tb_00495.png
perceptual_duplicate,G:\Ai-CDD\data\raw\dataset\test\TUBERCULOSIS\tb_00088.png,G:\Ai-CDD\data\raw\dataset\val\TUBERCULOSIS\tb_00495.png
perceptual_duplicate,G:\Ai-CDD\data\raw\dataset\train\TUBERCULOSIS\tb_00398.png,G:\Ai-CDD\data\raw\dataset\val\TUBERCULOSIS\tb_00496.png
perceptual_duplicate,G:\Ai-CDD\data\raw\dataset\train\TUBERCULOSIS\tb_00546.png,G:\Ai-CDD\data\raw\dataset\val\TUBERCULOSIS\tb_00496.png
perceptual_duplicate,G:\Ai-CDD\data\raw\dataset\train\TUBERCULOSIS\tb_01068.png,G:\Ai-CDD\data\raw\dataset\val\TUBERCULOSIS\tb_00496.png
perceptual_duplicate,G:\Ai-CDD\data\raw\dataset\train\TUBERCULOSIS\tb_01069.png,G:\Ai-CDD\data\raw\dataset\val\TUBERCULOSIS\tb_00497.png
perceptual_duplicate,G:\Ai-CDD\data\raw\dataset\test\TUBERCULOSIS\tb_00089.png,G:\Ai-CDD\data\raw\dataset\val\TUBERCULOSIS\tb_00497.png
perceptual_duplicate,G:\Ai-CDD\data\raw\dataset\train\TUBERCULOSIS\tb_00408.png,G:\Ai-CDD\data\raw\dataset\val\TUBERCULOSIS\tb_00498.png
perceptual_duplicate,G:\Ai-CDD\data\raw\dataset\train\TUBERCULOSIS\tb_01082.png,G:\Ai-CDD\data\raw\dataset\val\TUBERCULOSIS\tb_00498.png
perceptual_duplicate,G:\Ai-CDD\data\raw\dataset\train\TUBERCULOSIS\tb_00412.png,G:\Ai-CDD\data\raw\dataset\val\TUBERCULOSIS\tb_00499.png
perceptual_duplicate,G:\Ai-CDD\data\raw\dataset\train\TUBERCULOSIS\tb_01086.png,G:\Ai-CDD\data\raw\dataset\val\TUBERCULOSIS\tb_00499.png
perceptual_duplicate,G:\Ai-CDD\data\raw\dataset\train\TUBERCULOSIS\tb_00419.png,G:\Ai-CDD\data\raw\dataset\val\TUBERCULOSIS\tb_00500.png
perceptual_duplicate,G:\Ai-CDD\data\raw\dataset\train\TUBERCULOSIS\tb_01094.png,G:\Ai-CDD\data\raw\dataset\val\TUBERCULOSIS\tb_00500.png
perceptual_duplicate,G:\Ai-CDD\data\raw\dataset\train\TUBERCULOSIS\tb_00432.png,G:\Ai-CDD\data\raw\dataset\val\TUBERCULOSIS\tb_00502.png
perceptual_duplicate,G:\Ai-CDD\data\raw\dataset\train\TUBERCULOSIS\tb_00433.png,G:\Ai-CDD\data\raw\dataset\val\TUBERCULOSIS\tb_00503.png
perceptual_duplicate,G:\Ai-CDD\data\raw\dataset\test\TUBERCULOSIS\tb_00107.png,G:\Ai-CDD\data\raw\dataset\val\TUBERCULOSIS\tb_00503.png
perceptual_duplicate,G:\Ai-CDD\data\raw\dataset\test\TUBERCULOSIS\tb_00095.png,G:\Ai-CDD\data\raw\dataset\val\TUBERCULOSIS\tb_00504.png
perceptual_duplicate,G:\Ai-CDD\data\raw\dataset\test\TUBERCULOSIS\tb_00108.png,G:\Ai-CDD\data\raw\dataset\val\TUBERCULOSIS\tb_00504.png
perceptual_duplicate,G:\Ai-CDD\data\raw\dataset\train\TUBERCULOSIS\tb_00436.png,G:\Ai-CDD\data\raw\dataset\val\TUBERCULOSIS\tb_00505.png
perceptual_duplicate,G:\Ai-CDD\data\raw\dataset\test\TUBERCULOSIS\tb_00111.png,G:\Ai-CDD\data\raw\dataset\val\TUBERCULOSIS\tb_00505.png
perceptual_duplicate,G:\Ai-CDD\data\raw\dataset\train\TUBERCULOSIS\tb_00438.png,G:\Ai-CDD\data\raw\dataset\val\TUBERCULOSIS\tb_00506.png
perceptual_duplicate,G:\Ai-CDD\data\raw\dataset\test\TUBERCULOSIS\tb_00113.png,G:\Ai-CDD\data\raw\dataset\val\TUBERCULOSIS\tb_00506.png
perceptual_duplicate,G:\Ai-CDD\data\raw\dataset\test\TUBERCULOSIS\tb_00125.png,G:\Ai-CDD\data\raw\dataset\val\TUBERCULOSIS\tb_00507.png
perceptual_duplicate,G:\Ai-CDD\data\raw\dataset\train\TUBERCULOSIS\tb_00448.png,G:\Ai-CDD\data\raw\dataset\val\TUBERCULOSIS\tb_00508.png
perceptual_duplicate,G:\Ai-CDD\data\raw\dataset\test\TUBERCULOSIS\tb_00126.png,G:\Ai-CDD\data\raw\dataset\val\TUBERCULOSIS\tb_00508.png
perceptual_duplicate,G:\Ai-CDD\data\raw\dataset\train\TUBERCULOSIS\tb_00453.png,G:\Ai-CDD\data\raw\dataset\val\TUBERCULOSIS\tb_00509.png
perceptual_duplicate,G:\Ai-CDD\data\raw\dataset\test\TUBERCULOSIS\tb_00132.png,G:\Ai-CDD\data\raw\dataset\val\TUBERCULOSIS\tb_00509.png
perceptual_duplicate,G:\Ai-CDD\data\raw\dataset\test\TUBERCULOSIS\tb_00139.png,G:\Ai-CDD\data\raw\dataset\val\TUBERCULOSIS\tb_00510.png
perceptual_duplicate,G:\Ai-CDD\data\raw\dataset\train\TUBERCULOSIS\tb_00459.png,G:\Ai-CDD\data\raw\dataset\val\TUBERCULOSIS\tb_00511.png
perceptual_duplicate,G:\Ai-CDD\data\raw\dataset\test\TUBERCULOSIS\tb_00140.png,G:\Ai-CDD\data\raw\dataset\val\TUBERCULOSIS\tb_00511.png
perceptual_duplicate,G:\Ai-CDD\data\raw\dataset\train\TUBERCULOSIS\tb_00461.png,G:\Ai-CDD\data\raw\dataset\val\TUBERCULOSIS\tb_00512.png
perceptual_duplicate,G:\Ai-CDD\data\raw\dataset\test\TUBERCULOSIS\tb_00143.png,G:\Ai-CDD\data\raw\dataset\val\TUBERCULOSIS\tb_00512.png
perceptual_duplicate,G:\Ai-CDD\data\raw\dataset\test\TUBERCULOSIS\tb_00102.png,G:\Ai-CDD\data\raw\dataset\val\TUBERCULOSIS\tb_00513.png
perceptual_duplicate,G:\Ai-CDD\data\raw\dataset\test\TUBERCULOSIS\tb_00145.png,G:\Ai-CDD\data\raw\dataset\val\TUBERCULOSIS\tb_00513.png
perceptual_duplicate,G:\Ai-CDD\data\raw\dataset\train\TUBERCULOSIS\tb_01112.png,G:\Ai-CDD\data\raw\dataset\val\TUBERCULOSIS\tb_00514.png
perceptual_duplicate,G:\Ai-CDD\data\raw\dataset\train\TUBERCULOSIS\tb_00469.png,G:\Ai-CDD\data\raw\dataset\val\TUBERCULOSIS\tb_00515.png
perceptual_duplicate,G:\Ai-CDD\data\raw\dataset\train\TUBERCULOSIS\tb_01116.png,G:\Ai-CDD\data\raw\dataset\val\TUBERCULOSIS\tb_00515.png
perceptual_duplicate,G:\Ai-CDD\data\raw\dataset\train\TUBERCULOSIS\tb_00471.png,G:\Ai-CDD\data\raw\dataset\val\TUBERCULOSIS\tb_00516.png
perceptual_duplicate,G:\Ai-CDD\data\raw\dataset\train\TUBERCULOSIS\tb_01118.png,G:\Ai-CDD\data\raw\dataset\val\TUBERCULOSIS\tb_00516.png
perceptual_duplicate,G:\Ai-CDD\data\raw\dataset\train\TUBERCULOSIS\tb_01119.png,G:\Ai-CDD\data\raw\dataset\val\TUBERCULOSIS\tb_00517.png
perceptual_duplicate,G:\Ai-CDD\data\raw\dataset\test\TUBERCULOSIS\tb_00105.png,G:\Ai-CDD\data\raw\dataset\val\TUBERCULOSIS\tb_00517.png
perceptual_duplicate,G:\Ai-CDD\data\raw\dataset\train\TUBERCULOSIS\tb_00472.png,G:\Ai-CDD\data\raw\dataset\val\TUBERCULOSIS\tb_00518.png
perceptual_duplicate,G:\Ai-CDD\data\raw\dataset\train\TUBERCULOSIS\tb_01120.png,G:\Ai-CDD\data\raw\dataset\val\TUBERCULOSIS\tb_00518.png
perceptual_duplicate,G:\Ai-CDD\data\raw\dataset\train\TUBERCULOSIS\tb_00473.png,G:\Ai-CDD\data\raw\dataset\val\TUBERCULOSIS\tb_00519.png
perceptual_duplicate,G:\Ai-CDD\data\raw\dataset\train\TUBERCULOSIS\tb_01121.png,G:\Ai-CDD\data\raw\dataset\val\TUBERCULOSIS\tb_00519.png
perceptual_duplicate,G:\Ai-CDD\data\raw\dataset\train\TUBERCULOSIS\tb_00478.png,G:\Ai-CDD\data\raw\dataset\val\TUBERCULOSIS\tb_00520.png
perceptual_duplicate,G:\Ai-CDD\data\raw\dataset\train\TUBERCULOSIS\tb_01126.png,G:\Ai-CDD\data\raw\dataset\val\TUBERCULOSIS\tb_00520.png
perceptual_duplicate,G:\Ai-CDD\data\raw\dataset\train\TUBERCULOSIS\tb_00483.png,G:\Ai-CDD\data\raw\dataset\val\TUBERCULOSIS\tb_00521.png
perceptual_duplicate,G:\Ai-CDD\data\raw\dataset\train\TUBERCULOSIS\tb_01131.png,G:\Ai-CDD\data\raw\dataset\val\TUBERCULOSIS\tb_00521.png
perceptual_duplicate,G:\Ai-CDD\data\raw\dataset\train\TUBERCULOSIS\tb_00486.png,G:\Ai-CDD\data\raw\dataset\val\TUBERCULOSIS\tb_00522.png
perceptual_duplicate,G:\Ai-CDD\data\raw\dataset\train\TUBERCULOSIS\tb_01135.png,G:\Ai-CDD\data\raw\dataset\val\TUBERCULOSIS\tb_00522.png
perceptual_duplicate,G:\Ai-CDD\data\raw\dataset\test\NORMAL\normal_00391.png,G:\Ai-CDD\data\raw\dataset\train\NORMAL\normal_02028.png
perceptual_duplicate,G:\Ai-CDD\data\raw\dataset\train\NORMAL\normal_02275.png,G:\Ai-CDD\data\raw\dataset\train\NORMAL\normal_02124.png
perceptual_duplicate,G:\Ai-CDD\data\raw\dataset\test\NORMAL\normal_00449.png,G:\Ai-CDD\data\raw\dataset\train\NORMAL\normal_02142.png
perceptual_duplicate,G:\Ai-CDD\data\raw\dataset\val\NORMAL\normal_00277.png,G:\Ai-CDD\data\raw\dataset\train\NORMAL\normal_02166.png
perceptual_duplicate,G:\Ai-CDD\data\raw\dataset\test\NORMAL\normal_00428.png,G:\Ai-CDD\data\raw\dataset\train\NORMAL\normal_02174.png
perceptual_duplicate,G:\Ai-CDD\data\raw\dataset\train\NORMAL\normal_02264.png,G:\Ai-CDD\data\raw\dataset\train\NORMAL\normal_02176.png
perceptual_duplicate,G:\Ai-CDD\data\raw\dataset\test\NORMAL\normal_00174.png,G:\Ai-CDD\data\raw\dataset\train\NORMAL\normal_02220.png
perceptual_duplicate,G:\Ai-CDD\data\raw\dataset\train\NORMAL\normal_02339.png,G:\Ai-CDD\data\raw\dataset\train\NORMAL\normal_02221.png
perceptual_duplicate,G:\Ai-CDD\data\raw\dataset\val\NORMAL\normal_00290.png,G:\Ai-CDD\data\raw\dataset\train\NORMAL\normal_02250.png
perceptual_duplicate,G:\Ai-CDD\data\raw\dataset\val\NORMAL\normal_00525.png,G:\Ai-CDD\data\raw\dataset\train\NORMAL\normal_02313.png
perceptual_duplicate,G:\Ai-CDD\data\raw\dataset\test\NORMAL\normal_00050.png,G:\Ai-CDD\data\raw\dataset\train\NORMAL\normal_02331.png
perceptual_duplicate,G:\Ai-CDD\data\raw\dataset\test\NORMAL\normal_00404.png,G:\Ai-CDD\data\raw\dataset\train\NORMAL\normal_02336.png
perceptual_duplicate,G:\Ai-CDD\data\raw\dataset\test\NORMAL\normal_00609.png,G:\Ai-CDD\data\raw\dataset\train\NORMAL\normal_02426.png
perceptual_duplicate,G:\Ai-CDD\data\raw\dataset\val\NORMAL\normal_00549.png,G:\Ai-CDD\data\raw\dataset\train\NORMAL\normal_02426.png
perceptual_duplicate,G:\Ai-CDD\data\raw\dataset\train\NORMAL\normal_03856.png,G:\Ai-CDD\data\raw\dataset\train\NORMAL\normal_02451.png
perceptual_duplicate,G:\Ai-CDD\data\raw\dataset\train\NORMAL\normal_03857.png,G:\Ai-CDD\data\raw\dataset\train\NORMAL\normal_02452.png
perceptual_duplicate,G:\Ai-CDD\data\raw\dataset\train\NORMAL\normal_03858.png,G:\Ai-CDD\data\raw\dataset\train\NORMAL\normal_02453.png
perceptual_duplicate,G:\Ai-CDD\data\raw\dataset\test\NORMAL\normal_00787.png,G:\Ai-CDD\data\raw\dataset\train\NORMAL\normal_02454.png
perceptual_duplicate,G:\Ai-CDD\data\raw\dataset\test\NORMAL\normal_00788.png,G:\Ai-CDD\data\raw\dataset\train\NORMAL\normal_02455.png
perceptual_duplicate,G:\Ai-CDD\data\raw\dataset\train\NORMAL\normal_03859.png,G:\Ai-CDD\data\raw\dataset\train\NORMAL\normal_02456.png
perceptual_duplicate,G:\Ai-CDD\data\raw\dataset\train\NORMAL\normal_03860.png,G:\Ai-CDD\data\raw\dataset\train\NORMAL\normal_02457.png
perceptual_duplicate,G:\Ai-CDD\data\raw\dataset\train\NORMAL\normal_02651.png,G:\Ai-CDD\data\raw\dataset\train\NORMAL\normal_02458.png
perceptual_duplicate,G:\Ai-CDD\data\raw\dataset\train\NORMAL\normal_03861.png,G:\Ai-CDD\data\raw\dataset\train\NORMAL\normal_02458.png
perceptual_duplicate,G:\Ai-CDD\data\raw\dataset\train\NORMAL\normal_03990.png,G:\Ai-CDD\data\raw\dataset\train\NORMAL\normal_02458.png
perceptual_duplicate,G:\Ai-CDD\data\raw\dataset\train\NORMAL\normal_03862.png,G:\Ai-CDD\data\raw\dataset\train\NORMAL\normal_02459.png
perceptual_duplicate,G:\Ai-CDD\data\raw\dataset\val\NORMAL\normal_00560.png,G:\Ai-CDD\data\raw\dataset\train\NORMAL\normal_02460.png
perceptual_duplicate,G:\Ai-CDD\data\raw\dataset\val\NORMAL\normal_00561.png,G:\Ai-CDD\data\raw\dataset\train\NORMAL\normal_02461.png
perceptual_duplicate,G:\Ai-CDD\data\raw\dataset\val\NORMAL\normal_00562.png,G:\Ai-CDD\data\raw\dataset\train\NORMAL\normal_02462.png
perceptual_duplicate,G:\Ai-CDD\data\raw\dataset\train\NORMAL\normal_03863.png,G:\Ai-CDD\data\raw\dataset\train\NORMAL\normal_02463.png
perceptual_duplicate,G:\Ai-CDD\data\raw\dataset\train\NORMAL\normal_03864.png,G:\Ai-CDD\data\raw\dataset\train\NORMAL\normal_02464.png
perceptual_duplicate,G:\Ai-CDD\data\raw\dataset\train\NORMAL\normal_03865.png,G:\Ai-CDD\data\raw\dataset\train\NORMAL\normal_02465.png
perceptual_duplicate,G:\Ai-CDD\data\raw\dataset\train\NORMAL\normal_03866.png,G:\Ai-CDD\data\raw\dataset\train\NORMAL\normal_02466.png
perceptual_duplicate,G:\Ai-CDD\data\raw\dataset\test\NORMAL\normal_00789.png,G:\Ai-CDD\data\raw\dataset\train\NORMAL\normal_02467.png
perceptual_duplicate,G:\Ai-CDD\data\raw\dataset\train\NORMAL\normal_03867.png,G:\Ai-CDD\data\raw\dataset\train\NORMAL\normal_02468.png
perceptual_duplicate,G:\Ai-CDD\data\raw\dataset\train\NORMAL\normal_03868.png,G:\Ai-CDD\data\raw\dataset\train\NORMAL\normal_02469.png
perceptual_duplicate,G:\Ai-CDD\data\raw\dataset\test\NORMAL\normal_00790.png,G:\Ai-CDD\data\raw\dataset\train\NORMAL\normal_02470.png
perceptual_duplicate,G:\Ai-CDD\data\raw\dataset\test\NORMAL\normal_00791.png,G:\Ai-CDD\data\raw\dataset\train\NORMAL\normal_02471.png
perceptual_duplicate,G:\Ai-CDD\data\raw\dataset\test\NORMAL\normal_00792.png,G:\Ai-CDD\data\raw\dataset\train\NORMAL\normal_02472.png
perceptual_duplicate,G:\Ai-CDD\data\raw\dataset\train\NORMAL\normal_03869.png,G:\Ai-CDD\data\raw\dataset\train\NORMAL\normal_02473.png
perceptual_duplicate,G:\Ai-CDD\data\raw\dataset\test\NORMAL\normal_00793.png,G:\Ai-CDD\data\raw\dataset\train\NORMAL\normal_02474.png
perceptual_duplicate,G:\Ai-CDD\data\raw\dataset\train\NORMAL\normal_03870.png,G:\Ai-CDD\data\raw\dataset\train\NORMAL\normal_02475.png
perceptual_duplicate,G:\Ai-CDD\data\raw\dataset\val\NORMAL\normal_00563.png,G:\Ai-CDD\data\raw\dataset\train\NORMAL\normal_02476.png
perceptual_duplicate,G:\Ai-CDD\data\raw\dataset\val\NORMAL\normal_00564.png,G:\Ai-CDD\data\raw\dataset\train\NORMAL\normal_02477.png
perceptual_duplicate,G:\Ai-CDD\data\raw\dataset\train\NORMAL\normal_03319.png,G:\Ai-CDD\data\raw\dataset\train\NORMAL\normal_02478.png
perceptual_duplicate,G:\Ai-CDD\data\raw\dataset\train\NORMAL\normal_03563.png,G:\Ai-CDD\data\raw\dataset\train\NORMAL\normal_02478.png
perceptual_duplicate,G:\Ai-CDD\data\raw\dataset\train\NORMAL\normal_03871.png,G:\Ai-CDD\data\raw\dataset\train\NORMAL\normal_02478.png
perceptual_duplicate,G:\Ai-CDD\data\raw\dataset\train\NORMAL\normal_04471.png,G:\Ai-CDD\data\raw\dataset\train\NORMAL\normal_02478.png
perceptual_duplicate,G:\Ai-CDD\data\raw\dataset\train\NORMAL\normal_04598.png,G:\Ai-CDD\data\raw\dataset\train\NORMAL\normal_02478.png
perceptual_duplicate,G:\Ai-CDD\data\raw\dataset\train\NORMAL\normal_03872.png,G:\Ai-CDD\data\raw\dataset\train\NORMAL\normal_02479.png
perceptual_duplicate,G:\Ai-CDD\data\raw\dataset\train\NORMAL\normal_03873.png,G:\Ai-CDD\data\raw\dataset\train\NORMAL\normal_02480.png
perceptual_duplicate,G:\Ai-CDD\data\raw\dataset\test\NORMAL\normal_00794.png,G:\Ai-CDD\data\raw\dataset\train\NORMAL\normal_02481.png
perceptual_duplicate,G:\Ai-CDD\data\raw\dataset\train\NORMAL\normal_03874.png,G:\Ai-CDD\data\raw\dataset\train\NORMAL\normal_02482.png
perceptual_duplicate,G:\Ai-CDD\data\raw\dataset\train\NORMAL\normal_03875.png,G:\Ai-CDD\data\raw\dataset\train\NORMAL\normal_02483.png
perceptual_duplicate,G:\Ai-CDD\data\raw\dataset\val\NORMAL\normal_00565.png,G:\Ai-CDD\data\raw\dataset\train\NORMAL\normal_02484.png
perceptual_duplicate,G:\Ai-CDD\data\raw\dataset\train\NORMAL\normal_02766.png,G:\Ai-CDD\data\raw\dataset\train\NORMAL\normal_02485.png
perceptual_duplicate,G:\Ai-CDD\data\raw\dataset\train\NORMAL\normal_02996.png,G:\Ai-CDD\data\raw\dataset\train\NORMAL\normal_02485.png
perceptual_duplicate,G:\Ai-CDD\data\raw\dataset\train\NORMAL\normal_03755.png,G:\Ai-CDD\data\raw\dataset\train\NORMAL\normal_02485.png
perceptual_duplicate,G:\Ai-CDD\data\raw\dataset\train\NORMAL\normal_04196.png,G:\Ai-CDD\data\raw\dataset\train\NORMAL\normal_02485.png
perceptual_duplicate,G:\Ai-CDD\data\raw\dataset\train\NORMAL\normal_04698.png,G:\Ai-CDD\data\raw\dataset\train\NORMAL\normal_02485.png
perceptual_duplicate,G:\Ai-CDD\data\raw\dataset\test\NORMAL\normal_00795.png,G:\Ai-CDD\data\raw\dataset\train\NORMAL\normal_02485.png
perceptual_duplicate,G:\Ai-CDD\data\raw\dataset\val\NORMAL\normal_00613.png,G:\Ai-CDD\data\raw\dataset\train\NORMAL\normal_02485.png
perceptual_duplicate,G:\Ai-CDD\data\raw\dataset\train\NORMAL\normal_03876.png,G:\Ai-CDD\data\raw\dataset\train\NORMAL\normal_02486.png
perceptual_duplicate,G:\Ai-CDD\data\raw\dataset\train\NORMAL\normal_03877.png,G:\Ai-CDD\data\raw\dataset\train\NORMAL\normal_02487.png
perceptual_duplicate,G:\Ai-CDD\data\raw\dataset\train\NORMAL\normal_03878.png,G:\Ai-CDD\data\raw\dataset\train\NORMAL\normal_02488.png
perceptual_duplicate,G:\Ai-CDD\data\raw\dataset\train\NORMAL\normal_03879.png,G:\Ai-CDD\data\raw\dataset\train\NORMAL\normal_02489.png
perceptual_duplicate,G:\Ai-CDD\data\raw\dataset\val\NORMAL\normal_00566.png,G:\Ai-CDD\data\raw\dataset\train\NORMAL\normal_02490.png
perceptual_duplicate,G:\Ai-CDD\data\raw\dataset\train\NORMAL\normal_03880.png,G:\Ai-CDD\data\raw\dataset\train\NORMAL\normal_02491.png
perceptual_duplicate,G:\Ai-CDD\data\raw\dataset\train\NORMAL\normal_03881.png,G:\Ai-CDD\data\raw\dataset\train\NORMAL\normal_02492.png
perceptual_duplicate,G:\Ai-CDD\data\raw\dataset\train\NORMAL\normal_03882.png,G:\Ai-CDD\data\raw\dataset\train\NORMAL\normal_02493.png
perceptual_duplicate,G:\Ai-CDD\data\raw\dataset\test\NORMAL\normal_00796.png,G:\Ai-CDD\data\raw\dataset\train\NORMAL\normal_02494.png
perceptual_duplicate,G:\Ai-CDD\data\raw\dataset\train\NORMAL\normal_03883.png,G:\Ai-CDD\data\raw\dataset\train\NORMAL\normal_02495.png
perceptual_duplicate,G:\Ai-CDD\data\raw\dataset\train\NORMAL\normal_03884.png,G:\Ai-CDD\data\raw\dataset\train\NORMAL\normal_02496.png
perceptual_duplicate,G:\Ai-CDD\data\raw\dataset\train\NORMAL\normal_03885.png,G:\Ai-CDD\data\raw\dataset\train\NORMAL\normal_02497.png
perceptual_duplicate,G:\Ai-CDD\data\raw\dataset\test\NORMAL\normal_00797.png,G:\Ai-CDD\data\raw\dataset\train\NORMAL\normal_02498.png
perceptual_duplicate,G:\Ai-CDD\data\raw\dataset\train\NORMAL\normal_03886.png,G:\Ai-CDD\data\raw\dataset\train\NORMAL\normal_02499.png
perceptual_duplicate,G:\Ai-CDD\data\raw\dataset\test\NORMAL\normal_00798.png,G:\Ai-CDD\data\raw\dataset\train\NORMAL\normal_02500.png
perceptual_duplicate,G:\Ai-CDD\data\raw\dataset\train\NORMAL\normal_03887.png,G:\Ai-CDD\data\raw\dataset\train\NORMAL\normal_02501.png
perceptual_duplicate,G:\Ai-CDD\data\raw\dataset\val\NORMAL\normal_00567.png,G:\Ai-CDD\data\raw\dataset\train\NORMAL\normal_02503.png
perceptual_duplicate,G:\Ai-CDD\data\raw\dataset\train\NORMAL\normal_03888.png,G:\Ai-CDD\data\raw\dataset\train\NORMAL\normal_02504.png
perceptual_duplicate,G:\Ai-CDD\data\raw\dataset\train\NORMAL\normal_03889.png,G:\Ai-CDD\data\raw\dataset\train\NORMAL\normal_02505.png
perceptual_duplicate,G:\Ai-CDD\data\raw\dataset\train\NORMAL\normal_03890.png,G:\Ai-CDD\data\raw\dataset\train\NORMAL\normal_02506.png
perceptual_duplicate,G:\Ai-CDD\data\raw\dataset\train\NORMAL\normal_03891.png,G:\Ai-CDD\data\raw\dataset\train\NORMAL\normal_02507.png
perceptual_duplicate,G:\Ai-CDD\data\raw\dataset\train\NORMAL\normal_03892.png,G:\Ai-CDD\data\raw\dataset\train\NORMAL\normal_02508.png
perceptual_duplicate,G:\Ai-CDD\data\raw\dataset\train\NORMAL\normal_03893.png,G:\Ai-CDD\data\raw\dataset\train\NORMAL\normal_02509.png
perceptual_duplicate,G:\Ai-CDD\data\raw\dataset\test\NORMAL\normal_00799.png,G:\Ai-CDD\data\raw\dataset\train\NORMAL\normal_02510.png
perceptual_duplicate,G:\Ai-CDD\data\raw\dataset\train\NORMAL\normal_03894.png,G:\Ai-CDD\data\raw\dataset\train\NORMAL\normal_02511.png
perceptual_duplicate,G:\Ai-CDD\data\raw\dataset\train\NORMAL\normal_02830.png,G:\Ai-CDD\data\raw\dataset\train\NORMAL\normal_02512.png
perceptual_duplicate,G:\Ai-CDD\data\raw\dataset\train\NORMAL\normal_03895.png,G:\Ai-CDD\data\raw\dataset\train\NORMAL\normal_02512.png
perceptual_duplicate,G:\Ai-CDD\data\raw\dataset\train\NORMAL\normal_04093.png,G:\Ai-CDD\data\raw\dataset\train\NORMAL\normal_02512.png
perceptual_duplicate,G:\Ai-CDD\data\raw\dataset\train\NORMAL\normal_03896.png,G:\Ai-CDD\data\raw\dataset\train\NORMAL\normal_02513.png
perceptual_duplicate,G:\Ai-CDD\data\raw\dataset\train\NORMAL\normal_02761.png,G:\Ai-CDD\data\raw\dataset\train\NORMAL\normal_02514.png
perceptual_duplicate,G:\Ai-CDD\data\raw\dataset\train\NORMAL\normal_03897.png,G:\Ai-CDD\data\raw\dataset\train\NORMAL\normal_02514.png
perceptual_duplicate,G:\Ai-CDD\data\raw\dataset\train\NORMAL\normal_04052.png,G:\Ai-CDD\data\raw\dataset\train\NORMAL\normal_02514.png
perceptual_duplicate,G:\Ai-CDD\data\raw\dataset\val\NORMAL\normal_00568.png,G:\Ai-CDD\data\raw\dataset\train\NORMAL\normal_02515.png
perceptual_duplicate,G:\Ai-CDD\data\raw\dataset\train\NORMAL\normal_03898.png,G:\Ai-CDD\data\raw\dataset\train\NORMAL\normal_02516.png
perceptual_duplicate,G:\Ai-CDD\data\raw\dataset\val\NORMAL\normal_00569.png,G:\Ai-CDD\data\raw\dataset\train\NORMAL\normal_02517.png
perceptual_duplicate,G:\Ai-CDD\data\raw\dataset\val\NORMAL\normal_00570.png,G:\Ai-CDD\data\raw\dataset\train\NORMAL\normal_02518.png
perceptual_duplicate,G:\Ai-CDD\data\raw\dataset\train\NORMAL\normal_03899.png,G:\Ai-CDD\data\raw\dataset\train\NORMAL\normal_02519.png
perceptual_duplicate,G:\Ai-CDD\data\raw\dataset\val\NORMAL\normal_00571.png,G:\Ai-CDD\data\raw\dataset\train\NORMAL\normal_02520.png
perceptual_duplicate,G:\Ai-CDD\data\raw\dataset\train\NORMAL\normal_03900.png,G:\Ai-CDD\data\raw\dataset\train\NORMAL\normal_02521.png
perceptual_duplicate,G:\Ai-CDD\data\raw\dataset\train\NORMAL\normal_03901.png,G:\Ai-CDD\data\raw\dataset\train\NORMAL\normal_02522.png
perceptual_duplicate,G:\Ai-CDD\data\raw\dataset\train\NORMAL\normal_03902.png,G:\Ai-CDD\data\raw\dataset\train\NORMAL\normal_02523.png
perceptual_duplicate,G:\Ai-CDD\data\raw\dataset\train\NORMAL\normal_02577.png,G:\Ai-CDD\data\raw\dataset\train\NORMAL\normal_02524.png
perceptual_duplicate,G:\Ai-CDD\data\raw\dataset\train\NORMAL\normal_02627.png,G:\Ai-CDD\data\raw\dataset\train\NORMAL\normal_02524.png
perceptual_duplicate,G:\Ai-CDD\data\raw\dataset\train\NORMAL\normal_03773.png,G:\Ai-CDD\data\raw\dataset\train\NORMAL\normal_02524.png
perceptual_duplicate,G:\Ai-CDD\data\raw\dataset\train\NORMAL\normal_03796.png,G:\Ai-CDD\data\raw\dataset\train\NORMAL\normal_02524.png
perceptual_duplicate,G:\Ai-CDD\data\raw\dataset\train\NORMAL\normal_03903.png,G:\Ai-CDD\data\raw\dataset\train\NORMAL\normal_02524.png
perceptual_duplicate,G:\Ai-CDD\data\raw\dataset\train\NORMAL\normal_03937.png,G:\Ai-CDD\data\raw\dataset\train\NORMAL\normal_02524.png
perceptual_duplicate,G:\Ai-CDD\data\raw\dataset\train\NORMAL\normal_03977.png,G:\Ai-CDD\data\raw\dataset\train\NORMAL\normal_02524.png
perceptual_duplicate,G:\Ai-CDD\data\raw\dataset\train\NORMAL\normal_04710.png,G:\Ai-CDD\data\raw\dataset\train\NORMAL\normal_02524.png
perceptual_duplicate,G:\Ai-CDD\data\raw\dataset\test\NORMAL\normal_00711.png,G:\Ai-CDD\data\raw\dataset\train\NORMAL\normal_02524.png
perceptual_duplicate,G:\Ai-CDD\data\raw\dataset\val\NORMAL\normal_00572.png,G:\Ai-CDD\data\raw\dataset\train\NORMAL\normal_02525.png
perceptual_duplicate,G:\Ai-CDD\data\raw\dataset\train\NORMAL\normal_03904.png,G:\Ai-CDD\data\raw\dataset\train\NORMAL\normal_02526.png
perceptual_duplicate,G:\Ai-CDD\data\raw\dataset\train\NORMAL\normal_03905.png,G:\Ai-CDD\data\raw\dataset\train\NORMAL\normal_02528.png
perceptual_duplicate,G:\Ai-CDD\data\raw\dataset\train\NORMAL\normal_03906.png,G:\Ai-CDD\data\raw\dataset\train\NORMAL\normal_02529.png
perceptual_duplicate,G:\Ai-CDD\data\raw\dataset\train\NORMAL\normal_03907.png,G:\Ai-CDD\data\raw\dataset\train\NORMAL\normal_02530.png
perceptual_duplicate,G:\Ai-CDD\data\raw\dataset\val\NORMAL\normal_00573.png,G:\Ai-CDD\data\raw\dataset\train\NORMAL\normal_02531.png
perceptual_duplicate,G:\Ai-CDD\data\raw\dataset\train\NORMAL\normal_03908.png,G:\Ai-CDD\data\raw\dataset\train\NORMAL\normal_02532.png
perceptual_duplicate,G:\Ai-CDD\data\raw\dataset\train\NORMAL\normal_03909.png,G:\Ai-CDD\data\raw\dataset\train\NORMAL\normal_02533.png
perceptual_duplicate,G:\Ai-CDD\data\raw\dataset\train\NORMAL\normal_03910.png,G:\Ai-CDD\data\raw\dataset\train\NORMAL\normal_02534.png
perceptual_duplicate,G:\Ai-CDD\data\raw\dataset\train\NORMAL\normal_03911.png,G:\Ai-CDD\data\raw\dataset\train\NORMAL\normal_02535.png
perceptual_duplicate,G:\Ai-CDD\data\raw\dataset\train\NORMAL\normal_03912.png,G:\Ai-CDD\data\raw\dataset\train\NORMAL\normal_02536.png
perceptual_duplicate,G:\Ai-CDD\data\raw\dataset\train\NORMAL\normal_03913.png,G:\Ai-CDD\data\raw\dataset\train\NORMAL\normal_02537.png
perceptual_duplicate,G:\Ai-CDD\data\raw\dataset\train\NORMAL\normal_02908.png,G:\Ai-CDD\data\raw\dataset\train\NORMAL\normal_02538.png
perceptual_duplicate,G:\Ai-CDD\data\raw\dataset\train\NORMAL\normal_03550.png,G:\Ai-CDD\data\raw\dataset\train\NORMAL\normal_02538.png
perceptual_duplicate,G:\Ai-CDD\data\raw\dataset\train\NORMAL\normal_03914.png,G:\Ai-CDD\data\raw\dataset\train\NORMAL\normal_02538.png
perceptual_duplicate,G:\Ai-CDD\data\raw\dataset\train\NORMAL\normal_04292.png,G:\Ai-CDD\data\raw\dataset\train\NORMAL\normal_02538.png
perceptual_duplicate,G:\Ai-CDD\data\raw\dataset\test\NORMAL\normal_00730.png,G:\Ai-CDD\data\raw\dataset\train\NORMAL\normal_02538.png
perceptual_duplicate,G:\Ai-CDD\data\raw\dataset\test\NORMAL\normal_00864.png,G:\Ai-CDD\data\raw\dataset\train\NORMAL\normal_02538.png
perceptual_duplicate,G:\Ai-CDD\data\raw\dataset\test\NORMAL\normal_01016.png,G:\Ai-CDD\data\raw\dataset\train\NORMAL\normal_02538.png
perceptual_duplicate,G:\Ai-CDD\data\raw\dataset\train\NORMAL\normal_03915.png,G:\Ai-CDD\data\raw\dataset\train\NORMAL\normal_02539.png
perceptual_duplicate,G:\Ai-CDD\data\raw\dataset\train\NORMAL\normal_03916.png,G:\Ai-CDD\data\raw\dataset\train\NORMAL\normal_02540.png
perceptual_duplicate,G:\Ai-CDD\data\raw\dataset\val\NORMAL\normal_00574.png,G:\Ai-CDD\data\raw\dataset\train\NORMAL\normal_02541.png
perceptual_duplicate,G:\Ai-CDD\data\raw\dataset\train\NORMAL\normal_03917.png,G:\Ai-CDD\data\raw\dataset\train\NORMAL\normal_02542.png
perceptual_duplicate,G:\Ai-CDD\data\raw\dataset\train\NORMAL\normal_03918.png,G:\Ai-CDD\data\raw\dataset\train\NORMAL\normal_02543.png
perceptual_duplicate,G:\Ai-CDD\data\raw\dataset\train\NORMAL\normal_03919.png,G:\Ai-CDD\data\raw\dataset\train\NORMAL\normal_02544.png
perceptual_duplicate,G:\Ai-CDD\data\raw\dataset\train\NORMAL\normal_02747.png,G:\Ai-CDD\data\raw\dataset\train\NORMAL\normal_02545.png
perceptual_duplicate,G:\Ai-CDD\data\raw\dataset\train\NORMAL\normal_02974.png,G:\Ai-CDD\data\raw\dataset\train\NORMAL\normal_02545.png
perceptual_duplicate,G:\Ai-CDD\data\raw\dataset\train\NORMAL\normal_03397.png,G:\Ai-CDD\data\raw\dataset\train\NORMAL\normal_02545.png
perceptual_duplicate,G:\Ai-CDD\data\raw\dataset\train\NORMAL\normal_03538.png,G:\Ai-CDD\data\raw\dataset\train\NORMAL\normal_02545.png
perceptual_duplicate,G:\Ai-CDD\data\raw\dataset\train\NORMAL\normal_04042.png,G:\Ai-CDD\data\raw\dataset\train\NORMAL\normal_02545.png
perceptual_duplicate,G:\Ai-CDD\data\raw\dataset\train\NORMAL\normal_04186.png,G:\Ai-CDD\data\raw\dataset\train\NORMAL\normal_02545.png
perceptual_duplicate,G:\Ai-CDD\data\raw\dataset\test\NORMAL\normal_00800.png,G:\Ai-CDD\data\raw\dataset\train\NORMAL\normal_02545.png
perceptual_duplicate,G:\Ai-CDD\data\raw\dataset\test\NORMAL\normal_00976.png,G:\Ai-CDD\data\raw\dataset\train\NORMAL\normal_02545.png
perceptual_duplicate,G:\Ai-CDD\data\raw\dataset\test\NORMAL\normal_01011.png,G:\Ai-CDD\data\raw\dataset\train\NORMAL\normal_02545.png
perceptual_duplicate,G:\Ai-CDD\data\raw\dataset\test\NORMAL\normal_00801.png,G:\Ai-CDD\data\raw\dataset\train\NORMAL\normal_02546.png
perceptual_duplicate,G:\Ai-CDD\data\raw\dataset\val\NORMAL\normal_00575.png,G:\Ai-CDD\data\raw\dataset\train\NORMAL\normal_02547.png
perceptual_duplicate,G:\Ai-CDD\data\raw\dataset\train\NORMAL\normal_03920.png,G:\Ai-CDD\data\raw\dataset\train\NORMAL\normal_02548.png
perceptual_duplicate,G:\Ai-CDD\data\raw\dataset\val\NORMAL\normal_00576.png,G:\Ai-CDD\data\raw\dataset\train\NORMAL\normal_02549.png
perceptual_duplicate,G:\Ai-CDD\data\raw\dataset\test\NORMAL\normal_00802.png,G:\Ai-CDD\data\raw\dataset\train\NORMAL\normal_02550.png
perceptual_duplicate,G:\Ai-CDD\data\raw\dataset\train\NORMAL\normal_02759.png,G:\Ai-CDD\data\raw\dataset\train\NORMAL\normal_02551.png
perceptual_duplicate,G:\Ai-CDD\data\raw\dataset\train\NORMAL\normal_03921.png,G:\Ai-CDD\data\raw\dataset\train\NORMAL\normal_02551.png
perceptual_duplicate,G:\Ai-CDD\data\raw\dataset\train\NORMAL\normal_04051.png,G:\Ai-CDD\data\raw\dataset\train\NORMAL\normal_02551.png
perceptual_duplicate,G:\Ai-CDD\data\raw\dataset\train\NORMAL\normal_03922.png,G:\Ai-CDD\data\raw\dataset\train\NORMAL\normal_02552.png
perceptual_duplicate,G:\Ai-CDD\data\raw\dataset\val\NORMAL\normal_00577.png,G:\Ai-CDD\data\raw\dataset\train\NORMAL\normal_02553.png
perceptual_duplicate,G:\Ai-CDD\data\raw\dataset\test\NORMAL\normal_00803.png,G:\Ai-CDD\data\raw\dataset\train\NORMAL\normal_02554.png
perceptual_duplicate,G:\Ai-CDD\data\raw\dataset\train\NORMAL\normal_03923.png,G:\Ai-CDD\data\raw\dataset\train\NORMAL\normal_02556.png
perceptual_duplicate,G:\Ai-CDD\data\raw\dataset\val\NORMAL\normal_00578.png,G:\Ai-CDD\data\raw\dataset\train\NORMAL\normal_02557.png
perceptual_duplicate,G:\Ai-CDD\data\raw\dataset\train\NORMAL\normal_03924.png,G:\Ai-CDD\data\raw\dataset\train\NORMAL\normal_02558.png
perceptual_duplicate,G:\Ai-CDD\data\raw\dataset\val\NORMAL\normal_00579.png,G:\Ai-CDD\data\raw\dataset\train\NORMAL\normal_02559.png
perceptual_duplicate,G:\Ai-CDD\data\raw\dataset\train\NORMAL\normal_03770.png,G:\Ai-CDD\data\raw\dataset\train\NORMAL\normal_02560.png
perceptual_duplicate,G:\Ai-CDD\data\raw\dataset\test\NORMAL\normal_00804.png,G:\Ai-CDD\data\raw\dataset\train\NORMAL\normal_02560.png
perceptual_duplicate,G:\Ai-CDD\data\raw\dataset\val\NORMAL\normal_00835.png,G:\Ai-CDD\data\raw\dataset\train\NORMAL\normal_02560.png
perceptual_duplicate,G:\Ai-CDD\data\raw\dataset\train\NORMAL\normal_02580.png,G:\Ai-CDD\data\raw\dataset\train\NORMAL\normal_02561.png
perceptual_duplicate,G:\Ai-CDD\data\raw\dataset\train\NORMAL\normal_02726.png,G:\Ai-CDD\data\raw\dataset\train\NORMAL\normal_02561.png
perceptual_duplicate,G:\Ai-CDD\data\raw\dataset\train\NORMAL\normal_03360.png,G:\Ai-CDD\data\raw\dataset\train\NORMAL\normal_02561.png
perceptual_duplicate,G:\Ai-CDD\data\raw\dataset\train\NORMAL\normal_03542.png,G:\Ai-CDD\data\raw\dataset\train\NORMAL\normal_02561.png
perceptual_duplicate,G:\Ai-CDD\data\raw\dataset\train\NORMAL\normal_03618.png,G:\Ai-CDD\data\raw\dataset\train\NORMAL\normal_02561.png
perceptual_duplicate,G:\Ai-CDD\data\raw\dataset\train\NORMAL\normal_03925.png,G:\Ai-CDD\data\raw\dataset\train\NORMAL\normal_02561.png
perceptual_duplicate,G:\Ai-CDD\data\raw\dataset\train\NORMAL\normal_03939.png,G:\Ai-CDD\data\raw\dataset\train\NORMAL\normal_02561.png
perceptual_duplicate,G:\Ai-CDD\data\raw\dataset\train\NORMAL\normal_04033.png,G:\Ai-CDD\data\raw\dataset\train\NORMAL\normal_02561.png
perceptual_duplicate,G:\Ai-CDD\data\raw\dataset\test\NORMAL\normal_01012.png,G:\Ai-CDD\data\raw\dataset\train\NORMAL\normal_02561.png
perceptual_duplicate,G:\Ai-CDD\data\raw\dataset\test\NORMAL\normal_01038.png,G:\Ai-CDD\data\raw\dataset\train\NORMAL\normal_02561.png
perceptual_duplicate,G:\Ai-CDD\data\raw\dataset\val\NORMAL\normal_00754.png,G:\Ai-CDD\data\raw\dataset\train\NORMAL\normal_02561.png
perceptual_duplicate,G:\Ai-CDD\data\raw\dataset\train\NORMAL\normal_03926.png,G:\Ai-CDD\data\raw\dataset\train\NORMAL\normal_02562.png
perceptual_duplicate,G:\Ai-CDD\data\raw\dataset\val\NORMAL\normal_00580.png,G:\Ai-CDD\data\raw\dataset\train\NORMAL\normal_02563.png
perceptual_duplicate,G:\Ai-CDD\data\raw\dataset\train\NORMAL\normal_02988.png,G:\Ai-CDD\data\raw\dataset\train\NORMAL\normal_02564.png
perceptual_duplicate,G:\Ai-CDD\data\raw\dataset\train\NORMAL\normal_03927.png,G:\Ai-CDD\data\raw\dataset\train\NORMAL\normal_02564.png
perceptual_duplicate,G:\Ai-CDD\data\raw\dataset\train\NORMAL\normal_04192.png,G:\Ai-CDD\data\raw\dataset\train\NORMAL\normal_02564.png
perceptual_duplicate,G:\Ai-CDD\data\raw\dataset\train\NORMAL\normal_02778.png,G:\Ai-CDD\data\raw\dataset\train\NORMAL\normal_02565.png
perceptual_duplicate,G:\Ai-CDD\data\raw\dataset\val\NORMAL\normal_00581.png,G:\Ai-CDD\data\raw\dataset\train\NORMAL\normal_02565.png
perceptual_duplicate,G:\Ai-CDD\data\raw\dataset\val\NORMAL\normal_00614.png,G:\Ai-CDD\data\raw\dataset\train\NORMAL\normal_02565.png
perceptual_duplicate,G:\Ai-CDD\data\raw\dataset\train\NORMAL\normal_03928.png,G:\Ai-CDD\data\raw\dataset\train\NORMAL\normal_02566.png
perceptual_duplicate,G:\Ai-CDD\data\raw\dataset\train\NORMAL\normal_03929.png,G:\Ai-CDD\data\raw\dataset\train\NORMAL\normal_02567.png
perceptual_duplicate,G:\Ai-CDD\data\raw\dataset\train\NORMAL\normal_03930.png,G:\Ai-CDD\data\raw\dataset\train\NORMAL\normal_02568.png
perceptual_duplicate,G:\Ai-CDD\data\raw\dataset\test\NORMAL\normal_00805.png,G:\Ai-CDD\data\raw\dataset\train\NORMAL\normal_02569.png
perceptual_duplicate,G:\Ai-CDD\data\raw\dataset\train\NORMAL\normal_03931.png,G:\Ai-CDD\data\raw\dataset\train\NORMAL\normal_02570.png
perceptual_duplicate,G:\Ai-CDD\data\raw\dataset\train\NORMAL\normal_03932.png,G:\Ai-CDD\data\raw\dataset\train\NORMAL\normal_02571.png
perceptual_duplicate,G:\Ai-CDD\data\raw\dataset\train\NORMAL\normal_03360.png,G:\Ai-CDD\data\raw\dataset\train\NORMAL\normal_02572.png
perceptual_duplicate,G:\Ai-CDD\data\raw\dataset\train\NORMAL\normal_03489.png,G:\Ai-CDD\data\raw\dataset\train\NORMAL\normal_02572.png
perceptual_duplicate,G:\Ai-CDD\data\raw\dataset\train\NORMAL\normal_03755.png,G:\Ai-CDD\data\raw\dataset\train\NORMAL\normal_02572.png
perceptual_duplicate,G:\Ai-CDD\data\raw\dataset\train\NORMAL\normal_04563.png,G:\Ai-CDD\data\raw\dataset\train\NORMAL\normal_02572.png
perceptual_duplicate,G:\Ai-CDD\data\raw\dataset\train\NORMAL\normal_04698.png,G:\Ai-CDD\data\raw\dataset\train\NORMAL\normal_02572.png
perceptual_duplicate,G:\Ai-CDD\data\raw\dataset\test\NORMAL\normal_00806.png,G:\Ai-CDD\data\raw\dataset\train\NORMAL\normal_02572.png
perceptual_duplicate,G:\Ai-CDD\data\raw\dataset\val\NORMAL\normal_00754.png,G:\Ai-CDD\data\raw\dataset\train\NORMAL\normal_02572.png
perceptual_duplicate,G:\Ai-CDD\data\raw\dataset\train\NORMAL\normal_03933.png,G:\Ai-CDD\data\raw\dataset\train\NORMAL\normal_02573.png
perceptual_duplicate,G:\Ai-CDD\data\raw\dataset\train\NORMAL\normal_03934.png,G:\Ai-CDD\data\raw\dataset\train\NORMAL\normal_02574.png
perceptual_duplicate,G:\Ai-CDD\data\raw\dataset\train\NORMAL\normal_03935.png,G:\Ai-CDD\data\raw\dataset\train\NORMAL\normal_02575.png
perceptual_duplicate,G:\Ai-CDD\data\raw\dataset\train\NORMAL\normal_03936.png,G:\Ai-CDD\data\raw\dataset\train\NORMAL\normal_02576.png
perceptual_duplicate,G:\Ai-CDD\data\raw\dataset\train\NORMAL\normal_04246.png,G:\Ai-CDD\data\raw\dataset\train\NORMAL\normal_02576.png
perceptual_duplicate,G:\Ai-CDD\data\raw\dataset\test\NORMAL\normal_00637.png,G:\Ai-CDD\data\raw\dataset\train\NORMAL\normal_02576.png
perceptual_duplicate,G:\Ai-CDD\data\raw\dataset\train\NORMAL\normal_03435.png,G:\Ai-CDD\data\raw\dataset\train\NORMAL\normal_02577.png
perceptual_duplicate,G:\Ai-CDD\data\raw\dataset\train\NORMAL\normal_03773.png,G:\Ai-CDD\data\raw\dataset\train\NORMAL\normal_02577.png
perceptual_duplicate,G:\Ai-CDD\data\raw\dataset\train\NORMAL\normal_03903.png,G:\Ai-CDD\data\raw\dataset\train\NORMAL\normal_02577.png
perceptual_duplicate,G:\Ai-CDD\data\raw\dataset\train\NORMAL\normal_03937.png,G:\Ai-CDD\data\raw\dataset\train\NORMAL\normal_02577.png
perceptual_duplicate,G:\Ai-CDD\data\raw\dataset\train\NORMAL\normal_04532.png,G:\Ai-CDD\data\raw\dataset\train\NORMAL\normal_02577.png
perceptual_duplicate,G:\Ai-CDD\data\raw\dataset\train\NORMAL\normal_04710.png,G:\Ai-CDD\data\raw\dataset\train\NORMAL\normal_02577.png
perceptual_duplicate,G:\Ai-CDD\data\raw\dataset\train\NORMAL\normal_03938.png,G:\Ai-CDD\data\raw\dataset\train\NORMAL\normal_02578.png
perceptual_duplicate,G:\Ai-CDD\data\raw\dataset\test\NORMAL\normal_00807.png,G:\Ai-CDD\data\raw\dataset\train\NORMAL\normal_02579.png
perceptual_duplicate,G:\Ai-CDD\data\raw\dataset\train\NORMAL\normal_02726.png,G:\Ai-CDD\data\raw\dataset\train\NORMAL\normal_02580.png
perceptual_duplicate,G:\Ai-CDD\data\raw\dataset\train\NORMAL\normal_03360.png,G:\Ai-CDD\data\raw\dataset\train\NORMAL\normal_02580.png
perceptual_duplicate,G:\Ai-CDD\data\raw\dataset\train\NORMAL\normal_03925.png,G:\Ai-CDD\data\raw\dataset\train\NORMAL\normal_02580.png
perceptual_duplicate,G:\Ai-CDD\data\raw\dataset\train\NORMAL\normal_03939.png,G:\Ai-CDD\data\raw\dataset\train\NORMAL\normal_02580.png
perceptual_duplicate,G:\Ai-CDD\data\raw\dataset\train\NORMAL\normal_04033.png,G:\Ai-CDD\data\raw\dataset\train\NORMAL\normal_02580.png
perceptual_duplicate,G:\Ai-CDD\data\raw\dataset\val\NORMAL\normal_00754.png,G:\Ai-CDD\data\raw\dataset\train\NORMAL\normal_02580.png
perceptual_duplicate,G:\Ai-CDD\data\raw\dataset\train\NORMAL\normal_03940.png,G:\Ai-CDD\data\raw\dataset\train\NORMAL\normal_02581.png
perceptual_duplicate,G:\Ai-CDD\data\raw\dataset\train\NORMAL\normal_03941.png,G:\Ai-CDD\data\raw\dataset\train\NORMAL\normal_02582.png
perceptual_duplicate,G:\Ai-CDD\data\raw\dataset\train\NORMAL\normal_03942.png,G:\Ai-CDD\data\raw\dataset\train\NORMAL\normal_02583.png
perceptual_duplicate,G:\Ai-CDD\data\raw\dataset\train\NORMAL\normal_03943.png,G:\Ai-CDD\data\raw\dataset\train\NORMAL\normal_02584.png
perceptual_duplicate,G:\Ai-CDD\data\raw\dataset\train\NORMAL\normal_03091.png,G:\Ai-CDD\data\raw\dataset\train\NORMAL\normal_02585.png
perceptual_duplicate,G:\Ai-CDD\data\raw\dataset\train\NORMAL\normal_04329.png,G:\Ai-CDD\data\raw\dataset\train\NORMAL\normal_02585.png
perceptual_duplicate,G:\Ai-CDD\data\raw\dataset\val\NORMAL\normal_00582.png,G:\Ai-CDD\data\raw\dataset\train\NORMAL\normal_02585.png
perceptual_duplicate,G:\Ai-CDD\data\raw\dataset\train\NORMAL\normal_03944.png,G:\Ai-CDD\data\raw\dataset\train\NORMAL\normal_02586.png
perceptual_duplicate,G:\Ai-CDD\data\raw\dataset\train\NORMAL\normal_03945.png,G:\Ai-CDD\data\raw\dataset\train\NORMAL\normal_02587.png
perceptual_duplicate,G:\Ai-CDD\data\raw\dataset\train\NORMAL\normal_03946.png,G:\Ai-CDD\data\raw\dataset\train\NORMAL\normal_02588.png
perceptual_duplicate,G:\Ai-CDD\data\raw\dataset\train\NORMAL\normal_03947.png,G:\Ai-CDD\data\raw\dataset\train\NORMAL\normal_02589.png
perceptual_duplicate,G:\Ai-CDD\data\raw\dataset\train\NORMAL\normal_02920.png,G:\Ai-CDD\data\raw\dataset\train\NORMAL\normal_02590.png
perceptual_duplicate,G:\Ai-CDD\data\raw\dataset\val\NORMAL\normal_00583.png,G:\Ai-CDD\data\raw\dataset\train\NORMAL\normal_02590.png
perceptual_duplicate,G:\Ai-CDD\data\raw\dataset\train\NORMAL\normal_03948.png,G:\Ai-CDD\data\raw\dataset\train\NORMAL\normal_02591.png
perceptual_duplicate,G:\Ai-CDD\data\raw\dataset\train\NORMAL\normal_03949.png,G:\Ai-CDD\data\raw\dataset\train\NORMAL\normal_02592.png
perceptual_duplicate,G:\Ai-CDD\data\raw\dataset\train\NORMAL\normal_03950.png,G:\Ai-CDD\data\raw\dataset\train\NORMAL\normal_02593.png
perceptual_duplicate,G:\Ai-CDD\data\raw\dataset\train\NORMAL\normal_03951.png,G:\Ai-CDD\data\raw\dataset\train\NORMAL\normal_02594.png
perceptual_duplicate,G:\Ai-CDD\data\raw\dataset\train\NORMAL\normal_03952.png,G:\Ai-CDD\data\raw\dataset\train\NORMAL\normal_02595.png
perceptual_duplicate,G:\Ai-CDD\data\raw\dataset\train\NORMAL\normal_03953.png,G:\Ai-CDD\data\raw\dataset\train\NORMAL\normal_02596.png
perceptual_duplicate,G:\Ai-CDD\data\raw\dataset\train\NORMAL\normal_03954.png,G:\Ai-CDD\data\raw\dataset\train\NORMAL\normal_02597.png
perceptual_duplicate,G:\Ai-CDD\data\raw\dataset\val\NORMAL\normal_00584.png,G:\Ai-CDD\data\raw\dataset\train\NORMAL\normal_02598.png
perceptual_duplicate,G:\Ai-CDD\data\raw\dataset\train\NORMAL\normal_03955.png,G:\Ai-CDD\data\raw\dataset\train\NORMAL\normal_02599.png
perceptual_duplicate,G:\Ai-CDD\data\raw\dataset\train\NORMAL\normal_03956.png,G:\Ai-CDD\data\raw\dataset\train\NORMAL\normal_02600.png
perceptual_duplicate,G:\Ai-CDD\data\raw\dataset\val\NORMAL\normal_00585.png,G:\Ai-CDD\data\raw\dataset\train\NORMAL\normal_02601.png
perceptual_duplicate,G:\Ai-CDD\data\raw\dataset\train\NORMAL\normal_03957.png,G:\Ai-CDD\data\raw\dataset\train\NORMAL\normal_02602.png
perceptual_duplicate,G:\Ai-CDD\data\raw\dataset\train\NORMAL\normal_03958.png,G:\Ai-CDD\data\raw\dataset\train\NORMAL\normal_02603.png
perceptual_duplicate,G:\Ai-CDD\data\raw\dataset\test\NORMAL\normal_00808.png,G:\Ai-CDD\data\raw\dataset\train\NORMAL\normal_02604.png
perceptual_duplicate,G:\Ai-CDD\data\raw\dataset\train\NORMAL\normal_03959.png,G:\Ai-CDD\data\raw\dataset\train\NORMAL\normal_02605.png
perceptual_duplicate,G:\Ai-CDD\data\raw\dataset\train\NORMAL\normal_03960.png,G:\Ai-CDD\data\raw\dataset\train\NORMAL\normal_02606.png
perceptual_duplicate,G:\Ai-CDD\data\raw\dataset\train\NORMAL\normal_03961.png,G:\Ai-CDD\data\raw\dataset\train\NORMAL\normal_02607.png
perceptual_duplicate,G:\Ai-CDD\data\raw\dataset\train\NORMAL\normal_03962.png,G:\Ai-CDD\data\raw\dataset\train\NORMAL\normal_02608.png
perceptual_duplicate,G:\Ai-CDD\data\raw\dataset\train\NORMAL\normal_03963.png,G:\Ai-CDD\data\raw\dataset\train\NORMAL\normal_02609.png
perceptual_duplicate,G:\Ai-CDD\data\raw\dataset\train\NORMAL\normal_03964.png,G:\Ai-CDD\data\raw\dataset\train\NORMAL\normal_02610.png
perceptual_duplicate,G:\Ai-CDD\data\raw\dataset\train\NORMAL\normal_03965.png,G:\Ai-CDD\data\raw\dataset\train\NORMAL\normal_02611.png
perceptual_duplicate,G:\Ai-CDD\data\raw\dataset\train\NORMAL\normal_03966.png,G:\Ai-CDD\data\raw\dataset\train\NORMAL\normal_02612.png
perceptual_duplicate,G:\Ai-CDD\data\raw\dataset\train\NORMAL\normal_03967.png,G:\Ai-CDD\data\raw\dataset\train\NORMAL\normal_02613.png
perceptual_duplicate,G:\Ai-CDD\data\raw\dataset\train\NORMAL\normal_03968.png,G:\Ai-CDD\data\raw\dataset\train\NORMAL\normal_02614.png
perceptual_duplicate,G:\Ai-CDD\data\raw\dataset\test\NORMAL\normal_00809.png,G:\Ai-CDD\data\raw\dataset\train\NORMAL\normal_02615.png
perceptual_duplicate,G:\Ai-CDD\data\raw\dataset\train\NORMAL\normal_03969.png,G:\Ai-CDD\data\raw\dataset\train\NORMAL\normal_02616.png
perceptual_duplicate,G:\Ai-CDD\data\raw\dataset\train\NORMAL\normal_03970.png,G:\Ai-CDD\data\raw\dataset\train\NORMAL\normal_02617.png
perceptual_duplicate,G:\Ai-CDD\data\raw\dataset\train\NORMAL\normal_03971.png,G:\Ai-CDD\data\raw\dataset\train\NORMAL\normal_02618.png
perceptual_duplicate,G:\Ai-CDD\data\raw\dataset\train\NORMAL\normal_03972.png,G:\Ai-CDD\data\raw\dataset\train\NORMAL\normal_02619.png
perceptual_duplicate,G:\Ai-CDD\data\raw\dataset\train\NORMAL\normal_03973.png,G:\Ai-CDD\data\raw\dataset\train\NORMAL\normal_02620.png
perceptual_duplicate,G:\Ai-CDD\data\raw\dataset\val\NORMAL\normal_00586.png,G:\Ai-CDD\data\raw\dataset\train\NORMAL\normal_02621.png
perceptual_duplicate,G:\Ai-CDD\data\raw\dataset\test\NORMAL\normal_00810.png,G:\Ai-CDD\data\raw\dataset\train\NORMAL\normal_02622.png
perceptual_duplicate,G:\Ai-CDD\data\raw\dataset\val\NORMAL\normal_00587.png,G:\Ai-CDD\data\raw\dataset\train\NORMAL\normal_02623.png
perceptual_duplicate,G:\Ai-CDD\data\raw\dataset\train\NORMAL\normal_03974.png,G:\Ai-CDD\data\raw\dataset\train\NORMAL\normal_02624.png
perceptual_duplicate,G:\Ai-CDD\data\raw\dataset\train\NORMAL\normal_03975.png,G:\Ai-CDD\data\raw\dataset\train\NORMAL\normal_02625.png
perceptual_duplicate,G:\Ai-CDD\data\raw\dataset\train\NORMAL\normal_03976.png,G:\Ai-CDD\data\raw\dataset\train\NORMAL\normal_02626.png
perceptual_duplicate,G:\Ai-CDD\data\raw\dataset\train\NORMAL\normal_03773.png,G:\Ai-CDD\data\raw\dataset\train\NORMAL\normal_02627.png
perceptual_duplicate,G:\Ai-CDD\data\raw\dataset\train\NORMAL\normal_03903.png,G:\Ai-CDD\data\raw\dataset\train\NORMAL\normal_02627.png
perceptual_duplicate,G:\Ai-CDD\data\raw\dataset\train\NORMAL\normal_03977.png,G:\Ai-CDD\data\raw\dataset\train\NORMAL\normal_02627.png
perceptual_duplicate,G:\Ai-CDD\data\raw\dataset\train\NORMAL\normal_04710.png,G:\Ai-CDD\data\raw\dataset\train\NORMAL\normal_02627.png
perceptual_duplicate,G:\Ai-CDD\data\raw\dataset\train\NORMAL\normal_03978.png,G:\Ai-CDD\data\raw\dataset\train\NORMAL\normal_02628.png
perceptual_duplicate,G:\Ai-CDD\data\raw\dataset\train\NORMAL\normal_03979.png,G:\Ai-CDD\data\raw\dataset\train\NORMAL\normal_02629.png
perceptual_duplicate,G:\Ai-CDD\data\raw\dataset\train\NORMAL\normal_03980.png,G:\Ai-CDD\data\raw\dataset\train\NORMAL\normal_02630.png
perceptual_duplicate,G:\Ai-CDD\data\raw\dataset\train\NORMAL\normal_03981.png,G:\Ai-CDD\data\raw\dataset\train\NORMAL\normal_02631.png
perceptual_duplicate,G:\Ai-CDD\data\raw\dataset\test\NORMAL\normal_00811.png,G:\Ai-CDD\data\raw\dataset\train\NORMAL\normal_02632.png
perceptual_duplicate,G:\Ai-CDD\data\raw\dataset\val\NORMAL\normal_00588.png,G:\Ai-CDD\data\raw\dataset\train\NORMAL\normal_02633.png
perceptual_duplicate,G:\Ai-CDD\data\raw\dataset\val\NORMAL\normal_00589.png,G:\Ai-CDD\data\raw\dataset\train\NORMAL\normal_02634.png
perceptual_duplicate,G:\Ai-CDD\data\raw\dataset\train\NORMAL\normal_03982.png,G:\Ai-CDD\data\raw\dataset\train\NORMAL\normal_02635.png
perceptual_duplicate,G:\Ai-CDD\data\raw\dataset\val\NORMAL\normal_00590.png,G:\Ai-CDD\data\raw\dataset\train\NORMAL\normal_02636.png
perceptual_duplicate,G:\Ai-CDD\data\raw\dataset\train\NORMAL\normal_03983.png,G:\Ai-CDD\data\raw\dataset\train\NORMAL\normal_02637.png
perceptual_duplicate,G:\Ai-CDD\data\raw\dataset\train\NORMAL\normal_03984.png,G:\Ai-CDD\data\raw\dataset\train\NORMAL\normal_02638.png
perceptual_duplicate,G:\Ai-CDD\data\raw\dataset\train\NORMAL\normal_03985.png,G:\Ai-CDD\data\raw\dataset\train\NORMAL\normal_02639.png
perceptual_duplicate,G:\Ai-CDD\data\raw\dataset\test\NORMAL\normal_00812.png,G:\Ai-CDD\data\raw\dataset\train\NORMAL\normal_02640.png
perceptual_duplicate,G:\Ai-CDD\data\raw\dataset\test\NORMAL\normal_00813.png,G:\Ai-CDD\data\raw\dataset\train\NORMAL\normal_02641.png
perceptual_duplicate,G:\Ai-CDD\data\raw\dataset\train\NORMAL\normal_03986.png,G:\Ai-CDD\data\raw\dataset\train\NORMAL\normal_02642.png
perceptual_duplicate,G:\Ai-CDD\data\raw\dataset\train\NORMAL\normal_03987.png,G:\Ai-CDD\data\raw\dataset\train\NORMAL\normal_02643.png
perceptual_duplicate,G:\Ai-CDD\data\raw\dataset\test\NORMAL\normal_00814.png,G:\Ai-CDD\data\raw\dataset\train\NORMAL\normal_02644.png
perceptual_duplicate,G:\Ai-CDD\data\raw\dataset\train\NORMAL\normal_03988.png,G:\Ai-CDD\data\raw\dataset\train\NORMAL\normal_02645.png
perceptual_duplicate,G:\Ai-CDD\data\raw\dataset\val\NORMAL\normal_00591.png,G:\Ai-CDD\data\raw\dataset\train\NORMAL\normal_02646.png
perceptual_duplicate,G:\Ai-CDD\data\raw\dataset\train\NORMAL\normal_03989.png,G:\Ai-CDD\data\raw\dataset\train\NORMAL\normal_02647.png
perceptual_duplicate,G:\Ai-CDD\data\raw\dataset\train\NORMAL\normal_03538.png,G:\Ai-CDD\data\raw\dataset\train\NORMAL\normal_02648.png
perceptual_duplicate,G:\Ai-CDD\data\raw\dataset\test\NORMAL\normal_01011.png,G:\Ai-CDD\data\raw\dataset\train\NORMAL\normal_02648.png
perceptual_duplicate,G:\Ai-CDD\data\raw\dataset\val\NORMAL\normal_00592.png,G:\Ai-CDD\data\raw\dataset\train\NORMAL\normal_02648.png
perceptual_duplicate,G:\Ai-CDD\data\raw\dataset\test\NORMAL\normal_00815.png,G:\Ai-CDD\data\raw\dataset\train\NORMAL\normal_02649.png
perceptual_duplicate,G:\Ai-CDD\data\raw\dataset\val\NORMAL\normal_00593.png,G:\Ai-CDD\data\raw\dataset\train\NORMAL\normal_02650.png
perceptual_duplicate,G:\Ai-CDD\data\raw\dataset\train\NORMAL\normal_03861.png,G:\Ai-CDD\data\raw\dataset\train\NORMAL\normal_02651.png
perceptual_duplicate,G:\Ai-CDD\data\raw\dataset\train\NORMAL\normal_03990.png,G:\Ai-CDD\data\raw\dataset\train\NORMAL\normal_02651.png
perceptual_duplicate,G:\Ai-CDD\data\raw\dataset\val\NORMAL\normal_00594.png,G:\Ai-CDD\data\raw\dataset\train\NORMAL\normal_02652.png
perceptual_duplicate,G:\Ai-CDD\data\raw\dataset\train\NORMAL\normal_03991.png,G:\Ai-CDD\data\raw\dataset\train\NORMAL\normal_02653.png
perceptual_duplicate,G:\Ai-CDD\data\raw\dataset\train\NORMAL\normal_03660.png,G:\Ai-CDD\data\raw\dataset\train\NORMAL\normal_02654.png
perceptual_duplicate,G:\Ai-CDD\data\raw\dataset\train\NORMAL\normal_03992.png,G:\Ai-CDD\data\raw\dataset\train\NORMAL\normal_02654.png
perceptual_duplicate,G:\Ai-CDD\data\raw\dataset\train\NORMAL\normal_04645.png,G:\Ai-CDD\data\raw\dataset\train\NORMAL\normal_02654.png
perceptual_duplicate,G:\Ai-CDD\data\raw\dataset\train\NORMAL\normal_02708.png,G:\Ai-CDD\data\raw\dataset\train\NORMAL\normal_02655.png
perceptual_duplicate,G:\Ai-CDD\data\raw\dataset\train\NORMAL\normal_02820.png,G:\Ai-CDD\data\raw\dataset\train\NORMAL\normal_02655.png
perceptual_duplicate,G:\Ai-CDD\data\raw\dataset\train\NORMAL\normal_04024.png,G:\Ai-CDD\data\raw\dataset\train\NORMAL\normal_02655.png
perceptual_duplicate,G:\Ai-CDD\data\raw\dataset\test\NORMAL\normal_00816.png,G:\Ai-CDD\data\raw\dataset\train\NORMAL\normal_02655.png
perceptual_duplicate,G:\Ai-CDD\data\raw\dataset\val\NORMAL\normal_00628.png,G:\Ai-CDD\data\raw\dataset\train\NORMAL\normal_02655.png
perceptual_duplicate,G:\Ai-CDD\data\raw\dataset\test\NORMAL\normal_00817.png,G:\Ai-CDD\data\raw\dataset\train\NORMAL\normal_02656.png
perceptual_duplicate,G:\Ai-CDD\data\raw\dataset\train\NORMAL\normal_03993.png,G:\Ai-CDD\data\raw\dataset\train\NORMAL\normal_02657.png
perceptual_duplicate,G:\Ai-CDD\data\raw\dataset\test\NORMAL\normal_00818.png,G:\Ai-CDD\data\raw\dataset\train\NORMAL\normal_02658.png
perceptual_duplicate,G:\Ai-CDD\data\raw\dataset\train\NORMAL\normal_03994.png,G:\Ai-CDD\data\raw\dataset\train\NORMAL\normal_02659.png
perceptual_duplicate,G:\Ai-CDD\data\raw\dataset\val\NORMAL\normal_00595.png,G:\Ai-CDD\data\raw\dataset\train\NORMAL\normal_02660.png
perceptual_duplicate,G:\Ai-CDD\data\raw\dataset\train\NORMAL\normal_03995.png,G:\Ai-CDD\data\raw\dataset\train\NORMAL\normal_02661.png
perceptual_duplicate,G:\Ai-CDD\data\raw\dataset\test\NORMAL\normal_00819.png,G:\Ai-CDD\data\raw\dataset\train\NORMAL\normal_02662.png
perceptual_duplicate,G:\Ai-CDD\data\raw\dataset\test\NORMAL\normal_00820.png,G:\Ai-CDD\data\raw\dataset\train\NORMAL\normal_02663.png
perceptual_duplicate,G:\Ai-CDD\data\raw\dataset\test\NORMAL\normal_00821.png,G:\Ai-CDD\data\raw\dataset\train\NORMAL\normal_02664.png
perceptual_duplicate,G:\Ai-CDD\data\raw\dataset\train\NORMAL\normal_03996.png,G:\Ai-CDD\data\raw\dataset\train\NORMAL\normal_02665.png
perceptual_duplicate,G:\Ai-CDD\data\raw\dataset\train\NORMAL\normal_03997.png,G:\Ai-CDD\data\raw\dataset\train\NORMAL\normal_02666.png
perceptual_duplicate,G:\Ai-CDD\data\raw\dataset\train\NORMAL\normal_02895.png,G:\Ai-CDD\data\raw\dataset\train\NORMAL\normal_02667.png
perceptual_duplicate,G:\Ai-CDD\data\raw\dataset\train\NORMAL\normal_03998.png,G:\Ai-CDD\data\raw\dataset\train\NORMAL\normal_02667.png
perceptual_duplicate,G:\Ai-CDD\data\raw\dataset\train\NORMAL\normal_04135.png,G:\Ai-CDD\data\raw\dataset\train\NORMAL\normal_02667.png
perceptual_duplicate,G:\Ai-CDD\data\raw\dataset\train\NORMAL\normal_03999.png,G:\Ai-CDD\data\raw\dataset\train\NORMAL\normal_02668.png
perceptual_duplicate,G:\Ai-CDD\data\raw\dataset\test\NORMAL\normal_00822.png,G:\Ai-CDD\data\raw\dataset\train\NORMAL\normal_02669.png
perceptual_duplicate,G:\Ai-CDD\data\raw\dataset\val\NORMAL\normal_00596.png,G:\Ai-CDD\data\raw\dataset\train\NORMAL\normal_02671.png
perceptual_duplicate,G:\Ai-CDD\data\raw\dataset\val\NORMAL\normal_00597.png,G:\Ai-CDD\data\raw\dataset\train\NORMAL\normal_02672.png
perceptual_duplicate,G:\Ai-CDD\data\raw\dataset\train\NORMAL\normal_04001.png,G:\Ai-CDD\data\raw\dataset\train\NORMAL\normal_02673.png
perceptual_duplicate,G:\Ai-CDD\data\raw\dataset\train\NORMAL\normal_04002.png,G:\Ai-CDD\data\raw\dataset\train\NORMAL\normal_02674.png
perceptual_duplicate,G:\Ai-CDD\data\raw\dataset\train\NORMAL\normal_04003.png,G:\Ai-CDD\data\raw\dataset\train\NORMAL\normal_02675.png
perceptual_duplicate,G:\Ai-CDD\data\raw\dataset\test\NORMAL\normal_00823.png,G:\Ai-CDD\data\raw\dataset\train\NORMAL\normal_02676.png
perceptual_duplicate,G:\Ai-CDD\data\raw\dataset\train\NORMAL\normal_04004.png,G:\Ai-CDD\data\raw\dataset\train\NORMAL\normal_02677.png
perceptual_duplicate,G:\Ai-CDD\data\raw\dataset\train\NORMAL\normal_04005.png,G:\Ai-CDD\data\raw\dataset\train\NORMAL\normal_02678.png
perceptual_duplicate,G:\Ai-CDD\data\raw\dataset\train\NORMAL\normal_04006.png,G:\Ai-CDD\data\raw\dataset\train\NORMAL\normal_02679.png
perceptual_duplicate,G:\Ai-CDD\data\raw\dataset\train\NORMAL\normal_04007.png,G:\Ai-CDD\data\raw\dataset\train\NORMAL\normal_02680.png
perceptual_duplicate,G:\Ai-CDD\data\raw\dataset\train\NORMAL\normal_04008.png,G:\Ai-CDD\data\raw\dataset\train\NORMAL\normal_02681.png
perceptual_duplicate,G:\Ai-CDD\data\raw\dataset\train\NORMAL\normal_04009.png,G:\Ai-CDD\data\raw\dataset\train\NORMAL\normal_02682.png
perceptual_duplicate,G:\Ai-CDD\data\raw\dataset\val\NORMAL\normal_00598.png,G:\Ai-CDD\data\raw\dataset\train\NORMAL\normal_02683.png
perceptual_duplicate,G:\Ai-CDD\data\raw\dataset\test\NORMAL\normal_00824.png,G:\Ai-CDD\data\raw\dataset\train\NORMAL\normal_02684.png
perceptual_duplicate,G:\Ai-CDD\data\raw\dataset\test\NORMAL\normal_00825.png,G:\Ai-CDD\data\raw\dataset\train\NORMAL\normal_02685.png
perceptual_duplicate,G:\Ai-CDD\data\raw\dataset\train\NORMAL\normal_04010.png,G:\Ai-CDD\data\raw\dataset\train\NORMAL\normal_02686.png
perceptual_duplicate,G:\Ai-CDD\data\raw\dataset\test\NORMAL\normal_00826.png,G:\Ai-CDD\data\raw\dataset\train\NORMAL\normal_02687.png
perceptual_duplicate,G:\Ai-CDD\data\raw\dataset\train\NORMAL\normal_04011.png,G:\Ai-CDD\data\raw\dataset\train\NORMAL\normal_02688.png
perceptual_duplicate,G:\Ai-CDD\data\raw\dataset\train\NORMAL\normal_03665.png,G:\Ai-CDD\data\raw\dataset\train\NORMAL\normal_02689.png
perceptual_duplicate,G:\Ai-CDD\data\raw\dataset\test\NORMAL\normal_01050.png,G:\Ai-CDD\data\raw\dataset\train\NORMAL\normal_02689.png
perceptual_duplicate,G:\Ai-CDD\data\raw\dataset\train\NORMAL\normal_04012.png,G:\Ai-CDD\data\raw\dataset\train\NORMAL\normal_02690.png
perceptual_duplicate,G:\Ai-CDD\data\raw\dataset\train\NORMAL\normal_04013.png,G:\Ai-CDD\data\raw\dataset\train\NORMAL\normal_02691.png
perceptual_duplicate,G:\Ai-CDD\data\raw\dataset\train\NORMAL\normal_03395.png,G:\Ai-CDD\data\raw\dataset\train\NORMAL\normal_02692.png
perceptual_duplicate,G:\Ai-CDD\data\raw\dataset\val\NORMAL\normal_00762.png,G:\Ai-CDD\data\raw\dataset\train\NORMAL\normal_02692.png
perceptual_duplicate,G:\Ai-CDD\data\raw\dataset\train\NORMAL\normal_04014.png,G:\Ai-CDD\data\raw\dataset\train\NORMAL\normal_02693.png
perceptual_duplicate,G:\Ai-CDD\data\raw\dataset\val\NORMAL\normal_00599.png,G:\Ai-CDD\data\raw\dataset\train\NORMAL\normal_02694.png
perceptual_duplicate,G:\Ai-CDD\data\raw\dataset\train\NORMAL\normal_04015.png,G:\Ai-CDD\data\raw\dataset\train\NORMAL\normal_02695.png
perceptual_duplicate,G:\Ai-CDD\data\raw\dataset\train\NORMAL\normal_03740.png,G:\Ai-CDD\data\raw\dataset\train\NORMAL\normal_02696.png
perceptual_duplicate,G:\Ai-CDD\data\raw\dataset\train\NORMAL\normal_04016.png,G:\Ai-CDD\data\raw\dataset\train\NORMAL\normal_02696.png
perceptual_duplicate,G:\Ai-CDD\data\raw\dataset\val\NORMAL\normal_00832.png,G:\Ai-CDD\data\raw\dataset\train\NORMAL\normal_02696.png
perceptual_duplicate,G:\Ai-CDD\data\raw\dataset\train\NORMAL\normal_03332.png,G:\Ai-CDD\data\raw\dataset\train\NORMAL\normal_02697.png
perceptual_duplicate,G:\Ai-CDD\data\raw\dataset\train\NORMAL\normal_04476.png,G:\Ai-CDD\data\raw\dataset\train\NORMAL\normal_02697.png
perceptual_duplicate,G:\Ai-CDD\data\raw\dataset\test\NORMAL\normal_00827.png,G:\Ai-CDD\data\raw\dataset\train\NORMAL\normal_02697.png
perceptual_duplicate,G:\Ai-CDD\data\raw\dataset\train\NORMAL\normal_04017.png,G:\Ai-CDD\data\raw\dataset\train\NORMAL\normal_02698.png
perceptual_duplicate,G:\Ai-CDD\data\raw\dataset\train\NORMAL\normal_04018.png,G:\Ai-CDD\data\raw\dataset\train\NORMAL\normal_02699.png
perceptual_duplicate,G:\Ai-CDD\data\raw\dataset\train\NORMAL\normal_04019.png,G:\Ai-CDD\data\raw\dataset\train\NORMAL\normal_02700.png
perceptual_duplicate,G:\Ai-CDD\data\raw\dataset\val\NORMAL\normal_00600.png,G:\Ai-CDD\data\raw\dataset\train\NORMAL\normal_02701.png
perceptual_duplicate,G:\Ai-CDD\data\raw\dataset\train\NORMAL\normal_04020.png,G:\Ai-CDD\data\raw\dataset\train\NORMAL\normal_02702.png
perceptual_duplicate,G:\Ai-CDD\data\raw\dataset\train\NORMAL\normal_04021.png,G:\Ai-CDD\data\raw\dataset\train\NORMAL\normal_02703.png
perceptual_duplicate,G:\Ai-CDD\data\raw\dataset\val\NORMAL\normal_00601.png,G:\Ai-CDD\data\raw\dataset\train\NORMAL\normal_02704.png
perceptual_duplicate,G:\Ai-CDD\data\raw\dataset\val\NORMAL\normal_00602.png,G:\Ai-CDD\data\raw\dataset\train\NORMAL\normal_02705.png
perceptual_duplicate,G:\Ai-CDD\data\raw\dataset\train\NORMAL\normal_04022.png,G:\Ai-CDD\data\raw\dataset\train\NORMAL\normal_02706.png
perceptual_duplicate,G:\Ai-CDD\data\raw\dataset\train\NORMAL\normal_04023.png,G:\Ai-CDD\data\raw\dataset\train\NORMAL\normal_02707.png
perceptual_duplicate,G:\Ai-CDD\data\raw\dataset\train\NORMAL\normal_04024.png,G:\Ai-CDD\data\raw\dataset\train\NORMAL\normal_02708.png
perceptual_duplicate,G:\Ai-CDD\data\raw\dataset\test\NORMAL\normal_00816.png,G:\Ai-CDD\data\raw\dataset\train\NORMAL\normal_02708.png
perceptual_duplicate,G:\Ai-CDD\data\raw\dataset\test\NORMAL\normal_00828.png,G:\Ai-CDD\data\raw\dataset\train\NORMAL\normal_02709.png
perceptual_duplicate,G:\Ai-CDD\data\raw\dataset\train\NORMAL\normal_04025.png,G:\Ai-CDD\data\raw\dataset\train\NORMAL\normal_02710.png
perceptual_duplicate,G:\Ai-CDD\data\raw\dataset\train\NORMAL\normal_04026.png,G:\Ai-CDD\data\raw\dataset\train\NORMAL\normal_02711.png
perceptual_duplicate,G:\Ai-CDD\data\raw\dataset\train\NORMAL\normal_04027.png,G:\Ai-CDD\data\raw\dataset\train\NORMAL\normal_02712.png
perceptual_duplicate,G:\Ai-CDD\data\raw\dataset\train\NORMAL\normal_04028.png,G:\Ai-CDD\data\raw\dataset\train\NORMAL\normal_02713.png
perceptual_duplicate,G:\Ai-CDD\data\raw\dataset\val\NORMAL\normal_00603.png,G:\Ai-CDD\data\raw\dataset\train\NORMAL\normal_02714.png
perceptual_duplicate,G:\Ai-CDD\data\raw\dataset\val\NORMAL\normal_00604.png,G:\Ai-CDD\data\raw\dataset\train\NORMAL\normal_02715.png
perceptual_duplicate,G:\Ai-CDD\data\raw\dataset\train\NORMAL\normal_03792.png,G:\Ai-CDD\data\raw\dataset\train\NORMAL\normal_02716.png
perceptual_duplicate,G:\Ai-CDD\data\raw\dataset\val\NORMAL\normal_00605.png,G:\Ai-CDD\data\raw\dataset\train\NORMAL\normal_02717.png
perceptual_duplicate,G:\Ai-CDD\data\raw\dataset\test\NORMAL\normal_00829.png,G:\Ai-CDD\data\raw\dataset\train\NORMAL\normal_02718.png
perceptual_duplicate,G:\Ai-CDD\data\raw\dataset\train\NORMAL\normal_04029.png,G:\Ai-CDD\data\raw\dataset\train\NORMAL\normal_02719.png
perceptual_duplicate,G:\Ai-CDD\data\raw\dataset\val\NORMAL\normal_00606.png,G:\Ai-CDD\data\raw\dataset\train\NORMAL\normal_02720.png
perceptual_duplicate,G:\Ai-CDD\data\raw\dataset\val\NORMAL\normal_00607.png,G:\Ai-CDD\data\raw\dataset\train\NORMAL\normal_02721.png
perceptual_duplicate,G:\Ai-CDD\data\raw\dataset\train\NORMAL\normal_04030.png,G:\Ai-CDD\data\raw\dataset\train\NORMAL\normal_02722.png
perceptual_duplicate,G:\Ai-CDD\data\raw\dataset\val\NORMAL\normal_00608.png,G:\Ai-CDD\data\raw\dataset\train\NORMAL\normal_02723.png
perceptual_duplicate,G:\Ai-CDD\data\raw\dataset\train\NORMAL\normal_04031.png,G:\Ai-CDD\data\raw\dataset\train\NORMAL\normal_02724.png
perceptual_duplicate,G:\Ai-CDD\data\raw\dataset\train\NORMAL\normal_03187.png,G:\Ai-CDD\data\raw\dataset\train\NORMAL\normal_02725.png
perceptual_duplicate,G:\Ai-CDD\data\raw\dataset\train\NORMAL\normal_03447.png,G:\Ai-CDD\data\raw\dataset\train\NORMAL\normal_02725.png
perceptual_duplicate,G:\Ai-CDD\data\raw\dataset\train\NORMAL\normal_03845.png,G:\Ai-CDD\data\raw\dataset\train\NORMAL\normal_02725.png
perceptual_duplicate,G:\Ai-CDD\data\raw\dataset\train\NORMAL\normal_04032.png,G:\Ai-CDD\data\raw\dataset\train\NORMAL\normal_02725.png
perceptual_duplicate,G:\Ai-CDD\data\raw\dataset\train\NORMAL\normal_04385.png,G:\Ai-CDD\data\raw\dataset\train\NORMAL\normal_02725.png
perceptual_duplicate,G:\Ai-CDD\data\raw\dataset\train\NORMAL\normal_04538.png,G:\Ai-CDD\data\raw\dataset\train\NORMAL\normal_02725.png
perceptual_duplicate,G:\Ai-CDD\data\raw\dataset\test\NORMAL\normal_00569.png,G:\Ai-CDD\data\raw\dataset\train\NORMAL\normal_02725.png
perceptual_duplicate,G:\Ai-CDD\data\raw\dataset\train\NORMAL\normal_03555.png,G:\Ai-CDD\data\raw\dataset\train\NORMAL\normal_02726.png
perceptual_duplicate,G:\Ai-CDD\data\raw\dataset\train\NORMAL\normal_03925.png,G:\Ai-CDD\data\raw\dataset\train\NORMAL\normal_02726.png
perceptual_duplicate,G:\Ai-CDD\data\raw\dataset\train\NORMAL\normal_03939.png,G:\Ai-CDD\data\raw\dataset\train\NORMAL\normal_02726.png
perceptual_duplicate,G:\Ai-CDD\data\raw\dataset\train\NORMAL\normal_04033.png,G:\Ai-CDD\data\raw\dataset\train\NORMAL\normal_02726.png
perceptual_duplicate,G:\Ai-CDD\data\raw\dataset\test\NORMAL\normal_01019.png,G:\Ai-CDD\data\raw\dataset\train\NORMAL\normal_02726.png
perceptual_duplicate,G:\Ai-CDD\data\raw\dataset\val\NORMAL\normal_00609.png,G:\Ai-CDD\data\raw\dataset\train\NORMAL\normal_02727.png
perceptual_duplicate,G:\Ai-CDD\data\raw\dataset\val\NORMAL\normal_00610.png,G:\Ai-CDD\data\raw\dataset\train\NORMAL\normal_02728.png
perceptual_duplicate,G:\Ai-CDD\data\raw\dataset\train\NORMAL\normal_04034.png,G:\Ai-CDD\data\raw\dataset\train\NORMAL\normal_02729.png
perceptual_duplicate,G:\Ai-CDD\data\raw\dataset\train\NORMAL\normal_04035.png,G:\Ai-CDD\data\raw\dataset\train\NORMAL\normal_02731.png
perceptual_duplicate,G:\Ai-CDD\data\raw\dataset\train\NORMAL\normal_04036.png,G:\Ai-CDD\data\raw\dataset\train\NORMAL\normal_02732.png
perceptual_duplicate,G:\Ai-CDD\data\raw\dataset\test\NORMAL\normal_00830.png,G:\Ai-CDD\data\raw\dataset\train\NORMAL\normal_02733.png
perceptual_duplicate,G:\Ai-CDD\data\raw\dataset\test\NORMAL\normal_00831.png,G:\Ai-CDD\data\raw\dataset\train\NORMAL\normal_02734.png
perceptual_duplicate,G:\Ai-CDD\data\raw\dataset\test\NORMAL\normal_00832.png,G:\Ai-CDD\data\raw\dataset\train\NORMAL\normal_02735.png
perceptual_duplicate,G:\Ai-CDD\data\raw\dataset\train\NORMAL\normal_03484.png,G:\Ai-CDD\data\raw\dataset\train\NORMAL\normal_02736.png
perceptual_duplicate,G:\Ai-CDD\data\raw\dataset\train\NORMAL\normal_04037.png,G:\Ai-CDD\data\raw\dataset\train\NORMAL\normal_02736.png
perceptual_duplicate,G:\Ai-CDD\data\raw\dataset\train\NORMAL\normal_04561.png,G:\Ai-CDD\data\raw\dataset\train\NORMAL\normal_02736.png
perceptual_duplicate,G:\Ai-CDD\data\raw\dataset\test\NORMAL\normal_00833.png,G:\Ai-CDD\data\raw\dataset\train\NORMAL\normal_02737.png
perceptual_duplicate,G:\Ai-CDD\data\raw\dataset\test\NORMAL\normal_00834.png,G:\Ai-CDD\data\raw\dataset\train\NORMAL\normal_02738.png
perceptual_duplicate,G:\Ai-CDD\data\raw\dataset\test\NORMAL\normal_00835.png,G:\Ai-CDD\data\raw\dataset\train\NORMAL\normal_02739.png
perceptual_duplicate,G:\Ai-CDD\data\raw\dataset\train\NORMAL\normal_04038.png,G:\Ai-CDD\data\raw\dataset\train\NORMAL\normal_02740.png
perceptual_duplicate,G:\Ai-CDD\data\raw\dataset\test\NORMAL\normal_00836.png,G:\Ai-CDD\data\raw\dataset\train\NORMAL\normal_02741.png
perceptual_duplicate,G:\Ai-CDD\data\raw\dataset\train\NORMAL\normal_04039.png,G:\Ai-CDD\data\raw\dataset\train\NORMAL\normal_02742.png
perceptual_duplicate,G:\Ai-CDD\data\raw\dataset\test\NORMAL\normal_00837.png,G:\Ai-CDD\data\raw\dataset\train\NORMAL\normal_02743.png
perceptual_duplicate,G:\Ai-CDD\data\raw\dataset\test\NORMAL\normal_00838.png,G:\Ai-CDD\data\raw\dataset\train\NORMAL\normal_02744.png
perceptual_duplicate,G:\Ai-CDD\data\raw\dataset\train\NORMAL\normal_04040.png,G:\Ai-CDD\data\raw\dataset\train\NORMAL\normal_02745.png
perceptual_duplicate,G:\Ai-CDD\data\raw\dataset\train\NORMAL\normal_04041.png,G:\Ai-CDD\data\raw\dataset\train\NORMAL\normal_02746.png
perceptual_duplicate,G:\Ai-CDD\data\raw\dataset\train\NORMAL\normal_02974.png,G:\Ai-CDD\data\raw\dataset\train\NORMAL\normal_02747.png
perceptual_duplicate,G:\Ai-CDD\data\raw\dataset\train\NORMAL\normal_03154.png,G:\Ai-CDD\data\raw\dataset\train\NORMAL\normal_02747.png
perceptual_duplicate,G:\Ai-CDD\data\raw\dataset\train\NORMAL\normal_04042.png,G:\Ai-CDD\data\raw\dataset\train\NORMAL\normal_02747.png
perceptual_duplicate,G:\Ai-CDD\data\raw\dataset\train\NORMAL\normal_04186.png,G:\Ai-CDD\data\raw\dataset\train\NORMAL\normal_02747.png
perceptual_duplicate,G:\Ai-CDD\data\raw\dataset\train\NORMAL\normal_04364.png,G:\Ai-CDD\data\raw\dataset\train\NORMAL\normal_02747.png
perceptual_duplicate,G:\Ai-CDD\data\raw\dataset\test\NORMAL\normal_00800.png,G:\Ai-CDD\data\raw\dataset\train\NORMAL\normal_02747.png
perceptual_duplicate,G:\Ai-CDD\data\raw\dataset\train\NORMAL\normal_04043.png,G:\Ai-CDD\data\raw\dataset\train\NORMAL\normal_02748.png
perceptual_duplicate,G:\Ai-CDD\data\raw\dataset\val\NORMAL\normal_00611.png,G:\Ai-CDD\data\raw\dataset\train\NORMAL\normal_02749.png
perceptual_duplicate,G:\Ai-CDD\data\raw\dataset\train\NORMAL\normal_04044.png,G:\Ai-CDD\data\raw\dataset\train\NORMAL\normal_02750.png
perceptual_duplicate,G:\Ai-CDD\data\raw\dataset\train\NORMAL\normal_03283.png,G:\Ai-CDD\data\raw\dataset\train\NORMAL\normal_02751.png
perceptual_duplicate,G:\Ai-CDD\data\raw\dataset\train\NORMAL\normal_03371.png,G:\Ai-CDD\data\raw\dataset\train\NORMAL\normal_02751.png
perceptual_duplicate,G:\Ai-CDD\data\raw\dataset\train\NORMAL\normal_03641.png,G:\Ai-CDD\data\raw\dataset\train\NORMAL\normal_02751.png
perceptual_duplicate,G:\Ai-CDD\data\raw\dataset\train\NORMAL\normal_04045.png,G:\Ai-CDD\data\raw\dataset\train\NORMAL\normal_02751.png
perceptual_duplicate,G:\Ai-CDD\data\raw\dataset\train\NORMAL\normal_04451.png,G:\Ai-CDD\data\raw\dataset\train\NORMAL\normal_02751.png
perceptual_duplicate,G:\Ai-CDD\data\raw\dataset\train\NORMAL\normal_04494.png,G:\Ai-CDD\data\raw\dataset\train\NORMAL\normal_02751.png
perceptual_duplicate,G:\Ai-CDD\data\raw\dataset\train\NORMAL\normal_04636.png,G:\Ai-CDD\data\raw\dataset\train\NORMAL\normal_02751.png
perceptual_duplicate,G:\Ai-CDD\data\raw\dataset\test\NORMAL\normal_00839.png,G:\Ai-CDD\data\raw\dataset\train\NORMAL\normal_02752.png
perceptual_duplicate,G:\Ai-CDD\data\raw\dataset\val\NORMAL\normal_00612.png,G:\Ai-CDD\data\raw\dataset\train\NORMAL\normal_02753.png
perceptual_duplicate,G:\Ai-CDD\data\raw\dataset\train\NORMAL\normal_04046.png,G:\Ai-CDD\data\raw\dataset\train\NORMAL\normal_02754.png
perceptual_duplicate,G:\Ai-CDD\data\raw\dataset\train\NORMAL\normal_04047.png,G:\Ai-CDD\data\raw\dataset\train\NORMAL\normal_02755.png
perceptual_duplicate,G:\Ai-CDD\data\raw\dataset\train\NORMAL\normal_04048.png,G:\Ai-CDD\data\raw\dataset\train\NORMAL\normal_02756.png
perceptual_duplicate,G:\Ai-CDD\data\raw\dataset\train\NORMAL\normal_04049.png,G:\Ai-CDD\data\raw\dataset\train\NORMAL\normal_02757.png
perceptual_duplicate,G:\Ai-CDD\data\raw\dataset\train\NORMAL\normal_04050.png,G:\Ai-CDD\data\raw\dataset\train\NORMAL\normal_02758.png
perceptual_duplicate,G:\Ai-CDD\data\raw\dataset\train\NORMAL\normal_03921.png,G:\Ai-CDD\data\raw\dataset\train\NORMAL\normal_02759.png
perceptual_duplicate,G:\Ai-CDD\data\raw\dataset\train\NORMAL\normal_04051.png,G:\Ai-CDD\data\raw\dataset\train\NORMAL\normal_02759.png
perceptual_duplicate,G:\Ai-CDD\data\raw\dataset\test\NORMAL\normal_00840.png,G:\Ai-CDD\data\raw\dataset\train\NORMAL\normal_02760.png
perceptual_duplicate,G:\Ai-CDD\data\raw\dataset\train\NORMAL\normal_03897.png,G:\Ai-CDD\data\raw\dataset\train\NORMAL\normal_02761.png
perceptual_duplicate,G:\Ai-CDD\data\raw\dataset\train\NORMAL\normal_04052.png,G:\Ai-CDD\data\raw\dataset\train\NORMAL\normal_02761.png
perceptual_duplicate,G:\Ai-CDD\data\raw\dataset\train\NORMAL\normal_04053.png,G:\Ai-CDD\data\raw\dataset\train\NORMAL\normal_02762.png
perceptual_duplicate,G:\Ai-CDD\data\raw\dataset\train\NORMAL\normal_04054.png,G:\Ai-CDD\data\raw\dataset\train\NORMAL\normal_02763.png
perceptual_duplicate,G:\Ai-CDD\data\raw\dataset\train\NORMAL\normal_04055.png,G:\Ai-CDD\data\raw\dataset\train\NORMAL\normal_02764.png
perceptual_duplicate,G:\Ai-CDD\data\raw\dataset\train\NORMAL\normal_03725.png,G:\Ai-CDD\data\raw\dataset\train\NORMAL\normal_02765.png
perceptual_duplicate,G:\Ai-CDD\data\raw\dataset\train\NORMAL\normal_04056.png,G:\Ai-CDD\data\raw\dataset\train\NORMAL\normal_02765.png
perceptual_duplicate,G:\Ai-CDD\data\raw\dataset\train\NORMAL\normal_04681.png,G:\Ai-CDD\data\raw\dataset\train\NORMAL\normal_02765.png
perceptual_duplicate,G:\Ai-CDD\data\raw\dataset\train\NORMAL\normal_02996.png,G:\Ai-CDD\data\raw\dataset\train\NORMAL\normal_02766.png
perceptual_duplicate,G:\Ai-CDD\data\raw\dataset\train\NORMAL\normal_03283.png,G:\Ai-CDD\data\raw\dataset\train\NORMAL\normal_02766.png
perceptual_duplicate,G:\Ai-CDD\data\raw\dataset\train\NORMAL\normal_04196.png,G:\Ai-CDD\data\raw\dataset\train\NORMAL\normal_02766.png
perceptual_duplicate,G:\Ai-CDD\data\raw\dataset\train\NORMAL\normal_04451.png,G:\Ai-CDD\data\raw\dataset\train\NORMAL\normal_02766.png
perceptual_duplicate,G:\Ai-CDD\data\raw\dataset\test\NORMAL\normal_00795.png,G:\Ai-CDD\data\raw\dataset\train\NORMAL\normal_02766.png
perceptual_duplicate,G:\Ai-CDD\data\raw\dataset\val\NORMAL\normal_00613.png,G:\Ai-CDD\data\raw\dataset\train\NORMAL\normal_02766.png
perceptual_duplicate,G:\Ai-CDD\data\raw\dataset\test\NORMAL\normal_00841.png,G:\Ai-CDD\data\raw\dataset\train\NORMAL\normal_02767.png
perceptual_duplicate,G:\Ai-CDD\data\raw\dataset\train\NORMAL\normal_04057.png,G:\Ai-CDD\data\raw\dataset\train\NORMAL\normal_02768.png
perceptual_duplicate,G:\Ai-CDD\data\raw\dataset\train\NORMAL\normal_04058.png,G:\Ai-CDD\data\raw\dataset\train\NORMAL\normal_02769.png
perceptual_duplicate,G:\Ai-CDD\data\raw\dataset\train\NORMAL\normal_04059.png,G:\Ai-CDD\data\raw\dataset\train\NORMAL\normal_02770.png
perceptual_duplicate,G:\Ai-CDD\data\raw\dataset\train\NORMAL\normal_04060.png,G:\Ai-CDD\data\raw\dataset\train\NORMAL\normal_02771.png
perceptual_duplicate,G:\Ai-CDD\data\raw\dataset\train\NORMAL\normal_04061.png,G:\Ai-CDD\data\raw\dataset\train\NORMAL\normal_02772.png
perceptual_duplicate,G:\Ai-CDD\data\raw\dataset\train\NORMAL\normal_04062.png,G:\Ai-CDD\data\raw\dataset\train\NORMAL\normal_02774.png
perceptual_duplicate,G:\Ai-CDD\data\raw\dataset\train\NORMAL\normal_04063.png,G:\Ai-CDD\data\raw\dataset\train\NORMAL\normal_02775.png
perceptual_duplicate,G:\Ai-CDD\data\raw\dataset\train\NORMAL\normal_04064.png,G:\Ai-CDD\data\raw\dataset\train\NORMAL\normal_02776.png
perceptual_duplicate,G:\Ai-CDD\data\raw\dataset\test\NORMAL\normal_00842.png,G:\Ai-CDD\data\raw\dataset\train\NORMAL\normal_02777.png
perceptual_duplicate,G:\Ai-CDD\data\raw\dataset\val\NORMAL\normal_00581.png,G:\Ai-CDD\data\raw\dataset\train\NORMAL\normal_02778.png
perceptual_duplicate,G:\Ai-CDD\data\raw\dataset\val\NORMAL\normal_00614.png,G:\Ai-CDD\data\raw\dataset\train\NORMAL\normal_02778.png
perceptual_duplicate,G:\Ai-CDD\data\raw\dataset\test\NORMAL\normal_00843.png,G:\Ai-CDD\data\raw\dataset\train\NORMAL\normal_02779.png
perceptual_duplicate,G:\Ai-CDD\data\raw\dataset\val\NORMAL\normal_00615.png,G:\Ai-CDD\data\raw\dataset\train\NORMAL\normal_02780.png
perceptual_duplicate,G:\Ai-CDD\data\raw\dataset\train\NORMAL\normal_04065.png,G:\Ai-CDD\data\raw\dataset\train\NORMAL\normal_02781.png
perceptual_duplicate,G:\Ai-CDD\data\raw\dataset\train\NORMAL\normal_02836.png,G:\Ai-CDD\data\raw\dataset\train\NORMAL\normal_02782.png
perceptual_duplicate,G:\Ai-CDD\data\raw\dataset\train\NORMAL\normal_04066.png,G:\Ai-CDD\data\raw\dataset\train\NORMAL\normal_02782.png
perceptual_duplicate,G:\Ai-CDD\data\raw\dataset\train\NORMAL\normal_04099.png,G:\Ai-CDD\data\raw\dataset\train\NORMAL\normal_02782.png
perceptual_duplicate,G:\Ai-CDD\data\raw\dataset\train\NORMAL\normal_04067.png,G:\Ai-CDD\data\raw\dataset\train\NORMAL\normal_02783.png
perceptual_duplicate,G:\Ai-CDD\data\raw\dataset\val\NORMAL\normal_00616.png,G:\Ai-CDD\data\raw\dataset\train\NORMAL\normal_02784.png
perceptual_duplicate,G:\Ai-CDD\data\raw\dataset\val\NORMAL\normal_00617.png,G:\Ai-CDD\data\raw\dataset\train\NORMAL\normal_02785.png
perceptual_duplicate,G:\Ai-CDD\data\raw\dataset\train\NORMAL\normal_03397.png,G:\Ai-CDD\data\raw\dataset\train\NORMAL\normal_02786.png
perceptual_duplicate,G:\Ai-CDD\data\raw\dataset\train\NORMAL\normal_04068.png,G:\Ai-CDD\data\raw\dataset\train\NORMAL\normal_02786.png
perceptual_duplicate,G:\Ai-CDD\data\raw\dataset\test\NORMAL\normal_00976.png,G:\Ai-CDD\data\raw\dataset\train\NORMAL\normal_02786.png
perceptual_duplicate,G:\Ai-CDD\data\raw\dataset\train\NORMAL\normal_04069.png,G:\Ai-CDD\data\raw\dataset\train\NORMAL\normal_02787.png
perceptual_duplicate,G:\Ai-CDD\data\raw\dataset\train\NORMAL\normal_02858.png,G:\Ai-CDD\data\raw\dataset\train\NORMAL\normal_02788.png
perceptual_duplicate,G:\Ai-CDD\data\raw\dataset\train\NORMAL\normal_04070.png,G:\Ai-CDD\data\raw\dataset\train\NORMAL\normal_02788.png
perceptual_duplicate,G:\Ai-CDD\data\raw\dataset\train\NORMAL\normal_04112.png,G:\Ai-CDD\data\raw\dataset\train\NORMAL\normal_02788.png
perceptual_duplicate,G:\Ai-CDD\data\raw\dataset\train\NORMAL\normal_04071.png,G:\Ai-CDD\data\raw\dataset\train\NORMAL\normal_02789.png
perceptual_duplicate,G:\Ai-CDD\data\raw\dataset\val\NORMAL\normal_00618.png,G:\Ai-CDD\data\raw\dataset\train\NORMAL\normal_02790.png
perceptual_duplicate,G:\Ai-CDD\data\raw\dataset\train\NORMAL\normal_04072.png,G:\Ai-CDD\data\raw\dataset\train\NORMAL\normal_02791.png
perceptual_duplicate,G:\Ai-CDD\data\raw\dataset\train\NORMAL\normal_02843.png,G:\Ai-CDD\data\raw\dataset\train\NORMAL\normal_02792.png
perceptual_duplicate,G:\Ai-CDD\data\raw\dataset\train\NORMAL\normal_03397.png,G:\Ai-CDD\data\raw\dataset\train\NORMAL\normal_02792.png
perceptual_duplicate,G:\Ai-CDD\data\raw\dataset\train\NORMAL\normal_03561.png,G:\Ai-CDD\data\raw\dataset\train\NORMAL\normal_02792.png
perceptual_duplicate,G:\Ai-CDD\data\raw\dataset\train\NORMAL\normal_03628.png,G:\Ai-CDD\data\raw\dataset\train\NORMAL\normal_02792.png
perceptual_duplicate,G:\Ai-CDD\data\raw\dataset\train\NORMAL\normal_04073.png,G:\Ai-CDD\data\raw\dataset\train\NORMAL\normal_02792.png
perceptual_duplicate,G:\Ai-CDD\data\raw\dataset\train\NORMAL\normal_04103.png,G:\Ai-CDD\data\raw\dataset\train\NORMAL\normal_02792.png
perceptual_duplicate,G:\Ai-CDD\data\raw\dataset\test\NORMAL\normal_00976.png,G:\Ai-CDD\data\raw\dataset\train\NORMAL\normal_02792.png
perceptual_duplicate,G:\Ai-CDD\data\raw\dataset\test\NORMAL\normal_01021.png,G:\Ai-CDD\data\raw\dataset\train\NORMAL\normal_02792.png
perceptual_duplicate,G:\Ai-CDD\data\raw\dataset\test\NORMAL\normal_01042.png,G:\Ai-CDD\data\raw\dataset\train\NORMAL\normal_02792.png
perceptual_duplicate,G:\Ai-CDD\data\raw\dataset\train\NORMAL\normal_04074.png,G:\Ai-CDD\data\raw\dataset\train\NORMAL\normal_02793.png
perceptual_duplicate,G:\Ai-CDD\data\raw\dataset\train\NORMAL\normal_04075.png,G:\Ai-CDD\data\raw\dataset\train\NORMAL\normal_02794.png
perceptual_duplicate,G:\Ai-CDD\data\raw\dataset\test\NORMAL\normal_00844.png,G:\Ai-CDD\data\raw\dataset\train\NORMAL\normal_02795.png
perceptual_duplicate,G:\Ai-CDD\data\raw\dataset\val\NORMAL\normal_00619.png,G:\Ai-CDD\data\raw\dataset\train\NORMAL\normal_02796.png
perceptual_duplicate,G:\Ai-CDD\data\raw\dataset\val\NORMAL\normal_00620.png,G:\Ai-CDD\data\raw\dataset\train\NORMAL\normal_02797.png
perceptual_duplicate,G:\Ai-CDD\data\raw\dataset\test\NORMAL\normal_00845.png,G:\Ai-CDD\data\raw\dataset\train\NORMAL\normal_02798.png
perceptual_duplicate,G:\Ai-CDD\data\raw\dataset\train\NORMAL\normal_02978.png,G:\Ai-CDD\data\raw\dataset\train\NORMAL\normal_02799.png
perceptual_duplicate,G:\Ai-CDD\data\raw\dataset\val\NORMAL\normal_00621.png,G:\Ai-CDD\data\raw\dataset\train\NORMAL\normal_02799.png
perceptual_duplicate,G:\Ai-CDD\data\raw\dataset\val\NORMAL\normal_00655.png,G:\Ai-CDD\data\raw\dataset\train\NORMAL\normal_02799.png
perceptual_duplicate,G:\Ai-CDD\data\raw\dataset\train\NORMAL\normal_04076.png,G:\Ai-CDD\data\raw\dataset\train\NORMAL\normal_02800.png
perceptual_duplicate,G:\Ai-CDD\data\raw\dataset\train\NORMAL\normal_04077.png,G:\Ai-CDD\data\raw\dataset\train\NORMAL\normal_02801.png
perceptual_duplicate,G:\Ai-CDD\data\raw\dataset\test\NORMAL\normal_00846.png,G:\Ai-CDD\data\raw\dataset\train\NORMAL\normal_02802.png
perceptual_duplicate,G:\Ai-CDD\data\raw\dataset\train\NORMAL\normal_04078.png,G:\Ai-CDD\data\raw\dataset\train\NORMAL\normal_02803.png
perceptual_duplicate,G:\Ai-CDD\data\raw\dataset\train\NORMAL\normal_04079.png,G:\Ai-CDD\data\raw\dataset\train\NORMAL\normal_02804.png
perceptual_duplicate,G:\Ai-CDD\data\raw\dataset\train\NORMAL\normal_04080.png,G:\Ai-CDD\data\raw\dataset\train\NORMAL\normal_02805.png
perceptual_duplicate,G:\Ai-CDD\data\raw\dataset\val\NORMAL\normal_00622.png,G:\Ai-CDD\data\raw\dataset\train\NORMAL\normal_02806.png
perceptual_duplicate,G:\Ai-CDD\data\raw\dataset\test\NORMAL\normal_00847.png,G:\Ai-CDD\data\raw\dataset\train\NORMAL\normal_02807.png
perceptual_duplicate,G:\Ai-CDD\data\raw\dataset\train\NORMAL\normal_04081.png,G:\Ai-CDD\data\raw\dataset\train\NORMAL\normal_02808.png
perceptual_duplicate,G:\Ai-CDD\data\raw\dataset\val\NORMAL\normal_00623.png,G:\Ai-CDD\data\raw\dataset\train\NORMAL\normal_02809.png
perceptual_duplicate,G:\Ai-CDD\data\raw\dataset\test\NORMAL\normal_00848.png,G:\Ai-CDD\data\raw\dataset\train\NORMAL\normal_02810.png
perceptual_duplicate,G:\Ai-CDD\data\raw\dataset\val\NORMAL\normal_00624.png,G:\Ai-CDD\data\raw\dataset\train\NORMAL\normal_02811.png
perceptual_duplicate,G:\Ai-CDD\data\raw\dataset\train\NORMAL\normal_04082.png,G:\Ai-CDD\data\raw\dataset\train\NORMAL\normal_02812.png
perceptual_duplicate,G:\Ai-CDD\data\raw\dataset\val\NORMAL\normal_00625.png,G:\Ai-CDD\data\raw\dataset\train\NORMAL\normal_02813.png
perceptual_duplicate,G:\Ai-CDD\data\raw\dataset\train\NORMAL\normal_04083.png,G:\Ai-CDD\data\raw\dataset\train\NORMAL\normal_02814.png
perceptual_duplicate,G:\Ai-CDD\data\raw\dataset\train\NORMAL\normal_04084.png,G:\Ai-CDD\data\raw\dataset\train\NORMAL\normal_02815.png
perceptual_duplicate,G:\Ai-CDD\data\raw\dataset\val\NORMAL\normal_00626.png,G:\Ai-CDD\data\raw\dataset\train\NORMAL\normal_02816.png
perceptual_duplicate,G:\Ai-CDD\data\raw\dataset\val\NORMAL\normal_00627.png,G:\Ai-CDD\data\raw\dataset\train\NORMAL\normal_02817.png
perceptual_duplicate,G:\Ai-CDD\data\raw\dataset\train\NORMAL\normal_02940.png,G:\Ai-CDD\data\raw\dataset\train\NORMAL\normal_02818.png
perceptual_duplicate,G:\Ai-CDD\data\raw\dataset\train\NORMAL\normal_04085.png,G:\Ai-CDD\data\raw\dataset\train\NORMAL\normal_02818.png
perceptual_duplicate,G:\Ai-CDD\data\raw\dataset\train\NORMAL\normal_04163.png,G:\Ai-CDD\data\raw\dataset\train\NORMAL\normal_02818.png
perceptual_duplicate,G:\Ai-CDD\data\raw\dataset\train\NORMAL\normal_04086.png,G:\Ai-CDD\data\raw\dataset\train\NORMAL\normal_02819.png
perceptual_duplicate,G:\Ai-CDD\data\raw\dataset\test\NORMAL\normal_00816.png,G:\Ai-CDD\data\raw\dataset\train\NORMAL\normal_02820.png
perceptual_duplicate,G:\Ai-CDD\data\raw\dataset\val\NORMAL\normal_00628.png,G:\Ai-CDD\data\raw\dataset\train\NORMAL\normal_02820.png
perceptual_duplicate,G:\Ai-CDD\data\raw\dataset\train\NORMAL\normal_04087.png,G:\Ai-CDD\data\raw\dataset\train\NORMAL\normal_02821.png
perceptual_duplicate,G:\Ai-CDD\data\raw\dataset\val\NORMAL\normal_00629.png,G:\Ai-CDD\data\raw\dataset\train\NORMAL\normal_02822.png
perceptual_duplicate,G:\Ai-CDD\data\raw\dataset\train\NORMAL\normal_04088.png,G:\Ai-CDD\data\raw\dataset\train\NORMAL\normal_02823.png
perceptual_duplicate,G:\Ai-CDD\data\raw\dataset\train\NORMAL\normal_04089.png,G:\Ai-CDD\data\raw\dataset\train\NORMAL\normal_02824.png
perceptual_duplicate,G:\Ai-CDD\data\raw\dataset\train\NORMAL\normal_04090.png,G:\Ai-CDD\data\raw\dataset\train\NORMAL\normal_02825.png
perceptual_duplicate,G:\Ai-CDD\data\raw\dataset\test\NORMAL\normal_00849.png,G:\Ai-CDD\data\raw\dataset\train\NORMAL\normal_02826.png
perceptual_duplicate,G:\Ai-CDD\data\raw\dataset\test\NORMAL\normal_00850.png,G:\Ai-CDD\data\raw\dataset\train\NORMAL\normal_02827.png
perceptual_duplicate,G:\Ai-CDD\data\raw\dataset\train\NORMAL\normal_04091.png,G:\Ai-CDD\data\raw\dataset\train\NORMAL\normal_02828.png
perceptual_duplicate,G:\Ai-CDD\data\raw\dataset\train\NORMAL\normal_04092.png,G:\Ai-CDD\data\raw\dataset\train\NORMAL\normal_02829.png
perceptual_duplicate,G:\Ai-CDD\data\raw\dataset\train\NORMAL\normal_03895.png,G:\Ai-CDD\data\raw\dataset\train\NORMAL\normal_02830.png
perceptual_duplicate,G:\Ai-CDD\data\raw\dataset\train\NORMAL\normal_04093.png,G:\Ai-CDD\data\raw\dataset\train\NORMAL\normal_02830.png
perceptual_duplicate,G:\Ai-CDD\data\raw\dataset\train\NORMAL\normal_04094.png,G:\Ai-CDD\data\raw\dataset\train\NORMAL\normal_02831.png
perceptual_duplicate,G:\Ai-CDD\data\raw\dataset\train\NORMAL\normal_04095.png,G:\Ai-CDD\data\raw\dataset\train\NORMAL\normal_02832.png
perceptual_duplicate,G:\Ai-CDD\data\raw\dataset\train\NORMAL\normal_04096.png,G:\Ai-CDD\data\raw\dataset\train\NORMAL\normal_02833.png
perceptual_duplicate,G:\Ai-CDD\data\raw\dataset\train\NORMAL\normal_04097.png,G:\Ai-CDD\data\raw\dataset\train\NORMAL\normal_02834.png
perceptual_duplicate,G:\Ai-CDD\data\raw\dataset\train\NORMAL\normal_04098.png,G:\Ai-CDD\data\raw\dataset\train\NORMAL\normal_02835.png
perceptual_duplicate,G:\Ai-CDD\data\raw\dataset\train\NORMAL\normal_04066.png,G:\Ai-CDD\data\raw\dataset\train\NORMAL\normal_02836.png
perceptual_duplicate,G:\Ai-CDD\data\raw\dataset\train\NORMAL\normal_04099.png,G:\Ai-CDD\data\raw\dataset\train\NORMAL\normal_02836.png
perceptual_duplicate,G:\Ai-CDD\data\raw\dataset\train\NORMAL\normal_04100.png,G:\Ai-CDD\data\raw\dataset\train\NORMAL\normal_02837.png
perceptual_duplicate,G:\Ai-CDD\data\raw\dataset\val\NORMAL\normal_00630.png,G:\Ai-CDD\data\raw\dataset\train\NORMAL\normal_02838.png
perceptual_duplicate,G:\Ai-CDD\data\raw\dataset\test\NORMAL\normal_00851.png,G:\Ai-CDD\data\raw\dataset\train\NORMAL\normal_02839.png
perceptual_duplicate,G:\Ai-CDD\data\raw\dataset\train\NORMAL\normal_04101.png,G:\Ai-CDD\data\raw\dataset\train\NORMAL\normal_02840.png
perceptual_duplicate,G:\Ai-CDD\data\raw\dataset\train\NORMAL\normal_04102.png,G:\Ai-CDD\data\raw\dataset\train\NORMAL\normal_02841.png
perceptual_duplicate,G:\Ai-CDD\data\raw\dataset\test\NORMAL\normal_00852.png,G:\Ai-CDD\data\raw\dataset\train\NORMAL\normal_02842.png
perceptual_duplicate,G:\Ai-CDD\data\raw\dataset\train\NORMAL\normal_03065.png,G:\Ai-CDD\data\raw\dataset\train\NORMAL\normal_02843.png
perceptual_duplicate,G:\Ai-CDD\data\raw\dataset\train\NORMAL\normal_03397.png,G:\Ai-CDD\data\raw\dataset\train\NORMAL\normal_02843.png
perceptual_duplicate,G:\Ai-CDD\data\raw\dataset\train\NORMAL\normal_03628.png,G:\Ai-CDD\data\raw\dataset\train\NORMAL\normal_02843.png
perceptual_duplicate,G:\Ai-CDD\data\raw\dataset\train\NORMAL\normal_03696.png,G:\Ai-CDD\data\raw\dataset\train\NORMAL\normal_02843.png
perceptual_duplicate,G:\Ai-CDD\data\raw\dataset\train\NORMAL\normal_04073.png,G:\Ai-CDD\data\raw\dataset\train\NORMAL\normal_02843.png
perceptual_duplicate,G:\Ai-CDD\data\raw\dataset\train\NORMAL\normal_04103.png,G:\Ai-CDD\data\raw\dataset\train\NORMAL\normal_02843.png
perceptual_duplicate,G:\Ai-CDD\data\raw\dataset\train\NORMAL\normal_04312.png,G:\Ai-CDD\data\raw\dataset\train\NORMAL\normal_02843.png
perceptual_duplicate,G:\Ai-CDD\data\raw\dataset\test\NORMAL\normal_00976.png,G:\Ai-CDD\data\raw\dataset\train\NORMAL\normal_02843.png
perceptual_duplicate,G:\Ai-CDD\data\raw\dataset\test\NORMAL\normal_01042.png,G:\Ai-CDD\data\raw\dataset\train\NORMAL\normal_02843.png
perceptual_duplicate,G:\Ai-CDD\data\raw\dataset\test\NORMAL\normal_01058.png,G:\Ai-CDD\data\raw\dataset\train\NORMAL\normal_02843.png
perceptual_duplicate,G:\Ai-CDD\data\raw\dataset\test\NORMAL\normal_00853.png,G:\Ai-CDD\data\raw\dataset\train\NORMAL\normal_02844.png
perceptual_duplicate,G:\Ai-CDD\data\raw\dataset\train\NORMAL\normal_03231.png,G:\Ai-CDD\data\raw\dataset\train\NORMAL\normal_02845.png
perceptual_duplicate,G:\Ai-CDD\data\raw\dataset\train\NORMAL\normal_03435.png,G:\Ai-CDD\data\raw\dataset\train\NORMAL\normal_02845.png
perceptual_duplicate,G:\Ai-CDD\data\raw\dataset\train\NORMAL\normal_04532.png,G:\Ai-CDD\data\raw\dataset\train\NORMAL\normal_02845.png
perceptual_duplicate,G:\Ai-CDD\data\raw\dataset\val\NORMAL\normal_00631.png,G:\Ai-CDD\data\raw\dataset\train\NORMAL\normal_02845.png
perceptual_duplicate,G:\Ai-CDD\data\raw\dataset\val\NORMAL\normal_00726.png,G:\Ai-CDD\data\raw\dataset\train\NORMAL\normal_02845.png
perceptual_duplicate,G:\Ai-CDD\data\raw\dataset\test\NORMAL\normal_00854.png,G:\Ai-CDD\data\raw\dataset\train\NORMAL\normal_02846.png
perceptual_duplicate,G:\Ai-CDD\data\raw\dataset\train\NORMAL\normal_04104.png,G:\Ai-CDD\data\raw\dataset\train\NORMAL\normal_02847.png
perceptual_duplicate,G:\Ai-CDD\data\raw\dataset\val\NORMAL\normal_00632.png,G:\Ai-CDD\data\raw\dataset\train\NORMAL\normal_02848.png
perceptual_duplicate,G:\Ai-CDD\data\raw\dataset\train\NORMAL\normal_04105.png,G:\Ai-CDD\data\raw\dataset\train\NORMAL\normal_02849.png
perceptual_duplicate,G:\Ai-CDD\data\raw\dataset\test\NORMAL\normal_00767.png,G:\Ai-CDD\data\raw\dataset\train\NORMAL\normal_02849.png
perceptual_duplicate,G:\Ai-CDD\data\raw\dataset\train\NORMAL\normal_04106.png,G:\Ai-CDD\data\raw\dataset\train\NORMAL\normal_02850.png
perceptual_duplicate,G:\Ai-CDD\data\raw\dataset\train\NORMAL\normal_04107.png,G:\Ai-CDD\data\raw\dataset\train\NORMAL\normal_02851.png
perceptual_duplicate,G:\Ai-CDD\data\raw\dataset\train\NORMAL\normal_04108.png,G:\Ai-CDD\data\raw\dataset\train\NORMAL\normal_02852.png
perceptual_duplicate,G:\Ai-CDD\data\raw\dataset\train\NORMAL\normal_04109.png,G:\Ai-CDD\data\raw\dataset\train\NORMAL\normal_02853.png
perceptual_duplicate,G:\Ai-CDD\data\raw\dataset\val\NORMAL\normal_00633.png,G:\Ai-CDD\data\raw\dataset\train\NORMAL\normal_02854.png
perceptual_duplicate,G:\Ai-CDD\data\raw\dataset\train\NORMAL\normal_03504.png,G:\Ai-CDD\data\raw\dataset\train\NORMAL\normal_02855.png
perceptual_duplicate,G:\Ai-CDD\data\raw\dataset\train\NORMAL\normal_04110.png,G:\Ai-CDD\data\raw\dataset\train\NORMAL\normal_02855.png
perceptual_duplicate,G:\Ai-CDD\data\raw\dataset\test\NORMAL\normal_01001.png,G:\Ai-CDD\data\raw\dataset\train\NORMAL\normal_02855.png
perceptual_duplicate,G:\Ai-CDD\data\raw\dataset\train\NORMAL\normal_04111.png,G:\Ai-CDD\data\raw\dataset\train\NORMAL\normal_02856.png
perceptual_duplicate,G:\Ai-CDD\data\raw\dataset\val\NORMAL\normal_00634.png,G:\Ai-CDD\data\raw\dataset\train\NORMAL\normal_02857.png
perceptual_duplicate,G:\Ai-CDD\data\raw\dataset\train\NORMAL\normal_04070.png,G:\Ai-CDD\data\raw\dataset\train\NORMAL\normal_02858.png
perceptual_duplicate,G:\Ai-CDD\data\raw\dataset\train\NORMAL\normal_04112.png,G:\Ai-CDD\data\raw\dataset\train\NORMAL\normal_02858.png
perceptual_duplicate,G:\Ai-CDD\data\raw\dataset\test\NORMAL\normal_00855.png,G:\Ai-CDD\data\raw\dataset\train\NORMAL\normal_02859.png
perceptual_duplicate,G:\Ai-CDD\data\raw\dataset\test\NORMAL\normal_00856.png,G:\Ai-CDD\data\raw\dataset\train\NORMAL\normal_02860.png
perceptual_duplicate,G:\Ai-CDD\data\raw\dataset\train\NORMAL\normal_04113.png,G:\Ai-CDD\data\raw\dataset\train\NORMAL\normal_02861.png
perceptual_duplicate,G:\Ai-CDD\data\raw\dataset\train\NORMAL\normal_04114.png,G:\Ai-CDD\data\raw\dataset\train\NORMAL\normal_02862.png
perceptual_duplicate,G:\Ai-CDD\data\raw\dataset\val\NORMAL\normal_00635.png,G:\Ai-CDD\data\raw\dataset\train\NORMAL\normal_02863.png
perceptual_duplicate,G:\Ai-CDD\data\raw\dataset\train\NORMAL\normal_04115.png,G:\Ai-CDD\data\raw\dataset\train\NORMAL\normal_02864.png
perceptual_duplicate,G:\Ai-CDD\data\raw\dataset\train\NORMAL\normal_04116.png,G:\Ai-CDD\data\raw\dataset\train\NORMAL\normal_02865.png
perceptual_duplicate,G:\Ai-CDD\data\raw\dataset\val\NORMAL\normal_00636.png,G:\Ai-CDD\data\raw\dataset\train\NORMAL\normal_02866.png
perceptual_duplicate,G:\Ai-CDD\data\raw\dataset\val\NORMAL\normal_00637.png,G:\Ai-CDD\data\raw\dataset\train\NORMAL\normal_02867.png
perceptual_duplicate,G:\Ai-CDD\data\raw\dataset\test\NORMAL\normal_00857.png,G:\Ai-CDD\data\raw\dataset\train\NORMAL\normal_02868.png
perceptual_duplicate,G:\Ai-CDD\data\raw\dataset\train\NORMAL\normal_04117.png,G:\Ai-CDD\data\raw\dataset\train\NORMAL\normal_02869.png
perceptual_duplicate,G:\Ai-CDD\data\raw\dataset\train\NORMAL\normal_04118.png,G:\Ai-CDD\data\raw\dataset\train\NORMAL\normal_02870.png
perceptual_duplicate,G:\Ai-CDD\data\raw\dataset\train\NORMAL\normal_04119.png,G:\Ai-CDD\data\raw\dataset\train\NORMAL\normal_02871.png
perceptual_duplicate,G:\Ai-CDD\data\raw\dataset\train\NORMAL\normal_04120.png,G:\Ai-CDD\data\raw\dataset\train\NORMAL\normal_02872.png
perceptual_duplicate,G:\Ai-CDD\data\raw\dataset\train\NORMAL\normal_04121.png,G:\Ai-CDD\data\raw\dataset\train\NORMAL\normal_02873.png
perceptual_duplicate,G:\Ai-CDD\data\raw\dataset\train\NORMAL\normal_04122.png,G:\Ai-CDD\data\raw\dataset\train\NORMAL\normal_02874.png
perceptual_duplicate,G:\Ai-CDD\data\raw\dataset\train\NORMAL\normal_04123.png,G:\Ai-CDD\data\raw\dataset\train\NORMAL\normal_02875.png
perceptual_duplicate,G:\Ai-CDD\data\raw\dataset\train\NORMAL\normal_04124.png,G:\Ai-CDD\data\raw\dataset\train\NORMAL\normal_02876.png
perceptual_duplicate,G:\Ai-CDD\data\raw\dataset\val\NORMAL\normal_00638.png,G:\Ai-CDD\data\raw\dataset\train\NORMAL\normal_02877.png
perceptual_duplicate,G:\Ai-CDD\data\raw\dataset\test\NORMAL\normal_00858.png,G:\Ai-CDD\data\raw\dataset\train\NORMAL\normal_02878.png
perceptual_duplicate,G:\Ai-CDD\data\raw\dataset\val\NORMAL\normal_00639.png,G:\Ai-CDD\data\raw\dataset\train\NORMAL\normal_02879.png
perceptual_duplicate,G:\Ai-CDD\data\raw\dataset\train\NORMAL\normal_04125.png,G:\Ai-CDD\data\raw\dataset\train\NORMAL\normal_02880.png
perceptual_duplicate,G:\Ai-CDD\data\raw\dataset\test\NORMAL\normal_00859.png,G:\Ai-CDD\data\raw\dataset\train\NORMAL\normal_02881.png
perceptual_duplicate,G:\Ai-CDD\data\raw\dataset\train\NORMAL\normal_04126.png,G:\Ai-CDD\data\raw\dataset\train\NORMAL\normal_02882.png
perceptual_duplicate,G:\Ai-CDD\data\raw\dataset\train\NORMAL\normal_04127.png,G:\Ai-CDD\data\raw\dataset\train\NORMAL\normal_02883.png
perceptual_duplicate,G:\Ai-CDD\data\raw\dataset\test\NORMAL\normal_00860.png,G:\Ai-CDD\data\raw\dataset\train\NORMAL\normal_02884.png
perceptual_duplicate,G:\Ai-CDD\data\raw\dataset\test\NORMAL\normal_00634.png,G:\Ai-CDD\data\raw\dataset\train\NORMAL\normal_02885.png
perceptual_duplicate,G:\Ai-CDD\data\raw\dataset\test\NORMAL\normal_00894.png,G:\Ai-CDD\data\raw\dataset\train\NORMAL\normal_02885.png
perceptual_duplicate,G:\Ai-CDD\data\raw\dataset\val\NORMAL\normal_00640.png,G:\Ai-CDD\data\raw\dataset\train\NORMAL\normal_02885.png
perceptual_duplicate,G:\Ai-CDD\data\raw\dataset\train\NORMAL\normal_04128.png,G:\Ai-CDD\data\raw\dataset\train\NORMAL\normal_02886.png
perceptual_duplicate,G:\Ai-CDD\data\raw\dataset\train\NORMAL\normal_04129.png,G:\Ai-CDD\data\raw\dataset\train\NORMAL\normal_02887.png
perceptual_duplicate,G:\Ai-CDD\data\raw\dataset\val\NORMAL\normal_00641.png,G:\Ai-CDD\data\raw\dataset\train\NORMAL\normal_02888.png
perceptual_duplicate,G:\Ai-CDD\data\raw\dataset\train\NORMAL\normal_03722.png,G:\Ai-CDD\data\raw\dataset\train\NORMAL\normal_02889.png
perceptual_duplicate,G:\Ai-CDD\data\raw\dataset\train\NORMAL\normal_04130.png,G:\Ai-CDD\data\raw\dataset\train\NORMAL\normal_02889.png
perceptual_duplicate,G:\Ai-CDD\data\raw\dataset\train\NORMAL\normal_04679.png,G:\Ai-CDD\data\raw\dataset\train\NORMAL\normal_02889.png
perceptual_duplicate,G:\Ai-CDD\data\raw\dataset\train\NORMAL\normal_04131.png,G:\Ai-CDD\data\raw\dataset\train\NORMAL\normal_02890.png
perceptual_duplicate,G:\Ai-CDD\data\raw\dataset\train\NORMAL\normal_04132.png,G:\Ai-CDD\data\raw\dataset\train\NORMAL\normal_02891.png
perceptual_duplicate,G:\Ai-CDD\data\raw\dataset\val\NORMAL\normal_00642.png,G:\Ai-CDD\data\raw\dataset\train\NORMAL\normal_02892.png
perceptual_duplicate,G:\Ai-CDD\data\raw\dataset\train\NORMAL\normal_04133.png,G:\Ai-CDD\data\raw\dataset\train\NORMAL\normal_02893.png
perceptual_duplicate,G:\Ai-CDD\data\raw\dataset\train\NORMAL\normal_04134.png,G:\Ai-CDD\data\raw\dataset\train\NORMAL\normal_02894.png
perceptual_duplicate,G:\Ai-CDD\data\raw\dataset\train\NORMAL\normal_03998.png,G:\Ai-CDD\data\raw\dataset\train\NORMAL\normal_02895.png
perceptual_duplicate,G:\Ai-CDD\data\raw\dataset\train\NORMAL\normal_04135.png,G:\Ai-CDD\data\raw\dataset\train\NORMAL\normal_02895.png
perceptual_duplicate,G:\Ai-CDD\data\raw\dataset\val\NORMAL\normal_00643.png,G:\Ai-CDD\data\raw\dataset\train\NORMAL\normal_02896.png
perceptual_duplicate,G:\Ai-CDD\data\raw\dataset\train\NORMAL\normal_04136.png,G:\Ai-CDD\data\raw\dataset\train\NORMAL\normal_02897.png
perceptual_duplicate,G:\Ai-CDD\data\raw\dataset\train\NORMAL\normal_03319.png,G:\Ai-CDD\data\raw\dataset\train\NORMAL\normal_02898.png
perceptual_duplicate,G:\Ai-CDD\data\raw\dataset\train\NORMAL\normal_04137.png,G:\Ai-CDD\data\raw\dataset\train\NORMAL\normal_02898.png
perceptual_duplicate,G:\Ai-CDD\data\raw\dataset\train\NORMAL\normal_04471.png,G:\Ai-CDD\data\raw\dataset\train\NORMAL\normal_02898.png
perceptual_duplicate,G:\Ai-CDD\data\raw\dataset\train\NORMAL\normal_04138.png,G:\Ai-CDD\data\raw\dataset\train\NORMAL\normal_02899.png
perceptual_duplicate,G:\Ai-CDD\data\raw\dataset\train\NORMAL\normal_04139.png,G:\Ai-CDD\data\raw\dataset\train\NORMAL\normal_02900.png
perceptual_duplicate,G:\Ai-CDD\data\raw\dataset\test\NORMAL\normal_00861.png,G:\Ai-CDD\data\raw\dataset\train\NORMAL\normal_02901.png
perceptual_duplicate,G:\Ai-CDD\data\raw\dataset\train\NORMAL\normal_04140.png,G:\Ai-CDD\data\raw\dataset\train\NORMAL\normal_02902.png
perceptual_duplicate,G:\Ai-CDD\data\raw\dataset\train\NORMAL\normal_04141.png,G:\Ai-CDD\data\raw\dataset\train\NORMAL\normal_02903.png
perceptual_duplicate,G:\Ai-CDD\data\raw\dataset\train\NORMAL\normal_04142.png,G:\Ai-CDD\data\raw\dataset\train\NORMAL\normal_02904.png
perceptual_duplicate,G:\Ai-CDD\data\raw\dataset\test\NORMAL\normal_00862.png,G:\Ai-CDD\data\raw\dataset\train\NORMAL\normal_02905.png
perceptual_duplicate,G:\Ai-CDD\data\raw\dataset\test\NORMAL\normal_00863.png,G:\Ai-CDD\data\raw\dataset\train\NORMAL\normal_02906.png
perceptual_duplicate,G:\Ai-CDD\data\raw\dataset\val\NORMAL\normal_00644.png,G:\Ai-CDD\data\raw\dataset\train\NORMAL\normal_02907.png
perceptual_duplicate,G:\Ai-CDD\data\raw\dataset\train\NORMAL\normal_03550.png,G:\Ai-CDD\data\raw\dataset\train\NORMAL\normal_02908.png
perceptual_duplicate,G:\Ai-CDD\data\raw\dataset\train\NORMAL\normal_03914.png,G:\Ai-CDD\data\raw\dataset\train\NORMAL\normal_02908.png
perceptual_duplicate,G:\Ai-CDD\data\raw\dataset\test\NORMAL\normal_00864.png,G:\Ai-CDD\data\raw\dataset\train\NORMAL\normal_02908.png
perceptual_duplicate,G:\Ai-CDD\data\raw\dataset\test\NORMAL\normal_01016.png,G:\Ai-CDD\data\raw\dataset\train\NORMAL\normal_02908.png
perceptual_duplicate,G:\Ai-CDD\data\raw\dataset\train\NORMAL\normal_04143.png,G:\Ai-CDD\data\raw\dataset\train\NORMAL\normal_02909.png
perceptual_duplicate,G:\Ai-CDD\data\raw\dataset\train\NORMAL\normal_04144.png,G:\Ai-CDD\data\raw\dataset\train\NORMAL\normal_02910.png
perceptual_duplicate,G:\Ai-CDD\data\raw\dataset\train\NORMAL\normal_04145.png,G:\Ai-CDD\data\raw\dataset\train\NORMAL\normal_02911.png
perceptual_duplicate,G:\Ai-CDD\data\raw\dataset\test\NORMAL\normal_00865.png,G:\Ai-CDD\data\raw\dataset\train\NORMAL\normal_02912.png
perceptual_duplicate,G:\Ai-CDD\data\raw\dataset\train\NORMAL\normal_04146.png,G:\Ai-CDD\data\raw\dataset\train\NORMAL\normal_02913.png
perceptual_duplicate,G:\Ai-CDD\data\raw\dataset\train\NORMAL\normal_04147.png,G:\Ai-CDD\data\raw\dataset\train\NORMAL\normal_02914.png
perceptual_duplicate,G:\Ai-CDD\data\raw\dataset\train\NORMAL\normal_04148.png,G:\Ai-CDD\data\raw\dataset\train\NORMAL\normal_02915.png
perceptual_duplicate,G:\Ai-CDD\data\raw\dataset\train\NORMAL\normal_04149.png,G:\Ai-CDD\data\raw\dataset\train\NORMAL\normal_02916.png
perceptual_duplicate,G:\Ai-CDD\data\raw\dataset\val\NORMAL\normal_00645.png,G:\Ai-CDD\data\raw\dataset\train\NORMAL\normal_02917.png
perceptual_duplicate,G:\Ai-CDD\data\raw\dataset\val\NORMAL\normal_00646.png,G:\Ai-CDD\data\raw\dataset\train\NORMAL\normal_02918.png
perceptual_duplicate,G:\Ai-CDD\data\raw\dataset\train\NORMAL\normal_04150.png,G:\Ai-CDD\data\raw\dataset\train\NORMAL\normal_02919.png
perceptual_duplicate,G:\Ai-CDD\data\raw\dataset\val\NORMAL\normal_00583.png,G:\Ai-CDD\data\raw\dataset\train\NORMAL\normal_02920.png
perceptual_duplicate,G:\Ai-CDD\data\raw\dataset\val\NORMAL\normal_00647.png,G:\Ai-CDD\data\raw\dataset\train\NORMAL\normal_02921.png
perceptual_duplicate,G:\Ai-CDD\data\raw\dataset\train\NORMAL\normal_04151.png,G:\Ai-CDD\data\raw\dataset\train\NORMAL\normal_02922.png
perceptual_duplicate,G:\Ai-CDD\data\raw\dataset\train\NORMAL\normal_04152.png,G:\Ai-CDD\data\raw\dataset\train\NORMAL\normal_02923.png
perceptual_duplicate,G:\Ai-CDD\data\raw\dataset\train\NORMAL\normal_04153.png,G:\Ai-CDD\data\raw\dataset\train\NORMAL\normal_02924.png
perceptual_duplicate,G:\Ai-CDD\data\raw\dataset\train\NORMAL\normal_03326.png,G:\Ai-CDD\data\raw\dataset\train\NORMAL\normal_02925.png
perceptual_duplicate,G:\Ai-CDD\data\raw\dataset\train\NORMAL\normal_03604.png,G:\Ai-CDD\data\raw\dataset\train\NORMAL\normal_02925.png
perceptual_duplicate,G:\Ai-CDD\data\raw\dataset\train\NORMAL\normal_03690.png,G:\Ai-CDD\data\raw\dataset\train\NORMAL\normal_02925.png
perceptual_duplicate,G:\Ai-CDD\data\raw\dataset\train\NORMAL\normal_04154.png,G:\Ai-CDD\data\raw\dataset\train\NORMAL\normal_02925.png
perceptual_duplicate,G:\Ai-CDD\data\raw\dataset\train\NORMAL\normal_04616.png,G:\Ai-CDD\data\raw\dataset\train\NORMAL\normal_02925.png
perceptual_duplicate,G:\Ai-CDD\data\raw\dataset\test\NORMAL\normal_00961.png,G:\Ai-CDD\data\raw\dataset\train\NORMAL\normal_02925.png
perceptual_duplicate,G:\Ai-CDD\data\raw\dataset\test\NORMAL\normal_01055.png,G:\Ai-CDD\data\raw\dataset\train\NORMAL\normal_02925.png
perceptual_duplicate,G:\Ai-CDD\data\raw\dataset\test\NORMAL\normal_00866.png,G:\Ai-CDD\data\raw\dataset\train\NORMAL\normal_02926.png
perceptual_duplicate,G:\Ai-CDD\data\raw\dataset\train\NORMAL\normal_03563.png,G:\Ai-CDD\data\raw\dataset\train\NORMAL\normal_02927.png
perceptual_duplicate,G:\Ai-CDD\data\raw\dataset\train\NORMAL\normal_04155.png,G:\Ai-CDD\data\raw\dataset\train\NORMAL\normal_02927.png
perceptual_duplicate,G:\Ai-CDD\data\raw\dataset\train\NORMAL\normal_04598.png,G:\Ai-CDD\data\raw\dataset\train\NORMAL\normal_02927.png
perceptual_duplicate,G:\Ai-CDD\data\raw\dataset\val\NORMAL\normal_00648.png,G:\Ai-CDD\data\raw\dataset\train\NORMAL\normal_02928.png
perceptual_duplicate,G:\Ai-CDD\data\raw\dataset\train\NORMAL\normal_03085.png,G:\Ai-CDD\data\raw\dataset\train\NORMAL\normal_02929.png
perceptual_duplicate,G:\Ai-CDD\data\raw\dataset\train\NORMAL\normal_04326.png,G:\Ai-CDD\data\raw\dataset\train\NORMAL\normal_02929.png
perceptual_duplicate,G:\Ai-CDD\data\raw\dataset\val\NORMAL\normal_00649.png,G:\Ai-CDD\data\raw\dataset\train\NORMAL\normal_02929.png
perceptual_duplicate,G:\Ai-CDD\data\raw\dataset\test\NORMAL\normal_00867.png,G:\Ai-CDD\data\raw\dataset\train\NORMAL\normal_02930.png
perceptual_duplicate,G:\Ai-CDD\data\raw\dataset\test\NORMAL\normal_00868.png,G:\Ai-CDD\data\raw\dataset\train\NORMAL\normal_02931.png
perceptual_duplicate,G:\Ai-CDD\data\raw\dataset\train\NORMAL\normal_04156.png,G:\Ai-CDD\data\raw\dataset\train\NORMAL\normal_02932.png
perceptual_duplicate,G:\Ai-CDD\data\raw\dataset\train\NORMAL\normal_04157.png,G:\Ai-CDD\data\raw\dataset\train\NORMAL\normal_02933.png
perceptual_duplicate,G:\Ai-CDD\data\raw\dataset\train\NORMAL\normal_04158.png,G:\Ai-CDD\data\raw\dataset\train\NORMAL\normal_02934.png
perceptual_duplicate,G:\Ai-CDD\data\raw\dataset\train\NORMAL\normal_04159.png,G:\Ai-CDD\data\raw\dataset\train\NORMAL\normal_02935.png
perceptual_duplicate,G:\Ai-CDD\data\raw\dataset\train\NORMAL\normal_04160.png,G:\Ai-CDD\data\raw\dataset\train\NORMAL\normal_02936.png
perceptual_duplicate,G:\Ai-CDD\data\raw\dataset\train\NORMAL\normal_04161.png,G:\Ai-CDD\data\raw\dataset\train\NORMAL\normal_02937.png
perceptual_duplicate,G:\Ai-CDD\data\raw\dataset\train\NORMAL\normal_03233.png,G:\Ai-CDD\data\raw\dataset\train\NORMAL\normal_02938.png
perceptual_duplicate,G:\Ai-CDD\data\raw\dataset\val\NORMAL\normal_00650.png,G:\Ai-CDD\data\raw\dataset\train\NORMAL\normal_02938.png
perceptual_duplicate,G:\Ai-CDD\data\raw\dataset\val\NORMAL\normal_00727.png,G:\Ai-CDD\data\raw\dataset\train\NORMAL\normal_02938.png
perceptual_duplicate,G:\Ai-CDD\data\raw\dataset\train\NORMAL\normal_04162.png,G:\Ai-CDD\data\raw\dataset\train\NORMAL\normal_02939.png
perceptual_duplicate,G:\Ai-CDD\data\raw\dataset\train\NORMAL\normal_04085.png,G:\Ai-CDD\data\raw\dataset\train\NORMAL\normal_02940.png
perceptual_duplicate,G:\Ai-CDD\data\raw\dataset\train\NORMAL\normal_04163.png,G:\Ai-CDD\data\raw\dataset\train\NORMAL\normal_02940.png
perceptual_duplicate,G:\Ai-CDD\data\raw\dataset\train\NORMAL\normal_04164.png,G:\Ai-CDD\data\raw\dataset\train\NORMAL\normal_02941.png
perceptual_duplicate,G:\Ai-CDD\data\raw\dataset\train\NORMAL\normal_04165.png,G:\Ai-CDD\data\raw\dataset\train\NORMAL\normal_02942.png
perceptual_duplicate,G:\Ai-CDD\data\raw\dataset\train\NORMAL\normal_04166.png,G:\Ai-CDD\data\raw\dataset\train\NORMAL\normal_02943.png
perceptual_duplicate,G:\Ai-CDD\data\raw\dataset\test\NORMAL\normal_00612.png,G:\Ai-CDD\data\raw\dataset\train\NORMAL\normal_02943.png
perceptual_duplicate,G:\Ai-CDD\data\raw\dataset\test\NORMAL\normal_00890.png,G:\Ai-CDD\data\raw\dataset\train\NORMAL\normal_02943.png
perceptual_duplicate,G:\Ai-CDD\data\raw\dataset\train\NORMAL\normal_04167.png,G:\Ai-CDD\data\raw\dataset\train\NORMAL\normal_02944.png
perceptual_duplicate,G:\Ai-CDD\data\raw\dataset\train\NORMAL\normal_04168.png,G:\Ai-CDD\data\raw\dataset\train\NORMAL\normal_02945.png
perceptual_duplicate,G:\Ai-CDD\data\raw\dataset\train\NORMAL\normal_04169.png,G:\Ai-CDD\data\raw\dataset\train\NORMAL\normal_02946.png
perceptual_duplicate,G:\Ai-CDD\data\raw\dataset\train\NORMAL\normal_04170.png,G:\Ai-CDD\data\raw\dataset\train\NORMAL\normal_02947.png
perceptual_duplicate,G:\Ai-CDD\data\raw\dataset\train\NORMAL\normal_04171.png,G:\Ai-CDD\data\raw\dataset\train\NORMAL\normal_02948.png
perceptual_duplicate,G:\Ai-CDD\data\raw\dataset\test\NORMAL\normal_00869.png,G:\Ai-CDD\data\raw\dataset\train\NORMAL\normal_02949.png
perceptual_duplicate,G:\Ai-CDD\data\raw\dataset\train\NORMAL\normal_04172.png,G:\Ai-CDD\data\raw\dataset\train\NORMAL\normal_02950.png
perceptual_duplicate,G:\Ai-CDD\data\raw\dataset\train\NORMAL\normal_04173.png,G:\Ai-CDD\data\raw\dataset\train\NORMAL\normal_02951.png
perceptual_duplicate,G:\Ai-CDD\data\raw\dataset\val\NORMAL\normal_00651.png,G:\Ai-CDD\data\raw\dataset\train\NORMAL\normal_02952.png
perceptual_duplicate,G:\Ai-CDD\data\raw\dataset\train\NORMAL\normal_04174.png,G:\Ai-CDD\data\raw\dataset\train\NORMAL\normal_02953.png
perceptual_duplicate,G:\Ai-CDD\data\raw\dataset\train\NORMAL\normal_04175.png,G:\Ai-CDD\data\raw\dataset\train\NORMAL\normal_02954.png
perceptual_duplicate,G:\Ai-CDD\data\raw\dataset\test\NORMAL\normal_00870.png,G:\Ai-CDD\data\raw\dataset\train\NORMAL\normal_02955.png
perceptual_duplicate,G:\Ai-CDD\data\raw\dataset\test\NORMAL\normal_00871.png,G:\Ai-CDD\data\raw\dataset\train\NORMAL\normal_02956.png
perceptual_duplicate,G:\Ai-CDD\data\raw\dataset\train\NORMAL\normal_04176.png,G:\Ai-CDD\data\raw\dataset\train\NORMAL\normal_02957.png
perceptual_duplicate,G:\Ai-CDD\data\raw\dataset\train\NORMAL\normal_04177.png,G:\Ai-CDD\data\raw\dataset\train\NORMAL\normal_02958.png
perceptual_duplicate,G:\Ai-CDD\data\raw\dataset\train\NORMAL\normal_04178.png,G:\Ai-CDD\data\raw\dataset\train\NORMAL\normal_02959.png
perceptual_duplicate,G:\Ai-CDD\data\raw\dataset\test\NORMAL\normal_00872.png,G:\Ai-CDD\data\raw\dataset\train\NORMAL\normal_02960.png
perceptual_duplicate,G:\Ai-CDD\data\raw\dataset\train\NORMAL\normal_04179.png,G:\Ai-CDD\data\raw\dataset\train\NORMAL\normal_02961.png
perceptual_duplicate,G:\Ai-CDD\data\raw\dataset\train\NORMAL\normal_04180.png,G:\Ai-CDD\data\raw\dataset\train\NORMAL\normal_02962.png
perceptual_duplicate,G:\Ai-CDD\data\raw\dataset\val\NORMAL\normal_00652.png,G:\Ai-CDD\data\raw\dataset\train\NORMAL\normal_02963.png
perceptual_duplicate,G:\Ai-CDD\data\raw\dataset\train\NORMAL\normal_03471.png,G:\Ai-CDD\data\raw\dataset\train\NORMAL\normal_02964.png
perceptual_duplicate,G:\Ai-CDD\data\raw\dataset\train\NORMAL\normal_04550.png,G:\Ai-CDD\data\raw\dataset\train\NORMAL\normal_02964.png
perceptual_duplicate,G:\Ai-CDD\data\raw\dataset\val\NORMAL\normal_00653.png,G:\Ai-CDD\data\raw\dataset\train\NORMAL\normal_02964.png
perceptual_duplicate,G:\Ai-CDD\data\raw\dataset\train\NORMAL\normal_04181.png,G:\Ai-CDD\data\raw\dataset\train\NORMAL\normal_02965.png
perceptual_duplicate,G:\Ai-CDD\data\raw\dataset\train\NORMAL\normal_04182.png,G:\Ai-CDD\data\raw\dataset\train\NORMAL\normal_02966.png
perceptual_duplicate,G:\Ai-CDD\data\raw\dataset\train\NORMAL\normal_04183.png,G:\Ai-CDD\data\raw\dataset\train\NORMAL\normal_02967.png
perceptual_duplicate,G:\Ai-CDD\data\raw\dataset\test\NORMAL\normal_00873.png,G:\Ai-CDD\data\raw\dataset\train\NORMAL\normal_02968.png
perceptual_duplicate,G:\Ai-CDD\data\raw\dataset\train\NORMAL\normal_04184.png,G:\Ai-CDD\data\raw\dataset\train\NORMAL\normal_02969.png
perceptual_duplicate,G:\Ai-CDD\data\raw\dataset\train\NORMAL\normal_04185.png,G:\Ai-CDD\data\raw\dataset\train\NORMAL\normal_02970.png
perceptual_duplicate,G:\Ai-CDD\data\raw\dataset\test\NORMAL\normal_00874.png,G:\Ai-CDD\data\raw\dataset\train\NORMAL\normal_02971.png
perceptual_duplicate,G:\Ai-CDD\data\raw\dataset\test\NORMAL\normal_00875.png,G:\Ai-CDD\data\raw\dataset\train\NORMAL\normal_02972.png
perceptual_duplicate,G:\Ai-CDD\data\raw\dataset\test\NORMAL\normal_00876.png,G:\Ai-CDD\data\raw\dataset\train\NORMAL\normal_02973.png
perceptual_duplicate,G:\Ai-CDD\data\raw\dataset\train\NORMAL\normal_03397.png,G:\Ai-CDD\data\raw\dataset\train\NORMAL\normal_02974.png
perceptual_duplicate,G:\Ai-CDD\data\raw\dataset\train\NORMAL\normal_04042.png,G:\Ai-CDD\data\raw\dataset\train\NORMAL\normal_02974.png
perceptual_duplicate,G:\Ai-CDD\data\raw\dataset\train\NORMAL\normal_04186.png,G:\Ai-CDD\data\raw\dataset\train\NORMAL\normal_02974.png
perceptual_duplicate,G:\Ai-CDD\data\raw\dataset\test\NORMAL\normal_00800.png,G:\Ai-CDD\data\raw\dataset\train\NORMAL\normal_02974.png
perceptual_duplicate,G:\Ai-CDD\data\raw\dataset\test\NORMAL\normal_00976.png,G:\Ai-CDD\data\raw\dataset\train\NORMAL\normal_02974.png
perceptual_duplicate,G:\Ai-CDD\data\raw\dataset\train\NORMAL\normal_04187.png,G:\Ai-CDD\data\raw\dataset\train\NORMAL\normal_02975.png
perceptual_duplicate,G:\Ai-CDD\data\raw\dataset\train\NORMAL\normal_04188.png,G:\Ai-CDD\data\raw\dataset\train\NORMAL\normal_02976.png
perceptual_duplicate,G:\Ai-CDD\data\raw\dataset\val\NORMAL\normal_00654.png,G:\Ai-CDD\data\raw\dataset\train\NORMAL\normal_02977.png
perceptual_duplicate,G:\Ai-CDD\data\raw\dataset\train\NORMAL\normal_03085.png,G:\Ai-CDD\data\raw\dataset\train\NORMAL\normal_02978.png
perceptual_duplicate,G:\Ai-CDD\data\raw\dataset\train\NORMAL\normal_03091.png,G:\Ai-CDD\data\raw\dataset\train\NORMAL\normal_02978.png
perceptual_duplicate,G:\Ai-CDD\data\raw\dataset\train\NORMAL\normal_03282.png,G:\Ai-CDD\data\raw\dataset\train\NORMAL\normal_02978.png
perceptual_duplicate,G:\Ai-CDD\data\raw\dataset\train\NORMAL\normal_03332.png,G:\Ai-CDD\data\raw\dataset\train\NORMAL\normal_02978.png
perceptual_duplicate,G:\Ai-CDD\data\raw\dataset\train\NORMAL\normal_03463.png,G:\Ai-CDD\data\raw\dataset\train\NORMAL\normal_02978.png
perceptual_duplicate,G:\Ai-CDD\data\raw\dataset\train\NORMAL\normal_03826.png,G:\Ai-CDD\data\raw\dataset\train\NORMAL\normal_02978.png
perceptual_duplicate,G:\Ai-CDD\data\raw\dataset\train\NORMAL\normal_04326.png,G:\Ai-CDD\data\raw\dataset\train\NORMAL\normal_02978.png
perceptual_duplicate,G:\Ai-CDD\data\raw\dataset\train\NORMAL\normal_04329.png,G:\Ai-CDD\data\raw\dataset\train\NORMAL\normal_02978.png
perceptual_duplicate,G:\Ai-CDD\data\raw\dataset\train\NORMAL\normal_04476.png,G:\Ai-CDD\data\raw\dataset\train\NORMAL\normal_02978.png
perceptual_duplicate,G:\Ai-CDD\data\raw\dataset\test\NORMAL\normal_00991.png,G:\Ai-CDD\data\raw\dataset\train\NORMAL\normal_02978.png
perceptual_duplicate,G:\Ai-CDD\data\raw\dataset\val\NORMAL\normal_00621.png,G:\Ai-CDD\data\raw\dataset\train\NORMAL\normal_02978.png
perceptual_duplicate,G:\Ai-CDD\data\raw\dataset\val\NORMAL\normal_00655.png,G:\Ai-CDD\data\raw\dataset\train\NORMAL\normal_02978.png
perceptual_duplicate,G:\Ai-CDD\data\raw\dataset\test\NORMAL\normal_00877.png,G:\Ai-CDD\data\raw\dataset\train\NORMAL\normal_02979.png
perceptual_duplicate,G:\Ai-CDD\data\raw\dataset\train\NORMAL\normal_04189.png,G:\Ai-CDD\data\raw\dataset\train\NORMAL\normal_02980.png
perceptual_duplicate,G:\Ai-CDD\data\raw\dataset\val\NORMAL\normal_00656.png,G:\Ai-CDD\data\raw\dataset\train\NORMAL\normal_02982.png
perceptual_duplicate,G:\Ai-CDD\data\raw\dataset\train\NORMAL\normal_04190.png,G:\Ai-CDD\data\raw\dataset\train\NORMAL\normal_02983.png
perceptual_duplicate,G:\Ai-CDD\data\raw\dataset\test\NORMAL\normal_00878.png,G:\Ai-CDD\data\raw\dataset\train\NORMAL\normal_02984.png
perceptual_duplicate,G:\Ai-CDD\data\raw\dataset\train\NORMAL\normal_04191.png,G:\Ai-CDD\data\raw\dataset\train\NORMAL\normal_02985.png
perceptual_duplicate,G:\Ai-CDD\data\raw\dataset\test\NORMAL\normal_00879.png,G:\Ai-CDD\data\raw\dataset\train\NORMAL\normal_02986.png
perceptual_duplicate,G:\Ai-CDD\data\raw\dataset\test\NORMAL\normal_00880.png,G:\Ai-CDD\data\raw\dataset\train\NORMAL\normal_02987.png
perceptual_duplicate,G:\Ai-CDD\data\raw\dataset\train\NORMAL\normal_03474.png,G:\Ai-CDD\data\raw\dataset\train\NORMAL\normal_02988.png
perceptual_duplicate,G:\Ai-CDD\data\raw\dataset\train\NORMAL\normal_03689.png,G:\Ai-CDD\data\raw\dataset\train\NORMAL\normal_02988.png
perceptual_duplicate,G:\Ai-CDD\data\raw\dataset\train\NORMAL\normal_03927.png,G:\Ai-CDD\data\raw\dataset\train\NORMAL\normal_02988.png
perceptual_duplicate,G:\Ai-CDD\data\raw\dataset\train\NORMAL\normal_04192.png,G:\Ai-CDD\data\raw\dataset\train\NORMAL\normal_02988.png
perceptual_duplicate,G:\Ai-CDD\data\raw\dataset\train\NORMAL\normal_04552.png,G:\Ai-CDD\data\raw\dataset\train\NORMAL\normal_02988.png
perceptual_duplicate,G:\Ai-CDD\data\raw\dataset\train\NORMAL\normal_04662.png,G:\Ai-CDD\data\raw\dataset\train\NORMAL\normal_02988.png
perceptual_duplicate,G:\Ai-CDD\data\raw\dataset\test\NORMAL\normal_00881.png,G:\Ai-CDD\data\raw\dataset\train\NORMAL\normal_02989.png
perceptual_duplicate,G:\Ai-CDD\data\raw\dataset\train\NORMAL\normal_04193.png,G:\Ai-CDD\data\raw\dataset\train\NORMAL\normal_02990.png
perceptual_duplicate,G:\Ai-CDD\data\raw\dataset\test\NORMAL\normal_00882.png,G:\Ai-CDD\data\raw\dataset\train\NORMAL\normal_02991.png
perceptual_duplicate,G:\Ai-CDD\data\raw\dataset\train\NORMAL\normal_04194.png,G:\Ai-CDD\data\raw\dataset\train\NORMAL\normal_02992.png
perceptual_duplicate,G:\Ai-CDD\data\raw\dataset\val\NORMAL\normal_00657.png,G:\Ai-CDD\data\raw\dataset\train\NORMAL\normal_02993.png
perceptual_duplicate,G:\Ai-CDD\data\raw\dataset\val\NORMAL\normal_00658.png,G:\Ai-CDD\data\raw\dataset\train\NORMAL\normal_02994.png
perceptual_duplicate,G:\Ai-CDD\data\raw\dataset\train\NORMAL\normal_04195.png,G:\Ai-CDD\data\raw\dataset\train\NORMAL\normal_02995.png
perceptual_duplicate,G:\Ai-CDD\data\raw\dataset\train\NORMAL\normal_03283.png,G:\Ai-CDD\data\raw\dataset\train\NORMAL\normal_02996.png
perceptual_duplicate,G:\Ai-CDD\data\raw\dataset\train\NORMAL\normal_03371.png,G:\Ai-CDD\data\raw\dataset\train\NORMAL\normal_02996.png
perceptual_duplicate,G:\Ai-CDD\data\raw\dataset\train\NORMAL\normal_03503.png,G:\Ai-CDD\data\raw\dataset\train\NORMAL\normal_02996.png
perceptual_duplicate,G:\Ai-CDD\data\raw\dataset\train\NORMAL\normal_03519.png,G:\Ai-CDD\data\raw\dataset\train\NORMAL\normal_02996.png
perceptual_duplicate,G:\Ai-CDD\data\raw\dataset\train\NORMAL\normal_03616.png,G:\Ai-CDD\data\raw\dataset\train\NORMAL\normal_02996.png
perceptual_duplicate,G:\Ai-CDD\data\raw\dataset\train\NORMAL\normal_04196.png,G:\Ai-CDD\data\raw\dataset\train\NORMAL\normal_02996.png
perceptual_duplicate,G:\Ai-CDD\data\raw\dataset\train\NORMAL\normal_04451.png,G:\Ai-CDD\data\raw\dataset\train\NORMAL\normal_02996.png
perceptual_duplicate,G:\Ai-CDD\data\raw\dataset\train\NORMAL\normal_04494.png,G:\Ai-CDD\data\raw\dataset\train\NORMAL\normal_02996.png
perceptual_duplicate,G:\Ai-CDD\data\raw\dataset\train\NORMAL\normal_04569.png,G:\Ai-CDD\data\raw\dataset\train\NORMAL\normal_02996.png
perceptual_duplicate,G:\Ai-CDD\data\raw\dataset\train\NORMAL\normal_04575.png,G:\Ai-CDD\data\raw\dataset\train\NORMAL\normal_02996.png
perceptual_duplicate,G:\Ai-CDD\data\raw\dataset\test\NORMAL\normal_00795.png,G:\Ai-CDD\data\raw\dataset\train\NORMAL\normal_02996.png
perceptual_duplicate,G:\Ai-CDD\data\raw\dataset\val\NORMAL\normal_00613.png,G:\Ai-CDD\data\raw\dataset\train\NORMAL\normal_02996.png
perceptual_duplicate,G:\Ai-CDD\data\raw\dataset\val\NORMAL\normal_00805.png,G:\Ai-CDD\data\raw\dataset\train\NORMAL\normal_02996.png
perceptual_duplicate,G:\Ai-CDD\data\raw\dataset\train\NORMAL\normal_04197.png,G:\Ai-CDD\data\raw\dataset\train\NORMAL\normal_02997.png
perceptual_duplicate,G:\Ai-CDD\data\raw\dataset\train\NORMAL\normal_04198.png,G:\Ai-CDD\data\raw\dataset\train\NORMAL\normal_02998.png
perceptual_duplicate,G:\Ai-CDD\data\raw\dataset\train\NORMAL\normal_04199.png,G:\Ai-CDD\data\raw\dataset\train\NORMAL\normal_02999.png
perceptual_duplicate,G:\Ai-CDD\data\raw\dataset\val\NORMAL\normal_00659.png,G:\Ai-CDD\data\raw\dataset\train\NORMAL\normal_03000.png
perceptual_duplicate,G:\Ai-CDD\data\raw\dataset\train\NORMAL\normal_04200.png,G:\Ai-CDD\data\raw\dataset\train\NORMAL\normal_03001.png
perceptual_duplicate,G:\Ai-CDD\data\raw\dataset\test\NORMAL\normal_00883.png,G:\Ai-CDD\data\raw\dataset\train\NORMAL\normal_03002.png
perceptual_duplicate,G:\Ai-CDD\data\raw\dataset\train\NORMAL\normal_04201.png,G:\Ai-CDD\data\raw\dataset\train\NORMAL\normal_03003.png
perceptual_duplicate,G:\Ai-CDD\data\raw\dataset\test\NORMAL\normal_00884.png,G:\Ai-CDD\data\raw\dataset\train\NORMAL\normal_03004.png
perceptual_duplicate,G:\Ai-CDD\data\raw\dataset\train\NORMAL\normal_04202.png,G:\Ai-CDD\data\raw\dataset\train\NORMAL\normal_03006.png
perceptual_duplicate,G:\Ai-CDD\data\raw\dataset\train\NORMAL\normal_04203.png,G:\Ai-CDD\data\raw\dataset\train\NORMAL\normal_03007.png
perceptual_duplicate,G:\Ai-CDD\data\raw\dataset\val\NORMAL\normal_00660.png,G:\Ai-CDD\data\raw\dataset\train\NORMAL\normal_03008.png
perceptual_duplicate,G:\Ai-CDD\data\raw\dataset\train\NORMAL\normal_04204.png,G:\Ai-CDD\data\raw\dataset\train\NORMAL\normal_03009.png
perceptual_duplicate,G:\Ai-CDD\data\raw\dataset\train\NORMAL\normal_03796.png,G:\Ai-CDD\data\raw\dataset\train\NORMAL\normal_03010.png
perceptual_duplicate,G:\Ai-CDD\data\raw\dataset\train\NORMAL\normal_04205.png,G:\Ai-CDD\data\raw\dataset\train\NORMAL\normal_03010.png
perceptual_duplicate,G:\Ai-CDD\data\raw\dataset\test\NORMAL\normal_00711.png,G:\Ai-CDD\data\raw\dataset\train\NORMAL\normal_03010.png
perceptual_duplicate,G:\Ai-CDD\data\raw\dataset\train\NORMAL\normal_04206.png,G:\Ai-CDD\data\raw\dataset\train\NORMAL\normal_03011.png
perceptual_duplicate,G:\Ai-CDD\data\raw\dataset\val\NORMAL\normal_00661.png,G:\Ai-CDD\data\raw\dataset\train\NORMAL\normal_03012.png
perceptual_duplicate,G:\Ai-CDD\data\raw\dataset\train\NORMAL\normal_04207.png,G:\Ai-CDD\data\raw\dataset\train\NORMAL\normal_03013.png
perceptual_duplicate,G:\Ai-CDD\data\raw\dataset\train\NORMAL\normal_04208.png,G:\Ai-CDD\data\raw\dataset\train\NORMAL\normal_03014.png
perceptual_duplicate,G:\Ai-CDD\data\raw\dataset\train\NORMAL\normal_04209.png,G:\Ai-CDD\data\raw\dataset\train\NORMAL\normal_03015.png
perceptual_duplicate,G:\Ai-CDD\data\raw\dataset\train\NORMAL\normal_03628.png,G:\Ai-CDD\data\raw\dataset\train\NORMAL\normal_03016.png
perceptual_duplicate,G:\Ai-CDD\data\raw\dataset\train\NORMAL\normal_04210.png,G:\Ai-CDD\data\raw\dataset\train\NORMAL\normal_03016.png
perceptual_duplicate,G:\Ai-CDD\data\raw\dataset\test\NORMAL\normal_01042.png,G:\Ai-CDD\data\raw\dataset\train\NORMAL\normal_03016.png
perceptual_duplicate,G:\Ai-CDD\data\raw\dataset\test\NORMAL\normal_00885.png,G:\Ai-CDD\data\raw\dataset\train\NORMAL\normal_03017.png
perceptual_duplicate,G:\Ai-CDD\data\raw\dataset\train\NORMAL\normal_04211.png,G:\Ai-CDD\data\raw\dataset\train\NORMAL\normal_03018.png
perceptual_duplicate,G:\Ai-CDD\data\raw\dataset\train\NORMAL\normal_04212.png,G:\Ai-CDD\data\raw\dataset\train\NORMAL\normal_03019.png
perceptual_duplicate,G:\Ai-CDD\data\raw\dataset\train\NORMAL\normal_04213.png,G:\Ai-CDD\data\raw\dataset\train\NORMAL\normal_03020.png
perceptual_duplicate,G:\Ai-CDD\data\raw\dataset\train\NORMAL\normal_04214.png,G:\Ai-CDD\data\raw\dataset\train\NORMAL\normal_03021.png
perceptual_duplicate,G:\Ai-CDD\data\raw\dataset\val\NORMAL\normal_00662.png,G:\Ai-CDD\data\raw\dataset\train\NORMAL\normal_03022.png
perceptual_duplicate,G:\Ai-CDD\data\raw\dataset\val\NORMAL\normal_00663.png,G:\Ai-CDD\data\raw\dataset\train\NORMAL\normal_03023.png
perceptual_duplicate,G:\Ai-CDD\data\raw\dataset\train\NORMAL\normal_04215.png,G:\Ai-CDD\data\raw\dataset\train\NORMAL\normal_03024.png
perceptual_duplicate,G:\Ai-CDD\data\raw\dataset\train\NORMAL\normal_04216.png,G:\Ai-CDD\data\raw\dataset\train\NORMAL\normal_03025.png
perceptual_duplicate,G:\Ai-CDD\data\raw\dataset\test\NORMAL\normal_00886.png,G:\Ai-CDD\data\raw\dataset\train\NORMAL\normal_03026.png
perceptual_duplicate,G:\Ai-CDD\data\raw\dataset\train\NORMAL\normal_04217.png,G:\Ai-CDD\data\raw\dataset\train\NORMAL\normal_03027.png
perceptual_duplicate,G:\Ai-CDD\data\raw\dataset\test\NORMAL\normal_00887.png,G:\Ai-CDD\data\raw\dataset\train\NORMAL\normal_03028.png
perceptual_duplicate,G:\Ai-CDD\data\raw\dataset\train\NORMAL\normal_04218.png,G:\Ai-CDD\data\raw\dataset\train\NORMAL\normal_03029.png
perceptual_duplicate,G:\Ai-CDD\data\raw\dataset\train\NORMAL\normal_04219.png,G:\Ai-CDD\data\raw\dataset\train\NORMAL\normal_03030.png
perceptual_duplicate,G:\Ai-CDD\data\raw\dataset\train\NORMAL\normal_04220.png,G:\Ai-CDD\data\raw\dataset\train\NORMAL\normal_03031.png
perceptual_duplicate,G:\Ai-CDD\data\raw\dataset\train\NORMAL\normal_04221.png,G:\Ai-CDD\data\raw\dataset\train\NORMAL\normal_03032.png
perceptual_duplicate,G:\Ai-CDD\data\raw\dataset\train\NORMAL\normal_04222.png,G:\Ai-CDD\data\raw\dataset\train\NORMAL\normal_03033.png
perceptual_duplicate,G:\Ai-CDD\data\raw\dataset\train\NORMAL\normal_04223.png,G:\Ai-CDD\data\raw\dataset\train\NORMAL\normal_03035.png
perceptual_duplicate,G:\Ai-CDD\data\raw\dataset\train\NORMAL\normal_04224.png,G:\Ai-CDD\data\raw\dataset\train\NORMAL\normal_03036.png
perceptual_duplicate,G:\Ai-CDD\data\raw\dataset\train\NORMAL\normal_04225.png,G:\Ai-CDD\data\raw\dataset\train\NORMAL\normal_03037.png
perceptual_duplicate,G:\Ai-CDD\data\raw\dataset\train\NORMAL\normal_04226.png,G:\Ai-CDD\data\raw\dataset\train\NORMAL\normal_03038.png
perceptual_duplicate,G:\Ai-CDD\data\raw\dataset\val\NORMAL\normal_00664.png,G:\Ai-CDD\data\raw\dataset\train\NORMAL\normal_03039.png
perceptual_duplicate,G:\Ai-CDD\data\raw\dataset\train\NORMAL\normal_04227.png,G:\Ai-CDD\data\raw\dataset\train\NORMAL\normal_03040.png
perceptual_duplicate,G:\Ai-CDD\data\raw\dataset\train\NORMAL\normal_04228.png,G:\Ai-CDD\data\raw\dataset\train\NORMAL\normal_03041.png
perceptual_duplicate,G:\Ai-CDD\data\raw\dataset\val\NORMAL\normal_00665.png,G:\Ai-CDD\data\raw\dataset\train\NORMAL\normal_03042.png
perceptual_duplicate,G:\Ai-CDD\data\raw\dataset\val\NORMAL\normal_00666.png,G:\Ai-CDD\data\raw\dataset\train\NORMAL\normal_03043.png
perceptual_duplicate,G:\Ai-CDD\data\raw\dataset\train\NORMAL\normal_04229.png,G:\Ai-CDD\data\raw\dataset\train\NORMAL\normal_03044.png
perceptual_duplicate,G:\Ai-CDD\data\raw\dataset\train\NORMAL\normal_04230.png,G:\Ai-CDD\data\raw\dataset\train\NORMAL\normal_03045.png
perceptual_duplicate,G:\Ai-CDD\data\raw\dataset\train\NORMAL\normal_04231.png,G:\Ai-CDD\data\raw\dataset\train\NORMAL\normal_03046.png
perceptual_duplicate,G:\Ai-CDD\data\raw\dataset\test\NORMAL\normal_00888.png,G:\Ai-CDD\data\raw\dataset\train\NORMAL\normal_03047.png
perceptual_duplicate,G:\Ai-CDD\data\raw\dataset\val\NORMAL\normal_00691.png,G:\Ai-CDD\data\raw\dataset\train\NORMAL\normal_03048.png
perceptual_duplicate,G:\Ai-CDD\data\raw\dataset\test\NORMAL\normal_00914.png,G:\Ai-CDD\data\raw\dataset\train\NORMAL\normal_03049.png
perceptual_duplicate,G:\Ai-CDD\data\raw\dataset\train\NORMAL\normal_04304.png,G:\Ai-CDD\data\raw\dataset\train\NORMAL\normal_03050.png
perceptual_duplicate,G:\Ai-CDD\data\raw\dataset\test\NORMAL\normal_00915.png,G:\Ai-CDD\data\raw\dataset\train\NORMAL\normal_03051.png
perceptual_duplicate,G:\Ai-CDD\data\raw\dataset\train\NORMAL\normal_03371.png,G:\Ai-CDD\data\raw\dataset\train\NORMAL\normal_03052.png
perceptual_duplicate,G:\Ai-CDD\data\raw\dataset\train\NORMAL\normal_04494.png,G:\Ai-CDD\data\raw\dataset\train\NORMAL\normal_03052.png
perceptual_duplicate,G:\Ai-CDD\data\raw\dataset\val\NORMAL\normal_00692.png,G:\Ai-CDD\data\raw\dataset\train\NORMAL\normal_03052.png
perceptual_duplicate,G:\Ai-CDD\data\raw\dataset\test\NORMAL\normal_00916.png,G:\Ai-CDD\data\raw\dataset\train\NORMAL\normal_03053.png
perceptual_duplicate,G:\Ai-CDD\data\raw\dataset\train\NORMAL\normal_03397.png,G:\Ai-CDD\data\raw\dataset\train\NORMAL\normal_03054.png
perceptual_duplicate,G:\Ai-CDD\data\raw\dataset\train\NORMAL\normal_04305.png,G:\Ai-CDD\data\raw\dataset\train\NORMAL\normal_03054.png
perceptual_duplicate,G:\Ai-CDD\data\raw\dataset\test\NORMAL\normal_00976.png,G:\Ai-CDD\data\raw\dataset\train\NORMAL\normal_03054.png
perceptual_duplicate,G:\Ai-CDD\data\raw\dataset\train\NORMAL\normal_04306.png,G:\Ai-CDD\data\raw\dataset\train\NORMAL\normal_03055.png
perceptual_duplicate,G:\Ai-CDD\data\raw\dataset\test\NORMAL\normal_00917.png,G:\Ai-CDD\data\raw\dataset\train\NORMAL\normal_03056.png
perceptual_duplicate,G:\Ai-CDD\data\raw\dataset\train\NORMAL\normal_04307.png,G:\Ai-CDD\data\raw\dataset\train\NORMAL\normal_03057.png
perceptual_duplicate,G:\Ai-CDD\data\raw\dataset\train\NORMAL\normal_04308.png,G:\Ai-CDD\data\raw\dataset\train\NORMAL\normal_03058.png
perceptual_duplicate,G:\Ai-CDD\data\raw\dataset\test\NORMAL\normal_00918.png,G:\Ai-CDD\data\raw\dataset\train\NORMAL\normal_03059.png
perceptual_duplicate,G:\Ai-CDD\data\raw\dataset\val\NORMAL\normal_00693.png,G:\Ai-CDD\data\raw\dataset\train\NORMAL\normal_03060.png
perceptual_duplicate,G:\Ai-CDD\data\raw\dataset\train\NORMAL\normal_03379.png,G:\Ai-CDD\data\raw\dataset\train\NORMAL\normal_03061.png
perceptual_duplicate,G:\Ai-CDD\data\raw\dataset\train\NORMAL\normal_04309.png,G:\Ai-CDD\data\raw\dataset\train\NORMAL\normal_03061.png
perceptual_duplicate,G:\Ai-CDD\data\raw\dataset\test\NORMAL\normal_00769.png,G:\Ai-CDD\data\raw\dataset\train\NORMAL\normal_03061.png
perceptual_duplicate,G:\Ai-CDD\data\raw\dataset\val\NORMAL\normal_00694.png,G:\Ai-CDD\data\raw\dataset\train\NORMAL\normal_03062.png
perceptual_duplicate,G:\Ai-CDD\data\raw\dataset\train\NORMAL\normal_04310.png,G:\Ai-CDD\data\raw\dataset\train\NORMAL\normal_03063.png
perceptual_duplicate,G:\Ai-CDD\data\raw\dataset\train\NORMAL\normal_04311.png,G:\Ai-CDD\data\raw\dataset\train\NORMAL\normal_03064.png
perceptual_duplicate,G:\Ai-CDD\data\raw\dataset\train\NORMAL\normal_04103.png,G:\Ai-CDD\data\raw\dataset\train\NORMAL\normal_03065.png
perceptual_duplicate,G:\Ai-CDD\data\raw\dataset\train\NORMAL\normal_04312.png,G:\Ai-CDD\data\raw\dataset\train\NORMAL\normal_03065.png
perceptual_duplicate,G:\Ai-CDD\data\raw\dataset\train\NORMAL\normal_04313.png,G:\Ai-CDD\data\raw\dataset\train\NORMAL\normal_03066.png
perceptual_duplicate,G:\Ai-CDD\data\raw\dataset\val\NORMAL\normal_00695.png,G:\Ai-CDD\data\raw\dataset\train\NORMAL\normal_03067.png
perceptual_duplicate,G:\Ai-CDD\data\raw\dataset\train\NORMAL\normal_04314.png,G:\Ai-CDD\data\raw\dataset\train\NORMAL\normal_03068.png
perceptual_duplicate,G:\Ai-CDD\data\raw\dataset\train\NORMAL\normal_04315.png,G:\Ai-CDD\data\raw\dataset\train\NORMAL\normal_03069.png
perceptual_duplicate,G:\Ai-CDD\data\raw\dataset\val\NORMAL\normal_00696.png,G:\Ai-CDD\data\raw\dataset\train\NORMAL\normal_03070.png
perceptual_duplicate,G:\Ai-CDD\data\raw\dataset\train\NORMAL\normal_04316.png,G:\Ai-CDD\data\raw\dataset\train\NORMAL\normal_03071.png
perceptual_duplicate,G:\Ai-CDD\data\raw\dataset\train\NORMAL\normal_04317.png,G:\Ai-CDD\data\raw\dataset\train\NORMAL\normal_03072.png
perceptual_duplicate,G:\Ai-CDD\data\raw\dataset\test\NORMAL\normal_00919.png,G:\Ai-CDD\data\raw\dataset\train\NORMAL\normal_03073.png
perceptual_duplicate,G:\Ai-CDD\data\raw\dataset\train\NORMAL\normal_04318.png,G:\Ai-CDD\data\raw\dataset\train\NORMAL\normal_03074.png
perceptual_duplicate,G:\Ai-CDD\data\raw\dataset\train\NORMAL\normal_04319.png,G:\Ai-CDD\data\raw\dataset\train\NORMAL\normal_03075.png
perceptual_duplicate,G:\Ai-CDD\data\raw\dataset\test\NORMAL\normal_00920.png,G:\Ai-CDD\data\raw\dataset\train\NORMAL\normal_03076.png
perceptual_duplicate,G:\Ai-CDD\data\raw\dataset\train\NORMAL\normal_04320.png,G:\Ai-CDD\data\raw\dataset\train\NORMAL\normal_03077.png
perceptual_duplicate,G:\Ai-CDD\data\raw\dataset\val\NORMAL\normal_00697.png,G:\Ai-CDD\data\raw\dataset\train\NORMAL\normal_03078.png
perceptual_duplicate,G:\Ai-CDD\data\raw\dataset\train\NORMAL\normal_04321.png,G:\Ai-CDD\data\raw\dataset\train\NORMAL\normal_03079.png
perceptual_duplicate,G:\Ai-CDD\data\raw\dataset\train\NORMAL\normal_03435.png,G:\Ai-CDD\data\raw\dataset\train\NORMAL\normal_03080.png
perceptual_duplicate,G:\Ai-CDD\data\raw\dataset\train\NORMAL\normal_04532.png,G:\Ai-CDD\data\raw\dataset\train\NORMAL\normal_03080.png
perceptual_duplicate,G:\Ai-CDD\data\raw\dataset\test\NORMAL\normal_00921.png,G:\Ai-CDD\data\raw\dataset\train\NORMAL\normal_03080.png
perceptual_duplicate,G:\Ai-CDD\data\raw\dataset\train\NORMAL\normal_04322.png,G:\Ai-CDD\data\raw\dataset\train\NORMAL\normal_03081.png
perceptual_duplicate,G:\Ai-CDD\data\raw\dataset\train\NORMAL\normal_04323.png,G:\Ai-CDD\data\raw\dataset\train\NORMAL\normal_03082.png
perceptual_duplicate,G:\Ai-CDD\data\raw\dataset\train\NORMAL\normal_04324.png,G:\Ai-CDD\data\raw\dataset\train\NORMAL\normal_03083.png
perceptual_duplicate,G:\Ai-CDD\data\raw\dataset\train\NORMAL\normal_04325.png,G:\Ai-CDD\data\raw\dataset\train\NORMAL\normal_03084.png
perceptual_duplicate,G:\Ai-CDD\data\raw\dataset\train\NORMAL\normal_03282.png,G:\Ai-CDD\data\raw\dataset\train\NORMAL\normal_03085.png
perceptual_duplicate,G:\Ai-CDD\data\raw\dataset\train\NORMAL\normal_03332.png,G:\Ai-CDD\data\raw\dataset\train\NORMAL\normal_03085.png
perceptual_duplicate,G:\Ai-CDD\data\raw\dataset\train\NORMAL\normal_03463.png,G:\Ai-CDD\data\raw\dataset\train\NORMAL\normal_03085.png
perceptual_duplicate,G:\Ai-CDD\data\raw\dataset\train\NORMAL\normal_03567.png,G:\Ai-CDD\data\raw\dataset\train\NORMAL\normal_03085.png
perceptual_duplicate,G:\Ai-CDD\data\raw\dataset\train\NORMAL\normal_03665.png,G:\Ai-CDD\data\raw\dataset\train\NORMAL\normal_03085.png
perceptual_duplicate,G:\Ai-CDD\data\raw\dataset\train\NORMAL\normal_03826.png,G:\Ai-CDD\data\raw\dataset\train\NORMAL\normal_03085.png
perceptual_duplicate,G:\Ai-CDD\data\raw\dataset\train\NORMAL\normal_03842.png,G:\Ai-CDD\data\raw\dataset\train\NORMAL\normal_03085.png
perceptual_duplicate,G:\Ai-CDD\data\raw\dataset\train\NORMAL\normal_04326.png,G:\Ai-CDD\data\raw\dataset\train\NORMAL\normal_03085.png
perceptual_duplicate,G:\Ai-CDD\data\raw\dataset\train\NORMAL\normal_04476.png,G:\Ai-CDD\data\raw\dataset\train\NORMAL\normal_03085.png
perceptual_duplicate,G:\Ai-CDD\data\raw\dataset\test\NORMAL\normal_00565.png,G:\Ai-CDD\data\raw\dataset\train\NORMAL\normal_03085.png
perceptual_duplicate,G:\Ai-CDD\data\raw\dataset\test\NORMAL\normal_00991.png,G:\Ai-CDD\data\raw\dataset\train\NORMAL\normal_03085.png
perceptual_duplicate,G:\Ai-CDD\data\raw\dataset\test\NORMAL\normal_01050.png,G:\Ai-CDD\data\raw\dataset\train\NORMAL\normal_03085.png
perceptual_duplicate,G:\Ai-CDD\data\raw\dataset\val\NORMAL\normal_00649.png,G:\Ai-CDD\data\raw\dataset\train\NORMAL\normal_03085.png
perceptual_duplicate,G:\Ai-CDD\data\raw\dataset\val\NORMAL\normal_00655.png,G:\Ai-CDD\data\raw\dataset\train\NORMAL\normal_03085.png
perceptual_duplicate,G:\Ai-CDD\data\raw\dataset\val\NORMAL\normal_00794.png,G:\Ai-CDD\data\raw\dataset\train\NORMAL\normal_03085.png
perceptual_duplicate,G:\Ai-CDD\data\raw\dataset\val\NORMAL\normal_00698.png,G:\Ai-CDD\data\raw\dataset\train\NORMAL\normal_03086.png
perceptual_duplicate,G:\Ai-CDD\data\raw\dataset\train\NORMAL\normal_04327.png,G:\Ai-CDD\data\raw\dataset\train\NORMAL\normal_03087.png
perceptual_duplicate,G:\Ai-CDD\data\raw\dataset\val\NORMAL\normal_00699.png,G:\Ai-CDD\data\raw\dataset\train\NORMAL\normal_03088.png
perceptual_duplicate,G:\Ai-CDD\data\raw\dataset\val\NORMAL\normal_00700.png,G:\Ai-CDD\data\raw\dataset\train\NORMAL\normal_03089.png
perceptual_duplicate,G:\Ai-CDD\data\raw\dataset\train\NORMAL\normal_04328.png,G:\Ai-CDD\data\raw\dataset\train\NORMAL\normal_03090.png
perceptual_duplicate,G:\Ai-CDD\data\raw\dataset\train\NORMAL\normal_03665.png,G:\Ai-CDD\data\raw\dataset\train\NORMAL\normal_03091.png
perceptual_duplicate,G:\Ai-CDD\data\raw\dataset\train\NORMAL\normal_04292.png,G:\Ai-CDD\data\raw\dataset\train\NORMAL\normal_03091.png
perceptual_duplicate,G:\Ai-CDD\data\raw\dataset\train\NORMAL\normal_04329.png,G:\Ai-CDD\data\raw\dataset\train\NORMAL\normal_03091.png
perceptual_duplicate,G:\Ai-CDD\data\raw\dataset\test\NORMAL\normal_00730.png,G:\Ai-CDD\data\raw\dataset\train\NORMAL\normal_03091.png
perceptual_duplicate,G:\Ai-CDD\data\raw\dataset\test\NORMAL\normal_01050.png,G:\Ai-CDD\data\raw\dataset\train\NORMAL\normal_03091.png
perceptual_duplicate,G:\Ai-CDD\data\raw\dataset\val\NORMAL\normal_00582.png,G:\Ai-CDD\data\raw\dataset\train\NORMAL\normal_03091.png
perceptual_duplicate,G:\Ai-CDD\data\raw\dataset\val\NORMAL\normal_00655.png,G:\Ai-CDD\data\raw\dataset\train\NORMAL\normal_03091.png
perceptual_duplicate,G:\Ai-CDD\data\raw\dataset\val\NORMAL\normal_00701.png,G:\Ai-CDD\data\raw\dataset\train\NORMAL\normal_03092.png
perceptual_duplicate,G:\Ai-CDD\data\raw\dataset\train\NORMAL\normal_03707.png,G:\Ai-CDD\data\raw\dataset\train\NORMAL\normal_03093.png
perceptual_duplicate,G:\Ai-CDD\data\raw\dataset\train\NORMAL\normal_04330.png,G:\Ai-CDD\data\raw\dataset\train\NORMAL\normal_03093.png
perceptual_duplicate,G:\Ai-CDD\data\raw\dataset\test\NORMAL\normal_01061.png,G:\Ai-CDD\data\raw\dataset\train\NORMAL\normal_03093.png
perceptual_duplicate,G:\Ai-CDD\data\raw\dataset\train\NORMAL\normal_04331.png,G:\Ai-CDD\data\raw\dataset\train\NORMAL\normal_03094.png
perceptual_duplicate,G:\Ai-CDD\data\raw\dataset\train\NORMAL\normal_03656.png,G:\Ai-CDD\data\raw\dataset\train\NORMAL\normal_03095.png
perceptual_duplicate,G:\Ai-CDD\data\raw\dataset\train\NORMAL\normal_04643.png,G:\Ai-CDD\data\raw\dataset\train\NORMAL\normal_03095.png
perceptual_duplicate,G:\Ai-CDD\data\raw\dataset\val\NORMAL\normal_00702.png,G:\Ai-CDD\data\raw\dataset\train\NORMAL\normal_03095.png
perceptual_duplicate,G:\Ai-CDD\data\raw\dataset\test\NORMAL\normal_00922.png,G:\Ai-CDD\data\raw\dataset\train\NORMAL\normal_03096.png
perceptual_duplicate,G:\Ai-CDD\data\raw\dataset\train\NORMAL\normal_04332.png,G:\Ai-CDD\data\raw\dataset\train\NORMAL\normal_03097.png
perceptual_duplicate,G:\Ai-CDD\data\raw\dataset\test\NORMAL\normal_00923.png,G:\Ai-CDD\data\raw\dataset\train\NORMAL\normal_03098.png
perceptual_duplicate,G:\Ai-CDD\data\raw\dataset\test\NORMAL\normal_00924.png,G:\Ai-CDD\data\raw\dataset\train\NORMAL\normal_03099.png
perceptual_duplicate,G:\Ai-CDD\data\raw\dataset\train\NORMAL\normal_04333.png,G:\Ai-CDD\data\raw\dataset\train\NORMAL\normal_03100.png
perceptual_duplicate,G:\Ai-CDD\data\raw\dataset\train\NORMAL\normal_03544.png,G:\Ai-CDD\data\raw\dataset\train\NORMAL\normal_03101.png
perceptual_duplicate,G:\Ai-CDD\data\raw\dataset\test\NORMAL\normal_01013.png,G:\Ai-CDD\data\raw\dataset\train\NORMAL\normal_03101.png
perceptual_duplicate,G:\Ai-CDD\data\raw\dataset\val\NORMAL\normal_00703.png,G:\Ai-CDD\data\raw\dataset\train\NORMAL\normal_03101.png
perceptual_duplicate,G:\Ai-CDD\data\raw\dataset\train\NORMAL\normal_04334.png,G:\Ai-CDD\data\raw\dataset\train\NORMAL\normal_03102.png
perceptual_duplicate,G:\Ai-CDD\data\raw\dataset\train\NORMAL\normal_04335.png,G:\Ai-CDD\data\raw\dataset\train\NORMAL\normal_03103.png
perceptual_duplicate,G:\Ai-CDD\data\raw\dataset\test\NORMAL\normal_00925.png,G:\Ai-CDD\data\raw\dataset\train\NORMAL\normal_03104.png
perceptual_duplicate,G:\Ai-CDD\data\raw\dataset\test\NORMAL\normal_00926.png,G:\Ai-CDD\data\raw\dataset\train\NORMAL\normal_03105.png
perceptual_duplicate,G:\Ai-CDD\data\raw\dataset\test\NORMAL\normal_00927.png,G:\Ai-CDD\data\raw\dataset\train\NORMAL\normal_03106.png
perceptual_duplicate,G:\Ai-CDD\data\raw\dataset\train\NORMAL\normal_03460.png,G:\Ai-CDD\data\raw\dataset\train\NORMAL\normal_03107.png
perceptual_duplicate,G:\Ai-CDD\data\raw\dataset\train\NORMAL\normal_04336.png,G:\Ai-CDD\data\raw\dataset\train\NORMAL\normal_03107.png
perceptual_duplicate,G:\Ai-CDD\data\raw\dataset\train\NORMAL\normal_04546.png,G:\Ai-CDD\data\raw\dataset\train\NORMAL\normal_03107.png
perceptual_duplicate,G:\Ai-CDD\data\raw\dataset\train\NORMAL\normal_04337.png,G:\Ai-CDD\data\raw\dataset\train\NORMAL\normal_03108.png
perceptual_duplicate,G:\Ai-CDD\data\raw\dataset\train\NORMAL\normal_04338.png,G:\Ai-CDD\data\raw\dataset\train\NORMAL\normal_03109.png
perceptual_duplicate,G:\Ai-CDD\data\raw\dataset\test\NORMAL\normal_00928.png,G:\Ai-CDD\data\raw\dataset\train\NORMAL\normal_03110.png
perceptual_duplicate,G:\Ai-CDD\data\raw\dataset\train\NORMAL\normal_04339.png,G:\Ai-CDD\data\raw\dataset\train\NORMAL\normal_03111.png
perceptual_duplicate,G:\Ai-CDD\data\raw\dataset\train\NORMAL\normal_04340.png,G:\Ai-CDD\data\raw\dataset\train\NORMAL\normal_03112.png
perceptual_duplicate,G:\Ai-CDD\data\raw\dataset\val\NORMAL\normal_00704.png,G:\Ai-CDD\data\raw\dataset\train\NORMAL\normal_03113.png
perceptual_duplicate,G:\Ai-CDD\data\raw\dataset\train\NORMAL\normal_04341.png,G:\Ai-CDD\data\raw\dataset\train\NORMAL\normal_03114.png
perceptual_duplicate,G:\Ai-CDD\data\raw\dataset\val\NORMAL\normal_00705.png,G:\Ai-CDD\data\raw\dataset\train\NORMAL\normal_03115.png
perceptual_duplicate,G:\Ai-CDD\data\raw\dataset\train\NORMAL\normal_04342.png,G:\Ai-CDD\data\raw\dataset\train\NORMAL\normal_03116.png
perceptual_duplicate,G:\Ai-CDD\data\raw\dataset\train\NORMAL\normal_03664.png,G:\Ai-CDD\data\raw\dataset\train\NORMAL\normal_03117.png
perceptual_duplicate,G:\Ai-CDD\data\raw\dataset\test\NORMAL\normal_01049.png,G:\Ai-CDD\data\raw\dataset\train\NORMAL\normal_03117.png
perceptual_duplicate,G:\Ai-CDD\data\raw\dataset\val\NORMAL\normal_00706.png,G:\Ai-CDD\data\raw\dataset\train\NORMAL\normal_03117.png
perceptual_duplicate,G:\Ai-CDD\data\raw\dataset\val\NORMAL\normal_00707.png,G:\Ai-CDD\data\raw\dataset\train\NORMAL\normal_03118.png
perceptual_duplicate,G:\Ai-CDD\data\raw\dataset\val\NORMAL\normal_00708.png,G:\Ai-CDD\data\raw\dataset\train\NORMAL\normal_03119.png
perceptual_duplicate,G:\Ai-CDD\data\raw\dataset\test\NORMAL\normal_00929.png,G:\Ai-CDD\data\raw\dataset\train\NORMAL\normal_03120.png
perceptual_duplicate,G:\Ai-CDD\data\raw\dataset\train\NORMAL\normal_04343.png,G:\Ai-CDD\data\raw\dataset\train\NORMAL\normal_03121.png
perceptual_duplicate,G:\Ai-CDD\data\raw\dataset\val\NORMAL\normal_00709.png,G:\Ai-CDD\data\raw\dataset\train\NORMAL\normal_03122.png
perceptual_duplicate,G:\Ai-CDD\data\raw\dataset\train\NORMAL\normal_04344.png,G:\Ai-CDD\data\raw\dataset\train\NORMAL\normal_03123.png
perceptual_duplicate,G:\Ai-CDD\data\raw\dataset\train\NORMAL\normal_04345.png,G:\Ai-CDD\data\raw\dataset\train\NORMAL\normal_03124.png
perceptual_duplicate,G:\Ai-CDD\data\raw\dataset\test\NORMAL\normal_00930.png,G:\Ai-CDD\data\raw\dataset\train\NORMAL\normal_03125.png
perceptual_duplicate,G:\Ai-CDD\data\raw\dataset\test\NORMAL\normal_00931.png,G:\Ai-CDD\data\raw\dataset\train\NORMAL\normal_03126.png
perceptual_duplicate,G:\Ai-CDD\data\raw\dataset\test\NORMAL\normal_00932.png,G:\Ai-CDD\data\raw\dataset\train\NORMAL\normal_03127.png
perceptual_duplicate,G:\Ai-CDD\data\raw\dataset\train\NORMAL\normal_04346.png,G:\Ai-CDD\data\raw\dataset\train\NORMAL\normal_03128.png
perceptual_duplicate,G:\Ai-CDD\data\raw\dataset\train\NORMAL\normal_04347.png,G:\Ai-CDD\data\raw\dataset\train\NORMAL\normal_03129.png
perceptual_duplicate,G:\Ai-CDD\data\raw\dataset\train\NORMAL\normal_04348.png,G:\Ai-CDD\data\raw\dataset\train\NORMAL\normal_03130.png
perceptual_duplicate,G:\Ai-CDD\data\raw\dataset\train\NORMAL\normal_04349.png,G:\Ai-CDD\data\raw\dataset\train\NORMAL\normal_03131.png
perceptual_duplicate,G:\Ai-CDD\data\raw\dataset\train\NORMAL\normal_03735.png,G:\Ai-CDD\data\raw\dataset\train\NORMAL\normal_03132.png
perceptual_duplicate,G:\Ai-CDD\data\raw\dataset\train\NORMAL\normal_04350.png,G:\Ai-CDD\data\raw\dataset\train\NORMAL\normal_03132.png
perceptual_duplicate,G:\Ai-CDD\data\raw\dataset\test\NORMAL\normal_01065.png,G:\Ai-CDD\data\raw\dataset\train\NORMAL\normal_03132.png
perceptual_duplicate,G:\Ai-CDD\data\raw\dataset\val\NORMAL\normal_00710.png,G:\Ai-CDD\data\raw\dataset\train\NORMAL\normal_03133.png
perceptual_duplicate,G:\Ai-CDD\data\raw\dataset\test\NORMAL\normal_00933.png,G:\Ai-CDD\data\raw\dataset\train\NORMAL\normal_03134.png
perceptual_duplicate,G:\Ai-CDD\data\raw\dataset\train\NORMAL\normal_04351.png,G:\Ai-CDD\data\raw\dataset\train\NORMAL\normal_03135.png
perceptual_duplicate,G:\Ai-CDD\data\raw\dataset\train\NORMAL\normal_04352.png,G:\Ai-CDD\data\raw\dataset\train\NORMAL\normal_03136.png
perceptual_duplicate,G:\Ai-CDD\data\raw\dataset\train\NORMAL\normal_04353.png,G:\Ai-CDD\data\raw\dataset\train\NORMAL\normal_03137.png
perceptual_duplicate,G:\Ai-CDD\data\raw\dataset\train\NORMAL\normal_04354.png,G:\Ai-CDD\data\raw\dataset\train\NORMAL\normal_03138.png
perceptual_duplicate,G:\Ai-CDD\data\raw\dataset\train\NORMAL\normal_04355.png,G:\Ai-CDD\data\raw\dataset\train\NORMAL\normal_03139.png
perceptual_duplicate,G:\Ai-CDD\data\raw\dataset\val\NORMAL\normal_00711.png,G:\Ai-CDD\data\raw\dataset\train\NORMAL\normal_03140.png
perceptual_duplicate,G:\Ai-CDD\data\raw\dataset\train\NORMAL\normal_04356.png,G:\Ai-CDD\data\raw\dataset\train\NORMAL\normal_03142.png
perceptual_duplicate,G:\Ai-CDD\data\raw\dataset\val\NORMAL\normal_00712.png,G:\Ai-CDD\data\raw\dataset\train\NORMAL\normal_03143.png
perceptual_duplicate,G:\Ai-CDD\data\raw\dataset\train\NORMAL\normal_04357.png,G:\Ai-CDD\data\raw\dataset\train\NORMAL\normal_03144.png
perceptual_duplicate,G:\Ai-CDD\data\raw\dataset\train\NORMAL\normal_04358.png,G:\Ai-CDD\data\raw\dataset\train\NORMAL\normal_03145.png
perceptual_duplicate,G:\Ai-CDD\data\raw\dataset\train\NORMAL\normal_04359.png,G:\Ai-CDD\data\raw\dataset\train\NORMAL\normal_03146.png
perceptual_duplicate,G:\Ai-CDD\data\raw\dataset\train\NORMAL\normal_04360.png,G:\Ai-CDD\data\raw\dataset\train\NORMAL\normal_03147.png
perceptual_duplicate,G:\Ai-CDD\data\raw\dataset\train\NORMAL\normal_04361.png,G:\Ai-CDD\data\raw\dataset\train\NORMAL\normal_03148.png
perceptual_duplicate,G:\Ai-CDD\data\raw\dataset\train\NORMAL\normal_04362.png,G:\Ai-CDD\data\raw\dataset\train\NORMAL\normal_03149.png
perceptual_duplicate,G:\Ai-CDD\data\raw\dataset\val\NORMAL\normal_00713.png,G:\Ai-CDD\data\raw\dataset\train\NORMAL\normal_03150.png
perceptual_duplicate,G:\Ai-CDD\data\raw\dataset\train\NORMAL\normal_03796.png,G:\Ai-CDD\data\raw\dataset\train\NORMAL\normal_03151.png
perceptual_duplicate,G:\Ai-CDD\data\raw\dataset\train\NORMAL\normal_04363.png,G:\Ai-CDD\data\raw\dataset\train\NORMAL\normal_03151.png
perceptual_duplicate,G:\Ai-CDD\data\raw\dataset\test\NORMAL\normal_00711.png,G:\Ai-CDD\data\raw\dataset\train\NORMAL\normal_03151.png
perceptual_duplicate,G:\Ai-CDD\data\raw\dataset\test\NORMAL\normal_00934.png,G:\Ai-CDD\data\raw\dataset\train\NORMAL\normal_03152.png
perceptual_duplicate,G:\Ai-CDD\data\raw\dataset\val\NORMAL\normal_00714.png,G:\Ai-CDD\data\raw\dataset\train\NORMAL\normal_03153.png
perceptual_duplicate,G:\Ai-CDD\data\raw\dataset\train\NORMAL\normal_03504.png,G:\Ai-CDD\data\raw\dataset\train\NORMAL\normal_03154.png
perceptual_duplicate,G:\Ai-CDD\data\raw\dataset\train\NORMAL\normal_04042.png,G:\Ai-CDD\data\raw\dataset\train\NORMAL\normal_03154.png
perceptual_duplicate,G:\Ai-CDD\data\raw\dataset\train\NORMAL\normal_04292.png,G:\Ai-CDD\data\raw\dataset\train\NORMAL\normal_03154.png
perceptual_duplicate,G:\Ai-CDD\data\raw\dataset\train\NORMAL\normal_04364.png,G:\Ai-CDD\data\raw\dataset\train\NORMAL\normal_03154.png
perceptual_duplicate,G:\Ai-CDD\data\raw\dataset\test\NORMAL\normal_00604.png,G:\Ai-CDD\data\raw\dataset\train\NORMAL\normal_03154.png
perceptual_duplicate,G:\Ai-CDD\data\raw\dataset\test\NORMAL\normal_00730.png,G:\Ai-CDD\data\raw\dataset\train\NORMAL\normal_03154.png
perceptual_duplicate,G:\Ai-CDD\data\raw\dataset\test\NORMAL\normal_01001.png,G:\Ai-CDD\data\raw\dataset\train\NORMAL\normal_03154.png
perceptual_duplicate,G:\Ai-CDD\data\raw\dataset\train\NORMAL\normal_04365.png,G:\Ai-CDD\data\raw\dataset\train\NORMAL\normal_03155.png
perceptual_duplicate,G:\Ai-CDD\data\raw\dataset\train\NORMAL\normal_04366.png,G:\Ai-CDD\data\raw\dataset\train\NORMAL\normal_03156.png
perceptual_duplicate,G:\Ai-CDD\data\raw\dataset\train\NORMAL\normal_04367.png,G:\Ai-CDD\data\raw\dataset\train\NORMAL\normal_03157.png
perceptual_duplicate,G:\Ai-CDD\data\raw\dataset\test\NORMAL\normal_00935.png,G:\Ai-CDD\data\raw\dataset\train\NORMAL\normal_03158.png
perceptual_duplicate,G:\Ai-CDD\data\raw\dataset\val\NORMAL\normal_00715.png,G:\Ai-CDD\data\raw\dataset\train\NORMAL\normal_03159.png
perceptual_duplicate,G:\Ai-CDD\data\raw\dataset\val\NORMAL\normal_00716.png,G:\Ai-CDD\data\raw\dataset\train\NORMAL\normal_03160.png
perceptual_duplicate,G:\Ai-CDD\data\raw\dataset\train\NORMAL\normal_04368.png,G:\Ai-CDD\data\raw\dataset\train\NORMAL\normal_03161.png
perceptual_duplicate,G:\Ai-CDD\data\raw\dataset\test\NORMAL\normal_00936.png,G:\Ai-CDD\data\raw\dataset\train\NORMAL\normal_03162.png
perceptual_duplicate,G:\Ai-CDD\data\raw\dataset\train\NORMAL\normal_03504.png,G:\Ai-CDD\data\raw\dataset\train\NORMAL\normal_03163.png
perceptual_duplicate,G:\Ai-CDD\data\raw\dataset\test\NORMAL\normal_00937.png,G:\Ai-CDD\data\raw\dataset\train\NORMAL\normal_03163.png
perceptual_duplicate,G:\Ai-CDD\data\raw\dataset\test\NORMAL\normal_01001.png,G:\Ai-CDD\data\raw\dataset\train\NORMAL\normal_03163.png
perceptual_duplicate,G:\Ai-CDD\data\raw\dataset\train\NORMAL\normal_04369.png,G:\Ai-CDD\data\raw\dataset\train\NORMAL\normal_03164.png
perceptual_duplicate,G:\Ai-CDD\data\raw\dataset\train\NORMAL\normal_04370.png,G:\Ai-CDD\data\raw\dataset\train\NORMAL\normal_03165.png
perceptual_duplicate,G:\Ai-CDD\data\raw\dataset\val\NORMAL\normal_00717.png,G:\Ai-CDD\data\raw\dataset\train\NORMAL\normal_03166.png
perceptual_duplicate,G:\Ai-CDD\data\raw\dataset\train\NORMAL\normal_04371.png,G:\Ai-CDD\data\raw\dataset\train\NORMAL\normal_03167.png
perceptual_duplicate,G:\Ai-CDD\data\raw\dataset\train\NORMAL\normal_04372.png,G:\Ai-CDD\data\raw\dataset\train\NORMAL\normal_03168.png
perceptual_duplicate,G:\Ai-CDD\data\raw\dataset\test\NORMAL\normal_00938.png,G:\Ai-CDD\data\raw\dataset\train\NORMAL\normal_03169.png
perceptual_duplicate,G:\Ai-CDD\data\raw\dataset\test\NORMAL\normal_00939.png,G:\Ai-CDD\data\raw\dataset\train\NORMAL\normal_03170.png
perceptual_duplicate,G:\Ai-CDD\data\raw\dataset\test\NORMAL\normal_00940.png,G:\Ai-CDD\data\raw\dataset\train\NORMAL\normal_03171.png
perceptual_duplicate,G:\Ai-CDD\data\raw\dataset\train\NORMAL\normal_04373.png,G:\Ai-CDD\data\raw\dataset\train\NORMAL\normal_03172.png
perceptual_duplicate,G:\Ai-CDD\data\raw\dataset\train\NORMAL\normal_03463.png,G:\Ai-CDD\data\raw\dataset\train\NORMAL\normal_03173.png
perceptual_duplicate,G:\Ai-CDD\data\raw\dataset\train\NORMAL\normal_04374.png,G:\Ai-CDD\data\raw\dataset\train\NORMAL\normal_03173.png
perceptual_duplicate,G:\Ai-CDD\data\raw\dataset\test\NORMAL\normal_00991.png,G:\Ai-CDD\data\raw\dataset\train\NORMAL\normal_03173.png
perceptual_duplicate,G:\Ai-CDD\data\raw\dataset\train\NORMAL\normal_04375.png,G:\Ai-CDD\data\raw\dataset\train\NORMAL\normal_03174.png
perceptual_duplicate,G:\Ai-CDD\data\raw\dataset\train\NORMAL\normal_04376.png,G:\Ai-CDD\data\raw\dataset\train\NORMAL\normal_03175.png
perceptual_duplicate,G:\Ai-CDD\data\raw\dataset\train\NORMAL\normal_04377.png,G:\Ai-CDD\data\raw\dataset\train\NORMAL\normal_03176.png
perceptual_duplicate,G:\Ai-CDD\data\raw\dataset\train\NORMAL\normal_04378.png,G:\Ai-CDD\data\raw\dataset\train\NORMAL\normal_03177.png
perceptual_duplicate,G:\Ai-CDD\data\raw\dataset\train\NORMAL\normal_04379.png,G:\Ai-CDD\data\raw\dataset\train\NORMAL\normal_03178.png
perceptual_duplicate,G:\Ai-CDD\data\raw\dataset\val\NORMAL\normal_00718.png,G:\Ai-CDD\data\raw\dataset\train\NORMAL\normal_03179.png
perceptual_duplicate,G:\Ai-CDD\data\raw\dataset\test\NORMAL\normal_00941.png,G:\Ai-CDD\data\raw\dataset\train\NORMAL\normal_03180.png
perceptual_duplicate,G:\Ai-CDD\data\raw\dataset\train\NORMAL\normal_04380.png,G:\Ai-CDD\data\raw\dataset\train\NORMAL\normal_03181.png
perceptual_duplicate,G:\Ai-CDD\data\raw\dataset\train\NORMAL\normal_04381.png,G:\Ai-CDD\data\raw\dataset\train\NORMAL\normal_03182.png
perceptual_duplicate,G:\Ai-CDD\data\raw\dataset\train\NORMAL\normal_04382.png,G:\Ai-CDD\data\raw\dataset\train\NORMAL\normal_03183.png
perceptual_duplicate,G:\Ai-CDD\data\raw\dataset\train\NORMAL\normal_04383.png,G:\Ai-CDD\data\raw\dataset\train\NORMAL\normal_03184.png
perceptual_duplicate,G:\Ai-CDD\data\raw\dataset\train\NORMAL\normal_04384.png,G:\Ai-CDD\data\raw\dataset\train\NORMAL\normal_03185.png
perceptual_duplicate,G:\Ai-CDD\data\raw\dataset\test\NORMAL\normal_00942.png,G:\Ai-CDD\data\raw\dataset\train\NORMAL\normal_03186.png
perceptual_duplicate,G:\Ai-CDD\data\raw\dataset\train\NORMAL\normal_03447.png,G:\Ai-CDD\data\raw\dataset\train\NORMAL\normal_03187.png
perceptual_duplicate,G:\Ai-CDD\data\raw\dataset\train\NORMAL\normal_04032.png,G:\Ai-CDD\data\raw\dataset\train\NORMAL\normal_03187.png
perceptual_duplicate,G:\Ai-CDD\data\raw\dataset\train\NORMAL\normal_04385.png,G:\Ai-CDD\data\raw\dataset\train\NORMAL\normal_03187.png
perceptual_duplicate,G:\Ai-CDD\data\raw\dataset\train\NORMAL\normal_04538.png,G:\Ai-CDD\data\raw\dataset\train\NORMAL\normal_03187.png
perceptual_duplicate,G:\Ai-CDD\data\raw\dataset\train\NORMAL\normal_04386.png,G:\Ai-CDD\data\raw\dataset\train\NORMAL\normal_03188.png
perceptual_duplicate,G:\Ai-CDD\data\raw\dataset\train\NORMAL\normal_04387.png,G:\Ai-CDD\data\raw\dataset\train\NORMAL\normal_03189.png
perceptual_duplicate,G:\Ai-CDD\data\raw\dataset\val\NORMAL\normal_00719.png,G:\Ai-CDD\data\raw\dataset\train\NORMAL\normal_03190.png
perceptual_duplicate,G:\Ai-CDD\data\raw\dataset\train\NORMAL\normal_04388.png,G:\Ai-CDD\data\raw\dataset\train\NORMAL\normal_03191.png
perceptual_duplicate,G:\Ai-CDD\data\raw\dataset\train\NORMAL\normal_04389.png,G:\Ai-CDD\data\raw\dataset\train\NORMAL\normal_03192.png
perceptual_duplicate,G:\Ai-CDD\data\raw\dataset\val\NORMAL\normal_00720.png,G:\Ai-CDD\data\raw\dataset\train\NORMAL\normal_03193.png
perceptual_duplicate,G:\Ai-CDD\data\raw\dataset\test\NORMAL\normal_00943.png,G:\Ai-CDD\data\raw\dataset\train\NORMAL\normal_03194.png
perceptual_duplicate,G:\Ai-CDD\data\raw\dataset\val\NORMAL\normal_00721.png,G:\Ai-CDD\data\raw\dataset\train\NORMAL\normal_03195.png
perceptual_duplicate,G:\Ai-CDD\data\raw\dataset\train\NORMAL\normal_04390.png,G:\Ai-CDD\data\raw\dataset\train\NORMAL\normal_03196.png
perceptual_duplicate,G:\Ai-CDD\data\raw\dataset\train\NORMAL\normal_04391.png,G:\Ai-CDD\data\raw\dataset\train\NORMAL\normal_03197.png
perceptual_duplicate,G:\Ai-CDD\data\raw\dataset\train\NORMAL\normal_04392.png,G:\Ai-CDD\data\raw\dataset\train\NORMAL\normal_03198.png
perceptual_duplicate,G:\Ai-CDD\data\raw\dataset\train\NORMAL\normal_04393.png,G:\Ai-CDD\data\raw\dataset\train\NORMAL\normal_03199.png
perceptual_duplicate,G:\Ai-CDD\data\raw\dataset\train\NORMAL\normal_04394.png,G:\Ai-CDD\data\raw\dataset\train\NORMAL\normal_03200.png
perceptual_duplicate,G:\Ai-CDD\data\raw\dataset\train\NORMAL\normal_04395.png,G:\Ai-CDD\data\raw\dataset\train\NORMAL\normal_03201.png
perceptual_duplicate,G:\Ai-CDD\data\raw\dataset\train\NORMAL\normal_04396.png,G:\Ai-CDD\data\raw\dataset\train\NORMAL\normal_03202.png
perceptual_duplicate,G:\Ai-CDD\data\raw\dataset\val\NORMAL\normal_00722.png,G:\Ai-CDD\data\raw\dataset\train\NORMAL\normal_03203.png
perceptual_duplicate,G:\Ai-CDD\data\raw\dataset\train\NORMAL\normal_03205.png,G:\Ai-CDD\data\raw\dataset\train\NORMAL\normal_03204.png
perceptual_duplicate,G:\Ai-CDD\data\raw\dataset\val\NORMAL\normal_00553.png,G:\Ai-CDD\data\raw\dataset\train\NORMAL\normal_03204.png
perceptual_duplicate,G:\Ai-CDD\data\raw\dataset\val\NORMAL\normal_00553.png,G:\Ai-CDD\data\raw\dataset\train\NORMAL\normal_03205.png
perceptual_duplicate,G:\Ai-CDD\data\raw\dataset\train\NORMAL\normal_04397.png,G:\Ai-CDD\data\raw\dataset\train\NORMAL\normal_03206.png
perceptual_duplicate,G:\Ai-CDD\data\raw\dataset\train\NORMAL\normal_04398.png,G:\Ai-CDD\data\raw\dataset\train\NORMAL\normal_03207.png
perceptual_duplicate,G:\Ai-CDD\data\raw\dataset\train\NORMAL\normal_04399.png,G:\Ai-CDD\data\raw\dataset\train\NORMAL\normal_03208.png
perceptual_duplicate,G:\Ai-CDD\data\raw\dataset\val\NORMAL\normal_00723.png,G:\Ai-CDD\data\raw\dataset\train\NORMAL\normal_03209.png
perceptual_duplicate,G:\Ai-CDD\data\raw\dataset\train\NORMAL\normal_04400.png,G:\Ai-CDD\data\raw\dataset\train\NORMAL\normal_03210.png
perceptual_duplicate,G:\Ai-CDD\data\raw\dataset\train\NORMAL\normal_04401.png,G:\Ai-CDD\data\raw\dataset\train\NORMAL\normal_03211.png
perceptual_duplicate,G:\Ai-CDD\data\raw\dataset\train\NORMAL\normal_03418.png,G:\Ai-CDD\data\raw\dataset\train\NORMAL\normal_03212.png
perceptual_duplicate,G:\Ai-CDD\data\raw\dataset\train\NORMAL\normal_04402.png,G:\Ai-CDD\data\raw\dataset\train\NORMAL\normal_03212.png
perceptual_duplicate,G:\Ai-CDD\data\raw\dataset\train\NORMAL\normal_04523.png,G:\Ai-CDD\data\raw\dataset\train\NORMAL\normal_03212.png
perceptual_duplicate,G:\Ai-CDD\data\raw\dataset\train\NORMAL\normal_04403.png,G:\Ai-CDD\data\raw\dataset\train\NORMAL\normal_03213.png
perceptual_duplicate,G:\Ai-CDD\data\raw\dataset\train\NORMAL\normal_04404.png,G:\Ai-CDD\data\raw\dataset\train\NORMAL\normal_03214.png
perceptual_duplicate,G:\Ai-CDD\data\raw\dataset\train\NORMAL\normal_04405.png,G:\Ai-CDD\data\raw\dataset\train\NORMAL\normal_03215.png
perceptual_duplicate,G:\Ai-CDD\data\raw\dataset\val\NORMAL\normal_00724.png,G:\Ai-CDD\data\raw\dataset\train\NORMAL\normal_03216.png
perceptual_duplicate,G:\Ai-CDD\data\raw\dataset\train\NORMAL\normal_04406.png,G:\Ai-CDD\data\raw\dataset\train\NORMAL\normal_03217.png
perceptual_duplicate,G:\Ai-CDD\data\raw\dataset\train\NORMAL\normal_04407.png,G:\Ai-CDD\data\raw\dataset\train\NORMAL\normal_03218.png
perceptual_duplicate,G:\Ai-CDD\data\raw\dataset\test\NORMAL\normal_00944.png,G:\Ai-CDD\data\raw\dataset\train\NORMAL\normal_03219.png
perceptual_duplicate,G:\Ai-CDD\data\raw\dataset\train\NORMAL\normal_04408.png,G:\Ai-CDD\data\raw\dataset\train\NORMAL\normal_03220.png
perceptual_duplicate,G:\Ai-CDD\data\raw\dataset\train\NORMAL\normal_04409.png,G:\Ai-CDD\data\raw\dataset\train\NORMAL\normal_03221.png
perceptual_duplicate,G:\Ai-CDD\data\raw\dataset\train\NORMAL\normal_04410.png,G:\Ai-CDD\data\raw\dataset\train\NORMAL\normal_03222.png
perceptual_duplicate,G:\Ai-CDD\data\raw\dataset\test\NORMAL\normal_00945.png,G:\Ai-CDD\data\raw\dataset\train\NORMAL\normal_03223.png
perceptual_duplicate,G:\Ai-CDD\data\raw\dataset\train\NORMAL\normal_04411.png,G:\Ai-CDD\data\raw\dataset\train\NORMAL\normal_03224.png
perceptual_duplicate,G:\Ai-CDD\data\raw\dataset\train\NORMAL\normal_04412.png,G:\Ai-CDD\data\raw\dataset\train\NORMAL\normal_03226.png
perceptual_duplicate,G:\Ai-CDD\data\raw\dataset\test\NORMAL\normal_00946.png,G:\Ai-CDD\data\raw\dataset\train\NORMAL\normal_03227.png
perceptual_duplicate,G:\Ai-CDD\data\raw\dataset\train\NORMAL\normal_04413.png,G:\Ai-CDD\data\raw\dataset\train\NORMAL\normal_03228.png
perceptual_duplicate,G:\Ai-CDD\data\raw\dataset\val\NORMAL\normal_00725.png,G:\Ai-CDD\data\raw\dataset\train\NORMAL\normal_03229.png
perceptual_duplicate,G:\Ai-CDD\data\raw\dataset\test\NORMAL\normal_00947.png,G:\Ai-CDD\data\raw\dataset\train\NORMAL\normal_03230.png
perceptual_duplicate,G:\Ai-CDD\data\raw\dataset\train\NORMAL\normal_03435.png,G:\Ai-CDD\data\raw\dataset\train\NORMAL\normal_03231.png
perceptual_duplicate,G:\Ai-CDD\data\raw\dataset\train\NORMAL\normal_03489.png,G:\Ai-CDD\data\raw\dataset\train\NORMAL\normal_03231.png
perceptual_duplicate,G:\Ai-CDD\data\raw\dataset\train\NORMAL\normal_04532.png,G:\Ai-CDD\data\raw\dataset\train\NORMAL\normal_03231.png
perceptual_duplicate,G:\Ai-CDD\data\raw\dataset\train\NORMAL\normal_04563.png,G:\Ai-CDD\data\raw\dataset\train\NORMAL\normal_03231.png
perceptual_duplicate,G:\Ai-CDD\data\raw\dataset\val\NORMAL\normal_00631.png,G:\Ai-CDD\data\raw\dataset\train\NORMAL\normal_03231.png
perceptual_duplicate,G:\Ai-CDD\data\raw\dataset\val\NORMAL\normal_00726.png,G:\Ai-CDD\data\raw\dataset\train\NORMAL\normal_03231.png
perceptual_duplicate,G:\Ai-CDD\data\raw\dataset\train\NORMAL\normal_04414.png,G:\Ai-CDD\data\raw\dataset\train\NORMAL\normal_03232.png
perceptual_duplicate,G:\Ai-CDD\data\raw\dataset\train\NORMAL\normal_03463.png,G:\Ai-CDD\data\raw\dataset\train\NORMAL\normal_03233.png
perceptual_duplicate,G:\Ai-CDD\data\raw\dataset\train\NORMAL\normal_03689.png,G:\Ai-CDD\data\raw\dataset\train\NORMAL\normal_03233.png
perceptual_duplicate,G:\Ai-CDD\data\raw\dataset\train\NORMAL\normal_04662.png,G:\Ai-CDD\data\raw\dataset\train\NORMAL\normal_03233.png
perceptual_duplicate,G:\Ai-CDD\data\raw\dataset\test\NORMAL\normal_00991.png,G:\Ai-CDD\data\raw\dataset\train\NORMAL\normal_03233.png
perceptual_duplicate,G:\Ai-CDD\data\raw\dataset\val\NORMAL\normal_00650.png,G:\Ai-CDD\data\raw\dataset\train\NORMAL\normal_03233.png
perceptual_duplicate,G:\Ai-CDD\data\raw\dataset\val\NORMAL\normal_00727.png,G:\Ai-CDD\data\raw\dataset\train\NORMAL\normal_03233.png
perceptual_duplicate,G:\Ai-CDD\data\raw\dataset\train\NORMAL\normal_04415.png,G:\Ai-CDD\data\raw\dataset\train\NORMAL\normal_03234.png
perceptual_duplicate,G:\Ai-CDD\data\raw\dataset\test\NORMAL\normal_00948.png,G:\Ai-CDD\data\raw\dataset\train\NORMAL\normal_03235.png
perceptual_duplicate,G:\Ai-CDD\data\raw\dataset\test\NORMAL\normal_00949.png,G:\Ai-CDD\data\raw\dataset\train\NORMAL\normal_03236.png
perceptual_duplicate,G:\Ai-CDD\data\raw\dataset\train\NORMAL\normal_04416.png,G:\Ai-CDD\data\raw\dataset\train\NORMAL\normal_03237.png
perceptual_duplicate,G:\Ai-CDD\data\raw\dataset\train\NORMAL\normal_04417.png,G:\Ai-CDD\data\raw\dataset\train\NORMAL\normal_03238.png
perceptual_duplicate,G:\Ai-CDD\data\raw\dataset\train\NORMAL\normal_04418.png,G:\Ai-CDD\data\raw\dataset\train\NORMAL\normal_03239.png
perceptual_duplicate,G:\Ai-CDD\data\raw\dataset\train\NORMAL\normal_04419.png,G:\Ai-CDD\data\raw\dataset\train\NORMAL\normal_03240.png
perceptual_duplicate,G:\Ai-CDD\data\raw\dataset\train\NORMAL\normal_04420.png,G:\Ai-CDD\data\raw\dataset\train\NORMAL\normal_03241.png
perceptual_duplicate,G:\Ai-CDD\data\raw\dataset\test\NORMAL\normal_00950.png,G:\Ai-CDD\data\raw\dataset\train\NORMAL\normal_03242.png
perceptual_duplicate,G:\Ai-CDD\data\raw\dataset\train\NORMAL\normal_03436.png,G:\Ai-CDD\data\raw\dataset\train\NORMAL\normal_03243.png
perceptual_duplicate,G:\Ai-CDD\data\raw\dataset\train\NORMAL\normal_04421.png,G:\Ai-CDD\data\raw\dataset\train\NORMAL\normal_03243.png
perceptual_duplicate,G:\Ai-CDD\data\raw\dataset\train\NORMAL\normal_04533.png,G:\Ai-CDD\data\raw\dataset\train\NORMAL\normal_03243.png
perceptual_duplicate,G:\Ai-CDD\data\raw\dataset\train\NORMAL\normal_04422.png,G:\Ai-CDD\data\raw\dataset\train\NORMAL\normal_03244.png
perceptual_duplicate,G:\Ai-CDD\data\raw\dataset\test\NORMAL\normal_00951.png,G:\Ai-CDD\data\raw\dataset\train\NORMAL\normal_03245.png
perceptual_duplicate,G:\Ai-CDD\data\raw\dataset\val\NORMAL\normal_00728.png,G:\Ai-CDD\data\raw\dataset\train\NORMAL\normal_03246.png
perceptual_duplicate,G:\Ai-CDD\data\raw\dataset\train\NORMAL\normal_04423.png,G:\Ai-CDD\data\raw\dataset\train\NORMAL\normal_03247.png
perceptual_duplicate,G:\Ai-CDD\data\raw\dataset\train\NORMAL\normal_04424.png,G:\Ai-CDD\data\raw\dataset\train\NORMAL\normal_03248.png
perceptual_duplicate,G:\Ai-CDD\data\raw\dataset\train\NORMAL\normal_04425.png,G:\Ai-CDD\data\raw\dataset\train\NORMAL\normal_03249.png
perceptual_duplicate,G:\Ai-CDD\data\raw\dataset\train\NORMAL\normal_03770.png,G:\Ai-CDD\data\raw\dataset\train\NORMAL\normal_03250.png
perceptual_duplicate,G:\Ai-CDD\data\raw\dataset\val\NORMAL\normal_00729.png,G:\Ai-CDD\data\raw\dataset\train\NORMAL\normal_03250.png
perceptual_duplicate,G:\Ai-CDD\data\raw\dataset\val\NORMAL\normal_00835.png,G:\Ai-CDD\data\raw\dataset\train\NORMAL\normal_03250.png
perceptual_duplicate,G:\Ai-CDD\data\raw\dataset\train\NORMAL\normal_04426.png,G:\Ai-CDD\data\raw\dataset\train\NORMAL\normal_03251.png
perceptual_duplicate,G:\Ai-CDD\data\raw\dataset\train\NORMAL\normal_04427.png,G:\Ai-CDD\data\raw\dataset\train\NORMAL\normal_03252.png
perceptual_duplicate,G:\Ai-CDD\data\raw\dataset\train\NORMAL\normal_04428.png,G:\Ai-CDD\data\raw\dataset\train\NORMAL\normal_03253.png
perceptual_duplicate,G:\Ai-CDD\data\raw\dataset\train\NORMAL\normal_04429.png,G:\Ai-CDD\data\raw\dataset\train\NORMAL\normal_03254.png
perceptual_duplicate,G:\Ai-CDD\data\raw\dataset\val\NORMAL\normal_00730.png,G:\Ai-CDD\data\raw\dataset\train\NORMAL\normal_03255.png
perceptual_duplicate,G:\Ai-CDD\data\raw\dataset\train\NORMAL\normal_04430.png,G:\Ai-CDD\data\raw\dataset\train\NORMAL\normal_03256.png
perceptual_duplicate,G:\Ai-CDD\data\raw\dataset\train\NORMAL\normal_04431.png,G:\Ai-CDD\data\raw\dataset\train\NORMAL\normal_03257.png
perceptual_duplicate,G:\Ai-CDD\data\raw\dataset\train\NORMAL\normal_04432.png,G:\Ai-CDD\data\raw\dataset\train\NORMAL\normal_03258.png
perceptual_duplicate,G:\Ai-CDD\data\raw\dataset\train\NORMAL\normal_04433.png,G:\Ai-CDD\data\raw\dataset\train\NORMAL\normal_03259.png
perceptual_duplicate,G:\Ai-CDD\data\raw\dataset\train\NORMAL\normal_04434.png,G:\Ai-CDD\data\raw\dataset\train\NORMAL\normal_03260.png
perceptual_duplicate,G:\Ai-CDD\data\raw\dataset\test\NORMAL\normal_00952.png,G:\Ai-CDD\data\raw\dataset\train\NORMAL\normal_03261.png
perceptual_duplicate,G:\Ai-CDD\data\raw\dataset\train\NORMAL\normal_04435.png,G:\Ai-CDD\data\raw\dataset\train\NORMAL\normal_03262.png
perceptual_duplicate,G:\Ai-CDD\data\raw\dataset\train\NORMAL\normal_04436.png,G:\Ai-CDD\data\raw\dataset\train\NORMAL\normal_03263.png
perceptual_duplicate,G:\Ai-CDD\data\raw\dataset\test\NORMAL\normal_00953.png,G:\Ai-CDD\data\raw\dataset\train\NORMAL\normal_03264.png
perceptual_duplicate,G:\Ai-CDD\data\raw\dataset\train\NORMAL\normal_04437.png,G:\Ai-CDD\data\raw\dataset\train\NORMAL\normal_03265.png
perceptual_duplicate,G:\Ai-CDD\data\raw\dataset\train\NORMAL\normal_04438.png,G:\Ai-CDD\data\raw\dataset\train\NORMAL\normal_03266.png
perceptual_duplicate,G:\Ai-CDD\data\raw\dataset\train\NORMAL\normal_04439.png,G:\Ai-CDD\data\raw\dataset\train\NORMAL\normal_03267.png
perceptual_duplicate,G:\Ai-CDD\data\raw\dataset\train\NORMAL\normal_04440.png,G:\Ai-CDD\data\raw\dataset\train\NORMAL\normal_03268.png
perceptual_duplicate,G:\Ai-CDD\data\raw\dataset\train\NORMAL\normal_04441.png,G:\Ai-CDD\data\raw\dataset\train\NORMAL\normal_03269.png
perceptual_duplicate,G:\Ai-CDD\data\raw\dataset\train\NORMAL\normal_04442.png,G:\Ai-CDD\data\raw\dataset\train\NORMAL\normal_03270.png
perceptual_duplicate,G:\Ai-CDD\data\raw\dataset\train\NORMAL\normal_04443.png,G:\Ai-CDD\data\raw\dataset\train\NORMAL\normal_03271.png
perceptual_duplicate,G:\Ai-CDD\data\raw\dataset\train\NORMAL\normal_04444.png,G:\Ai-CDD\data\raw\dataset\train\NORMAL\normal_03272.png
perceptual_duplicate,G:\Ai-CDD\data\raw\dataset\train\NORMAL\normal_04445.png,G:\Ai-CDD\data\raw\dataset\train\NORMAL\normal_03273.png
perceptual_duplicate,G:\Ai-CDD\data\raw\dataset\train\NORMAL\normal_03380.png,G:\Ai-CDD\data\raw\dataset\train\NORMAL\normal_03274.png
perceptual_duplicate,G:\Ai-CDD\data\raw\dataset\train\NORMAL\normal_03536.png,G:\Ai-CDD\data\raw\dataset\train\NORMAL\normal_03274.png
perceptual_duplicate,G:\Ai-CDD\data\raw\dataset\train\NORMAL\normal_04446.png,G:\Ai-CDD\data\raw\dataset\train\NORMAL\normal_03274.png
perceptual_duplicate,G:\Ai-CDD\data\raw\dataset\train\NORMAL\normal_04585.png,G:\Ai-CDD\data\raw\dataset\train\NORMAL\normal_03274.png
perceptual_duplicate,G:\Ai-CDD\data\raw\dataset\test\NORMAL\normal_00974.png,G:\Ai-CDD\data\raw\dataset\train\NORMAL\normal_03274.png
perceptual_duplicate,G:\Ai-CDD\data\raw\dataset\val\NORMAL\normal_00731.png,G:\Ai-CDD\data\raw\dataset\train\NORMAL\normal_03275.png
perceptual_duplicate,G:\Ai-CDD\data\raw\dataset\val\NORMAL\normal_00732.png,G:\Ai-CDD\data\raw\dataset\train\NORMAL\normal_03276.png
perceptual_duplicate,G:\Ai-CDD\data\raw\dataset\train\NORMAL\normal_04447.png,G:\Ai-CDD\data\raw\dataset\train\NORMAL\normal_03277.png
perceptual_duplicate,G:\Ai-CDD\data\raw\dataset\train\NORMAL\normal_04448.png,G:\Ai-CDD\data\raw\dataset\train\NORMAL\normal_03278.png
perceptual_duplicate,G:\Ai-CDD\data\raw\dataset\train\NORMAL\normal_04449.png,G:\Ai-CDD\data\raw\dataset\train\NORMAL\normal_03279.png
perceptual_duplicate,G:\Ai-CDD\data\raw\dataset\val\NORMAL\normal_00733.png,G:\Ai-CDD\data\raw\dataset\train\NORMAL\normal_03280.png
perceptual_duplicate,G:\Ai-CDD\data\raw\dataset\train\NORMAL\normal_04450.png,G:\Ai-CDD\data\raw\dataset\train\NORMAL\normal_03281.png
perceptual_duplicate,G:\Ai-CDD\data\raw\dataset\train\NORMAL\normal_03463.png,G:\Ai-CDD\data\raw\dataset\train\NORMAL\normal_03282.png
perceptual_duplicate,G:\Ai-CDD\data\raw\dataset\train\NORMAL\normal_03826.png,G:\Ai-CDD\data\raw\dataset\train\NORMAL\normal_03282.png
perceptual_duplicate,G:\Ai-CDD\data\raw\dataset\train\NORMAL\normal_04326.png,G:\Ai-CDD\data\raw\dataset\train\NORMAL\normal_03282.png
perceptual_duplicate,G:\Ai-CDD\data\raw\dataset\test\NORMAL\normal_00991.png,G:\Ai-CDD\data\raw\dataset\train\NORMAL\normal_03282.png
perceptual_duplicate,G:\Ai-CDD\data\raw\dataset\val\NORMAL\normal_00655.png,G:\Ai-CDD\data\raw\dataset\train\NORMAL\normal_03282.png
perceptual_duplicate,G:\Ai-CDD\data\raw\dataset\train\NORMAL\normal_03371.png,G:\Ai-CDD\data\raw\dataset\train\NORMAL\normal_03283.png
perceptual_duplicate,G:\Ai-CDD\data\raw\dataset\train\NORMAL\normal_03417.png,G:\Ai-CDD\data\raw\dataset\train\NORMAL\normal_03283.png
perceptual_duplicate,G:\Ai-CDD\data\raw\dataset\train\NORMAL\normal_03755.png,G:\Ai-CDD\data\raw\dataset\train\NORMAL\normal_03283.png
perceptual_duplicate,G:\Ai-CDD\data\raw\dataset\train\NORMAL\normal_04045.png,G:\Ai-CDD\data\raw\dataset\train\NORMAL\normal_03283.png
perceptual_duplicate,G:\Ai-CDD\data\raw\dataset\train\NORMAL\normal_04196.png,G:\Ai-CDD\data\raw\dataset\train\NORMAL\normal_03283.png
perceptual_duplicate,G:\Ai-CDD\data\raw\dataset\train\NORMAL\normal_04451.png,G:\Ai-CDD\data\raw\dataset\train\NORMAL\normal_03283.png
perceptual_duplicate,G:\Ai-CDD\data\raw\dataset\train\NORMAL\normal_04494.png,G:\Ai-CDD\data\raw\dataset\train\NORMAL\normal_03283.png
perceptual_duplicate,G:\Ai-CDD\data\raw\dataset\train\NORMAL\normal_04522.png,G:\Ai-CDD\data\raw\dataset\train\NORMAL\normal_03283.png
perceptual_duplicate,G:\Ai-CDD\data\raw\dataset\train\NORMAL\normal_04698.png,G:\Ai-CDD\data\raw\dataset\train\NORMAL\normal_03283.png
perceptual_duplicate,G:\Ai-CDD\data\raw\dataset\val\NORMAL\normal_00613.png,G:\Ai-CDD\data\raw\dataset\train\NORMAL\normal_03283.png
perceptual_duplicate,G:\Ai-CDD\data\raw\dataset\train\NORMAL\normal_04452.png,G:\Ai-CDD\data\raw\dataset\train\NORMAL\normal_03284.png
perceptual_duplicate,G:\Ai-CDD\data\raw\dataset\val\NORMAL\normal_00734.png,G:\Ai-CDD\data\raw\dataset\train\NORMAL\normal_03285.png
perceptual_duplicate,G:\Ai-CDD\data\raw\dataset\train\NORMAL\normal_04453.png,G:\Ai-CDD\data\raw\dataset\train\NORMAL\normal_03286.png
perceptual_duplicate,G:\Ai-CDD\data\raw\dataset\train\NORMAL\normal_04454.png,G:\Ai-CDD\data\raw\dataset\train\NORMAL\normal_03287.png
perceptual_duplicate,G:\Ai-CDD\data\raw\dataset\train\NORMAL\normal_04455.png,G:\Ai-CDD\data\raw\dataset\train\NORMAL\normal_03288.png
perceptual_duplicate,G:\Ai-CDD\data\raw\dataset\val\NORMAL\normal_00735.png,G:\Ai-CDD\data\raw\dataset\train\NORMAL\normal_03289.png
perceptual_duplicate,G:\Ai-CDD\data\raw\dataset\val\NORMAL\normal_00736.png,G:\Ai-CDD\data\raw\dataset\train\NORMAL\normal_03290.png
perceptual_duplicate,G:\Ai-CDD\data\raw\dataset\train\NORMAL\normal_04456.png,G:\Ai-CDD\data\raw\dataset\train\NORMAL\normal_03291.png
perceptual_duplicate,G:\Ai-CDD\data\raw\dataset\train\NORMAL\normal_04457.png,G:\Ai-CDD\data\raw\dataset\train\NORMAL\normal_03292.png
perceptual_duplicate,G:\Ai-CDD\data\raw\dataset\train\NORMAL\normal_04458.png,G:\Ai-CDD\data\raw\dataset\train\NORMAL\normal_03293.png
perceptual_duplicate,G:\Ai-CDD\data\raw\dataset\train\NORMAL\normal_04459.png,G:\Ai-CDD\data\raw\dataset\train\NORMAL\normal_03294.png
perceptual_duplicate,G:\Ai-CDD\data\raw\dataset\train\NORMAL\normal_04460.png,G:\Ai-CDD\data\raw\dataset\train\NORMAL\normal_03295.png
perceptual_duplicate,G:\Ai-CDD\data\raw\dataset\train\NORMAL\normal_04461.png,G:\Ai-CDD\data\raw\dataset\train\NORMAL\normal_03296.png
perceptual_duplicate,G:\Ai-CDD\data\raw\dataset\val\NORMAL\normal_00737.png,G:\Ai-CDD\data\raw\dataset\train\NORMAL\normal_03297.png
perceptual_duplicate,G:\Ai-CDD\data\raw\dataset\val\NORMAL\normal_00738.png,G:\Ai-CDD\data\raw\dataset\train\NORMAL\normal_03298.png
perceptual_duplicate,G:\Ai-CDD\data\raw\dataset\test\NORMAL\normal_00954.png,G:\Ai-CDD\data\raw\dataset\train\NORMAL\normal_03299.png
perceptual_duplicate,G:\Ai-CDD\data\raw\dataset\val\NORMAL\normal_00739.png,G:\Ai-CDD\data\raw\dataset\train\NORMAL\normal_03300.png
perceptual_duplicate,G:\Ai-CDD\data\raw\dataset\val\NORMAL\normal_00740.png,G:\Ai-CDD\data\raw\dataset\train\NORMAL\normal_03301.png
perceptual_duplicate,G:\Ai-CDD\data\raw\dataset\val\NORMAL\normal_00741.png,G:\Ai-CDD\data\raw\dataset\train\NORMAL\normal_03302.png
perceptual_duplicate,G:\Ai-CDD\data\raw\dataset\train\NORMAL\normal_04462.png,G:\Ai-CDD\data\raw\dataset\train\NORMAL\normal_03303.png
perceptual_duplicate,G:\Ai-CDD\data\raw\dataset\train\NORMAL\normal_03629.png,G:\Ai-CDD\data\raw\dataset\train\NORMAL\normal_03304.png
perceptual_duplicate,G:\Ai-CDD\data\raw\dataset\train\NORMAL\normal_04463.png,G:\Ai-CDD\data\raw\dataset\train\NORMAL\normal_03304.png
perceptual_duplicate,G:\Ai-CDD\data\raw\dataset\test\NORMAL\normal_01043.png,G:\Ai-CDD\data\raw\dataset\train\NORMAL\normal_03304.png
perceptual_duplicate,G:\Ai-CDD\data\raw\dataset\val\NORMAL\normal_00742.png,G:\Ai-CDD\data\raw\dataset\train\NORMAL\normal_03305.png
perceptual_duplicate,G:\Ai-CDD\data\raw\dataset\test\NORMAL\normal_00955.png,G:\Ai-CDD\data\raw\dataset\train\NORMAL\normal_03306.png
perceptual_duplicate,G:\Ai-CDD\data\raw\dataset\train\NORMAL\normal_04464.png,G:\Ai-CDD\data\raw\dataset\train\NORMAL\normal_03307.png
perceptual_duplicate,G:\Ai-CDD\data\raw\dataset\test\NORMAL\normal_00956.png,G:\Ai-CDD\data\raw\dataset\train\NORMAL\normal_03308.png
perceptual_duplicate,G:\Ai-CDD\data\raw\dataset\test\NORMAL\normal_00957.png,G:\Ai-CDD\data\raw\dataset\train\NORMAL\normal_03309.png
perceptual_duplicate,G:\Ai-CDD\data\raw\dataset\train\NORMAL\normal_04465.png,G:\Ai-CDD\data\raw\dataset\train\NORMAL\normal_03310.png
perceptual_duplicate,G:\Ai-CDD\data\raw\dataset\train\NORMAL\normal_04466.png,G:\Ai-CDD\data\raw\dataset\train\NORMAL\normal_03311.png
perceptual_duplicate,G:\Ai-CDD\data\raw\dataset\test\NORMAL\normal_00958.png,G:\Ai-CDD\data\raw\dataset\train\NORMAL\normal_03312.png
perceptual_duplicate,G:\Ai-CDD\data\raw\dataset\test\NORMAL\normal_00959.png,G:\Ai-CDD\data\raw\dataset\train\NORMAL\normal_03313.png
perceptual_duplicate,G:\Ai-CDD\data\raw\dataset\train\NORMAL\normal_04467.png,G:\Ai-CDD\data\raw\dataset\train\NORMAL\normal_03314.png
perceptual_duplicate,G:\Ai-CDD\data\raw\dataset\train\NORMAL\normal_04468.png,G:\Ai-CDD\data\raw\dataset\train\NORMAL\normal_03315.png
perceptual_duplicate,G:\Ai-CDD\data\raw\dataset\val\NORMAL\normal_00743.png,G:\Ai-CDD\data\raw\dataset\train\NORMAL\normal_03316.png
perceptual_duplicate,G:\Ai-CDD\data\raw\dataset\train\NORMAL\normal_04469.png,G:\Ai-CDD\data\raw\dataset\train\NORMAL\normal_03317.png
perceptual_duplicate,G:\Ai-CDD\data\raw\dataset\train\NORMAL\normal_04470.png,G:\Ai-CDD\data\raw\dataset\train\NORMAL\normal_03318.png
perceptual_duplicate,G:\Ai-CDD\data\raw\dataset\train\NORMAL\normal_03871.png,G:\Ai-CDD\data\raw\dataset\train\NORMAL\normal_03319.png
perceptual_duplicate,G:\Ai-CDD\data\raw\dataset\train\NORMAL\normal_04137.png,G:\Ai-CDD\data\raw\dataset\train\NORMAL\normal_03319.png
perceptual_duplicate,G:\Ai-CDD\data\raw\dataset\train\NORMAL\normal_04471.png,G:\Ai-CDD\data\raw\dataset\train\NORMAL\normal_03319.png
perceptual_duplicate,G:\Ai-CDD\data\raw\dataset\val\NORMAL\normal_00744.png,G:\Ai-CDD\data\raw\dataset\train\NORMAL\normal_03321.png
perceptual_duplicate,G:\Ai-CDD\data\raw\dataset\val\NORMAL\normal_00745.png,G:\Ai-CDD\data\raw\dataset\train\NORMAL\normal_03322.png
perceptual_duplicate,G:\Ai-CDD\data\raw\dataset\test\NORMAL\normal_00960.png,G:\Ai-CDD\data\raw\dataset\train\NORMAL\normal_03323.png
perceptual_duplicate,G:\Ai-CDD\data\raw\dataset\train\NORMAL\normal_04472.png,G:\Ai-CDD\data\raw\dataset\train\NORMAL\normal_03324.png
perceptual_duplicate,G:\Ai-CDD\data\raw\dataset\train\NORMAL\normal_04473.png,G:\Ai-CDD\data\raw\dataset\train\NORMAL\normal_03325.png
perceptual_duplicate,G:\Ai-CDD\data\raw\dataset\train\NORMAL\normal_03428.png,G:\Ai-CDD\data\raw\dataset\train\NORMAL\normal_03326.png
perceptual_duplicate,G:\Ai-CDD\data\raw\dataset\train\NORMAL\normal_03690.png,G:\Ai-CDD\data\raw\dataset\train\NORMAL\normal_03326.png
perceptual_duplicate,G:\Ai-CDD\data\raw\dataset\train\NORMAL\normal_04154.png,G:\Ai-CDD\data\raw\dataset\train\NORMAL\normal_03326.png
perceptual_duplicate,G:\Ai-CDD\data\raw\dataset\test\NORMAL\normal_00961.png,G:\Ai-CDD\data\raw\dataset\train\NORMAL\normal_03326.png
perceptual_duplicate,G:\Ai-CDD\data\raw\dataset\test\NORMAL\normal_00984.png,G:\Ai-CDD\data\raw\dataset\train\NORMAL\normal_03326.png
perceptual_duplicate,G:\Ai-CDD\data\raw\dataset\test\NORMAL\normal_01055.png,G:\Ai-CDD\data\raw\dataset\train\NORMAL\normal_03326.png
perceptual_duplicate,G:\Ai-CDD\data\raw\dataset\val\NORMAL\normal_00746.png,G:\Ai-CDD\data\raw\dataset\train\NORMAL\normal_03327.png
perceptual_duplicate,G:\Ai-CDD\data\raw\dataset\val\NORMAL\normal_00747.png,G:\Ai-CDD\data\raw\dataset\train\NORMAL\normal_03328.png
perceptual_duplicate,G:\Ai-CDD\data\raw\dataset\train\NORMAL\normal_04474.png,G:\Ai-CDD\data\raw\dataset\train\NORMAL\normal_03329.png
perceptual_duplicate,G:\Ai-CDD\data\raw\dataset\train\NORMAL\normal_04475.png,G:\Ai-CDD\data\raw\dataset\train\NORMAL\normal_03330.png
perceptual_duplicate,G:\Ai-CDD\data\raw\dataset\train\NORMAL\normal_04326.png,G:\Ai-CDD\data\raw\dataset\train\NORMAL\normal_03332.png
perceptual_duplicate,G:\Ai-CDD\data\raw\dataset\train\NORMAL\normal_04476.png,G:\Ai-CDD\data\raw\dataset\train\NORMAL\normal_03332.png
perceptual_duplicate,G:\Ai-CDD\data\raw\dataset\test\NORMAL\normal_00827.png,G:\Ai-CDD\data\raw\dataset\train\NORMAL\normal_03332.png
perceptual_duplicate,G:\Ai-CDD\data\raw\dataset\val\NORMAL\normal_00655.png,G:\Ai-CDD\data\raw\dataset\train\NORMAL\normal_03332.png
perceptual_duplicate,G:\Ai-CDD\data\raw\dataset\train\NORMAL\normal_04477.png,G:\Ai-CDD\data\raw\dataset\train\NORMAL\normal_03333.png
perceptual_duplicate,G:\Ai-CDD\data\raw\dataset\val\NORMAL\normal_00748.png,G:\Ai-CDD\data\raw\dataset\train\NORMAL\normal_03334.png
perceptual_duplicate,G:\Ai-CDD\data\raw\dataset\train\NORMAL\normal_04478.png,G:\Ai-CDD\data\raw\dataset\train\NORMAL\normal_03335.png
perceptual_duplicate,G:\Ai-CDD\data\raw\dataset\train\NORMAL\normal_04479.png,G:\Ai-CDD\data\raw\dataset\train\NORMAL\normal_03336.png
perceptual_duplicate,G:\Ai-CDD\data\raw\dataset\test\NORMAL\normal_00962.png,G:\Ai-CDD\data\raw\dataset\train\NORMAL\normal_03337.png
perceptual_duplicate,G:\Ai-CDD\data\raw\dataset\test\NORMAL\normal_00963.png,G:\Ai-CDD\data\raw\dataset\train\NORMAL\normal_03338.png
perceptual_duplicate,G:\Ai-CDD\data\raw\dataset\val\NORMAL\normal_00749.png,G:\Ai-CDD\data\raw\dataset\train\NORMAL\normal_03339.png
perceptual_duplicate,G:\Ai-CDD\data\raw\dataset\val\NORMAL\normal_00750.png,G:\Ai-CDD\data\raw\dataset\train\NORMAL\normal_03340.png
perceptual_duplicate,G:\Ai-CDD\data\raw\dataset\train\NORMAL\normal_04480.png,G:\Ai-CDD\data\raw\dataset\train\NORMAL\normal_03341.png
perceptual_duplicate,G:\Ai-CDD\data\raw\dataset\test\NORMAL\normal_00964.png,G:\Ai-CDD\data\raw\dataset\train\NORMAL\normal_03342.png
perceptual_duplicate,G:\Ai-CDD\data\raw\dataset\val\NORMAL\normal_00751.png,G:\Ai-CDD\data\raw\dataset\train\NORMAL\normal_03343.png
perceptual_duplicate,G:\Ai-CDD\data\raw\dataset\train\NORMAL\normal_04481.png,G:\Ai-CDD\data\raw\dataset\train\NORMAL\normal_03344.png
perceptual_duplicate,G:\Ai-CDD\data\raw\dataset\train\NORMAL\normal_04482.png,G:\Ai-CDD\data\raw\dataset\train\NORMAL\normal_03345.png
perceptual_duplicate,G:\Ai-CDD\data\raw\dataset\train\NORMAL\normal_04483.png,G:\Ai-CDD\data\raw\dataset\train\NORMAL\normal_03346.png
perceptual_duplicate,G:\Ai-CDD\data\raw\dataset\train\NORMAL\normal_04484.png,G:\Ai-CDD\data\raw\dataset\train\NORMAL\normal_03347.png
perceptual_duplicate,G:\Ai-CDD\data\raw\dataset\train\NORMAL\normal_04485.png,G:\Ai-CDD\data\raw\dataset\train\NORMAL\normal_03348.png
perceptual_duplicate,G:\Ai-CDD\data\raw\dataset\train\NORMAL\normal_04486.png,G:\Ai-CDD\data\raw\dataset\train\NORMAL\normal_03349.png
perceptual_duplicate,G:\Ai-CDD\data\raw\dataset\test\NORMAL\normal_00965.png,G:\Ai-CDD\data\raw\dataset\train\NORMAL\normal_03350.png
perceptual_duplicate,G:\Ai-CDD\data\raw\dataset\val\NORMAL\normal_00752.png,G:\Ai-CDD\data\raw\dataset\train\NORMAL\normal_03351.png
perceptual_duplicate,G:\Ai-CDD\data\raw\dataset\train\NORMAL\normal_04487.png,G:\Ai-CDD\data\raw\dataset\train\NORMAL\normal_03352.png
perceptual_duplicate,G:\Ai-CDD\data\raw\dataset\test\NORMAL\normal_00966.png,G:\Ai-CDD\data\raw\dataset\train\NORMAL\normal_03353.png
perceptual_duplicate,G:\Ai-CDD\data\raw\dataset\train\NORMAL\normal_03771.png,G:\Ai-CDD\data\raw\dataset\train\NORMAL\normal_03354.png
perceptual_duplicate,G:\Ai-CDD\data\raw\dataset\train\NORMAL\normal_04488.png,G:\Ai-CDD\data\raw\dataset\train\NORMAL\normal_03354.png
perceptual_duplicate,G:\Ai-CDD\data\raw\dataset\test\NORMAL\normal_01074.png,G:\Ai-CDD\data\raw\dataset\train\NORMAL\normal_03354.png
perceptual_duplicate,G:\Ai-CDD\data\raw\dataset\train\NORMAL\normal_04489.png,G:\Ai-CDD\data\raw\dataset\train\NORMAL\normal_03355.png
perceptual_duplicate,G:\Ai-CDD\data\raw\dataset\train\NORMAL\normal_04490.png,G:\Ai-CDD\data\raw\dataset\train\NORMAL\normal_03356.png
perceptual_duplicate,G:\Ai-CDD\data\raw\dataset\test\NORMAL\normal_00967.png,G:\Ai-CDD\data\raw\dataset\train\NORMAL\normal_03357.png
perceptual_duplicate,G:\Ai-CDD\data\raw\dataset\test\NORMAL\normal_00968.png,G:\Ai-CDD\data\raw\dataset\train\NORMAL\normal_03358.png
perceptual_duplicate,G:\Ai-CDD\data\raw\dataset\val\NORMAL\normal_00753.png,G:\Ai-CDD\data\raw\dataset\train\NORMAL\normal_03359.png
perceptual_duplicate,G:\Ai-CDD\data\raw\dataset\train\NORMAL\normal_03755.png,G:\Ai-CDD\data\raw\dataset\train\NORMAL\normal_03360.png
perceptual_duplicate,G:\Ai-CDD\data\raw\dataset\train\NORMAL\normal_03925.png,G:\Ai-CDD\data\raw\dataset\train\NORMAL\normal_03360.png
perceptual_duplicate,G:\Ai-CDD\data\raw\dataset\train\NORMAL\normal_03939.png,G:\Ai-CDD\data\raw\dataset\train\NORMAL\normal_03360.png
perceptual_duplicate,G:\Ai-CDD\data\raw\dataset\train\NORMAL\normal_04698.png,G:\Ai-CDD\data\raw\dataset\train\NORMAL\normal_03360.png
perceptual_duplicate,G:\Ai-CDD\data\raw\dataset\test\NORMAL\normal_00806.png,G:\Ai-CDD\data\raw\dataset\train\NORMAL\normal_03360.png
perceptual_duplicate,G:\Ai-CDD\data\raw\dataset\val\NORMAL\normal_00754.png,G:\Ai-CDD\data\raw\dataset\train\NORMAL\normal_03360.png
perceptual_duplicate,G:\Ai-CDD\data\raw\dataset\test\NORMAL\normal_00969.png,G:\Ai-CDD\data\raw\dataset\train\NORMAL\normal_03361.png
perceptual_duplicate,G:\Ai-CDD\data\raw\dataset\train\NORMAL\normal_04491.png,G:\Ai-CDD\data\raw\dataset\train\NORMAL\normal_03362.png
perceptual_duplicate,G:\Ai-CDD\data\raw\dataset\val\NORMAL\normal_00755.png,G:\Ai-CDD\data\raw\dataset\train\NORMAL\normal_03363.png
perceptual_duplicate,G:\Ai-CDD\data\raw\dataset\test\NORMAL\normal_00970.png,G:\Ai-CDD\data\raw\dataset\train\NORMAL\normal_03364.png
perceptual_duplicate,G:\Ai-CDD\data\raw\dataset\val\NORMAL\normal_00756.png,G:\Ai-CDD\data\raw\dataset\train\NORMAL\normal_03365.png
perceptual_duplicate,G:\Ai-CDD\data\raw\dataset\train\NORMAL\normal_04492.png,G:\Ai-CDD\data\raw\dataset\train\NORMAL\normal_03366.png
perceptual_duplicate,G:\Ai-CDD\data\raw\dataset\test\NORMAL\normal_00971.png,G:\Ai-CDD\data\raw\dataset\train\NORMAL\normal_03367.png
perceptual_duplicate,G:\Ai-CDD\data\raw\dataset\train\NORMAL\normal_04493.png,G:\Ai-CDD\data\raw\dataset\train\NORMAL\normal_03368.png
perceptual_duplicate,G:\Ai-CDD\data\raw\dataset\test\NORMAL\normal_00972.png,G:\Ai-CDD\data\raw\dataset\train\NORMAL\normal_03369.png
perceptual_duplicate,G:\Ai-CDD\data\raw\dataset\val\NORMAL\normal_00757.png,G:\Ai-CDD\data\raw\dataset\train\NORMAL\normal_03370.png
perceptual_duplicate,G:\Ai-CDD\data\raw\dataset\train\NORMAL\normal_04045.png,G:\Ai-CDD\data\raw\dataset\train\NORMAL\normal_03371.png
perceptual_duplicate,G:\Ai-CDD\data\raw\dataset\train\NORMAL\normal_04196.png,G:\Ai-CDD\data\raw\dataset\train\NORMAL\normal_03371.png
perceptual_duplicate,G:\Ai-CDD\data\raw\dataset\train\NORMAL\normal_04451.png,G:\Ai-CDD\data\raw\dataset\train\NORMAL\normal_03371.png
perceptual_duplicate,G:\Ai-CDD\data\raw\dataset\train\NORMAL\normal_04494.png,G:\Ai-CDD\data\raw\dataset\train\NORMAL\normal_03371.png
perceptual_duplicate,G:\Ai-CDD\data\raw\dataset\val\NORMAL\normal_00692.png,G:\Ai-CDD\data\raw\dataset\train\NORMAL\normal_03371.png
perceptual_duplicate,G:\Ai-CDD\data\raw\dataset\train\NORMAL\normal_04495.png,G:\Ai-CDD\data\raw\dataset\train\NORMAL\normal_03372.png
perceptual_duplicate,G:\Ai-CDD\data\raw\dataset\train\NORMAL\normal_04496.png,G:\Ai-CDD\data\raw\dataset\train\NORMAL\normal_03373.png
perceptual_duplicate,G:\Ai-CDD\data\raw\dataset\train\NORMAL\normal_04497.png,G:\Ai-CDD\data\raw\dataset\train\NORMAL\normal_03374.png
perceptual_duplicate,G:\Ai-CDD\data\raw\dataset\test\NORMAL\normal_00973.png,G:\Ai-CDD\data\raw\dataset\train\NORMAL\normal_03375.png
perceptual_duplicate,G:\Ai-CDD\data\raw\dataset\train\NORMAL\normal_04498.png,G:\Ai-CDD\data\raw\dataset\train\NORMAL\normal_03376.png
perceptual_duplicate,G:\Ai-CDD\data\raw\dataset\train\NORMAL\normal_04499.png,G:\Ai-CDD\data\raw\dataset\train\NORMAL\normal_03377.png
perceptual_duplicate,G:\Ai-CDD\data\raw\dataset\val\NORMAL\normal_00758.png,G:\Ai-CDD\data\raw\dataset\train\NORMAL\normal_03378.png
perceptual_duplicate,G:\Ai-CDD\data\raw\dataset\train\NORMAL\normal_04309.png,G:\Ai-CDD\data\raw\dataset\train\NORMAL\normal_03379.png
perceptual_duplicate,G:\Ai-CDD\data\raw\dataset\test\NORMAL\normal_00769.png,G:\Ai-CDD\data\raw\dataset\train\NORMAL\normal_03379.png
perceptual_duplicate,G:\Ai-CDD\data\raw\dataset\train\NORMAL\normal_04446.png,G:\Ai-CDD\data\raw\dataset\train\NORMAL\normal_03380.png
perceptual_duplicate,G:\Ai-CDD\data\raw\dataset\test\NORMAL\normal_00974.png,G:\Ai-CDD\data\raw\dataset\train\NORMAL\normal_03380.png
perceptual_duplicate,G:\Ai-CDD\data\raw\dataset\train\NORMAL\normal_03471.png,G:\Ai-CDD\data\raw\dataset\train\NORMAL\normal_03381.png
perceptual_duplicate,G:\Ai-CDD\data\raw\dataset\train\NORMAL\normal_04500.png,G:\Ai-CDD\data\raw\dataset\train\NORMAL\normal_03381.png
perceptual_duplicate,G:\Ai-CDD\data\raw\dataset\train\NORMAL\normal_04550.png,G:\Ai-CDD\data\raw\dataset\train\NORMAL\normal_03381.png
perceptual_duplicate,G:\Ai-CDD\data\raw\dataset\val\NORMAL\normal_00759.png,G:\Ai-CDD\data\raw\dataset\train\NORMAL\normal_03382.png
perceptual_duplicate,G:\Ai-CDD\data\raw\dataset\train\NORMAL\normal_04501.png,G:\Ai-CDD\data\raw\dataset\train\NORMAL\normal_03383.png
perceptual_duplicate,G:\Ai-CDD\data\raw\dataset\test\NORMAL\normal_00975.png,G:\Ai-CDD\data\raw\dataset\train\NORMAL\normal_03384.png
perceptual_duplicate,G:\Ai-CDD\data\raw\dataset\val\NORMAL\normal_00760.png,G:\Ai-CDD\data\raw\dataset\train\NORMAL\normal_03385.png
perceptual_duplicate,G:\Ai-CDD\data\raw\dataset\train\NORMAL\normal_04502.png,G:\Ai-CDD\data\raw\dataset\train\NORMAL\normal_03386.png
perceptual_duplicate,G:\Ai-CDD\data\raw\dataset\train\NORMAL\normal_04503.png,G:\Ai-CDD\data\raw\dataset\train\NORMAL\normal_03387.png
perceptual_duplicate,G:\Ai-CDD\data\raw\dataset\train\NORMAL\normal_04504.png,G:\Ai-CDD\data\raw\dataset\train\NORMAL\normal_03388.png
perceptual_duplicate,G:\Ai-CDD\data\raw\dataset\train\NORMAL\normal_04505.png,G:\Ai-CDD\data\raw\dataset\train\NORMAL\normal_03389.png
perceptual_duplicate,G:\Ai-CDD\data\raw\dataset\train\NORMAL\normal_04506.png,G:\Ai-CDD\data\raw\dataset\train\NORMAL\normal_03390.png
perceptual_duplicate,G:\Ai-CDD\data\raw\dataset\train\NORMAL\normal_04507.png,G:\Ai-CDD\data\raw\dataset\train\NORMAL\normal_03391.png
perceptual_duplicate,G:\Ai-CDD\data\raw\dataset\train\NORMAL\normal_04508.png,G:\Ai-CDD\data\raw\dataset\train\NORMAL\normal_03392.png
perceptual_duplicate,G:\Ai-CDD\data\raw\dataset\train\NORMAL\normal_04509.png,G:\Ai-CDD\data\raw\dataset\train\NORMAL\normal_03393.png
perceptual_duplicate,G:\Ai-CDD\data\raw\dataset\val\NORMAL\normal_00761.png,G:\Ai-CDD\data\raw\dataset\train\NORMAL\normal_03394.png
perceptual_duplicate,G:\Ai-CDD\data\raw\dataset\val\NORMAL\normal_00762.png,G:\Ai-CDD\data\raw\dataset\train\NORMAL\normal_03395.png
perceptual_duplicate,G:\Ai-CDD\data\raw\dataset\val\NORMAL\normal_00763.png,G:\Ai-CDD\data\raw\dataset\train\NORMAL\normal_03396.png
perceptual_duplicate,G:\Ai-CDD\data\raw\dataset\train\NORMAL\normal_03628.png,G:\Ai-CDD\data\raw\dataset\train\NORMAL\normal_03397.png
perceptual_duplicate,G:\Ai-CDD\data\raw\dataset\train\NORMAL\normal_04068.png,G:\Ai-CDD\data\raw\dataset\train\NORMAL\normal_03397.png
perceptual_duplicate,G:\Ai-CDD\data\raw\dataset\train\NORMAL\normal_04073.png,G:\Ai-CDD\data\raw\dataset\train\NORMAL\normal_03397.png
perceptual_duplicate,G:\Ai-CDD\data\raw\dataset\train\NORMAL\normal_04103.png,G:\Ai-CDD\data\raw\dataset\train\NORMAL\normal_03397.png
perceptual_duplicate,G:\Ai-CDD\data\raw\dataset\train\NORMAL\normal_04186.png,G:\Ai-CDD\data\raw\dataset\train\NORMAL\normal_03397.png
perceptual_duplicate,G:\Ai-CDD\data\raw\dataset\train\NORMAL\normal_04305.png,G:\Ai-CDD\data\raw\dataset\train\NORMAL\normal_03397.png
perceptual_duplicate,G:\Ai-CDD\data\raw\dataset\test\NORMAL\normal_00800.png,G:\Ai-CDD\data\raw\dataset\train\NORMAL\normal_03397.png
perceptual_duplicate,G:\Ai-CDD\data\raw\dataset\test\NORMAL\normal_00976.png,G:\Ai-CDD\data\raw\dataset\train\NORMAL\normal_03397.png
perceptual_duplicate,G:\Ai-CDD\data\raw\dataset\test\NORMAL\normal_01042.png,G:\Ai-CDD\data\raw\dataset\train\NORMAL\normal_03397.png
perceptual_duplicate,G:\Ai-CDD\data\raw\dataset\test\NORMAL\normal_00977.png,G:\Ai-CDD\data\raw\dataset\train\NORMAL\normal_03398.png
perceptual_duplicate,G:\Ai-CDD\data\raw\dataset\train\NORMAL\normal_04510.png,G:\Ai-CDD\data\raw\dataset\train\NORMAL\normal_03399.png
perceptual_duplicate,G:\Ai-CDD\data\raw\dataset\train\NORMAL\normal_04511.png,G:\Ai-CDD\data\raw\dataset\train\NORMAL\normal_03400.png
perceptual_duplicate,G:\Ai-CDD\data\raw\dataset\val\NORMAL\normal_00764.png,G:\Ai-CDD\data\raw\dataset\train\NORMAL\normal_03401.png
perceptual_duplicate,G:\Ai-CDD\data\raw\dataset\test\NORMAL\normal_00978.png,G:\Ai-CDD\data\raw\dataset\train\NORMAL\normal_03402.png
perceptual_duplicate,G:\Ai-CDD\data\raw\dataset\train\NORMAL\normal_03435.png,G:\Ai-CDD\data\raw\dataset\train\NORMAL\normal_03403.png
perceptual_duplicate,G:\Ai-CDD\data\raw\dataset\train\NORMAL\normal_04512.png,G:\Ai-CDD\data\raw\dataset\train\NORMAL\normal_03403.png
perceptual_duplicate,G:\Ai-CDD\data\raw\dataset\train\NORMAL\normal_04532.png,G:\Ai-CDD\data\raw\dataset\train\NORMAL\normal_03403.png
perceptual_duplicate,G:\Ai-CDD\data\raw\dataset\test\NORMAL\normal_00979.png,G:\Ai-CDD\data\raw\dataset\train\NORMAL\normal_03404.png
perceptual_duplicate,G:\Ai-CDD\data\raw\dataset\val\NORMAL\normal_00765.png,G:\Ai-CDD\data\raw\dataset\train\NORMAL\normal_03405.png
perceptual_duplicate,G:\Ai-CDD\data\raw\dataset\train\NORMAL\normal_04513.png,G:\Ai-CDD\data\raw\dataset\train\NORMAL\normal_03406.png
perceptual_duplicate,G:\Ai-CDD\data\raw\dataset\train\NORMAL\normal_04514.png,G:\Ai-CDD\data\raw\dataset\train\NORMAL\normal_03407.png
perceptual_duplicate,G:\Ai-CDD\data\raw\dataset\train\NORMAL\normal_04515.png,G:\Ai-CDD\data\raw\dataset\train\NORMAL\normal_03408.png
perceptual_duplicate,G:\Ai-CDD\data\raw\dataset\train\NORMAL\normal_04516.png,G:\Ai-CDD\data\raw\dataset\train\NORMAL\normal_03409.png
perceptual_duplicate,G:\Ai-CDD\data\raw\dataset\train\NORMAL\normal_04517.png,G:\Ai-CDD\data\raw\dataset\train\NORMAL\normal_03410.png
perceptual_duplicate,G:\Ai-CDD\data\raw\dataset\train\NORMAL\normal_04518.png,G:\Ai-CDD\data\raw\dataset\train\NORMAL\normal_03411.png
perceptual_duplicate,G:\Ai-CDD\data\raw\dataset\val\NORMAL\normal_00766.png,G:\Ai-CDD\data\raw\dataset\train\NORMAL\normal_03412.png
perceptual_duplicate,G:\Ai-CDD\data\raw\dataset\train\NORMAL\normal_04519.png,G:\Ai-CDD\data\raw\dataset\train\NORMAL\normal_03413.png
perceptual_duplicate,G:\Ai-CDD\data\raw\dataset\train\NORMAL\normal_04520.png,G:\Ai-CDD\data\raw\dataset\train\NORMAL\normal_03414.png
perceptual_duplicate,G:\Ai-CDD\data\raw\dataset\test\NORMAL\normal_00980.png,G:\Ai-CDD\data\raw\dataset\train\NORMAL\normal_03415.png
perceptual_duplicate,G:\Ai-CDD\data\raw\dataset\train\NORMAL\normal_03503.png,G:\Ai-CDD\data\raw\dataset\train\NORMAL\normal_03416.png
perceptual_duplicate,G:\Ai-CDD\data\raw\dataset\train\NORMAL\normal_03616.png,G:\Ai-CDD\data\raw\dataset\train\NORMAL\normal_03416.png
perceptual_duplicate,G:\Ai-CDD\data\raw\dataset\train\NORMAL\normal_04521.png,G:\Ai-CDD\data\raw\dataset\train\NORMAL\normal_03416.png
perceptual_duplicate,G:\Ai-CDD\data\raw\dataset\train\NORMAL\normal_04569.png,G:\Ai-CDD\data\raw\dataset\train\NORMAL\normal_03416.png
perceptual_duplicate,G:\Ai-CDD\data\raw\dataset\val\NORMAL\normal_00805.png,G:\Ai-CDD\data\raw\dataset\train\NORMAL\normal_03416.png
perceptual_duplicate,G:\Ai-CDD\data\raw\dataset\train\NORMAL\normal_03722.png,G:\Ai-CDD\data\raw\dataset\train\NORMAL\normal_03417.png
perceptual_duplicate,G:\Ai-CDD\data\raw\dataset\train\NORMAL\normal_04451.png,G:\Ai-CDD\data\raw\dataset\train\NORMAL\normal_03417.png
perceptual_duplicate,G:\Ai-CDD\data\raw\dataset\train\NORMAL\normal_04522.png,G:\Ai-CDD\data\raw\dataset\train\NORMAL\normal_03417.png
perceptual_duplicate,G:\Ai-CDD\data\raw\dataset\train\NORMAL\normal_04679.png,G:\Ai-CDD\data\raw\dataset\train\NORMAL\normal_03417.png
perceptual_duplicate,G:\Ai-CDD\data\raw\dataset\train\NORMAL\normal_04402.png,G:\Ai-CDD\data\raw\dataset\train\NORMAL\normal_03418.png
perceptual_duplicate,G:\Ai-CDD\data\raw\dataset\train\NORMAL\normal_04523.png,G:\Ai-CDD\data\raw\dataset\train\NORMAL\normal_03418.png
perceptual_duplicate,G:\Ai-CDD\data\raw\dataset\train\NORMAL\normal_04524.png,G:\Ai-CDD\data\raw\dataset\train\NORMAL\normal_03419.png
perceptual_duplicate,G:\Ai-CDD\data\raw\dataset\test\NORMAL\normal_00981.png,G:\Ai-CDD\data\raw\dataset\train\NORMAL\normal_03420.png
perceptual_duplicate,G:\Ai-CDD\data\raw\dataset\test\NORMAL\normal_00982.png,G:\Ai-CDD\data\raw\dataset\train\NORMAL\normal_03421.png
perceptual_duplicate,G:\Ai-CDD\data\raw\dataset\train\NORMAL\normal_04525.png,G:\Ai-CDD\data\raw\dataset\train\NORMAL\normal_03422.png
perceptual_duplicate,G:\Ai-CDD\data\raw\dataset\test\NORMAL\normal_00983.png,G:\Ai-CDD\data\raw\dataset\train\NORMAL\normal_03423.png
perceptual_duplicate,G:\Ai-CDD\data\raw\dataset\train\NORMAL\normal_04526.png,G:\Ai-CDD\data\raw\dataset\train\NORMAL\normal_03424.png
perceptual_duplicate,G:\Ai-CDD\data\raw\dataset\train\NORMAL\normal_04527.png,G:\Ai-CDD\data\raw\dataset\train\NORMAL\normal_03425.png
perceptual_duplicate,G:\Ai-CDD\data\raw\dataset\train\NORMAL\normal_04528.png,G:\Ai-CDD\data\raw\dataset\train\NORMAL\normal_03426.png
perceptual_duplicate,G:\Ai-CDD\data\raw\dataset\train\NORMAL\normal_04529.png,G:\Ai-CDD\data\raw\dataset\train\NORMAL\normal_03427.png
perceptual_duplicate,G:\Ai-CDD\data\raw\dataset\test\NORMAL\normal_00961.png,G:\Ai-CDD\data\raw\dataset\train\NORMAL\normal_03428.png
perceptual_duplicate,G:\Ai-CDD\data\raw\dataset\test\NORMAL\normal_00984.png,G:\Ai-CDD\data\raw\dataset\train\NORMAL\normal_03428.png
perceptual_duplicate,G:\Ai-CDD\data\raw\dataset\train\NORMAL\normal_03796.png,G:\Ai-CDD\data\raw\dataset\train\NORMAL\normal_03429.png
perceptual_duplicate,G:\Ai-CDD\data\raw\dataset\test\NORMAL\normal_00711.png,G:\Ai-CDD\data\raw\dataset\train\NORMAL\normal_03429.png
perceptual_duplicate,G:\Ai-CDD\data\raw\dataset\val\NORMAL\normal_00767.png,G:\Ai-CDD\data\raw\dataset\train\NORMAL\normal_03429.png
perceptual_duplicate,G:\Ai-CDD\data\raw\dataset\val\NORMAL\normal_00768.png,G:\Ai-CDD\data\raw\dataset\train\NORMAL\normal_03430.png
perceptual_duplicate,G:\Ai-CDD\data\raw\dataset\val\NORMAL\normal_00769.png,G:\Ai-CDD\data\raw\dataset\train\NORMAL\normal_03431.png
perceptual_duplicate,G:\Ai-CDD\data\raw\dataset\test\NORMAL\normal_00985.png,G:\Ai-CDD\data\raw\dataset\train\NORMAL\normal_03432.png
perceptual_duplicate,G:\Ai-CDD\data\raw\dataset\train\NORMAL\normal_04530.png,G:\Ai-CDD\data\raw\dataset\train\NORMAL\normal_03433.png
perceptual_duplicate,G:\Ai-CDD\data\raw\dataset\train\NORMAL\normal_04531.png,G:\Ai-CDD\data\raw\dataset\train\NORMAL\normal_03434.png
perceptual_duplicate,G:\Ai-CDD\data\raw\dataset\train\NORMAL\normal_03937.png,G:\Ai-CDD\data\raw\dataset\train\NORMAL\normal_03435.png
perceptual_duplicate,G:\Ai-CDD\data\raw\dataset\train\NORMAL\normal_04512.png,G:\Ai-CDD\data\raw\dataset\train\NORMAL\normal_03435.png
perceptual_duplicate,G:\Ai-CDD\data\raw\dataset\train\NORMAL\normal_04532.png,G:\Ai-CDD\data\raw\dataset\train\NORMAL\normal_03435.png
perceptual_duplicate,G:\Ai-CDD\data\raw\dataset\test\NORMAL\normal_00921.png,G:\Ai-CDD\data\raw\dataset\train\NORMAL\normal_03435.png
perceptual_duplicate,G:\Ai-CDD\data\raw\dataset\val\NORMAL\normal_00631.png,G:\Ai-CDD\data\raw\dataset\train\NORMAL\normal_03435.png
perceptual_duplicate,G:\Ai-CDD\data\raw\dataset\val\NORMAL\normal_00726.png,G:\Ai-CDD\data\raw\dataset\train\NORMAL\normal_03435.png
perceptual_duplicate,G:\Ai-CDD\data\raw\dataset\train\NORMAL\normal_04421.png,G:\Ai-CDD\data\raw\dataset\train\NORMAL\normal_03436.png
perceptual_duplicate,G:\Ai-CDD\data\raw\dataset\train\NORMAL\normal_04533.png,G:\Ai-CDD\data\raw\dataset\train\NORMAL\normal_03436.png
perceptual_duplicate,G:\Ai-CDD\data\raw\dataset\val\NORMAL\normal_00770.png,G:\Ai-CDD\data\raw\dataset\train\NORMAL\normal_03437.png
perceptual_duplicate,G:\Ai-CDD\data\raw\dataset\train\NORMAL\normal_04534.png,G:\Ai-CDD\data\raw\dataset\train\NORMAL\normal_03438.png
perceptual_duplicate,G:\Ai-CDD\data\raw\dataset\val\NORMAL\normal_00771.png,G:\Ai-CDD\data\raw\dataset\train\NORMAL\normal_03439.png
perceptual_duplicate,G:\Ai-CDD\data\raw\dataset\train\NORMAL\normal_04535.png,G:\Ai-CDD\data\raw\dataset\train\NORMAL\normal_03440.png
perceptual_duplicate,G:\Ai-CDD\data\raw\dataset\val\NORMAL\normal_00772.png,G:\Ai-CDD\data\raw\dataset\train\NORMAL\normal_03441.png
perceptual_duplicate,G:\Ai-CDD\data\raw\dataset\train\NORMAL\normal_04536.png,G:\Ai-CDD\data\raw\dataset\train\NORMAL\normal_03442.png
perceptual_duplicate,G:\Ai-CDD\data\raw\dataset\test\NORMAL\normal_00986.png,G:\Ai-CDD\data\raw\dataset\train\NORMAL\normal_03443.png
perceptual_duplicate,G:\Ai-CDD\data\raw\dataset\val\NORMAL\normal_00773.png,G:\Ai-CDD\data\raw\dataset\train\NORMAL\normal_03444.png
perceptual_duplicate,G:\Ai-CDD\data\raw\dataset\val\NORMAL\normal_00774.png,G:\Ai-CDD\data\raw\dataset\train\NORMAL\normal_03445.png
perceptual_duplicate,G:\Ai-CDD\data\raw\dataset\train\NORMAL\normal_04537.png,G:\Ai-CDD\data\raw\dataset\train\NORMAL\normal_03446.png
perceptual_duplicate,G:\Ai-CDD\data\raw\dataset\train\NORMAL\normal_03604.png,G:\Ai-CDD\data\raw\dataset\train\NORMAL\normal_03447.png
perceptual_duplicate,G:\Ai-CDD\data\raw\dataset\train\NORMAL\normal_04032.png,G:\Ai-CDD\data\raw\dataset\train\NORMAL\normal_03447.png
perceptual_duplicate,G:\Ai-CDD\data\raw\dataset\train\NORMAL\normal_04385.png,G:\Ai-CDD\data\raw\dataset\train\NORMAL\normal_03447.png
perceptual_duplicate,G:\Ai-CDD\data\raw\dataset\train\NORMAL\normal_04538.png,G:\Ai-CDD\data\raw\dataset\train\NORMAL\normal_03447.png
perceptual_duplicate,G:\Ai-CDD\data\raw\dataset\train\NORMAL\normal_04616.png,G:\Ai-CDD\data\raw\dataset\train\NORMAL\normal_03447.png
perceptual_duplicate,G:\Ai-CDD\data\raw\dataset\train\NORMAL\normal_04539.png,G:\Ai-CDD\data\raw\dataset\train\NORMAL\normal_03448.png
perceptual_duplicate,G:\Ai-CDD\data\raw\dataset\test\NORMAL\normal_00987.png,G:\Ai-CDD\data\raw\dataset\train\NORMAL\normal_03449.png
perceptual_duplicate,G:\Ai-CDD\data\raw\dataset\test\NORMAL\normal_00988.png,G:\Ai-CDD\data\raw\dataset\train\NORMAL\normal_03450.png
perceptual_duplicate,G:\Ai-CDD\data\raw\dataset\train\NORMAL\normal_04540.png,G:\Ai-CDD\data\raw\dataset\train\NORMAL\normal_03451.png
perceptual_duplicate,G:\Ai-CDD\data\raw\dataset\test\NORMAL\normal_00989.png,G:\Ai-CDD\data\raw\dataset\train\NORMAL\normal_03452.png
perceptual_duplicate,G:\Ai-CDD\data\raw\dataset\train\NORMAL\normal_04541.png,G:\Ai-CDD\data\raw\dataset\train\NORMAL\normal_03453.png
perceptual_duplicate,G:\Ai-CDD\data\raw\dataset\train\NORMAL\normal_04542.png,G:\Ai-CDD\data\raw\dataset\train\NORMAL\normal_03454.png
perceptual_duplicate,G:\Ai-CDD\data\raw\dataset\val\NORMAL\normal_00775.png,G:\Ai-CDD\data\raw\dataset\train\NORMAL\normal_03455.png
perceptual_duplicate,G:\Ai-CDD\data\raw\dataset\val\NORMAL\normal_00776.png,G:\Ai-CDD\data\raw\dataset\train\NORMAL\normal_03456.png
perceptual_duplicate,G:\Ai-CDD\data\raw\dataset\train\NORMAL\normal_04543.png,G:\Ai-CDD\data\raw\dataset\train\NORMAL\normal_03457.png
perceptual_duplicate,G:\Ai-CDD\data\raw\dataset\train\NORMAL\normal_04544.png,G:\Ai-CDD\data\raw\dataset\train\NORMAL\normal_03458.png
perceptual_duplicate,G:\Ai-CDD\data\raw\dataset\train\NORMAL\normal_04545.png,G:\Ai-CDD\data\raw\dataset\train\NORMAL\normal_03459.png
perceptual_duplicate,G:\Ai-CDD\data\raw\dataset\train\NORMAL\normal_04336.png,G:\Ai-CDD\data\raw\dataset\train\NORMAL\normal_03460.png
perceptual_duplicate,G:\Ai-CDD\data\raw\dataset\train\NORMAL\normal_04546.png,G:\Ai-CDD\data\raw\dataset\train\NORMAL\normal_03460.png
perceptual_duplicate,G:\Ai-CDD\data\raw\dataset\test\NORMAL\normal_00990.png,G:\Ai-CDD\data\raw\dataset\train\NORMAL\normal_03461.png
perceptual_duplicate,G:\Ai-CDD\data\raw\dataset\train\NORMAL\normal_04547.png,G:\Ai-CDD\data\raw\dataset\train\NORMAL\normal_03462.png
perceptual_duplicate,G:\Ai-CDD\data\raw\dataset\train\NORMAL\normal_03534.png,G:\Ai-CDD\data\raw\dataset\train\NORMAL\normal_03463.png
perceptual_duplicate,G:\Ai-CDD\data\raw\dataset\train\NORMAL\normal_03689.png,G:\Ai-CDD\data\raw\dataset\train\NORMAL\normal_03463.png
perceptual_duplicate,G:\Ai-CDD\data\raw\dataset\train\NORMAL\normal_03826.png,G:\Ai-CDD\data\raw\dataset\train\NORMAL\normal_03463.png
perceptual_duplicate,G:\Ai-CDD\data\raw\dataset\train\NORMAL\normal_04326.png,G:\Ai-CDD\data\raw\dataset\train\NORMAL\normal_03463.png
perceptual_duplicate,G:\Ai-CDD\data\raw\dataset\train\NORMAL\normal_04374.png,G:\Ai-CDD\data\raw\dataset\train\NORMAL\normal_03463.png
perceptual_duplicate,G:\Ai-CDD\data\raw\dataset\train\NORMAL\normal_04584.png,G:\Ai-CDD\data\raw\dataset\train\NORMAL\normal_03463.png
perceptual_duplicate,G:\Ai-CDD\data\raw\dataset\train\NORMAL\normal_04662.png,G:\Ai-CDD\data\raw\dataset\train\NORMAL\normal_03463.png
perceptual_duplicate,G:\Ai-CDD\data\raw\dataset\test\NORMAL\normal_00991.png,G:\Ai-CDD\data\raw\dataset\train\NORMAL\normal_03463.png
perceptual_duplicate,G:\Ai-CDD\data\raw\dataset\val\NORMAL\normal_00655.png,G:\Ai-CDD\data\raw\dataset\train\NORMAL\normal_03463.png
perceptual_duplicate,G:\Ai-CDD\data\raw\dataset\val\NORMAL\normal_00727.png,G:\Ai-CDD\data\raw\dataset\train\NORMAL\normal_03463.png
perceptual_duplicate,G:\Ai-CDD\data\raw\dataset\val\NORMAL\normal_00777.png,G:\Ai-CDD\data\raw\dataset\train\NORMAL\normal_03464.png
perceptual_duplicate,G:\Ai-CDD\data\raw\dataset\train\NORMAL\normal_04548.png,G:\Ai-CDD\data\raw\dataset\train\NORMAL\normal_03466.png
perceptual_duplicate,G:\Ai-CDD\data\raw\dataset\train\NORMAL\normal_04549.png,G:\Ai-CDD\data\raw\dataset\train\NORMAL\normal_03467.png
perceptual_duplicate,G:\Ai-CDD\data\raw\dataset\val\NORMAL\normal_00778.png,G:\Ai-CDD\data\raw\dataset\train\NORMAL\normal_03468.png
perceptual_duplicate,G:\Ai-CDD\data\raw\dataset\test\NORMAL\normal_00992.png,G:\Ai-CDD\data\raw\dataset\train\NORMAL\normal_03470.png
perceptual_duplicate,G:\Ai-CDD\data\raw\dataset\train\NORMAL\normal_03700.png,G:\Ai-CDD\data\raw\dataset\train\NORMAL\normal_03471.png
perceptual_duplicate,G:\Ai-CDD\data\raw\dataset\train\NORMAL\normal_04500.png,G:\Ai-CDD\data\raw\dataset\train\NORMAL\normal_03471.png
perceptual_duplicate,G:\Ai-CDD\data\raw\dataset\train\NORMAL\normal_04550.png,G:\Ai-CDD\data\raw\dataset\train\NORMAL\normal_03471.png
perceptual_duplicate,G:\Ai-CDD\data\raw\dataset\val\NORMAL\normal_00653.png,G:\Ai-CDD\data\raw\dataset\train\NORMAL\normal_03471.png
perceptual_duplicate,G:\Ai-CDD\data\raw\dataset\val\NORMAL\normal_00822.png,G:\Ai-CDD\data\raw\dataset\train\NORMAL\normal_03471.png
perceptual_duplicate,G:\Ai-CDD\data\raw\dataset\train\NORMAL\normal_04551.png,G:\Ai-CDD\data\raw\dataset\train\NORMAL\normal_03472.png
perceptual_duplicate,G:\Ai-CDD\data\raw\dataset\test\NORMAL\normal_00993.png,G:\Ai-CDD\data\raw\dataset\train\NORMAL\normal_03473.png
perceptual_duplicate,G:\Ai-CDD\data\raw\dataset\train\NORMAL\normal_04192.png,G:\Ai-CDD\data\raw\dataset\train\NORMAL\normal_03474.png
perceptual_duplicate,G:\Ai-CDD\data\raw\dataset\train\NORMAL\normal_04552.png,G:\Ai-CDD\data\raw\dataset\train\NORMAL\normal_03474.png
perceptual_duplicate,G:\Ai-CDD\data\raw\dataset\train\NORMAL\normal_04553.png,G:\Ai-CDD\data\raw\dataset\train\NORMAL\normal_03475.png
perceptual_duplicate,G:\Ai-CDD\data\raw\dataset\test\NORMAL\normal_00994.png,G:\Ai-CDD\data\raw\dataset\train\NORMAL\normal_03476.png
perceptual_duplicate,G:\Ai-CDD\data\raw\dataset\train\NORMAL\normal_04554.png,G:\Ai-CDD\data\raw\dataset\train\NORMAL\normal_03477.png
perceptual_duplicate,G:\Ai-CDD\data\raw\dataset\train\NORMAL\normal_04555.png,G:\Ai-CDD\data\raw\dataset\train\NORMAL\normal_03478.png
perceptual_duplicate,G:\Ai-CDD\data\raw\dataset\train\NORMAL\normal_04556.png,G:\Ai-CDD\data\raw\dataset\train\NORMAL\normal_03479.png
perceptual_duplicate,G:\Ai-CDD\data\raw\dataset\train\NORMAL\normal_04557.png,G:\Ai-CDD\data\raw\dataset\train\NORMAL\normal_03480.png
perceptual_duplicate,G:\Ai-CDD\data\raw\dataset\train\NORMAL\normal_04558.png,G:\Ai-CDD\data\raw\dataset\train\NORMAL\normal_03481.png
perceptual_duplicate,G:\Ai-CDD\data\raw\dataset\train\NORMAL\normal_04559.png,G:\Ai-CDD\data\raw\dataset\train\NORMAL\normal_03482.png
perceptual_duplicate,G:\Ai-CDD\data\raw\dataset\train\NORMAL\normal_04560.png,G:\Ai-CDD\data\raw\dataset\train\NORMAL\normal_03483.png
perceptual_duplicate,G:\Ai-CDD\data\raw\dataset\train\NORMAL\normal_04037.png,G:\Ai-CDD\data\raw\dataset\train\NORMAL\normal_03484.png
perceptual_duplicate,G:\Ai-CDD\data\raw\dataset\train\NORMAL\normal_04561.png,G:\Ai-CDD\data\raw\dataset\train\NORMAL\normal_03484.png
perceptual_duplicate,G:\Ai-CDD\data\raw\dataset\test\NORMAL\normal_00995.png,G:\Ai-CDD\data\raw\dataset\train\NORMAL\normal_03485.png
perceptual_duplicate,G:\Ai-CDD\data\raw\dataset\val\NORMAL\normal_00779.png,G:\Ai-CDD\data\raw\dataset\train\NORMAL\normal_03486.png
perceptual_duplicate,G:\Ai-CDD\data\raw\dataset\test\NORMAL\normal_00996.png,G:\Ai-CDD\data\raw\dataset\train\NORMAL\normal_03487.png
perceptual_duplicate,G:\Ai-CDD\data\raw\dataset\train\NORMAL\normal_04562.png,G:\Ai-CDD\data\raw\dataset\train\NORMAL\normal_03488.png
perceptual_duplicate,G:\Ai-CDD\data\raw\dataset\train\NORMAL\normal_03755.png,G:\Ai-CDD\data\raw\dataset\train\NORMAL\normal_03489.png
perceptual_duplicate,G:\Ai-CDD\data\raw\dataset\train\NORMAL\normal_04563.png,G:\Ai-CDD\data\raw\dataset\train\NORMAL\normal_03489.png
perceptual_duplicate,G:\Ai-CDD\data\raw\dataset\train\NORMAL\normal_04698.png,G:\Ai-CDD\data\raw\dataset\train\NORMAL\normal_03489.png
perceptual_duplicate,G:\Ai-CDD\data\raw\dataset\test\NORMAL\normal_00806.png,G:\Ai-CDD\data\raw\dataset\train\NORMAL\normal_03489.png
perceptual_duplicate,G:\Ai-CDD\data\raw\dataset\val\NORMAL\normal_00726.png,G:\Ai-CDD\data\raw\dataset\train\NORMAL\normal_03489.png
perceptual_duplicate,G:\Ai-CDD\data\raw\dataset\test\NORMAL\normal_00997.png,G:\Ai-CDD\data\raw\dataset\train\NORMAL\normal_03490.png
perceptual_duplicate,G:\Ai-CDD\data\raw\dataset\train\NORMAL\normal_04564.png,G:\Ai-CDD\data\raw\dataset\train\NORMAL\normal_03491.png
perceptual_duplicate,G:\Ai-CDD\data\raw\dataset\val\NORMAL\normal_00780.png,G:\Ai-CDD\data\raw\dataset\train\NORMAL\normal_03492.png
perceptual_duplicate,G:\Ai-CDD\data\raw\dataset\val\NORMAL\normal_00781.png,G:\Ai-CDD\data\raw\dataset\train\NORMAL\normal_03493.png
perceptual_duplicate,G:\Ai-CDD\data\raw\dataset\train\NORMAL\normal_04565.png,G:\Ai-CDD\data\raw\dataset\train\NORMAL\normal_03494.png
perceptual_duplicate,G:\Ai-CDD\data\raw\dataset\test\NORMAL\normal_00998.png,G:\Ai-CDD\data\raw\dataset\train\NORMAL\normal_03495.png
perceptual_duplicate,G:\Ai-CDD\data\raw\dataset\train\NORMAL\normal_04566.png,G:\Ai-CDD\data\raw\dataset\train\NORMAL\normal_03496.png
perceptual_duplicate,G:\Ai-CDD\data\raw\dataset\train\NORMAL\normal_04567.png,G:\Ai-CDD\data\raw\dataset\train\NORMAL\normal_03497.png
perceptual_duplicate,G:\Ai-CDD\data\raw\dataset\val\NORMAL\normal_00782.png,G:\Ai-CDD\data\raw\dataset\train\NORMAL\normal_03498.png
perceptual_duplicate,G:\Ai-CDD\data\raw\dataset\train\NORMAL\normal_04568.png,G:\Ai-CDD\data\raw\dataset\train\NORMAL\normal_03499.png
perceptual_duplicate,G:\Ai-CDD\data\raw\dataset\test\NORMAL\normal_00999.png,G:\Ai-CDD\data\raw\dataset\train\NORMAL\normal_03500.png
perceptual_duplicate,G:\Ai-CDD\data\raw\dataset\val\NORMAL\normal_00783.png,G:\Ai-CDD\data\raw\dataset\train\NORMAL\normal_03501.png
perceptual_duplicate,G:\Ai-CDD\data\raw\dataset\test\NORMAL\normal_01000.png,G:\Ai-CDD\data\raw\dataset\train\NORMAL\normal_03502.png
perceptual_duplicate,G:\Ai-CDD\data\raw\dataset\train\NORMAL\normal_03519.png,G:\Ai-CDD\data\raw\dataset\train\NORMAL\normal_03503.png
perceptual_duplicate,G:\Ai-CDD\data\raw\dataset\train\NORMAL\normal_04196.png,G:\Ai-CDD\data\raw\dataset\train\NORMAL\normal_03503.png
perceptual_duplicate,G:\Ai-CDD\data\raw\dataset\train\NORMAL\normal_04521.png,G:\Ai-CDD\data\raw\dataset\train\NORMAL\normal_03503.png
perceptual_duplicate,G:\Ai-CDD\data\raw\dataset\train\NORMAL\normal_04569.png,G:\Ai-CDD\data\raw\dataset\train\NORMAL\normal_03503.png
perceptual_duplicate,G:\Ai-CDD\data\raw\dataset\train\NORMAL\normal_04575.png,G:\Ai-CDD\data\raw\dataset\train\NORMAL\normal_03503.png
perceptual_duplicate,G:\Ai-CDD\data\raw\dataset\test\NORMAL\normal_00563.png,G:\Ai-CDD\data\raw\dataset\train\NORMAL\normal_03503.png
perceptual_duplicate,G:\Ai-CDD\data\raw\dataset\test\NORMAL\normal_00780.png,G:\Ai-CDD\data\raw\dataset\train\NORMAL\normal_03503.png
perceptual_duplicate,G:\Ai-CDD\data\raw\dataset\train\NORMAL\normal_04110.png,G:\Ai-CDD\data\raw\dataset\train\NORMAL\normal_03504.png
perceptual_duplicate,G:\Ai-CDD\data\raw\dataset\train\NORMAL\normal_04364.png,G:\Ai-CDD\data\raw\dataset\train\NORMAL\normal_03504.png
perceptual_duplicate,G:\Ai-CDD\data\raw\dataset\test\NORMAL\normal_00937.png,G:\Ai-CDD\data\raw\dataset\train\NORMAL\normal_03504.png
perceptual_duplicate,G:\Ai-CDD\data\raw\dataset\test\NORMAL\normal_01001.png,G:\Ai-CDD\data\raw\dataset\train\NORMAL\normal_03504.png
perceptual_duplicate,G:\Ai-CDD\data\raw\dataset\train\NORMAL\normal_04570.png,G:\Ai-CDD\data\raw\dataset\train\NORMAL\normal_03505.png
perceptual_duplicate,G:\Ai-CDD\data\raw\dataset\val\NORMAL\normal_00784.png,G:\Ai-CDD\data\raw\dataset\train\NORMAL\normal_03506.png
perceptual_duplicate,G:\Ai-CDD\data\raw\dataset\val\NORMAL\normal_00785.png,G:\Ai-CDD\data\raw\dataset\train\NORMAL\normal_03507.png
perceptual_duplicate,G:\Ai-CDD\data\raw\dataset\test\NORMAL\normal_01002.png,G:\Ai-CDD\data\raw\dataset\train\NORMAL\normal_03508.png
perceptual_duplicate,G:\Ai-CDD\data\raw\dataset\val\NORMAL\normal_00786.png,G:\Ai-CDD\data\raw\dataset\train\NORMAL\normal_03509.png
perceptual_duplicate,G:\Ai-CDD\data\raw\dataset\train\NORMAL\normal_04571.png,G:\Ai-CDD\data\raw\dataset\train\NORMAL\normal_03510.png
perceptual_duplicate,G:\Ai-CDD\data\raw\dataset\val\NORMAL\normal_00787.png,G:\Ai-CDD\data\raw\dataset\train\NORMAL\normal_03511.png
perceptual_duplicate,G:\Ai-CDD\data\raw\dataset\test\NORMAL\normal_01003.png,G:\Ai-CDD\data\raw\dataset\train\NORMAL\normal_03512.png
perceptual_duplicate,G:\Ai-CDD\data\raw\dataset\test\NORMAL\normal_01004.png,G:\Ai-CDD\data\raw\dataset\train\NORMAL\normal_03513.png
perceptual_duplicate,G:\Ai-CDD\data\raw\dataset\test\NORMAL\normal_01005.png,G:\Ai-CDD\data\raw\dataset\train\NORMAL\normal_03514.png
perceptual_duplicate,G:\Ai-CDD\data\raw\dataset\train\NORMAL\normal_04572.png,G:\Ai-CDD\data\raw\dataset\train\NORMAL\normal_03515.png
perceptual_duplicate,G:\Ai-CDD\data\raw\dataset\train\NORMAL\normal_04573.png,G:\Ai-CDD\data\raw\dataset\train\NORMAL\normal_03516.png
perceptual_duplicate,G:\Ai-CDD\data\raw\dataset\train\NORMAL\normal_04574.png,G:\Ai-CDD\data\raw\dataset\train\NORMAL\normal_03517.png
perceptual_duplicate,G:\Ai-CDD\data\raw\dataset\val\NORMAL\normal_00788.png,G:\Ai-CDD\data\raw\dataset\train\NORMAL\normal_03518.png
perceptual_duplicate,G:\Ai-CDD\data\raw\dataset\train\NORMAL\normal_03582.png,G:\Ai-CDD\data\raw\dataset\train\NORMAL\normal_03519.png
perceptual_duplicate,G:\Ai-CDD\data\raw\dataset\train\NORMAL\normal_04196.png,G:\Ai-CDD\data\raw\dataset\train\NORMAL\normal_03519.png
perceptual_duplicate,G:\Ai-CDD\data\raw\dataset\train\NORMAL\normal_04569.png,G:\Ai-CDD\data\raw\dataset\train\NORMAL\normal_03519.png
perceptual_duplicate,G:\Ai-CDD\data\raw\dataset\train\NORMAL\normal_04575.png,G:\Ai-CDD\data\raw\dataset\train\NORMAL\normal_03519.png
perceptual_duplicate,G:\Ai-CDD\data\raw\dataset\train\NORMAL\normal_04604.png,G:\Ai-CDD\data\raw\dataset\train\NORMAL\normal_03519.png
perceptual_duplicate,G:\Ai-CDD\data\raw\dataset\val\NORMAL\normal_00789.png,G:\Ai-CDD\data\raw\dataset\train\NORMAL\normal_03520.png
perceptual_duplicate,G:\Ai-CDD\data\raw\dataset\train\NORMAL\normal_04576.png,G:\Ai-CDD\data\raw\dataset\train\NORMAL\normal_03521.png
perceptual_duplicate,G:\Ai-CDD\data\raw\dataset\train\NORMAL\normal_04577.png,G:\Ai-CDD\data\raw\dataset\train\NORMAL\normal_03522.png
perceptual_duplicate,G:\Ai-CDD\data\raw\dataset\test\NORMAL\normal_01006.png,G:\Ai-CDD\data\raw\dataset\train\NORMAL\normal_03523.png
perceptual_duplicate,G:\Ai-CDD\data\raw\dataset\train\NORMAL\normal_04578.png,G:\Ai-CDD\data\raw\dataset\train\NORMAL\normal_03524.png
perceptual_duplicate,G:\Ai-CDD\data\raw\dataset\test\NORMAL\normal_01007.png,G:\Ai-CDD\data\raw\dataset\train\NORMAL\normal_03525.png
perceptual_duplicate,G:\Ai-CDD\data\raw\dataset\train\NORMAL\normal_04579.png,G:\Ai-CDD\data\raw\dataset\train\NORMAL\normal_03526.png
perceptual_duplicate,G:\Ai-CDD\data\raw\dataset\train\NORMAL\normal_04580.png,G:\Ai-CDD\data\raw\dataset\train\NORMAL\normal_03527.png
perceptual_duplicate,G:\Ai-CDD\data\raw\dataset\train\NORMAL\normal_04581.png,G:\Ai-CDD\data\raw\dataset\train\NORMAL\normal_03528.png
perceptual_duplicate,G:\Ai-CDD\data\raw\dataset\train\NORMAL\normal_04582.png,G:\Ai-CDD\data\raw\dataset\train\NORMAL\normal_03529.png
perceptual_duplicate,G:\Ai-CDD\data\raw\dataset\test\NORMAL\normal_01008.png,G:\Ai-CDD\data\raw\dataset\train\NORMAL\normal_03530.png
perceptual_duplicate,G:\Ai-CDD\data\raw\dataset\train\NORMAL\normal_03679.png,G:\Ai-CDD\data\raw\dataset\train\NORMAL\normal_03531.png
perceptual_duplicate,G:\Ai-CDD\data\raw\dataset\val\NORMAL\normal_00790.png,G:\Ai-CDD\data\raw\dataset\train\NORMAL\normal_03531.png
perceptual_duplicate,G:\Ai-CDD\data\raw\dataset\val\NORMAL\normal_00820.png,G:\Ai-CDD\data\raw\dataset\train\NORMAL\normal_03531.png
perceptual_duplicate,G:\Ai-CDD\data\raw\dataset\train\NORMAL\normal_04583.png,G:\Ai-CDD\data\raw\dataset\train\NORMAL\normal_03532.png
perceptual_duplicate,G:\Ai-CDD\data\raw\dataset\test\NORMAL\normal_01009.png,G:\Ai-CDD\data\raw\dataset\train\NORMAL\normal_03533.png
perceptual_duplicate,G:\Ai-CDD\data\raw\dataset\train\NORMAL\normal_03638.png,G:\Ai-CDD\data\raw\dataset\train\NORMAL\normal_03534.png
perceptual_duplicate,G:\Ai-CDD\data\raw\dataset\train\NORMAL\normal_04584.png,G:\Ai-CDD\data\raw\dataset\train\NORMAL\normal_03534.png
perceptual_duplicate,G:\Ai-CDD\data\raw\dataset\train\NORMAL\normal_04633.png,G:\Ai-CDD\data\raw\dataset\train\NORMAL\normal_03534.png
perceptual_duplicate,G:\Ai-CDD\data\raw\dataset\test\NORMAL\normal_00991.png,G:\Ai-CDD\data\raw\dataset\train\NORMAL\normal_03534.png
perceptual_duplicate,G:\Ai-CDD\data\raw\dataset\test\NORMAL\normal_01010.png,G:\Ai-CDD\data\raw\dataset\train\NORMAL\normal_03535.png
perceptual_duplicate,G:\Ai-CDD\data\raw\dataset\train\NORMAL\normal_04446.png,G:\Ai-CDD\data\raw\dataset\train\NORMAL\normal_03536.png
perceptual_duplicate,G:\Ai-CDD\data\raw\dataset\train\NORMAL\normal_04585.png,G:\Ai-CDD\data\raw\dataset\train\NORMAL\normal_03536.png
perceptual_duplicate,G:\Ai-CDD\data\raw\dataset\train\NORMAL\normal_04586.png,G:\Ai-CDD\data\raw\dataset\train\NORMAL\normal_03537.png
perceptual_duplicate,G:\Ai-CDD\data\raw\dataset\test\NORMAL\normal_00800.png,G:\Ai-CDD\data\raw\dataset\train\NORMAL\normal_03538.png
perceptual_duplicate,G:\Ai-CDD\data\raw\dataset\test\NORMAL\normal_01011.png,G:\Ai-CDD\data\raw\dataset\train\NORMAL\normal_03538.png
perceptual_duplicate,G:\Ai-CDD\data\raw\dataset\val\NORMAL\normal_00592.png,G:\Ai-CDD\data\raw\dataset\train\NORMAL\normal_03538.png
perceptual_duplicate,G:\Ai-CDD\data\raw\dataset\train\NORMAL\normal_04587.png,G:\Ai-CDD\data\raw\dataset\train\NORMAL\normal_03539.png
perceptual_duplicate,G:\Ai-CDD\data\raw\dataset\train\NORMAL\normal_04588.png,G:\Ai-CDD\data\raw\dataset\train\NORMAL\normal_03540.png
perceptual_duplicate,G:\Ai-CDD\data\raw\dataset\train\NORMAL\normal_04589.png,G:\Ai-CDD\data\raw\dataset\train\NORMAL\normal_03541.png
perceptual_duplicate,G:\Ai-CDD\data\raw\dataset\train\NORMAL\normal_03925.png,G:\Ai-CDD\data\raw\dataset\train\NORMAL\normal_03542.png
perceptual_duplicate,G:\Ai-CDD\data\raw\dataset\test\NORMAL\normal_01012.png,G:\Ai-CDD\data\raw\dataset\train\NORMAL\normal_03542.png
perceptual_duplicate,G:\Ai-CDD\data\raw\dataset\train\NORMAL\normal_04590.png,G:\Ai-CDD\data\raw\dataset\train\NORMAL\normal_03543.png
perceptual_duplicate,G:\Ai-CDD\data\raw\dataset\test\NORMAL\normal_01013.png,G:\Ai-CDD\data\raw\dataset\train\NORMAL\normal_03544.png
perceptual_duplicate,G:\Ai-CDD\data\raw\dataset\val\NORMAL\normal_00703.png,G:\Ai-CDD\data\raw\dataset\train\NORMAL\normal_03544.png
perceptual_duplicate,G:\Ai-CDD\data\raw\dataset\val\NORMAL\normal_00791.png,G:\Ai-CDD\data\raw\dataset\train\NORMAL\normal_03545.png
perceptual_duplicate,G:\Ai-CDD\data\raw\dataset\train\NORMAL\normal_04591.png,G:\Ai-CDD\data\raw\dataset\train\NORMAL\normal_03546.png
perceptual_duplicate,G:\Ai-CDD\data\raw\dataset\test\NORMAL\normal_01014.png,G:\Ai-CDD\data\raw\dataset\train\NORMAL\normal_03547.png
perceptual_duplicate,G:\Ai-CDD\data\raw\dataset\test\NORMAL\normal_01015.png,G:\Ai-CDD\data\raw\dataset\train\NORMAL\normal_03548.png
perceptual_duplicate,G:\Ai-CDD\data\raw\dataset\train\NORMAL\normal_04592.png,G:\Ai-CDD\data\raw\dataset\train\NORMAL\normal_03549.png
perceptual_duplicate,G:\Ai-CDD\data\raw\dataset\train\NORMAL\normal_03914.png,G:\Ai-CDD\data\raw\dataset\train\NORMAL\normal_03550.png
perceptual_duplicate,G:\Ai-CDD\data\raw\dataset\test\NORMAL\normal_00864.png,G:\Ai-CDD\data\raw\dataset\train\NORMAL\normal_03550.png
perceptual_duplicate,G:\Ai-CDD\data\raw\dataset\test\NORMAL\normal_01016.png,G:\Ai-CDD\data\raw\dataset\train\NORMAL\normal_03550.png
perceptual_duplicate,G:\Ai-CDD\data\raw\dataset\train\NORMAL\normal_03647.png,G:\Ai-CDD\data\raw\dataset\train\NORMAL\normal_03551.png
perceptual_duplicate,G:\Ai-CDD\data\raw\dataset\train\NORMAL\normal_04593.png,G:\Ai-CDD\data\raw\dataset\train\NORMAL\normal_03551.png
perceptual_duplicate,G:\Ai-CDD\data\raw\dataset\val\NORMAL\normal_00792.png,G:\Ai-CDD\data\raw\dataset\train\NORMAL\normal_03552.png
perceptual_duplicate,G:\Ai-CDD\data\raw\dataset\test\NORMAL\normal_01017.png,G:\Ai-CDD\data\raw\dataset\train\NORMAL\normal_03553.png
perceptual_duplicate,G:\Ai-CDD\data\raw\dataset\test\NORMAL\normal_01018.png,G:\Ai-CDD\data\raw\dataset\train\NORMAL\normal_03554.png
perceptual_duplicate,G:\Ai-CDD\data\raw\dataset\train\NORMAL\normal_04033.png,G:\Ai-CDD\data\raw\dataset\train\NORMAL\normal_03555.png
perceptual_duplicate,G:\Ai-CDD\data\raw\dataset\test\NORMAL\normal_01019.png,G:\Ai-CDD\data\raw\dataset\train\NORMAL\normal_03555.png
perceptual_duplicate,G:\Ai-CDD\data\raw\dataset\train\NORMAL\normal_04594.png,G:\Ai-CDD\data\raw\dataset\train\NORMAL\normal_03556.png
perceptual_duplicate,G:\Ai-CDD\data\raw\dataset\test\NORMAL\normal_01020.png,G:\Ai-CDD\data\raw\dataset\train\NORMAL\normal_03557.png
perceptual_duplicate,G:\Ai-CDD\data\raw\dataset\train\NORMAL\normal_04595.png,G:\Ai-CDD\data\raw\dataset\train\NORMAL\normal_03558.png
perceptual_duplicate,G:\Ai-CDD\data\raw\dataset\train\NORMAL\normal_04596.png,G:\Ai-CDD\data\raw\dataset\train\NORMAL\normal_03559.png
perceptual_duplicate,G:\Ai-CDD\data\raw\dataset\train\NORMAL\normal_04597.png,G:\Ai-CDD\data\raw\dataset\train\NORMAL\normal_03560.png
perceptual_duplicate,G:\Ai-CDD\data\raw\dataset\train\NORMAL\normal_04073.png,G:\Ai-CDD\data\raw\dataset\train\NORMAL\normal_03561.png
perceptual_duplicate,G:\Ai-CDD\data\raw\dataset\test\NORMAL\normal_01021.png,G:\Ai-CDD\data\raw\dataset\train\NORMAL\normal_03561.png
perceptual_duplicate,G:\Ai-CDD\data\raw\dataset\val\NORMAL\normal_00793.png,G:\Ai-CDD\data\raw\dataset\train\NORMAL\normal_03562.png
perceptual_duplicate,G:\Ai-CDD\data\raw\dataset\train\NORMAL\normal_03871.png,G:\Ai-CDD\data\raw\dataset\train\NORMAL\normal_03563.png
perceptual_duplicate,G:\Ai-CDD\data\raw\dataset\train\NORMAL\normal_04155.png,G:\Ai-CDD\data\raw\dataset\train\NORMAL\normal_03563.png
perceptual_duplicate,G:\Ai-CDD\data\raw\dataset\train\NORMAL\normal_04598.png,G:\Ai-CDD\data\raw\dataset\train\NORMAL\normal_03563.png
perceptual_duplicate,G:\Ai-CDD\data\raw\dataset\test\NORMAL\normal_01022.png,G:\Ai-CDD\data\raw\dataset\train\NORMAL\normal_03564.png
perceptual_duplicate,G:\Ai-CDD\data\raw\dataset\test\NORMAL\normal_01023.png,G:\Ai-CDD\data\raw\dataset\train\NORMAL\normal_03565.png
perceptual_duplicate,G:\Ai-CDD\data\raw\dataset\train\NORMAL\normal_04599.png,G:\Ai-CDD\data\raw\dataset\train\NORMAL\normal_03566.png
perceptual_duplicate,G:\Ai-CDD\data\raw\dataset\train\NORMAL\normal_04326.png,G:\Ai-CDD\data\raw\dataset\train\NORMAL\normal_03567.png
perceptual_duplicate,G:\Ai-CDD\data\raw\dataset\val\NORMAL\normal_00794.png,G:\Ai-CDD\data\raw\dataset\train\NORMAL\normal_03567.png
perceptual_duplicate,G:\Ai-CDD\data\raw\dataset\val\NORMAL\normal_00795.png,G:\Ai-CDD\data\raw\dataset\train\NORMAL\normal_03568.png
perceptual_duplicate,G:\Ai-CDD\data\raw\dataset\train\NORMAL\normal_04600.png,G:\Ai-CDD\data\raw\dataset\train\NORMAL\normal_03569.png
perceptual_duplicate,G:\Ai-CDD\data\raw\dataset\train\NORMAL\normal_03591.png,G:\Ai-CDD\data\raw\dataset\train\NORMAL\normal_03570.png
perceptual_duplicate,G:\Ai-CDD\data\raw\dataset\train\NORMAL\normal_04608.png,G:\Ai-CDD\data\raw\dataset\train\NORMAL\normal_03570.png
perceptual_duplicate,G:\Ai-CDD\data\raw\dataset\test\NORMAL\normal_01024.png,G:\Ai-CDD\data\raw\dataset\train\NORMAL\normal_03570.png
perceptual_duplicate,G:\Ai-CDD\data\raw\dataset\val\NORMAL\normal_00796.png,G:\Ai-CDD\data\raw\dataset\train\NORMAL\normal_03571.png
perceptual_duplicate,G:\Ai-CDD\data\raw\dataset\test\NORMAL\normal_01025.png,G:\Ai-CDD\data\raw\dataset\train\NORMAL\normal_03572.png
perceptual_duplicate,G:\Ai-CDD\data\raw\dataset\val\NORMAL\normal_00797.png,G:\Ai-CDD\data\raw\dataset\train\NORMAL\normal_03573.png
perceptual_duplicate,G:\Ai-CDD\data\raw\dataset\test\NORMAL\normal_01026.png,G:\Ai-CDD\data\raw\dataset\train\NORMAL\normal_03574.png
perceptual_duplicate,G:\Ai-CDD\data\raw\dataset\train\NORMAL\normal_04601.png,G:\Ai-CDD\data\raw\dataset\train\NORMAL\normal_03575.png
perceptual_duplicate,G:\Ai-CDD\data\raw\dataset\val\NORMAL\normal_00798.png,G:\Ai-CDD\data\raw\dataset\train\NORMAL\normal_03576.png
perceptual_duplicate,G:\Ai-CDD\data\raw\dataset\train\NORMAL\normal_04602.png,G:\Ai-CDD\data\raw\dataset\train\NORMAL\normal_03577.png
perceptual_duplicate,G:\Ai-CDD\data\raw\dataset\val\NORMAL\normal_00799.png,G:\Ai-CDD\data\raw\dataset\train\NORMAL\normal_03578.png
perceptual_duplicate,G:\Ai-CDD\data\raw\dataset\test\NORMAL\normal_01027.png,G:\Ai-CDD\data\raw\dataset\train\NORMAL\normal_03579.png
perceptual_duplicate,G:\Ai-CDD\data\raw\dataset\test\NORMAL\normal_01028.png,G:\Ai-CDD\data\raw\dataset\train\NORMAL\normal_03580.png
perceptual_duplicate,G:\Ai-CDD\data\raw\dataset\train\NORMAL\normal_04603.png,G:\Ai-CDD\data\raw\dataset\train\NORMAL\normal_03581.png
perceptual_duplicate,G:\Ai-CDD\data\raw\dataset\train\NORMAL\normal_04575.png,G:\Ai-CDD\data\raw\dataset\train\NORMAL\normal_03582.png
perceptual_duplicate,G:\Ai-CDD\data\raw\dataset\train\NORMAL\normal_04604.png,G:\Ai-CDD\data\raw\dataset\train\NORMAL\normal_03582.png
perceptual_duplicate,G:\Ai-CDD\data\raw\dataset\val\NORMAL\normal_00800.png,G:\Ai-CDD\data\raw\dataset\train\NORMAL\normal_03583.png
perceptual_duplicate,G:\Ai-CDD\data\raw\dataset\train\NORMAL\normal_04605.png,G:\Ai-CDD\data\raw\dataset\train\NORMAL\normal_03584.png
perceptual_duplicate,G:\Ai-CDD\data\raw\dataset\test\NORMAL\normal_01029.png,G:\Ai-CDD\data\raw\dataset\train\NORMAL\normal_03585.png
perceptual_duplicate,G:\Ai-CDD\data\raw\dataset\train\NORMAL\normal_04606.png,G:\Ai-CDD\data\raw\dataset\train\NORMAL\normal_03586.png
perceptual_duplicate,G:\Ai-CDD\data\raw\dataset\train\NORMAL\normal_04607.png,G:\Ai-CDD\data\raw\dataset\train\NORMAL\normal_03587.png
perceptual_duplicate,G:\Ai-CDD\data\raw\dataset\val\NORMAL\normal_00801.png,G:\Ai-CDD\data\raw\dataset\train\NORMAL\normal_03588.png
perceptual_duplicate,G:\Ai-CDD\data\raw\dataset\test\NORMAL\normal_01030.png,G:\Ai-CDD\data\raw\dataset\train\NORMAL\normal_03589.png
perceptual_duplicate,G:\Ai-CDD\data\raw\dataset\val\NORMAL\normal_00802.png,G:\Ai-CDD\data\raw\dataset\train\NORMAL\normal_03590.png
perceptual_duplicate,G:\Ai-CDD\data\raw\dataset\train\NORMAL\normal_04608.png,G:\Ai-CDD\data\raw\dataset\train\NORMAL\normal_03591.png
perceptual_duplicate,G:\Ai-CDD\data\raw\dataset\test\NORMAL\normal_01024.png,G:\Ai-CDD\data\raw\dataset\train\NORMAL\normal_03591.png
perceptual_duplicate,G:\Ai-CDD\data\raw\dataset\test\NORMAL\normal_01031.png,G:\Ai-CDD\data\raw\dataset\train\NORMAL\normal_03592.png
perceptual_duplicate,G:\Ai-CDD\data\raw\dataset\train\NORMAL\normal_04609.png,G:\Ai-CDD\data\raw\dataset\train\NORMAL\normal_03593.png
perceptual_duplicate,G:\Ai-CDD\data\raw\dataset\test\NORMAL\normal_01032.png,G:\Ai-CDD\data\raw\dataset\train\NORMAL\normal_03594.png
perceptual_duplicate,G:\Ai-CDD\data\raw\dataset\test\NORMAL\normal_01033.png,G:\Ai-CDD\data\raw\dataset\train\NORMAL\normal_03595.png
perceptual_duplicate,G:\Ai-CDD\data\raw\dataset\train\NORMAL\normal_04610.png,G:\Ai-CDD\data\raw\dataset\train\NORMAL\normal_03596.png
perceptual_duplicate,G:\Ai-CDD\data\raw\dataset\train\NORMAL\normal_04611.png,G:\Ai-CDD\data\raw\dataset\train\NORMAL\normal_03597.png
perceptual_duplicate,G:\Ai-CDD\data\raw\dataset\train\NORMAL\normal_04612.png,G:\Ai-CDD\data\raw\dataset\train\NORMAL\normal_03598.png
perceptual_duplicate,G:\Ai-CDD\data\raw\dataset\train\NORMAL\normal_04613.png,G:\Ai-CDD\data\raw\dataset\train\NORMAL\normal_03599.png
perceptual_duplicate,G:\Ai-CDD\data\raw\dataset\train\NORMAL\normal_04614.png,G:\Ai-CDD\data\raw\dataset\train\NORMAL\normal_03600.png
perceptual_duplicate,G:\Ai-CDD\data\raw\dataset\test\NORMAL\normal_01034.png,G:\Ai-CDD\data\raw\dataset\train\NORMAL\normal_03601.png
perceptual_duplicate,G:\Ai-CDD\data\raw\dataset\train\NORMAL\normal_04615.png,G:\Ai-CDD\data\raw\dataset\train\NORMAL\normal_03602.png
perceptual_duplicate,G:\Ai-CDD\data\raw\dataset\test\NORMAL\normal_01035.png,G:\Ai-CDD\data\raw\dataset\train\NORMAL\normal_03603.png
perceptual_duplicate,G:\Ai-CDD\data\raw\dataset\train\NORMAL\normal_04154.png,G:\Ai-CDD\data\raw\dataset\train\NORMAL\normal_03604.png
perceptual_duplicate,G:\Ai-CDD\data\raw\dataset\train\NORMAL\normal_04538.png,G:\Ai-CDD\data\raw\dataset\train\NORMAL\normal_03604.png
perceptual_duplicate,G:\Ai-CDD\data\raw\dataset\train\NORMAL\normal_04616.png,G:\Ai-CDD\data\raw\dataset\train\NORMAL\normal_03604.png
perceptual_duplicate,G:\Ai-CDD\data\raw\dataset\train\NORMAL\normal_04617.png,G:\Ai-CDD\data\raw\dataset\train\NORMAL\normal_03605.png
perceptual_duplicate,G:\Ai-CDD\data\raw\dataset\train\NORMAL\normal_04618.png,G:\Ai-CDD\data\raw\dataset\train\NORMAL\normal_03606.png
perceptual_duplicate,G:\Ai-CDD\data\raw\dataset\train\NORMAL\normal_04619.png,G:\Ai-CDD\data\raw\dataset\train\NORMAL\normal_03607.png
perceptual_duplicate,G:\Ai-CDD\data\raw\dataset\train\NORMAL\normal_04620.png,G:\Ai-CDD\data\raw\dataset\train\NORMAL\normal_03608.png
perceptual_duplicate,G:\Ai-CDD\data\raw\dataset\train\NORMAL\normal_04621.png,G:\Ai-CDD\data\raw\dataset\train\NORMAL\normal_03609.png
perceptual_duplicate,G:\Ai-CDD\data\raw\dataset\test\NORMAL\normal_01036.png,G:\Ai-CDD\data\raw\dataset\train\NORMAL\normal_03610.png
perceptual_duplicate,G:\Ai-CDD\data\raw\dataset\train\NORMAL\normal_04622.png,G:\Ai-CDD\data\raw\dataset\train\NORMAL\normal_03611.png
perceptual_duplicate,G:\Ai-CDD\data\raw\dataset\train\NORMAL\normal_04623.png,G:\Ai-CDD\data\raw\dataset\train\NORMAL\normal_03612.png
perceptual_duplicate,G:\Ai-CDD\data\raw\dataset\test\NORMAL\normal_01037.png,G:\Ai-CDD\data\raw\dataset\train\NORMAL\normal_03613.png
perceptual_duplicate,G:\Ai-CDD\data\raw\dataset\val\NORMAL\normal_00803.png,G:\Ai-CDD\data\raw\dataset\train\NORMAL\normal_03614.png
perceptual_duplicate,G:\Ai-CDD\data\raw\dataset\val\NORMAL\normal_00804.png,G:\Ai-CDD\data\raw\dataset\train\NORMAL\normal_03615.png
perceptual_duplicate,G:\Ai-CDD\data\raw\dataset\train\NORMAL\normal_04196.png,G:\Ai-CDD\data\raw\dataset\train\NORMAL\normal_03616.png
perceptual_duplicate,G:\Ai-CDD\data\raw\dataset\train\NORMAL\normal_04521.png,G:\Ai-CDD\data\raw\dataset\train\NORMAL\normal_03616.png
perceptual_duplicate,G:\Ai-CDD\data\raw\dataset\val\NORMAL\normal_00805.png,G:\Ai-CDD\data\raw\dataset\train\NORMAL\normal_03616.png
perceptual_duplicate,G:\Ai-CDD\data\raw\dataset\val\NORMAL\normal_00806.png,G:\Ai-CDD\data\raw\dataset\train\NORMAL\normal_03617.png
perceptual_duplicate,G:\Ai-CDD\data\raw\dataset\train\NORMAL\normal_03925.png,G:\Ai-CDD\data\raw\dataset\train\NORMAL\normal_03618.png
perceptual_duplicate,G:\Ai-CDD\data\raw\dataset\test\NORMAL\normal_01038.png,G:\Ai-CDD\data\raw\dataset\train\NORMAL\normal_03618.png
perceptual_duplicate,G:\Ai-CDD\data\raw\dataset\val\NORMAL\normal_00807.png,G:\Ai-CDD\data\raw\dataset\train\NORMAL\normal_03619.png
perceptual_duplicate,G:\Ai-CDD\data\raw\dataset\train\NORMAL\normal_04624.png,G:\Ai-CDD\data\raw\dataset\train\NORMAL\normal_03620.png
perceptual_duplicate,G:\Ai-CDD\data\raw\dataset\test\NORMAL\normal_01039.png,G:\Ai-CDD\data\raw\dataset\train\NORMAL\normal_03621.png
perceptual_duplicate,G:\Ai-CDD\data\raw\dataset\train\NORMAL\normal_04625.png,G:\Ai-CDD\data\raw\dataset\train\NORMAL\normal_03622.png
perceptual_duplicate,G:\Ai-CDD\data\raw\dataset\train\NORMAL\normal_04626.png,G:\Ai-CDD\data\raw\dataset\train\NORMAL\normal_03623.png
perceptual_duplicate,G:\Ai-CDD\data\raw\dataset\val\NORMAL\normal_00808.png,G:\Ai-CDD\data\raw\dataset\train\NORMAL\normal_03624.png
perceptual_duplicate,G:\Ai-CDD\data\raw\dataset\test\NORMAL\normal_01040.png,G:\Ai-CDD\data\raw\dataset\train\NORMAL\normal_03625.png
perceptual_duplicate,G:\Ai-CDD\data\raw\dataset\test\NORMAL\normal_01041.png,G:\Ai-CDD\data\raw\dataset\train\NORMAL\normal_03626.png
perceptual_duplicate,G:\Ai-CDD\data\raw\dataset\train\NORMAL\normal_04627.png,G:\Ai-CDD\data\raw\dataset\train\NORMAL\normal_03627.png
perceptual_duplicate,G:\Ai-CDD\data\raw\dataset\train\NORMAL\normal_04073.png,G:\Ai-CDD\data\raw\dataset\train\NORMAL\normal_03628.png
perceptual_duplicate,G:\Ai-CDD\data\raw\dataset\train\NORMAL\normal_04103.png,G:\Ai-CDD\data\raw\dataset\train\NORMAL\normal_03628.png
perceptual_duplicate,G:\Ai-CDD\data\raw\dataset\train\NORMAL\normal_04210.png,G:\Ai-CDD\data\raw\dataset\train\NORMAL\normal_03628.png
perceptual_duplicate,G:\Ai-CDD\data\raw\dataset\test\NORMAL\normal_00976.png,G:\Ai-CDD\data\raw\dataset\train\NORMAL\normal_03628.png
perceptual_duplicate,G:\Ai-CDD\data\raw\dataset\test\NORMAL\normal_01042.png,G:\Ai-CDD\data\raw\dataset\train\NORMAL\normal_03628.png
perceptual_duplicate,G:\Ai-CDD\data\raw\dataset\train\NORMAL\normal_04463.png,G:\Ai-CDD\data\raw\dataset\train\NORMAL\normal_03629.png
perceptual_duplicate,G:\Ai-CDD\data\raw\dataset\test\NORMAL\normal_01043.png,G:\Ai-CDD\data\raw\dataset\train\NORMAL\normal_03629.png
perceptual_duplicate,G:\Ai-CDD\data\raw\dataset\val\NORMAL\normal_00809.png,G:\Ai-CDD\data\raw\dataset\train\NORMAL\normal_03630.png
perceptual_duplicate,G:\Ai-CDD\data\raw\dataset\test\NORMAL\normal_00767.png,G:\Ai-CDD\data\raw\dataset\train\NORMAL\normal_03631.png
perceptual_duplicate,G:\Ai-CDD\data\raw\dataset\train\NORMAL\normal_04628.png,G:\Ai-CDD\data\raw\dataset\train\NORMAL\normal_03632.png
perceptual_duplicate,G:\Ai-CDD\data\raw\dataset\train\NORMAL\normal_04629.png,G:\Ai-CDD\data\raw\dataset\train\NORMAL\normal_03633.png
perceptual_duplicate,G:\Ai-CDD\data\raw\dataset\train\NORMAL\normal_04630.png,G:\Ai-CDD\data\raw\dataset\train\NORMAL\normal_03634.png
perceptual_duplicate,G:\Ai-CDD\data\raw\dataset\train\NORMAL\normal_04631.png,G:\Ai-CDD\data\raw\dataset\train\NORMAL\normal_03635.png
perceptual_duplicate,G:\Ai-CDD\data\raw\dataset\train\NORMAL\normal_04632.png,G:\Ai-CDD\data\raw\dataset\train\NORMAL\normal_03636.png
perceptual_duplicate,G:\Ai-CDD\data\raw\dataset\test\NORMAL\normal_01044.png,G:\Ai-CDD\data\raw\dataset\train\NORMAL\normal_03637.png
perceptual_duplicate,G:\Ai-CDD\data\raw\dataset\train\NORMAL\normal_04584.png,G:\Ai-CDD\data\raw\dataset\train\NORMAL\normal_03638.png
perceptual_duplicate,G:\Ai-CDD\data\raw\dataset\train\NORMAL\normal_04633.png,G:\Ai-CDD\data\raw\dataset\train\NORMAL\normal_03638.png
perceptual_duplicate,G:\Ai-CDD\data\raw\dataset\train\NORMAL\normal_04634.png,G:\Ai-CDD\data\raw\dataset\train\NORMAL\normal_03639.png
perceptual_duplicate,G:\Ai-CDD\data\raw\dataset\train\NORMAL\normal_04635.png,G:\Ai-CDD\data\raw\dataset\train\NORMAL\normal_03640.png
perceptual_duplicate,G:\Ai-CDD\data\raw\dataset\train\NORMAL\normal_04045.png,G:\Ai-CDD\data\raw\dataset\train\NORMAL\normal_03641.png
perceptual_duplicate,G:\Ai-CDD\data\raw\dataset\train\NORMAL\normal_04636.png,G:\Ai-CDD\data\raw\dataset\train\NORMAL\normal_03641.png
perceptual_duplicate,G:\Ai-CDD\data\raw\dataset\train\NORMAL\normal_04637.png,G:\Ai-CDD\data\raw\dataset\train\NORMAL\normal_03642.png
perceptual_duplicate,G:\Ai-CDD\data\raw\dataset\val\NORMAL\normal_00810.png,G:\Ai-CDD\data\raw\dataset\train\NORMAL\normal_03643.png
perceptual_duplicate,G:\Ai-CDD\data\raw\dataset\train\NORMAL\normal_04638.png,G:\Ai-CDD\data\raw\dataset\train\NORMAL\normal_03644.png
perceptual_duplicate,G:\Ai-CDD\data\raw\dataset\train\NORMAL\normal_04639.png,G:\Ai-CDD\data\raw\dataset\train\NORMAL\normal_03645.png
perceptual_duplicate,G:\Ai-CDD\data\raw\dataset\val\NORMAL\normal_00811.png,G:\Ai-CDD\data\raw\dataset\train\NORMAL\normal_03646.png
perceptual_duplicate,G:\Ai-CDD\data\raw\dataset\train\NORMAL\normal_04593.png,G:\Ai-CDD\data\raw\dataset\train\NORMAL\normal_03647.png
perceptual_duplicate,G:\Ai-CDD\data\raw\dataset\val\NORMAL\normal_00812.png,G:\Ai-CDD\data\raw\dataset\train\NORMAL\normal_03648.png
perceptual_duplicate,G:\Ai-CDD\data\raw\dataset\test\NORMAL\normal_01045.png,G:\Ai-CDD\data\raw\dataset\train\NORMAL\normal_03649.png
perceptual_duplicate,G:\Ai-CDD\data\raw\dataset\val\NORMAL\normal_00813.png,G:\Ai-CDD\data\raw\dataset\train\NORMAL\normal_03650.png
perceptual_duplicate,G:\Ai-CDD\data\raw\dataset\test\NORMAL\normal_01046.png,G:\Ai-CDD\data\raw\dataset\train\NORMAL\normal_03651.png
perceptual_duplicate,G:\Ai-CDD\data\raw\dataset\test\NORMAL\normal_01047.png,G:\Ai-CDD\data\raw\dataset\train\NORMAL\normal_03652.png
perceptual_duplicate,G:\Ai-CDD\data\raw\dataset\train\NORMAL\normal_04640.png,G:\Ai-CDD\data\raw\dataset\train\NORMAL\normal_03653.png
perceptual_duplicate,G:\Ai-CDD\data\raw\dataset\train\NORMAL\normal_04641.png,G:\Ai-CDD\data\raw\dataset\train\NORMAL\normal_03654.png
perceptual_duplicate,G:\Ai-CDD\data\raw\dataset\train\NORMAL\normal_04642.png,G:\Ai-CDD\data\raw\dataset\train\NORMAL\normal_03655.png
perceptual_duplicate,G:\Ai-CDD\data\raw\dataset\train\NORMAL\normal_04643.png,G:\Ai-CDD\data\raw\dataset\train\NORMAL\normal_03656.png
perceptual_duplicate,G:\Ai-CDD\data\raw\dataset\val\NORMAL\normal_00702.png,G:\Ai-CDD\data\raw\dataset\train\NORMAL\normal_03656.png
perceptual_duplicate,G:\Ai-CDD\data\raw\dataset\train\NORMAL\normal_04644.png,G:\Ai-CDD\data\raw\dataset\train\NORMAL\normal_03657.png
perceptual_duplicate,G:\Ai-CDD\data\raw\dataset\test\NORMAL\normal_01048.png,G:\Ai-CDD\data\raw\dataset\train\NORMAL\normal_03658.png
perceptual_duplicate,G:\Ai-CDD\data\raw\dataset\val\NORMAL\normal_00814.png,G:\Ai-CDD\data\raw\dataset\train\NORMAL\normal_03659.png
perceptual_duplicate,G:\Ai-CDD\data\raw\dataset\train\NORMAL\normal_03992.png,G:\Ai-CDD\data\raw\dataset\train\NORMAL\normal_03660.png
perceptual_duplicate,G:\Ai-CDD\data\raw\dataset\train\NORMAL\normal_04645.png,G:\Ai-CDD\data\raw\dataset\train\NORMAL\normal_03660.png
perceptual_duplicate,G:\Ai-CDD\data\raw\dataset\val\NORMAL\normal_00815.png,G:\Ai-CDD\data\raw\dataset\train\NORMAL\normal_03661.png
perceptual_duplicate,G:\Ai-CDD\data\raw\dataset\train\NORMAL\normal_04646.png,G:\Ai-CDD\data\raw\dataset\train\NORMAL\normal_03662.png
perceptual_duplicate,G:\Ai-CDD\data\raw\dataset\train\NORMAL\normal_04647.png,G:\Ai-CDD\data\raw\dataset\train\NORMAL\normal_03663.png
perceptual_duplicate,G:\Ai-CDD\data\raw\dataset\test\NORMAL\normal_01049.png,G:\Ai-CDD\data\raw\dataset\train\NORMAL\normal_03664.png
perceptual_duplicate,G:\Ai-CDD\data\raw\dataset\val\NORMAL\normal_00706.png,G:\Ai-CDD\data\raw\dataset\train\NORMAL\normal_03664.png
perceptual_duplicate,G:\Ai-CDD\data\raw\dataset\train\NORMAL\normal_03842.png,G:\Ai-CDD\data\raw\dataset\train\NORMAL\normal_03665.png
perceptual_duplicate,G:\Ai-CDD\data\raw\dataset\train\NORMAL\normal_04326.png,G:\Ai-CDD\data\raw\dataset\train\NORMAL\normal_03665.png
perceptual_duplicate,G:\Ai-CDD\data\raw\dataset\train\NORMAL\normal_04329.png,G:\Ai-CDD\data\raw\dataset\train\NORMAL\normal_03665.png
perceptual_duplicate,G:\Ai-CDD\data\raw\dataset\test\NORMAL\normal_00565.png,G:\Ai-CDD\data\raw\dataset\train\NORMAL\normal_03665.png
perceptual_duplicate,G:\Ai-CDD\data\raw\dataset\test\NORMAL\normal_01050.png,G:\Ai-CDD\data\raw\dataset\train\NORMAL\normal_03665.png
perceptual_duplicate,G:\Ai-CDD\data\raw\dataset\train\NORMAL\normal_04648.png,G:\Ai-CDD\data\raw\dataset\train\NORMAL\normal_03666.png
perceptual_duplicate,G:\Ai-CDD\data\raw\dataset\val\NORMAL\normal_00816.png,G:\Ai-CDD\data\raw\dataset\train\NORMAL\normal_03667.png
perceptual_duplicate,G:\Ai-CDD\data\raw\dataset\test\NORMAL\normal_01051.png,G:\Ai-CDD\data\raw\dataset\train\NORMAL\normal_03668.png
perceptual_duplicate,G:\Ai-CDD\data\raw\dataset\train\NORMAL\normal_04649.png,G:\Ai-CDD\data\raw\dataset\train\NORMAL\normal_03669.png
perceptual_duplicate,G:\Ai-CDD\data\raw\dataset\val\NORMAL\normal_00817.png,G:\Ai-CDD\data\raw\dataset\train\NORMAL\normal_03670.png
perceptual_duplicate,G:\Ai-CDD\data\raw\dataset\train\NORMAL\normal_04650.png,G:\Ai-CDD\data\raw\dataset\train\NORMAL\normal_03671.png
perceptual_duplicate,G:\Ai-CDD\data\raw\dataset\train\NORMAL\normal_04651.png,G:\Ai-CDD\data\raw\dataset\train\NORMAL\normal_03672.png
perceptual_duplicate,G:\Ai-CDD\data\raw\dataset\val\NORMAL\normal_00818.png,G:\Ai-CDD\data\raw\dataset\train\NORMAL\normal_03673.png
perceptual_duplicate,G:\Ai-CDD\data\raw\dataset\train\NORMAL\normal_04652.png,G:\Ai-CDD\data\raw\dataset\train\NORMAL\normal_03674.png
perceptual_duplicate,G:\Ai-CDD\data\raw\dataset\train\NORMAL\normal_04653.png,G:\Ai-CDD\data\raw\dataset\train\NORMAL\normal_03675.png
perceptual_duplicate,G:\Ai-CDD\data\raw\dataset\train\NORMAL\normal_04654.png,G:\Ai-CDD\data\raw\dataset\train\NORMAL\normal_03676.png
perceptual_duplicate,G:\Ai-CDD\data\raw\dataset\val\NORMAL\normal_00819.png,G:\Ai-CDD\data\raw\dataset\train\NORMAL\normal_03677.png
perceptual_duplicate,G:\Ai-CDD\data\raw\dataset\test\NORMAL\normal_01052.png,G:\Ai-CDD\data\raw\dataset\train\NORMAL\normal_03678.png
perceptual_duplicate,G:\Ai-CDD\data\raw\dataset\val\NORMAL\normal_00790.png,G:\Ai-CDD\data\raw\dataset\train\NORMAL\normal_03679.png
perceptual_duplicate,G:\Ai-CDD\data\raw\dataset\val\NORMAL\normal_00820.png,G:\Ai-CDD\data\raw\dataset\train\NORMAL\normal_03679.png
perceptual_duplicate,G:\Ai-CDD\data\raw\dataset\train\NORMAL\normal_04655.png,G:\Ai-CDD\data\raw\dataset\train\NORMAL\normal_03680.png
perceptual_duplicate,G:\Ai-CDD\data\raw\dataset\train\NORMAL\normal_04656.png,G:\Ai-CDD\data\raw\dataset\train\NORMAL\normal_03681.png
perceptual_duplicate,G:\Ai-CDD\data\raw\dataset\train\NORMAL\normal_04657.png,G:\Ai-CDD\data\raw\dataset\train\NORMAL\normal_03682.png
perceptual_duplicate,G:\Ai-CDD\data\raw\dataset\train\NORMAL\normal_04658.png,G:\Ai-CDD\data\raw\dataset\train\NORMAL\normal_03683.png
perceptual_duplicate,G:\Ai-CDD\data\raw\dataset\train\NORMAL\normal_04659.png,G:\Ai-CDD\data\raw\dataset\train\NORMAL\normal_03684.png
perceptual_duplicate,G:\Ai-CDD\data\raw\dataset\train\NORMAL\normal_04660.png,G:\Ai-CDD\data\raw\dataset\train\NORMAL\normal_03685.png
perceptual_duplicate,G:\Ai-CDD\data\raw\dataset\train\NORMAL\normal_03697.png,G:\Ai-CDD\data\raw\dataset\train\NORMAL\normal_03686.png
perceptual_duplicate,G:\Ai-CDD\data\raw\dataset\train\NORMAL\normal_04661.png,G:\Ai-CDD\data\raw\dataset\train\NORMAL\normal_03686.png
perceptual_duplicate,G:\Ai-CDD\data\raw\dataset\train\NORMAL\normal_04666.png,G:\Ai-CDD\data\raw\dataset\train\NORMAL\normal_03686.png
perceptual_duplicate,G:\Ai-CDD\data\raw\dataset\train\NORMAL\normal_03732.png,G:\Ai-CDD\data\raw\dataset\train\NORMAL\normal_03687.png
perceptual_duplicate,G:\Ai-CDD\data\raw\dataset\train\NORMAL\normal_04686.png,G:\Ai-CDD\data\raw\dataset\train\NORMAL\normal_03687.png
perceptual_duplicate,G:\Ai-CDD\data\raw\dataset\test\NORMAL\normal_01053.png,G:\Ai-CDD\data\raw\dataset\train\NORMAL\normal_03687.png
perceptual_duplicate,G:\Ai-CDD\data\raw\dataset\test\NORMAL\normal_01054.png,G:\Ai-CDD\data\raw\dataset\train\NORMAL\normal_03688.png
perceptual_duplicate,G:\Ai-CDD\data\raw\dataset\train\NORMAL\normal_04192.png,G:\Ai-CDD\data\raw\dataset\train\NORMAL\normal_03689.png
perceptual_duplicate,G:\Ai-CDD\data\raw\dataset\train\NORMAL\normal_04662.png,G:\Ai-CDD\data\raw\dataset\train\NORMAL\normal_03689.png
perceptual_duplicate,G:\Ai-CDD\data\raw\dataset\test\NORMAL\normal_00991.png,G:\Ai-CDD\data\raw\dataset\train\NORMAL\normal_03689.png
perceptual_duplicate,G:\Ai-CDD\data\raw\dataset\val\NORMAL\normal_00727.png,G:\Ai-CDD\data\raw\dataset\train\NORMAL\normal_03689.png
perceptual_duplicate,G:\Ai-CDD\data\raw\dataset\train\NORMAL\normal_04154.png,G:\Ai-CDD\data\raw\dataset\train\NORMAL\normal_03690.png
perceptual_duplicate,G:\Ai-CDD\data\raw\dataset\test\NORMAL\normal_00961.png,G:\Ai-CDD\data\raw\dataset\train\NORMAL\normal_03690.png
perceptual_duplicate,G:\Ai-CDD\data\raw\dataset\test\NORMAL\normal_01055.png,G:\Ai-CDD\data\raw\dataset\train\NORMAL\normal_03690.png
perceptual_duplicate,G:\Ai-CDD\data\raw\dataset\train\NORMAL\normal_04663.png,G:\Ai-CDD\data\raw\dataset\train\NORMAL\normal_03691.png
perceptual_duplicate,G:\Ai-CDD\data\raw\dataset\test\NORMAL\normal_01056.png,G:\Ai-CDD\data\raw\dataset\train\NORMAL\normal_03692.png
perceptual_duplicate,G:\Ai-CDD\data\raw\dataset\test\NORMAL\normal_01057.png,G:\Ai-CDD\data\raw\dataset\train\NORMAL\normal_03693.png
perceptual_duplicate,G:\Ai-CDD\data\raw\dataset\train\NORMAL\normal_04664.png,G:\Ai-CDD\data\raw\dataset\train\NORMAL\normal_03694.png
perceptual_duplicate,G:\Ai-CDD\data\raw\dataset\train\NORMAL\normal_04665.png,G:\Ai-CDD\data\raw\dataset\train\NORMAL\normal_03695.png
perceptual_duplicate,G:\Ai-CDD\data\raw\dataset\train\NORMAL\normal_04103.png,G:\Ai-CDD\data\raw\dataset\train\NORMAL\normal_03696.png
perceptual_duplicate,G:\Ai-CDD\data\raw\dataset\test\NORMAL\normal_01058.png,G:\Ai-CDD\data\raw\dataset\train\NORMAL\normal_03696.png
perceptual_duplicate,G:\Ai-CDD\data\raw\dataset\train\NORMAL\normal_04661.png,G:\Ai-CDD\data\raw\dataset\train\NORMAL\normal_03697.png
perceptual_duplicate,G:\Ai-CDD\data\raw\dataset\train\NORMAL\normal_04666.png,G:\Ai-CDD\data\raw\dataset\train\NORMAL\normal_03697.png
perceptual_duplicate,G:\Ai-CDD\data\raw\dataset\val\NORMAL\normal_00821.png,G:\Ai-CDD\data\raw\dataset\train\NORMAL\normal_03698.png
perceptual_duplicate,G:\Ai-CDD\data\raw\dataset\train\NORMAL\normal_04667.png,G:\Ai-CDD\data\raw\dataset\train\NORMAL\normal_03699.png
perceptual_duplicate,G:\Ai-CDD\data\raw\dataset\train\NORMAL\normal_04550.png,G:\Ai-CDD\data\raw\dataset\train\NORMAL\normal_03700.png
perceptual_duplicate,G:\Ai-CDD\data\raw\dataset\val\NORMAL\normal_00822.png,G:\Ai-CDD\data\raw\dataset\train\NORMAL\normal_03700.png
perceptual_duplicate,G:\Ai-CDD\data\raw\dataset\train\NORMAL\normal_04668.png,G:\Ai-CDD\data\raw\dataset\train\NORMAL\normal_03701.png
perceptual_duplicate,G:\Ai-CDD\data\raw\dataset\val\NORMAL\normal_00823.png,G:\Ai-CDD\data\raw\dataset\train\NORMAL\normal_03702.png
perceptual_duplicate,G:\Ai-CDD\data\raw\dataset\val\NORMAL\normal_00824.png,G:\Ai-CDD\data\raw\dataset\train\NORMAL\normal_03703.png
perceptual_duplicate,G:\Ai-CDD\data\raw\dataset\train\NORMAL\normal_04669.png,G:\Ai-CDD\data\raw\dataset\train\NORMAL\normal_03704.png
perceptual_duplicate,G:\Ai-CDD\data\raw\dataset\test\NORMAL\normal_01059.png,G:\Ai-CDD\data\raw\dataset\train\NORMAL\normal_03705.png
perceptual_duplicate,G:\Ai-CDD\data\raw\dataset\test\NORMAL\normal_01060.png,G:\Ai-CDD\data\raw\dataset\train\NORMAL\normal_03706.png
perceptual_duplicate,G:\Ai-CDD\data\raw\dataset\train\NORMAL\normal_04330.png,G:\Ai-CDD\data\raw\dataset\train\NORMAL\normal_03707.png
perceptual_duplicate,G:\Ai-CDD\data\raw\dataset\test\NORMAL\normal_01061.png,G:\Ai-CDD\data\raw\dataset\train\NORMAL\normal_03707.png
perceptual_duplicate,G:\Ai-CDD\data\raw\dataset\val\NORMAL\normal_00825.png,G:\Ai-CDD\data\raw\dataset\train\NORMAL\normal_03708.png
perceptual_duplicate,G:\Ai-CDD\data\raw\dataset\train\NORMAL\normal_04670.png,G:\Ai-CDD\data\raw\dataset\train\NORMAL\normal_03709.png
perceptual_duplicate,G:\Ai-CDD\data\raw\dataset\train\NORMAL\normal_04671.png,G:\Ai-CDD\data\raw\dataset\train\NORMAL\normal_03710.png
perceptual_duplicate,G:\Ai-CDD\data\raw\dataset\train\NORMAL\normal_04672.png,G:\Ai-CDD\data\raw\dataset\train\NORMAL\normal_03711.png
perceptual_duplicate,G:\Ai-CDD\data\raw\dataset\train\NORMAL\normal_04673.png,G:\Ai-CDD\data\raw\dataset\train\NORMAL\normal_03712.png
perceptual_duplicate,G:\Ai-CDD\data\raw\dataset\val\NORMAL\normal_00826.png,G:\Ai-CDD\data\raw\dataset\train\NORMAL\normal_03713.png
perceptual_duplicate,G:\Ai-CDD\data\raw\dataset\train\NORMAL\normal_04674.png,G:\Ai-CDD\data\raw\dataset\train\NORMAL\normal_03714.png
perceptual_duplicate,G:\Ai-CDD\data\raw\dataset\test\NORMAL\normal_01062.png,G:\Ai-CDD\data\raw\dataset\train\NORMAL\normal_03715.png
perceptual_duplicate,G:\Ai-CDD\data\raw\dataset\train\NORMAL\normal_04675.png,G:\Ai-CDD\data\raw\dataset\train\NORMAL\normal_03716.png
perceptual_duplicate,G:\Ai-CDD\data\raw\dataset\train\NORMAL\normal_04676.png,G:\Ai-CDD\data\raw\dataset\train\NORMAL\normal_03717.png
perceptual_duplicate,G:\Ai-CDD\data\raw\dataset\val\NORMAL\normal_00827.png,G:\Ai-CDD\data\raw\dataset\train\NORMAL\normal_03718.png
perceptual_duplicate,G:\Ai-CDD\data\raw\dataset\train\NORMAL\normal_04677.png,G:\Ai-CDD\data\raw\dataset\train\NORMAL\normal_03719.png
perceptual_duplicate,G:\Ai-CDD\data\raw\dataset\train\NORMAL\normal_04678.png,G:\Ai-CDD\data\raw\dataset\train\NORMAL\normal_03720.png
perceptual_duplicate,G:\Ai-CDD\data\raw\dataset\val\NORMAL\normal_00828.png,G:\Ai-CDD\data\raw\dataset\train\NORMAL\normal_03721.png
perceptual_duplicate,G:\Ai-CDD\data\raw\dataset\train\NORMAL\normal_04130.png,G:\Ai-CDD\data\raw\dataset\train\NORMAL\normal_03722.png
perceptual_duplicate,G:\Ai-CDD\data\raw\dataset\train\NORMAL\normal_04522.png,G:\Ai-CDD\data\raw\dataset\train\NORMAL\normal_03722.png
perceptual_duplicate,G:\Ai-CDD\data\raw\dataset\train\NORMAL\normal_04679.png,G:\Ai-CDD\data\raw\dataset\train\NORMAL\normal_03722.png
perceptual_duplicate,G:\Ai-CDD\data\raw\dataset\train\NORMAL\normal_04680.png,G:\Ai-CDD\data\raw\dataset\train\NORMAL\normal_03723.png
perceptual_duplicate,G:\Ai-CDD\data\raw\dataset\test\NORMAL\normal_01063.png,G:\Ai-CDD\data\raw\dataset\train\NORMAL\normal_03724.png
perceptual_duplicate,G:\Ai-CDD\data\raw\dataset\train\NORMAL\normal_04056.png,G:\Ai-CDD\data\raw\dataset\train\NORMAL\normal_03725.png
perceptual_duplicate,G:\Ai-CDD\data\raw\dataset\train\NORMAL\normal_04681.png,G:\Ai-CDD\data\raw\dataset\train\NORMAL\normal_03725.png
perceptual_duplicate,G:\Ai-CDD\data\raw\dataset\train\NORMAL\normal_04682.png,G:\Ai-CDD\data\raw\dataset\train\NORMAL\normal_03726.png
perceptual_duplicate,G:\Ai-CDD\data\raw\dataset\train\NORMAL\normal_04683.png,G:\Ai-CDD\data\raw\dataset\train\NORMAL\normal_03727.png
perceptual_duplicate,G:\Ai-CDD\data\raw\dataset\train\NORMAL\normal_04684.png,G:\Ai-CDD\data\raw\dataset\train\NORMAL\normal_03728.png
perceptual_duplicate,G:\Ai-CDD\data\raw\dataset\test\NORMAL\normal_01064.png,G:\Ai-CDD\data\raw\dataset\train\NORMAL\normal_03729.png
perceptual_duplicate,G:\Ai-CDD\data\raw\dataset\train\NORMAL\normal_04685.png,G:\Ai-CDD\data\raw\dataset\train\NORMAL\normal_03730.png
perceptual_duplicate,G:\Ai-CDD\data\raw\dataset\val\NORMAL\normal_00829.png,G:\Ai-CDD\data\raw\dataset\train\NORMAL\normal_03731.png
perceptual_duplicate,G:\Ai-CDD\data\raw\dataset\train\NORMAL\normal_04686.png,G:\Ai-CDD\data\raw\dataset\train\NORMAL\normal_03732.png
perceptual_duplicate,G:\Ai-CDD\data\raw\dataset\test\NORMAL\normal_01053.png,G:\Ai-CDD\data\raw\dataset\train\NORMAL\normal_03732.png
perceptual_duplicate,G:\Ai-CDD\data\raw\dataset\train\NORMAL\normal_04687.png,G:\Ai-CDD\data\raw\dataset\train\NORMAL\normal_03733.png
perceptual_duplicate,G:\Ai-CDD\data\raw\dataset\val\NORMAL\normal_00830.png,G:\Ai-CDD\data\raw\dataset\train\NORMAL\normal_03734.png
perceptual_duplicate,G:\Ai-CDD\data\raw\dataset\train\NORMAL\normal_04350.png,G:\Ai-CDD\data\raw\dataset\train\NORMAL\normal_03735.png
perceptual_duplicate,G:\Ai-CDD\data\raw\dataset\test\NORMAL\normal_01065.png,G:\Ai-CDD\data\raw\dataset\train\NORMAL\normal_03735.png
perceptual_duplicate,G:\Ai-CDD\data\raw\dataset\train\NORMAL\normal_04688.png,G:\Ai-CDD\data\raw\dataset\train\NORMAL\normal_03736.png
perceptual_duplicate,G:\Ai-CDD\data\raw\dataset\train\NORMAL\normal_04689.png,G:\Ai-CDD\data\raw\dataset\train\NORMAL\normal_03737.png
perceptual_duplicate,G:\Ai-CDD\data\raw\dataset\test\NORMAL\normal_01066.png,G:\Ai-CDD\data\raw\dataset\train\NORMAL\normal_03738.png
perceptual_duplicate,G:\Ai-CDD\data\raw\dataset\val\NORMAL\normal_00831.png,G:\Ai-CDD\data\raw\dataset\train\NORMAL\normal_03739.png
perceptual_duplicate,G:\Ai-CDD\data\raw\dataset\train\NORMAL\normal_04016.png,G:\Ai-CDD\data\raw\dataset\train\NORMAL\normal_03740.png
perceptual_duplicate,G:\Ai-CDD\data\raw\dataset\val\NORMAL\normal_00832.png,G:\Ai-CDD\data\raw\dataset\train\NORMAL\normal_03740.png
perceptual_duplicate,G:\Ai-CDD\data\raw\dataset\test\NORMAL\normal_01067.png,G:\Ai-CDD\data\raw\dataset\train\NORMAL\normal_03741.png
perceptual_duplicate,G:\Ai-CDD\data\raw\dataset\test\NORMAL\normal_01068.png,G:\Ai-CDD\data\raw\dataset\train\NORMAL\normal_03742.png
perceptual_duplicate,G:\Ai-CDD\data\raw\dataset\train\NORMAL\normal_04690.png,G:\Ai-CDD\data\raw\dataset\train\NORMAL\normal_03743.png
perceptual_duplicate,G:\Ai-CDD\data\raw\dataset\train\NORMAL\normal_04691.png,G:\Ai-CDD\data\raw\dataset\train\NORMAL\normal_03744.png
perceptual_duplicate,G:\Ai-CDD\data\raw\dataset\test\NORMAL\normal_01069.png,G:\Ai-CDD\data\raw\dataset\train\NORMAL\normal_03745.png
perceptual_duplicate,G:\Ai-CDD\data\raw\dataset\train\NORMAL\normal_04692.png,G:\Ai-CDD\data\raw\dataset\train\NORMAL\normal_03746.png
perceptual_duplicate,G:\Ai-CDD\data\raw\dataset\test\NORMAL\normal_01070.png,G:\Ai-CDD\data\raw\dataset\train\NORMAL\normal_03747.png
perceptual_duplicate,G:\Ai-CDD\data\raw\dataset\train\NORMAL\normal_04693.png,G:\Ai-CDD\data\raw\dataset\train\NORMAL\normal_03748.png
perceptual_duplicate,G:\Ai-CDD\data\raw\dataset\train\NORMAL\normal_04694.png,G:\Ai-CDD\data\raw\dataset\train\NORMAL\normal_03749.png
perceptual_duplicate,G:\Ai-CDD\data\raw\dataset\val\NORMAL\normal_00833.png,G:\Ai-CDD\data\raw\dataset\train\NORMAL\normal_03750.png
perceptual_duplicate,G:\Ai-CDD\data\raw\dataset\train\NORMAL\normal_04695.png,G:\Ai-CDD\data\raw\dataset\train\NORMAL\normal_03751.png
perceptual_duplicate,G:\Ai-CDD\data\raw\dataset\train\NORMAL\normal_04696.png,G:\Ai-CDD\data\raw\dataset\train\NORMAL\normal_03752.png
perceptual_duplicate,G:\Ai-CDD\data\raw\dataset\train\NORMAL\normal_04697.png,G:\Ai-CDD\data\raw\dataset\train\NORMAL\normal_03753.png
perceptual_duplicate,G:\Ai-CDD\data\raw\dataset\test\NORMAL\normal_01071.png,G:\Ai-CDD\data\raw\dataset\train\NORMAL\normal_03754.png
perceptual_duplicate,G:\Ai-CDD\data\raw\dataset\train\NORMAL\normal_04451.png,G:\Ai-CDD\data\raw\dataset\train\NORMAL\normal_03755.png
perceptual_duplicate,G:\Ai-CDD\data\raw\dataset\train\NORMAL\normal_04563.png,G:\Ai-CDD\data\raw\dataset\train\NORMAL\normal_03755.png
perceptual_duplicate,G:\Ai-CDD\data\raw\dataset\train\NORMAL\normal_04698.png,G:\Ai-CDD\data\raw\dataset\train\NORMAL\normal_03755.png
perceptual_duplicate,G:\Ai-CDD\data\raw\dataset\test\NORMAL\normal_00795.png,G:\Ai-CDD\data\raw\dataset\train\NORMAL\normal_03755.png
perceptual_duplicate,G:\Ai-CDD\data\raw\dataset\test\NORMAL\normal_00806.png,G:\Ai-CDD\data\raw\dataset\train\NORMAL\normal_03755.png
perceptual_duplicate,G:\Ai-CDD\data\raw\dataset\val\NORMAL\normal_00754.png,G:\Ai-CDD\data\raw\dataset\train\NORMAL\normal_03755.png
perceptual_duplicate,G:\Ai-CDD\data\raw\dataset\train\NORMAL\normal_04699.png,G:\Ai-CDD\data\raw\dataset\train\NORMAL\normal_03756.png
perceptual_duplicate,G:\Ai-CDD\data\raw\dataset\train\NORMAL\normal_04700.png,G:\Ai-CDD\data\raw\dataset\train\NORMAL\normal_03757.png
perceptual_duplicate,G:\Ai-CDD\data\raw\dataset\train\NORMAL\normal_04701.png,G:\Ai-CDD\data\raw\dataset\train\NORMAL\normal_03758.png
perceptual_duplicate,G:\Ai-CDD\data\raw\dataset\train\NORMAL\normal_04702.png,G:\Ai-CDD\data\raw\dataset\train\NORMAL\normal_03759.png
perceptual_duplicate,G:\Ai-CDD\data\raw\dataset\train\NORMAL\normal_04703.png,G:\Ai-CDD\data\raw\dataset\train\NORMAL\normal_03760.png
perceptual_duplicate,G:\Ai-CDD\data\raw\dataset\test\NORMAL\normal_01072.png,G:\Ai-CDD\data\raw\dataset\train\NORMAL\normal_03761.png
perceptual_duplicate,G:\Ai-CDD\data\raw\dataset\val\NORMAL\normal_00834.png,G:\Ai-CDD\data\raw\dataset\train\NORMAL\normal_03762.png
perceptual_duplicate,G:\Ai-CDD\data\raw\dataset\train\NORMAL\normal_04704.png,G:\Ai-CDD\data\raw\dataset\train\NORMAL\normal_03763.png
perceptual_duplicate,G:\Ai-CDD\data\raw\dataset\train\NORMAL\normal_04705.png,G:\Ai-CDD\data\raw\dataset\train\NORMAL\normal_03764.png
perceptual_duplicate,G:\Ai-CDD\data\raw\dataset\test\NORMAL\normal_01073.png,G:\Ai-CDD\data\raw\dataset\train\NORMAL\normal_03765.png
perceptual_duplicate,G:\Ai-CDD\data\raw\dataset\train\NORMAL\normal_04706.png,G:\Ai-CDD\data\raw\dataset\train\NORMAL\normal_03766.png
perceptual_duplicate,G:\Ai-CDD\data\raw\dataset\train\NORMAL\normal_04707.png,G:\Ai-CDD\data\raw\dataset\train\NORMAL\normal_03767.png
perceptual_duplicate,G:\Ai-CDD\data\raw\dataset\train\NORMAL\normal_04708.png,G:\Ai-CDD\data\raw\dataset\train\NORMAL\normal_03768.png
perceptual_duplicate,G:\Ai-CDD\data\raw\dataset\train\NORMAL\normal_04709.png,G:\Ai-CDD\data\raw\dataset\train\NORMAL\normal_03769.png
perceptual_duplicate,G:\Ai-CDD\data\raw\dataset\test\NORMAL\normal_00804.png,G:\Ai-CDD\data\raw\dataset\train\NORMAL\normal_03770.png
perceptual_duplicate,G:\Ai-CDD\data\raw\dataset\val\NORMAL\normal_00729.png,G:\Ai-CDD\data\raw\dataset\train\NORMAL\normal_03770.png
perceptual_duplicate,G:\Ai-CDD\data\raw\dataset\val\NORMAL\normal_00835.png,G:\Ai-CDD\data\raw\dataset\train\NORMAL\normal_03770.png
perceptual_duplicate,G:\Ai-CDD\data\raw\dataset\train\NORMAL\normal_04488.png,G:\Ai-CDD\data\raw\dataset\train\NORMAL\normal_03771.png
perceptual_duplicate,G:\Ai-CDD\data\raw\dataset\test\NORMAL\normal_01074.png,G:\Ai-CDD\data\raw\dataset\train\NORMAL\normal_03771.png
perceptual_duplicate,G:\Ai-CDD\data\raw\dataset\val\NORMAL\normal_00836.png,G:\Ai-CDD\data\raw\dataset\train\NORMAL\normal_03772.png
perceptual_duplicate,G:\Ai-CDD\data\raw\dataset\train\NORMAL\normal_03903.png,G:\Ai-CDD\data\raw\dataset\train\NORMAL\normal_03773.png
perceptual_duplicate,G:\Ai-CDD\data\raw\dataset\train\NORMAL\normal_03937.png,G:\Ai-CDD\data\raw\dataset\train\NORMAL\normal_03773.png
perceptual_duplicate,G:\Ai-CDD\data\raw\dataset\train\NORMAL\normal_03977.png,G:\Ai-CDD\data\raw\dataset\train\NORMAL\normal_03773.png
perceptual_duplicate,G:\Ai-CDD\data\raw\dataset\train\NORMAL\normal_04710.png,G:\Ai-CDD\data\raw\dataset\train\NORMAL\normal_03773.png
perceptual_duplicate,G:\Ai-CDD\data\raw\dataset\train\NORMAL\normal_04711.png,G:\Ai-CDD\data\raw\dataset\train\NORMAL\normal_03774.png
perceptual_duplicate,G:\Ai-CDD\data\raw\dataset\train\NORMAL\normal_04712.png,G:\Ai-CDD\data\raw\dataset\train\NORMAL\normal_03775.png
perceptual_duplicate,G:\Ai-CDD\data\raw\dataset\test\NORMAL\normal_01075.png,G:\Ai-CDD\data\raw\dataset\train\NORMAL\normal_03776.png
perceptual_duplicate,G:\Ai-CDD\data\raw\dataset\test\NORMAL\normal_01076.png,G:\Ai-CDD\data\raw\dataset\train\NORMAL\normal_03777.png
perceptual_duplicate,G:\Ai-CDD\data\raw\dataset\train\NORMAL\normal_04713.png,G:\Ai-CDD\data\raw\dataset\train\NORMAL\normal_03778.png
perceptual_duplicate,G:\Ai-CDD\data\raw\dataset\train\NORMAL\normal_04714.png,G:\Ai-CDD\data\raw\dataset\train\NORMAL\normal_03779.png
perceptual_duplicate,G:\Ai-CDD\data\raw\dataset\train\NORMAL\normal_04715.png,G:\Ai-CDD\data\raw\dataset\train\NORMAL\normal_03780.png
perceptual_duplicate,G:\Ai-CDD\data\raw\dataset\train\NORMAL\normal_04716.png,G:\Ai-CDD\data\raw\dataset\train\NORMAL\normal_03781.png
perceptual_duplicate,G:\Ai-CDD\data\raw\dataset\train\NORMAL\normal_04717.png,G:\Ai-CDD\data\raw\dataset\train\NORMAL\normal_03782.png
perceptual_duplicate,G:\Ai-CDD\data\raw\dataset\train\NORMAL\normal_04718.png,G:\Ai-CDD\data\raw\dataset\train\NORMAL\normal_03783.png
perceptual_duplicate,G:\Ai-CDD\data\raw\dataset\train\NORMAL\normal_04719.png,G:\Ai-CDD\data\raw\dataset\train\NORMAL\normal_03784.png
perceptual_duplicate,G:\Ai-CDD\data\raw\dataset\val\NORMAL\normal_00837.png,G:\Ai-CDD\data\raw\dataset\train\NORMAL\normal_03785.png
perceptual_duplicate,G:\Ai-CDD\data\raw\dataset\val\NORMAL\normal_00838.png,G:\Ai-CDD\data\raw\dataset\train\NORMAL\normal_03786.png
perceptual_duplicate,G:\Ai-CDD\data\raw\dataset\train\NORMAL\normal_04720.png,G:\Ai-CDD\data\raw\dataset\train\NORMAL\normal_03787.png
perceptual_duplicate,G:\Ai-CDD\data\raw\dataset\val\NORMAL\normal_00839.png,G:\Ai-CDD\data\raw\dataset\train\NORMAL\normal_03788.png
perceptual_duplicate,G:\Ai-CDD\data\raw\dataset\train\NORMAL\normal_04721.png,G:\Ai-CDD\data\raw\dataset\train\NORMAL\normal_03789.png
perceptual_duplicate,G:\Ai-CDD\data\raw\dataset\val\NORMAL\normal_00840.png,G:\Ai-CDD\data\raw\dataset\train\NORMAL\normal_03790.png
perceptual_duplicate,G:\Ai-CDD\data\raw\dataset\train\NORMAL\normal_04722.png,G:\Ai-CDD\data\raw\dataset\train\NORMAL\normal_03791.png
perceptual_duplicate,G:\Ai-CDD\data\raw\dataset\test\NORMAL\normal_00701.png,G:\Ai-CDD\data\raw\dataset\train\NORMAL\normal_03795.png
perceptual_duplicate,G:\Ai-CDD\data\raw\dataset\train\NORMAL\normal_03903.png,G:\Ai-CDD\data\raw\dataset\train\NORMAL\normal_03796.png
perceptual_duplicate,G:\Ai-CDD\data\raw\dataset\train\NORMAL\normal_04205.png,G:\Ai-CDD\data\raw\dataset\train\NORMAL\normal_03796.png
perceptual_duplicate,G:\Ai-CDD\data\raw\dataset\train\NORMAL\normal_04246.png,G:\Ai-CDD\data\raw\dataset\train\NORMAL\normal_03796.png
perceptual_duplicate,G:\Ai-CDD\data\raw\dataset\train\NORMAL\normal_04363.png,G:\Ai-CDD\data\raw\dataset\train\NORMAL\normal_03796.png
perceptual_duplicate,G:\Ai-CDD\data\raw\dataset\test\NORMAL\normal_00637.png,G:\Ai-CDD\data\raw\dataset\train\NORMAL\normal_03796.png
perceptual_duplicate,G:\Ai-CDD\data\raw\dataset\test\NORMAL\normal_00711.png,G:\Ai-CDD\data\raw\dataset\train\NORMAL\normal_03796.png
perceptual_duplicate,G:\Ai-CDD\data\raw\dataset\val\NORMAL\normal_00767.png,G:\Ai-CDD\data\raw\dataset\train\NORMAL\normal_03796.png
perceptual_duplicate,G:\Ai-CDD\data\raw\dataset\test\NORMAL\normal_00546.png,G:\Ai-CDD\data\raw\dataset\train\NORMAL\normal_03797.png
perceptual_duplicate,G:\Ai-CDD\data\raw\dataset\test\NORMAL\normal_00750.png,G:\Ai-CDD\data\raw\dataset\train\NORMAL\normal_03798.png
perceptual_duplicate,G:\Ai-CDD\data\raw\dataset\test\NORMAL\normal_00713.png,G:\Ai-CDD\data\raw\dataset\train\NORMAL\normal_03800.png
perceptual_duplicate,G:\Ai-CDD\data\raw\dataset\test\NORMAL\normal_00744.png,G:\Ai-CDD\data\raw\dataset\train\NORMAL\normal_03801.png
perceptual_duplicate,G:\Ai-CDD\data\raw\dataset\test\NORMAL\normal_00704.png,G:\Ai-CDD\data\raw\dataset\train\NORMAL\normal_03803.png
perceptual_duplicate,G:\Ai-CDD\data\raw\dataset\test\NORMAL\normal_00741.png,G:\Ai-CDD\data\raw\dataset\train\NORMAL\normal_03804.png
perceptual_duplicate,G:\Ai-CDD\data\raw\dataset\test\NORMAL\normal_00679.png,G:\Ai-CDD\data\raw\dataset\train\NORMAL\normal_03806.png
perceptual_duplicate,G:\Ai-CDD\data\raw\dataset\test\NORMAL\normal_00558.png,G:\Ai-CDD\data\raw\dataset\train\NORMAL\normal_03807.png
perceptual_duplicate,G:\Ai-CDD\data\raw\dataset\test\NORMAL\normal_00562.png,G:\Ai-CDD\data\raw\dataset\train\NORMAL\normal_03808.png
perceptual_duplicate,G:\Ai-CDD\data\raw\dataset\test\NORMAL\normal_00550.png,G:\Ai-CDD\data\raw\dataset\train\NORMAL\normal_03809.png
perceptual_duplicate,G:\Ai-CDD\data\raw\dataset\test\NORMAL\normal_00528.png,G:\Ai-CDD\data\raw\dataset\train\NORMAL\normal_03812.png
perceptual_duplicate,G:\Ai-CDD\data\raw\dataset\test\NORMAL\normal_00530.png,G:\Ai-CDD\data\raw\dataset\train\NORMAL\normal_03813.png
perceptual_duplicate,G:\Ai-CDD\data\raw\dataset\test\NORMAL\normal_00556.png,G:\Ai-CDD\data\raw\dataset\train\NORMAL\normal_03814.png
perceptual_duplicate,G:\Ai-CDD\data\raw\dataset\test\NORMAL\normal_00535.png,G:\Ai-CDD\data\raw\dataset\train\NORMAL\normal_03815.png
perceptual_duplicate,G:\Ai-CDD\data\raw\dataset\test\NORMAL\normal_00560.png,G:\Ai-CDD\data\raw\dataset\train\NORMAL\normal_03816.png
perceptual_duplicate,G:\Ai-CDD\data\raw\dataset\test\NORMAL\normal_00581.png,G:\Ai-CDD\data\raw\dataset\train\NORMAL\normal_03817.png
perceptual_duplicate,G:\Ai-CDD\data\raw\dataset\test\NORMAL\normal_00549.png,G:\Ai-CDD\data\raw\dataset\train\NORMAL\normal_03821.png
perceptual_duplicate,G:\Ai-CDD\data\raw\dataset\test\NORMAL\normal_00527.png,G:\Ai-CDD\data\raw\dataset\train\NORMAL\normal_03822.png
perceptual_duplicate,G:\Ai-CDD\data\raw\dataset\train\NORMAL\normal_04326.png,G:\Ai-CDD\data\raw\dataset\train\NORMAL\normal_03826.png
perceptual_duplicate,G:\Ai-CDD\data\raw\dataset\test\NORMAL\normal_00991.png,G:\Ai-CDD\data\raw\dataset\train\NORMAL\normal_03826.png
perceptual_duplicate,G:\Ai-CDD\data\raw\dataset\val\NORMAL\normal_00655.png,G:\Ai-CDD\data\raw\dataset\train\NORMAL\normal_03826.png
perceptual_duplicate,G:\Ai-CDD\data\raw\dataset\test\NORMAL\normal_00589.png,G:\Ai-CDD\data\raw\dataset\train\NORMAL\normal_03829.png
perceptual_duplicate,G:\Ai-CDD\data\raw\dataset\train\NORMAL\normal_03842.png,G:\Ai-CDD\data\raw\dataset\train\NORMAL\normal_03833.png
perceptual_duplicate,G:\Ai-CDD\data\raw\dataset\test\NORMAL\normal_00565.png,G:\Ai-CDD\data\raw\dataset\train\NORMAL\normal_03833.png
perceptual_duplicate,G:\Ai-CDD\data\raw\dataset\test\NORMAL\normal_00537.png,G:\Ai-CDD\data\raw\dataset\train\NORMAL\normal_03835.png
perceptual_duplicate,G:\Ai-CDD\data\raw\dataset\test\NORMAL\normal_00536.png,G:\Ai-CDD\data\raw\dataset\train\NORMAL\normal_03836.png
perceptual_duplicate,G:\Ai-CDD\data\raw\dataset\test\NORMAL\normal_00758.png,G:\Ai-CDD\data\raw\dataset\train\NORMAL\normal_03838.png
perceptual_duplicate,G:\Ai-CDD\data\raw\dataset\test\NORMAL\normal_00526.png,G:\Ai-CDD\data\raw\dataset\train\NORMAL\normal_03839.png
perceptual_duplicate,G:\Ai-CDD\data\raw\dataset\test\NORMAL\normal_00529.png,G:\Ai-CDD\data\raw\dataset\train\NORMAL\normal_03840.png
perceptual_duplicate,G:\Ai-CDD\data\raw\dataset\test\NORMAL\normal_00564.png,G:\Ai-CDD\data\raw\dataset\train\NORMAL\normal_03841.png
perceptual_duplicate,G:\Ai-CDD\data\raw\dataset\train\NORMAL\normal_04326.png,G:\Ai-CDD\data\raw\dataset\train\NORMAL\normal_03842.png
perceptual_duplicate,G:\Ai-CDD\data\raw\dataset\test\NORMAL\normal_00565.png,G:\Ai-CDD\data\raw\dataset\train\NORMAL\normal_03842.png
perceptual_duplicate,G:\Ai-CDD\data\raw\dataset\test\NORMAL\normal_01050.png,G:\Ai-CDD\data\raw\dataset\train\NORMAL\normal_03842.png
perceptual_duplicate,G:\Ai-CDD\data\raw\dataset\test\NORMAL\normal_00566.png,G:\Ai-CDD\data\raw\dataset\train\NORMAL\normal_03843.png
perceptual_duplicate,G:\Ai-CDD\data\raw\dataset\test\NORMAL\normal_00568.png,G:\Ai-CDD\data\raw\dataset\train\NORMAL\normal_03844.png
perceptual_duplicate,G:\Ai-CDD\data\raw\dataset\train\NORMAL\normal_04032.png,G:\Ai-CDD\data\raw\dataset\train\NORMAL\normal_03845.png
perceptual_duplicate,G:\Ai-CDD\data\raw\dataset\test\NORMAL\normal_00569.png,G:\Ai-CDD\data\raw\dataset\train\NORMAL\normal_03845.png
perceptual_duplicate,G:\Ai-CDD\data\raw\dataset\test\NORMAL\normal_00571.png,G:\Ai-CDD\data\raw\dataset\train\NORMAL\normal_03846.png
perceptual_duplicate,G:\Ai-CDD\data\raw\dataset\test\NORMAL\normal_00572.png,G:\Ai-CDD\data\raw\dataset\train\NORMAL\normal_03847.png
perceptual_duplicate,G:\Ai-CDD\data\raw\dataset\test\NORMAL\normal_00573.png,G:\Ai-CDD\data\raw\dataset\train\NORMAL\normal_03848.png
perceptual_duplicate,G:\Ai-CDD\data\raw\dataset\test\NORMAL\normal_00574.png,G:\Ai-CDD\data\raw\dataset\train\NORMAL\normal_03849.png
perceptual_duplicate,G:\Ai-CDD\data\raw\dataset\test\NORMAL\normal_00575.png,G:\Ai-CDD\data\raw\dataset\train\NORMAL\normal_03850.png
perceptual_duplicate,G:\Ai-CDD\data\raw\dataset\test\NORMAL\normal_00580.png,G:\Ai-CDD\data\raw\dataset\train\NORMAL\normal_03851.png
perceptual_duplicate,G:\Ai-CDD\data\raw\dataset\test\NORMAL\normal_00583.png,G:\Ai-CDD\data\raw\dataset\train\NORMAL\normal_03852.png
perceptual_duplicate,G:\Ai-CDD\data\raw\dataset\test\NORMAL\normal_00585.png,G:\Ai-CDD\data\raw\dataset\train\NORMAL\normal_03853.png
perceptual_duplicate,G:\Ai-CDD\data\raw\dataset\test\NORMAL\normal_00588.png,G:\Ai-CDD\data\raw\dataset\train\NORMAL\normal_03854.png
perceptual_duplicate,G:\Ai-CDD\data\raw\dataset\test\NORMAL\normal_00590.png,G:\Ai-CDD\data\raw\dataset\train\NORMAL\normal_03855.png
perceptual_duplicate,G:\Ai-CDD\data\raw\dataset\train\NORMAL\normal_03990.png,G:\Ai-CDD\data\raw\dataset\train\NORMAL\normal_03861.png
perceptual_duplicate,G:\Ai-CDD\data\raw\dataset\train\NORMAL\normal_04471.png,G:\Ai-CDD\data\raw\dataset\train\NORMAL\normal_03871.png
perceptual_duplicate,G:\Ai-CDD\data\raw\dataset\train\NORMAL\normal_04598.png,G:\Ai-CDD\data\raw\dataset\train\NORMAL\normal_03871.png
perceptual_duplicate,G:\Ai-CDD\data\raw\dataset\train\NORMAL\normal_04093.png,G:\Ai-CDD\data\raw\dataset\train\NORMAL\normal_03895.png
perceptual_duplicate,G:\Ai-CDD\data\raw\dataset\train\NORMAL\normal_04052.png,G:\Ai-CDD\data\raw\dataset\train\NORMAL\normal_03897.png
perceptual_duplicate,G:\Ai-CDD\data\raw\dataset\train\NORMAL\normal_03937.png,G:\Ai-CDD\data\raw\dataset\train\NORMAL\normal_03903.png
perceptual_duplicate,G:\Ai-CDD\data\raw\dataset\train\NORMAL\normal_03977.png,G:\Ai-CDD\data\raw\dataset\train\NORMAL\normal_03903.png
perceptual_duplicate,G:\Ai-CDD\data\raw\dataset\train\NORMAL\normal_04710.png,G:\Ai-CDD\data\raw\dataset\train\NORMAL\normal_03903.png
perceptual_duplicate,G:\Ai-CDD\data\raw\dataset\test\NORMAL\normal_00711.png,G:\Ai-CDD\data\raw\dataset\train\NORMAL\normal_03903.png
perceptual_duplicate,G:\Ai-CDD\data\raw\dataset\train\NORMAL\normal_04292.png,G:\Ai-CDD\data\raw\dataset\train\NORMAL\normal_03914.png
perceptual_duplicate,G:\Ai-CDD\data\raw\dataset\test\NORMAL\normal_00730.png,G:\Ai-CDD\data\raw\dataset\train\NORMAL\normal_03914.png
perceptual_duplicate,G:\Ai-CDD\data\raw\dataset\test\NORMAL\normal_00864.png,G:\Ai-CDD\data\raw\dataset\train\NORMAL\normal_03914.png
perceptual_duplicate,G:\Ai-CDD\data\raw\dataset\test\NORMAL\normal_01016.png,G:\Ai-CDD\data\raw\dataset\train\NORMAL\normal_03914.png
perceptual_duplicate,G:\Ai-CDD\data\raw\dataset\train\NORMAL\normal_04051.png,G:\Ai-CDD\data\raw\dataset\train\NORMAL\normal_03921.png
perceptual_duplicate,G:\Ai-CDD\data\raw\dataset\train\NORMAL\normal_03939.png,G:\Ai-CDD\data\raw\dataset\train\NORMAL\normal_03925.png
perceptual_duplicate,G:\Ai-CDD\data\raw\dataset\train\NORMAL\normal_04033.png,G:\Ai-CDD\data\raw\dataset\train\NORMAL\normal_03925.png
perceptual_duplicate,G:\Ai-CDD\data\raw\dataset\test\NORMAL\normal_01012.png,G:\Ai-CDD\data\raw\dataset\train\NORMAL\normal_03925.png
perceptual_duplicate,G:\Ai-CDD\data\raw\dataset\test\NORMAL\normal_01038.png,G:\Ai-CDD\data\raw\dataset\train\NORMAL\normal_03925.png
perceptual_duplicate,G:\Ai-CDD\data\raw\dataset\val\NORMAL\normal_00754.png,G:\Ai-CDD\data\raw\dataset\train\NORMAL\normal_03925.png
perceptual_duplicate,G:\Ai-CDD\data\raw\dataset\train\NORMAL\normal_04192.png,G:\Ai-CDD\data\raw\dataset\train\NORMAL\normal_03927.png
perceptual_duplicate,G:\Ai-CDD\data\raw\dataset\train\NORMAL\normal_04246.png,G:\Ai-CDD\data\raw\dataset\train\NORMAL\normal_03936.png
perceptual_duplicate,G:\Ai-CDD\data\raw\dataset\test\NORMAL\normal_00637.png,G:\Ai-CDD\data\raw\dataset\train\NORMAL\normal_03936.png
perceptual_duplicate,G:\Ai-CDD\data\raw\dataset\train\NORMAL\normal_04532.png,G:\Ai-CDD\data\raw\dataset\train\NORMAL\normal_03937.png
perceptual_duplicate,G:\Ai-CDD\data\raw\dataset\train\NORMAL\normal_04710.png,G:\Ai-CDD\data\raw\dataset\train\NORMAL\normal_03937.png
perceptual_duplicate,G:\Ai-CDD\data\raw\dataset\train\NORMAL\normal_04033.png,G:\Ai-CDD\data\raw\dataset\train\NORMAL\normal_03939.png
perceptual_duplicate,G:\Ai-CDD\data\raw\dataset\val\NORMAL\normal_00754.png,G:\Ai-CDD\data\raw\dataset\train\NORMAL\normal_03939.png
perceptual_duplicate,G:\Ai-CDD\data\raw\dataset\train\NORMAL\normal_04710.png,G:\Ai-CDD\data\raw\dataset\train\NORMAL\normal_03977.png
perceptual_duplicate,G:\Ai-CDD\data\raw\dataset\train\NORMAL\normal_04645.png,G:\Ai-CDD\data\raw\dataset\train\NORMAL\normal_03992.png
perceptual_duplicate,G:\Ai-CDD\data\raw\dataset\train\NORMAL\normal_04135.png,G:\Ai-CDD\data\raw\dataset\train\NORMAL\normal_03998.png
perceptual_duplicate,G:\Ai-CDD\data\raw\dataset\val\NORMAL\normal_00832.png,G:\Ai-CDD\data\raw\dataset\train\NORMAL\normal_04016.png
perceptual_duplicate,G:\Ai-CDD\data\raw\dataset\test\NORMAL\normal_00816.png,G:\Ai-CDD\data\raw\dataset\train\NORMAL\normal_04024.png
perceptual_duplicate,G:\Ai-CDD\data\raw\dataset\train\NORMAL\normal_04385.png,G:\Ai-CDD\data\raw\dataset\train\NORMAL\normal_04032.png
perceptual_duplicate,G:\Ai-CDD\data\raw\dataset\train\NORMAL\normal_04538.png,G:\Ai-CDD\data\raw\dataset\train\NORMAL\normal_04032.png
perceptual_duplicate,G:\Ai-CDD\data\raw\dataset\test\NORMAL\normal_00569.png,G:\Ai-CDD\data\raw\dataset\train\NORMAL\normal_04032.png
perceptual_duplicate,G:\Ai-CDD\data\raw\dataset\test\NORMAL\normal_01019.png,G:\Ai-CDD\data\raw\dataset\train\NORMAL\normal_04033.png
perceptual_duplicate,G:\Ai-CDD\data\raw\dataset\train\NORMAL\normal_04561.png,G:\Ai-CDD\data\raw\dataset\train\NORMAL\normal_04037.png
perceptual_duplicate,G:\Ai-CDD\data\raw\dataset\train\NORMAL\normal_04186.png,G:\Ai-CDD\data\raw\dataset\train\NORMAL\normal_04042.png
perceptual_duplicate,G:\Ai-CDD\data\raw\dataset\train\NORMAL\normal_04364.png,G:\Ai-CDD\data\raw\dataset\train\NORMAL\normal_04042.png
perceptual_duplicate,G:\Ai-CDD\data\raw\dataset\test\NORMAL\normal_00800.png,G:\Ai-CDD\data\raw\dataset\train\NORMAL\normal_04042.png
perceptual_duplicate,G:\Ai-CDD\data\raw\dataset\train\NORMAL\normal_04451.png,G:\Ai-CDD\data\raw\dataset\train\NORMAL\normal_04045.png
perceptual_duplicate,G:\Ai-CDD\data\raw\dataset\train\NORMAL\normal_04494.png,G:\Ai-CDD\data\raw\dataset\train\NORMAL\normal_04045.png
perceptual_duplicate,G:\Ai-CDD\data\raw\dataset\train\NORMAL\normal_04636.png,G:\Ai-CDD\data\raw\dataset\train\NORMAL\normal_04045.png
perceptual_duplicate,G:\Ai-CDD\data\raw\dataset\train\NORMAL\normal_04681.png,G:\Ai-CDD\data\raw\dataset\train\NORMAL\normal_04056.png
perceptual_duplicate,G:\Ai-CDD\data\raw\dataset\train\NORMAL\normal_04099.png,G:\Ai-CDD\data\raw\dataset\train\NORMAL\normal_04066.png
perceptual_duplicate,G:\Ai-CDD\data\raw\dataset\test\NORMAL\normal_00976.png,G:\Ai-CDD\data\raw\dataset\train\NORMAL\normal_04068.png
perceptual_duplicate,G:\Ai-CDD\data\raw\dataset\train\NORMAL\normal_04112.png,G:\Ai-CDD\data\raw\dataset\train\NORMAL\normal_04070.png
perceptual_duplicate,G:\Ai-CDD\data\raw\dataset\train\NORMAL\normal_04103.png,G:\Ai-CDD\data\raw\dataset\train\NORMAL\normal_04073.png
perceptual_duplicate,G:\Ai-CDD\data\raw\dataset\test\NORMAL\normal_00976.png,G:\Ai-CDD\data\raw\dataset\train\NORMAL\normal_04073.png
perceptual_duplicate,G:\Ai-CDD\data\raw\dataset\test\NORMAL\normal_01021.png,G:\Ai-CDD\data\raw\dataset\train\NORMAL\normal_04073.png
perceptual_duplicate,G:\Ai-CDD\data\raw\dataset\test\NORMAL\normal_01042.png,G:\Ai-CDD\data\raw\dataset\train\NORMAL\normal_04073.png
perceptual_duplicate,G:\Ai-CDD\data\raw\dataset\train\NORMAL\normal_04163.png,G:\Ai-CDD\data\raw\dataset\train\NORMAL\normal_04085.png
perceptual_duplicate,G:\Ai-CDD\data\raw\dataset\train\NORMAL\normal_04312.png,G:\Ai-CDD\data\raw\dataset\train\NORMAL\normal_04103.png
perceptual_duplicate,G:\Ai-CDD\data\raw\dataset\test\NORMAL\normal_00976.png,G:\Ai-CDD\data\raw\dataset\train\NORMAL\normal_04103.png
perceptual_duplicate,G:\Ai-CDD\data\raw\dataset\test\NORMAL\normal_01042.png,G:\Ai-CDD\data\raw\dataset\train\NORMAL\normal_04103.png
perceptual_duplicate,G:\Ai-CDD\data\raw\dataset\test\NORMAL\normal_01058.png,G:\Ai-CDD\data\raw\dataset\train\NORMAL\normal_04103.png
perceptual_duplicate,G:\Ai-CDD\data\raw\dataset\test\NORMAL\normal_00767.png,G:\Ai-CDD\data\raw\dataset\train\NORMAL\normal_04105.png
perceptual_duplicate,G:\Ai-CDD\data\raw\dataset\test\NORMAL\normal_01001.png,G:\Ai-CDD\data\raw\dataset\train\NORMAL\normal_04110.png
perceptual_duplicate,G:\Ai-CDD\data\raw\dataset\train\NORMAL\normal_04679.png,G:\Ai-CDD\data\raw\dataset\train\NORMAL\normal_04130.png
perceptual_duplicate,G:\Ai-CDD\data\raw\dataset\train\NORMAL\normal_04471.png,G:\Ai-CDD\data\raw\dataset\train\NORMAL\normal_04137.png
perceptual_duplicate,G:\Ai-CDD\data\raw\dataset\train\NORMAL\normal_04616.png,G:\Ai-CDD\data\raw\dataset\train\NORMAL\normal_04154.png
perceptual_duplicate,G:\Ai-CDD\data\raw\dataset\test\NORMAL\normal_00961.png,G:\Ai-CDD\data\raw\dataset\train\NORMAL\normal_04154.png
perceptual_duplicate,G:\Ai-CDD\data\raw\dataset\test\NORMAL\normal_01055.png,G:\Ai-CDD\data\raw\dataset\train\NORMAL\normal_04154.png
perceptual_duplicate,G:\Ai-CDD\data\raw\dataset\train\NORMAL\normal_04598.png,G:\Ai-CDD\data\raw\dataset\train\NORMAL\normal_04155.png
perceptual_duplicate,G:\Ai-CDD\data\raw\dataset\test\NORMAL\normal_00612.png,G:\Ai-CDD\data\raw\dataset\train\NORMAL\normal_04166.png
perceptual_duplicate,G:\Ai-CDD\data\raw\dataset\test\NORMAL\normal_00890.png,G:\Ai-CDD\data\raw\dataset\train\NORMAL\normal_04166.png
perceptual_duplicate,G:\Ai-CDD\data\raw\dataset\test\NORMAL\normal_00800.png,G:\Ai-CDD\data\raw\dataset\train\NORMAL\normal_04186.png
perceptual_duplicate,G:\Ai-CDD\data\raw\dataset\test\NORMAL\normal_00976.png,G:\Ai-CDD\data\raw\dataset\train\NORMAL\normal_04186.png
perceptual_duplicate,G:\Ai-CDD\data\raw\dataset\train\NORMAL\normal_04552.png,G:\Ai-CDD\data\raw\dataset\train\NORMAL\normal_04192.png
perceptual_duplicate,G:\Ai-CDD\data\raw\dataset\train\NORMAL\normal_04662.png,G:\Ai-CDD\data\raw\dataset\train\NORMAL\normal_04192.png
perceptual_duplicate,G:\Ai-CDD\data\raw\dataset\train\NORMAL\normal_04451.png,G:\Ai-CDD\data\raw\dataset\train\NORMAL\normal_04196.png
perceptual_duplicate,G:\Ai-CDD\data\raw\dataset\train\NORMAL\normal_04494.png,G:\Ai-CDD\data\raw\dataset\train\NORMAL\normal_04196.png
perceptual_duplicate,G:\Ai-CDD\data\raw\dataset\train\NORMAL\normal_04569.png,G:\Ai-CDD\data\raw\dataset\train\NORMAL\normal_04196.png
perceptual_duplicate,G:\Ai-CDD\data\raw\dataset\train\NORMAL\normal_04575.png,G:\Ai-CDD\data\raw\dataset\train\NORMAL\normal_04196.png
perceptual_duplicate,G:\Ai-CDD\data\raw\dataset\test\NORMAL\normal_00795.png,G:\Ai-CDD\data\raw\dataset\train\NORMAL\normal_04196.png
perceptual_duplicate,G:\Ai-CDD\data\raw\dataset\val\NORMAL\normal_00613.png,G:\Ai-CDD\data\raw\dataset\train\NORMAL\normal_04196.png
perceptual_duplicate,G:\Ai-CDD\data\raw\dataset\val\NORMAL\normal_00805.png,G:\Ai-CDD\data\raw\dataset\train\NORMAL\normal_04196.png
perceptual_duplicate,G:\Ai-CDD\data\raw\dataset\test\NORMAL\normal_00711.png,G:\Ai-CDD\data\raw\dataset\train\NORMAL\normal_04205.png
perceptual_duplicate,G:\Ai-CDD\data\raw\dataset\test\NORMAL\normal_01042.png,G:\Ai-CDD\data\raw\dataset\train\NORMAL\normal_04210.png
perceptual_duplicate,G:\Ai-CDD\data\raw\dataset\test\NORMAL\normal_00596.png,G:\Ai-CDD\data\raw\dataset\train\NORMAL\normal_04232.png
perceptual_duplicate,G:\Ai-CDD\data\raw\dataset\test\NORMAL\normal_00599.png,G:\Ai-CDD\data\raw\dataset\train\NORMAL\normal_04233.png
perceptual_duplicate,G:\Ai-CDD\data\raw\dataset\test\NORMAL\normal_00600.png,G:\Ai-CDD\data\raw\dataset\train\NORMAL\normal_04234.png
perceptual_duplicate,G:\Ai-CDD\data\raw\dataset\test\NORMAL\normal_00602.png,G:\Ai-CDD\data\raw\dataset\train\NORMAL\normal_04235.png
perceptual_duplicate,G:\Ai-CDD\data\raw\dataset\test\NORMAL\normal_00605.png,G:\Ai-CDD\data\raw\dataset\train\NORMAL\normal_04236.png
perceptual_duplicate,G:\Ai-CDD\data\raw\dataset\test\NORMAL\normal_00606.png,G:\Ai-CDD\data\raw\dataset\train\NORMAL\normal_04237.png
perceptual_duplicate,G:\Ai-CDD\data\raw\dataset\test\NORMAL\normal_00607.png,G:\Ai-CDD\data\raw\dataset\train\NORMAL\normal_04238.png
perceptual_duplicate,G:\Ai-CDD\data\raw\dataset\test\NORMAL\normal_00613.png,G:\Ai-CDD\data\raw\dataset\train\NORMAL\normal_04239.png
perceptual_duplicate,G:\Ai-CDD\data\raw\dataset\test\NORMAL\normal_00614.png,G:\Ai-CDD\data\raw\dataset\train\NORMAL\normal_04240.png
perceptual_duplicate,G:\Ai-CDD\data\raw\dataset\test\NORMAL\normal_00625.png,G:\Ai-CDD\data\raw\dataset\train\NORMAL\normal_04241.png
perceptual_duplicate,G:\Ai-CDD\data\raw\dataset\test\NORMAL\normal_00626.png,G:\Ai-CDD\data\raw\dataset\train\NORMAL\normal_04242.png
perceptual_duplicate,G:\Ai-CDD\data\raw\dataset\test\NORMAL\normal_00627.png,G:\Ai-CDD\data\raw\dataset\train\NORMAL\normal_04243.png
perceptual_duplicate,G:\Ai-CDD\data\raw\dataset\test\NORMAL\normal_00635.png,G:\Ai-CDD\data\raw\dataset\train\NORMAL\normal_04244.png
perceptual_duplicate,G:\Ai-CDD\data\raw\dataset\test\NORMAL\normal_00636.png,G:\Ai-CDD\data\raw\dataset\train\NORMAL\normal_04245.png
perceptual_duplicate,G:\Ai-CDD\data\raw\dataset\test\NORMAL\normal_00637.png,G:\Ai-CDD\data\raw\dataset\train\NORMAL\normal_04246.png
perceptual_duplicate,G:\Ai-CDD\data\raw\dataset\test\NORMAL\normal_00711.png,G:\Ai-CDD\data\raw\dataset\train\NORMAL\normal_04246.png
perceptual_duplicate,G:\Ai-CDD\data\raw\dataset\test\NORMAL\normal_00638.png,G:\Ai-CDD\data\raw\dataset\train\NORMAL\normal_04247.png
perceptual_duplicate,G:\Ai-CDD\data\raw\dataset\test\NORMAL\normal_00640.png,G:\Ai-CDD\data\raw\dataset\train\NORMAL\normal_04248.png
perceptual_duplicate,G:\Ai-CDD\data\raw\dataset\test\NORMAL\normal_00641.png,G:\Ai-CDD\data\raw\dataset\train\NORMAL\normal_04249.png
perceptual_duplicate,G:\Ai-CDD\data\raw\dataset\test\NORMAL\normal_00642.png,G:\Ai-CDD\data\raw\dataset\train\NORMAL\normal_04250.png
perceptual_duplicate,G:\Ai-CDD\data\raw\dataset\test\NORMAL\normal_00644.png,G:\Ai-CDD\data\raw\dataset\train\NORMAL\normal_04251.png
perceptual_duplicate,G:\Ai-CDD\data\raw\dataset\test\NORMAL\normal_00648.png,G:\Ai-CDD\data\raw\dataset\train\NORMAL\normal_04252.png
perceptual_duplicate,G:\Ai-CDD\data\raw\dataset\test\NORMAL\normal_00650.png,G:\Ai-CDD\data\raw\dataset\train\NORMAL\normal_04253.png
perceptual_duplicate,G:\Ai-CDD\data\raw\dataset\test\NORMAL\normal_00654.png,G:\Ai-CDD\data\raw\dataset\train\NORMAL\normal_04254.png
perceptual_duplicate,G:\Ai-CDD\data\raw\dataset\test\NORMAL\normal_00655.png,G:\Ai-CDD\data\raw\dataset\train\NORMAL\normal_04255.png
perceptual_duplicate,G:\Ai-CDD\data\raw\dataset\test\NORMAL\normal_00656.png,G:\Ai-CDD\data\raw\dataset\train\NORMAL\normal_04256.png
perceptual_duplicate,G:\Ai-CDD\data\raw\dataset\test\NORMAL\normal_00658.png,G:\Ai-CDD\data\raw\dataset\train\NORMAL\normal_04257.png
perceptual_duplicate,G:\Ai-CDD\data\raw\dataset\test\NORMAL\normal_00659.png,G:\Ai-CDD\data\raw\dataset\train\NORMAL\normal_04258.png
perceptual_duplicate,G:\Ai-CDD\data\raw\dataset\test\NORMAL\normal_00660.png,G:\Ai-CDD\data\raw\dataset\train\NORMAL\normal_04259.png
perceptual_duplicate,G:\Ai-CDD\data\raw\dataset\test\NORMAL\normal_00662.png,G:\Ai-CDD\data\raw\dataset\train\NORMAL\normal_04260.png
perceptual_duplicate,G:\Ai-CDD\data\raw\dataset\test\NORMAL\normal_00664.png,G:\Ai-CDD\data\raw\dataset\train\NORMAL\normal_04261.png
perceptual_duplicate,G:\Ai-CDD\data\raw\dataset\test\NORMAL\normal_00665.png,G:\Ai-CDD\data\raw\dataset\train\NORMAL\normal_04261.png
perceptual_duplicate,G:\Ai-CDD\data\raw\dataset\test\NORMAL\normal_00667.png,G:\Ai-CDD\data\raw\dataset\train\NORMAL\normal_04262.png
perceptual_duplicate,G:\Ai-CDD\data\raw\dataset\test\NORMAL\normal_00668.png,G:\Ai-CDD\data\raw\dataset\train\NORMAL\normal_04263.png
perceptual_duplicate,G:\Ai-CDD\data\raw\dataset\test\NORMAL\normal_00669.png,G:\Ai-CDD\data\raw\dataset\train\NORMAL\normal_04264.png
perceptual_duplicate,G:\Ai-CDD\data\raw\dataset\test\NORMAL\normal_00671.png,G:\Ai-CDD\data\raw\dataset\train\NORMAL\normal_04265.png
perceptual_duplicate,G:\Ai-CDD\data\raw\dataset\test\NORMAL\normal_00672.png,G:\Ai-CDD\data\raw\dataset\train\NORMAL\normal_04266.png
perceptual_duplicate,G:\Ai-CDD\data\raw\dataset\test\NORMAL\normal_00673.png,G:\Ai-CDD\data\raw\dataset\train\NORMAL\normal_04267.png
perceptual_duplicate,G:\Ai-CDD\data\raw\dataset\test\NORMAL\normal_00674.png,G:\Ai-CDD\data\raw\dataset\train\NORMAL\normal_04268.png
perceptual_duplicate,G:\Ai-CDD\data\raw\dataset\test\NORMAL\normal_00677.png,G:\Ai-CDD\data\raw\dataset\train\NORMAL\normal_04269.png
perceptual_duplicate,G:\Ai-CDD\data\raw\dataset\test\NORMAL\normal_00678.png,G:\Ai-CDD\data\raw\dataset\train\NORMAL\normal_04270.png
perceptual_duplicate,G:\Ai-CDD\data\raw\dataset\test\NORMAL\normal_00681.png,G:\Ai-CDD\data\raw\dataset\train\NORMAL\normal_04271.png
perceptual_duplicate,G:\Ai-CDD\data\raw\dataset\test\NORMAL\normal_00685.png,G:\Ai-CDD\data\raw\dataset\train\NORMAL\normal_04272.png
perceptual_duplicate,G:\Ai-CDD\data\raw\dataset\test\NORMAL\normal_00686.png,G:\Ai-CDD\data\raw\dataset\train\NORMAL\normal_04273.png
perceptual_duplicate,G:\Ai-CDD\data\raw\dataset\test\NORMAL\normal_00688.png,G:\Ai-CDD\data\raw\dataset\train\NORMAL\normal_04274.png
perceptual_duplicate,G:\Ai-CDD\data\raw\dataset\test\NORMAL\normal_00689.png,G:\Ai-CDD\data\raw\dataset\train\NORMAL\normal_04275.png
perceptual_duplicate,G:\Ai-CDD\data\raw\dataset\test\NORMAL\normal_00691.png,G:\Ai-CDD\data\raw\dataset\train\NORMAL\normal_04276.png
perceptual_duplicate,G:\Ai-CDD\data\raw\dataset\test\NORMAL\normal_00693.png,G:\Ai-CDD\data\raw\dataset\train\NORMAL\normal_04277.png
perceptual_duplicate,G:\Ai-CDD\data\raw\dataset\test\NORMAL\normal_00694.png,G:\Ai-CDD\data\raw\dataset\train\NORMAL\normal_04278.png
perceptual_duplicate,G:\Ai-CDD\data\raw\dataset\test\NORMAL\normal_00697.png,G:\Ai-CDD\data\raw\dataset\train\NORMAL\normal_04279.png
perceptual_duplicate,G:\Ai-CDD\data\raw\dataset\test\NORMAL\normal_00700.png,G:\Ai-CDD\data\raw\dataset\train\NORMAL\normal_04280.png
perceptual_duplicate,G:\Ai-CDD\data\raw\dataset\test\NORMAL\normal_00703.png,G:\Ai-CDD\data\raw\dataset\train\NORMAL\normal_04281.png
perceptual_duplicate,G:\Ai-CDD\data\raw\dataset\test\NORMAL\normal_00706.png,G:\Ai-CDD\data\raw\dataset\train\NORMAL\normal_04282.png
perceptual_duplicate,G:\Ai-CDD\data\raw\dataset\test\NORMAL\normal_00707.png,G:\Ai-CDD\data\raw\dataset\train\NORMAL\normal_04283.png
perceptual_duplicate,G:\Ai-CDD\data\raw\dataset\test\NORMAL\normal_00708.png,G:\Ai-CDD\data\raw\dataset\train\NORMAL\normal_04284.png
perceptual_duplicate,G:\Ai-CDD\data\raw\dataset\test\NORMAL\normal_00710.png,G:\Ai-CDD\data\raw\dataset\train\NORMAL\normal_04285.png
perceptual_duplicate,G:\Ai-CDD\data\raw\dataset\test\NORMAL\normal_00712.png,G:\Ai-CDD\data\raw\dataset\train\NORMAL\normal_04286.png
perceptual_duplicate,G:\Ai-CDD\data\raw\dataset\test\NORMAL\normal_00716.png,G:\Ai-CDD\data\raw\dataset\train\NORMAL\normal_04287.png
perceptual_duplicate,G:\Ai-CDD\data\raw\dataset\test\NORMAL\normal_00719.png,G:\Ai-CDD\data\raw\dataset\train\NORMAL\normal_04288.png
perceptual_duplicate,G:\Ai-CDD\data\raw\dataset\test\NORMAL\normal_00723.png,G:\Ai-CDD\data\raw\dataset\train\NORMAL\normal_04289.png
perceptual_duplicate,G:\Ai-CDD\data\raw\dataset\test\NORMAL\normal_00725.png,G:\Ai-CDD\data\raw\dataset\train\NORMAL\normal_04290.png
perceptual_duplicate,G:\Ai-CDD\data\raw\dataset\test\NORMAL\normal_00728.png,G:\Ai-CDD\data\raw\dataset\train\NORMAL\normal_04291.png
perceptual_duplicate,G:\Ai-CDD\data\raw\dataset\train\NORMAL\normal_04329.png,G:\Ai-CDD\data\raw\dataset\train\NORMAL\normal_04292.png
perceptual_duplicate,G:\Ai-CDD\data\raw\dataset\train\NORMAL\normal_04364.png,G:\Ai-CDD\data\raw\dataset\train\NORMAL\normal_04292.png
perceptual_duplicate,G:\Ai-CDD\data\raw\dataset\test\NORMAL\normal_00730.png,G:\Ai-CDD\data\raw\dataset\train\NORMAL\normal_04292.png
perceptual_duplicate,G:\Ai-CDD\data\raw\dataset\test\NORMAL\normal_00733.png,G:\Ai-CDD\data\raw\dataset\train\NORMAL\normal_04293.png
perceptual_duplicate,G:\Ai-CDD\data\raw\dataset\test\NORMAL\normal_00736.png,G:\Ai-CDD\data\raw\dataset\train\NORMAL\normal_04294.png
perceptual_duplicate,G:\Ai-CDD\data\raw\dataset\test\NORMAL\normal_00737.png,G:\Ai-CDD\data\raw\dataset\train\NORMAL\normal_04295.png
perceptual_duplicate,G:\Ai-CDD\data\raw\dataset\test\NORMAL\normal_00740.png,G:\Ai-CDD\data\raw\dataset\train\NORMAL\normal_04296.png
perceptual_duplicate,G:\Ai-CDD\data\raw\dataset\test\NORMAL\normal_00745.png,G:\Ai-CDD\data\raw\dataset\train\NORMAL\normal_04297.png
perceptual_duplicate,G:\Ai-CDD\data\raw\dataset\test\NORMAL\normal_00747.png,G:\Ai-CDD\data\raw\dataset\train\NORMAL\normal_04298.png
perceptual_duplicate,G:\Ai-CDD\data\raw\dataset\test\NORMAL\normal_00752.png,G:\Ai-CDD\data\raw\dataset\train\NORMAL\normal_04299.png
perceptual_duplicate,G:\Ai-CDD\data\raw\dataset\test\NORMAL\normal_00753.png,G:\Ai-CDD\data\raw\dataset\train\NORMAL\normal_04300.png
perceptual_duplicate,G:\Ai-CDD\data\raw\dataset\test\NORMAL\normal_00754.png,G:\Ai-CDD\data\raw\dataset\train\NORMAL\normal_04301.png
perceptual_duplicate,G:\Ai-CDD\data\raw\dataset\test\NORMAL\normal_00756.png,G:\Ai-CDD\data\raw\dataset\train\NORMAL\normal_04302.png
perceptual_duplicate,G:\Ai-CDD\data\raw\dataset\test\NORMAL\normal_00757.png,G:\Ai-CDD\data\raw\dataset\train\NORMAL\normal_04303.png
perceptual_duplicate,G:\Ai-CDD\data\raw\dataset\test\NORMAL\normal_00976.png,G:\Ai-CDD\data\raw\dataset\train\NORMAL\normal_04305.png
perceptual_duplicate,G:\Ai-CDD\data\raw\dataset\test\NORMAL\normal_00769.png,G:\Ai-CDD\data\raw\dataset\train\NORMAL\normal_04309.png
perceptual_duplicate,G:\Ai-CDD\data\raw\dataset\train\NORMAL\normal_04476.png,G:\Ai-CDD\data\raw\dataset\train\NORMAL\normal_04326.png
perceptual_duplicate,G:\Ai-CDD\data\raw\dataset\test\NORMAL\normal_00565.png,G:\Ai-CDD\data\raw\dataset\train\NORMAL\normal_04326.png
perceptual_duplicate,G:\Ai-CDD\data\raw\dataset\test\NORMAL\normal_00991.png,G:\Ai-CDD\data\raw\dataset\train\NORMAL\normal_04326.png
perceptual_duplicate,G:\Ai-CDD\data\raw\dataset\test\NORMAL\normal_01050.png,G:\Ai-CDD\data\raw\dataset\train\NORMAL\normal_04326.png
perceptual_duplicate,G:\Ai-CDD\data\raw\dataset\val\NORMAL\normal_00649.png,G:\Ai-CDD\data\raw\dataset\train\NORMAL\normal_04326.png
perceptual_duplicate,G:\Ai-CDD\data\raw\dataset\val\NORMAL\normal_00655.png,G:\Ai-CDD\data\raw\dataset\train\NORMAL\normal_04326.png
perceptual_duplicate,G:\Ai-CDD\data\raw\dataset\val\NORMAL\normal_00794.png,G:\Ai-CDD\data\raw\dataset\train\NORMAL\normal_04326.png
perceptual_duplicate,G:\Ai-CDD\data\raw\dataset\test\NORMAL\normal_00730.png,G:\Ai-CDD\data\raw\dataset\train\NORMAL\normal_04329.png
perceptual_duplicate,G:\Ai-CDD\data\raw\dataset\test\NORMAL\normal_01050.png,G:\Ai-CDD\data\raw\dataset\train\NORMAL\normal_04329.png
perceptual_duplicate,G:\Ai-CDD\data\raw\dataset\val\NORMAL\normal_00582.png,G:\Ai-CDD\data\raw\dataset\train\NORMAL\normal_04329.png
perceptual_duplicate,G:\Ai-CDD\data\raw\dataset\val\NORMAL\normal_00655.png,G:\Ai-CDD\data\raw\dataset\train\NORMAL\normal_04329.png
perceptual_duplicate,G:\Ai-CDD\data\raw\dataset\test\NORMAL\normal_01061.png,G:\Ai-CDD\data\raw\dataset\train\NORMAL\normal_04330.png
perceptual_duplicate,G:\Ai-CDD\data\raw\dataset\train\NORMAL\normal_04546.png,G:\Ai-CDD\data\raw\dataset\train\NORMAL\normal_04336.png
perceptual_duplicate,G:\Ai-CDD\data\raw\dataset\test\NORMAL\normal_01065.png,G:\Ai-CDD\data\raw\dataset\train\NORMAL\normal_04350.png
perceptual_duplicate,G:\Ai-CDD\data\raw\dataset\test\NORMAL\normal_00711.png,G:\Ai-CDD\data\raw\dataset\train\NORMAL\normal_04363.png
perceptual_duplicate,G:\Ai-CDD\data\raw\dataset\test\NORMAL\normal_00604.png,G:\Ai-CDD\data\raw\dataset\train\NORMAL\normal_04364.png
perceptual_duplicate,G:\Ai-CDD\data\raw\dataset\test\NORMAL\normal_00730.png,G:\Ai-CDD\data\raw\dataset\train\NORMAL\normal_04364.png
perceptual_duplicate,G:\Ai-CDD\data\raw\dataset\test\NORMAL\normal_01001.png,G:\Ai-CDD\data\raw\dataset\train\NORMAL\normal_04364.png
perceptual_duplicate,G:\Ai-CDD\data\raw\dataset\test\NORMAL\normal_00991.png,G:\Ai-CDD\data\raw\dataset\train\NORMAL\normal_04374.png
perceptual_duplicate,G:\Ai-CDD\data\raw\dataset\train\NORMAL\normal_04538.png,G:\Ai-CDD\data\raw\dataset\train\NORMAL\normal_04385.png
perceptual_duplicate,G:\Ai-CDD\data\raw\dataset\train\NORMAL\normal_04523.png,G:\Ai-CDD\data\raw\dataset\train\NORMAL\normal_04402.png
perceptual_duplicate,G:\Ai-CDD\data\raw\dataset\train\NORMAL\normal_04533.png,G:\Ai-CDD\data\raw\dataset\train\NORMAL\normal_04421.png
perceptual_duplicate,G:\Ai-CDD\data\raw\dataset\train\NORMAL\normal_04585.png,G:\Ai-CDD\data\raw\dataset\train\NORMAL\normal_04446.png
perceptual_duplicate,G:\Ai-CDD\data\raw\dataset\test\NORMAL\normal_00974.png,G:\Ai-CDD\data\raw\dataset\train\NORMAL\normal_04446.png
perceptual_duplicate,G:\Ai-CDD\data\raw\dataset\train\NORMAL\normal_04494.png,G:\Ai-CDD\data\raw\dataset\train\NORMAL\normal_04451.png
perceptual_duplicate,G:\Ai-CDD\data\raw\dataset\train\NORMAL\normal_04522.png,G:\Ai-CDD\data\raw\dataset\train\NORMAL\normal_04451.png
perceptual_duplicate,G:\Ai-CDD\data\raw\dataset\train\NORMAL\normal_04698.png,G:\Ai-CDD\data\raw\dataset\train\NORMAL\normal_04451.png
perceptual_duplicate,G:\Ai-CDD\data\raw\dataset\val\NORMAL\normal_00613.png,G:\Ai-CDD\data\raw\dataset\train\NORMAL\normal_04451.png
perceptual_duplicate,G:\Ai-CDD\data\raw\dataset\test\NORMAL\normal_01043.png,G:\Ai-CDD\data\raw\dataset\train\NORMAL\normal_04463.png
perceptual_duplicate,G:\Ai-CDD\data\raw\dataset\test\NORMAL\normal_00827.png,G:\Ai-CDD\data\raw\dataset\train\NORMAL\normal_04476.png
perceptual_duplicate,G:\Ai-CDD\data\raw\dataset\val\NORMAL\normal_00655.png,G:\Ai-CDD\data\raw\dataset\train\NORMAL\normal_04476.png
perceptual_duplicate,G:\Ai-CDD\data\raw\dataset\test\NORMAL\normal_01074.png,G:\Ai-CDD\data\raw\dataset\train\NORMAL\normal_04488.png
perceptual_duplicate,G:\Ai-CDD\data\raw\dataset\val\NORMAL\normal_00692.png,G:\Ai-CDD\data\raw\dataset\train\NORMAL\normal_04494.png
perceptual_duplicate,G:\Ai-CDD\data\raw\dataset\train\NORMAL\normal_04550.png,G:\Ai-CDD\data\raw\dataset\train\NORMAL\normal_04500.png
perceptual_duplicate,G:\Ai-CDD\data\raw\dataset\train\NORMAL\normal_04532.png,G:\Ai-CDD\data\raw\dataset\train\NORMAL\normal_04512.png
perceptual_duplicate,G:\Ai-CDD\data\raw\dataset\train\NORMAL\normal_04569.png,G:\Ai-CDD\data\raw\dataset\train\NORMAL\normal_04521.png
perceptual_duplicate,G:\Ai-CDD\data\raw\dataset\val\NORMAL\normal_00805.png,G:\Ai-CDD\data\raw\dataset\train\NORMAL\normal_04521.png
perceptual_duplicate,G:\Ai-CDD\data\raw\dataset\train\NORMAL\normal_04679.png,G:\Ai-CDD\data\raw\dataset\train\NORMAL\normal_04522.png
perceptual_duplicate,G:\Ai-CDD\data\raw\dataset\test\NORMAL\normal_00921.png,G:\Ai-CDD\data\raw\dataset\train\NORMAL\normal_04532.png
perceptual_duplicate,G:\Ai-CDD\data\raw\dataset\val\NORMAL\normal_00631.png,G:\Ai-CDD\data\raw\dataset\train\NORMAL\normal_04532.png
perceptual_duplicate,G:\Ai-CDD\data\raw\dataset\val\NORMAL\normal_00726.png,G:\Ai-CDD\data\raw\dataset\train\NORMAL\normal_04532.png
perceptual_duplicate,G:\Ai-CDD\data\raw\dataset\train\NORMAL\normal_04616.png,G:\Ai-CDD\data\raw\dataset\train\NORMAL\normal_04538.png
perceptual_duplicate,G:\Ai-CDD\data\raw\dataset\val\NORMAL\normal_00653.png,G:\Ai-CDD\data\raw\dataset\train\NORMAL\normal_04550.png
perceptual_duplicate,G:\Ai-CDD\data\raw\dataset\val\NORMAL\normal_00822.png,G:\Ai-CDD\data\raw\dataset\train\NORMAL\normal_04550.png
perceptual_duplicate,G:\Ai-CDD\data\raw\dataset\train\NORMAL\normal_04698.png,G:\Ai-CDD\data\raw\dataset\train\NORMAL\normal_04563.png
perceptual_duplicate,G:\Ai-CDD\data\raw\dataset\test\NORMAL\normal_00806.png,G:\Ai-CDD\data\raw\dataset\train\NORMAL\normal_04563.png
perceptual_duplicate,G:\Ai-CDD\data\raw\dataset\val\NORMAL\normal_00726.png,G:\Ai-CDD\data\raw\dataset\train\NORMAL\normal_04563.png
perceptual_duplicate,G:\Ai-CDD\data\raw\dataset\train\NORMAL\normal_04575.png,G:\Ai-CDD\data\raw\dataset\train\NORMAL\normal_04569.png
perceptual_duplicate,G:\Ai-CDD\data\raw\dataset\test\NORMAL\normal_00563.png,G:\Ai-CDD\data\raw\dataset\train\NORMAL\normal_04569.png
perceptual_duplicate,G:\Ai-CDD\data\raw\dataset\test\NORMAL\normal_00780.png,G:\Ai-CDD\data\raw\dataset\train\NORMAL\normal_04569.png
perceptual_duplicate,G:\Ai-CDD\data\raw\dataset\train\NORMAL\normal_04604.png,G:\Ai-CDD\data\raw\dataset\train\NORMAL\normal_04575.png
perceptual_duplicate,G:\Ai-CDD\data\raw\dataset\train\NORMAL\normal_04633.png,G:\Ai-CDD\data\raw\dataset\train\NORMAL\normal_04584.png
perceptual_duplicate,G:\Ai-CDD\data\raw\dataset\test\NORMAL\normal_00991.png,G:\Ai-CDD\data\raw\dataset\train\NORMAL\normal_04584.png
perceptual_duplicate,G:\Ai-CDD\data\raw\dataset\test\NORMAL\normal_01024.png,G:\Ai-CDD\data\raw\dataset\train\NORMAL\normal_04608.png
perceptual_duplicate,G:\Ai-CDD\data\raw\dataset\val\NORMAL\normal_00702.png,G:\Ai-CDD\data\raw\dataset\train\NORMAL\normal_04643.png
perceptual_duplicate,G:\Ai-CDD\data\raw\dataset\train\NORMAL\normal_04666.png,G:\Ai-CDD\data\raw\dataset\train\NORMAL\normal_04661.png
perceptual_duplicate,G:\Ai-CDD\data\raw\dataset\test\NORMAL\normal_00991.png,G:\Ai-CDD\data\raw\dataset\train\NORMAL\normal_04662.png
perceptual_duplicate,G:\Ai-CDD\data\raw\dataset\val\NORMAL\normal_00727.png,G:\Ai-CDD\data\raw\dataset\train\NORMAL\normal_04662.png
perceptual_duplicate,G:\Ai-CDD\data\raw\dataset\test\NORMAL\normal_01053.png,G:\Ai-CDD\data\raw\dataset\train\NORMAL\normal_04686.png
perceptual_duplicate,G:\Ai-CDD\data\raw\dataset\test\NORMAL\normal_00795.png,G:\Ai-CDD\data\raw\dataset\train\NORMAL\normal_04698.png
perceptual_duplicate,G:\Ai-CDD\data\raw\dataset\test\NORMAL\normal_00806.png,G:\Ai-CDD\data\raw\dataset\train\NORMAL\normal_04698.png
perceptual_duplicate,G:\Ai-CDD\data\raw\dataset\val\NORMAL\normal_00754.png,G:\Ai-CDD\data\raw\dataset\train\NORMAL\normal_04698.png
perceptual_duplicate,G:\Ai-CDD\data\raw\dataset\val\NORMAL\normal_00528.png,G:\Ai-CDD\data\raw\dataset\train\NORMAL\normal_04723.png
perceptual_duplicate,G:\Ai-CDD\data\raw\dataset\val\NORMAL\normal_00529.png,G:\Ai-CDD\data\raw\dataset\train\NORMAL\normal_04724.png
perceptual_duplicate,G:\Ai-CDD\data\raw\dataset\train\TUBERCULOSIS\tb_00492.png,G:\Ai-CDD\data\raw\dataset\train\TUBERCULOSIS\tb_00001.png
perceptual_duplicate,G:\Ai-CDD\data\raw\dataset\train\TUBERCULOSIS\tb_00493.png,G:\Ai-CDD\data\raw\dataset\train\TUBERCULOSIS\tb_00002.png
perceptual_duplicate,G:\Ai-CDD\data\raw\dataset\test\TUBERCULOSIS\tb_00418.png,G:\Ai-CDD\data\raw\dataset\train\TUBERCULOSIS\tb_00002.png
perceptual_duplicate,G:\Ai-CDD\data\raw\dataset\train\TUBERCULOSIS\tb_00494.png,G:\Ai-CDD\data\raw\dataset\train\TUBERCULOSIS\tb_00003.png
perceptual_duplicate,G:\Ai-CDD\data\raw\dataset\train\TUBERCULOSIS\tb_01961.png,G:\Ai-CDD\data\raw\dataset\train\TUBERCULOSIS\tb_00003.png
perceptual_duplicate,G:\Ai-CDD\data\raw\dataset\train\TUBERCULOSIS\tb_00495.png,G:\Ai-CDD\data\raw\dataset\train\TUBERCULOSIS\tb_00004.png
perceptual_duplicate,G:\Ai-CDD\data\raw\dataset\test\TUBERCULOSIS\tb_00419.png,G:\Ai-CDD\data\raw\dataset\train\TUBERCULOSIS\tb_00004.png
perceptual_duplicate,G:\Ai-CDD\data\raw\dataset\train\TUBERCULOSIS\tb_00496.png,G:\Ai-CDD\data\raw\dataset\train\TUBERCULOSIS\tb_00005.png
perceptual_duplicate,G:\Ai-CDD\data\raw\dataset\test\TUBERCULOSIS\tb_00420.png,G:\Ai-CDD\data\raw\dataset\train\TUBERCULOSIS\tb_00005.png
perceptual_duplicate,G:\Ai-CDD\data\raw\dataset\train\TUBERCULOSIS\tb_00497.png,G:\Ai-CDD\data\raw\dataset\train\TUBERCULOSIS\tb_00006.png
perceptual_duplicate,G:\Ai-CDD\data\raw\dataset\train\TUBERCULOSIS\tb_01962.png,G:\Ai-CDD\data\raw\dataset\train\TUBERCULOSIS\tb_00006.png
perceptual_duplicate,G:\Ai-CDD\data\raw\dataset\train\TUBERCULOSIS\tb_00500.png,G:\Ai-CDD\data\raw\dataset\train\TUBERCULOSIS\tb_00007.png
perceptual_duplicate,G:\Ai-CDD\data\raw\dataset\train\TUBERCULOSIS\tb_00503.png,G:\Ai-CDD\data\raw\dataset\train\TUBERCULOSIS\tb_00008.png
perceptual_duplicate,G:\Ai-CDD\data\raw\dataset\train\TUBERCULOSIS\tb_01966.png,G:\Ai-CDD\data\raw\dataset\train\TUBERCULOSIS\tb_00008.png
perceptual_duplicate,G:\Ai-CDD\data\raw\dataset\train\TUBERCULOSIS\tb_00505.png,G:\Ai-CDD\data\raw\dataset\train\TUBERCULOSIS\tb_00009.png
perceptual_duplicate,G:\Ai-CDD\data\raw\dataset\train\TUBERCULOSIS\tb_00508.png,G:\Ai-CDD\data\raw\dataset\train\TUBERCULOSIS\tb_00010.png
perceptual_duplicate,G:\Ai-CDD\data\raw\dataset\train\TUBERCULOSIS\tb_01968.png,G:\Ai-CDD\data\raw\dataset\train\TUBERCULOSIS\tb_00010.png
perceptual_duplicate,G:\Ai-CDD\data\raw\dataset\train\TUBERCULOSIS\tb_00509.png,G:\Ai-CDD\data\raw\dataset\train\TUBERCULOSIS\tb_00011.png
perceptual_duplicate,G:\Ai-CDD\data\raw\dataset\train\TUBERCULOSIS\tb_01969.png,G:\Ai-CDD\data\raw\dataset\train\TUBERCULOSIS\tb_00011.png
perceptual_duplicate,G:\Ai-CDD\data\raw\dataset\train\TUBERCULOSIS\tb_00510.png,G:\Ai-CDD\data\raw\dataset\train\TUBERCULOSIS\tb_00012.png
perceptual_duplicate,G:\Ai-CDD\data\raw\dataset\train\TUBERCULOSIS\tb_00190.png,G:\Ai-CDD\data\raw\dataset\train\TUBERCULOSIS\tb_00013.png
perceptual_duplicate,G:\Ai-CDD\data\raw\dataset\train\TUBERCULOSIS\tb_00511.png,G:\Ai-CDD\data\raw\dataset\train\TUBERCULOSIS\tb_00013.png
perceptual_duplicate,G:\Ai-CDD\data\raw\dataset\train\TUBERCULOSIS\tb_00779.png,G:\Ai-CDD\data\raw\dataset\train\TUBERCULOSIS\tb_00013.png
perceptual_duplicate,G:\Ai-CDD\data\raw\dataset\train\TUBERCULOSIS\tb_01970.png,G:\Ai-CDD\data\raw\dataset\train\TUBERCULOSIS\tb_00013.png
perceptual_duplicate,G:\Ai-CDD\data\raw\dataset\test\TUBERCULOSIS\tb_00484.png,G:\Ai-CDD\data\raw\dataset\train\TUBERCULOSIS\tb_00013.png
perceptual_duplicate,G:\Ai-CDD\data\raw\dataset\train\TUBERCULOSIS\tb_00513.png,G:\Ai-CDD\data\raw\dataset\train\TUBERCULOSIS\tb_00014.png
perceptual_duplicate,G:\Ai-CDD\data\raw\dataset\test\TUBERCULOSIS\tb_00423.png,G:\Ai-CDD\data\raw\dataset\train\TUBERCULOSIS\tb_00014.png
perceptual_duplicate,G:\Ai-CDD\data\raw\dataset\train\TUBERCULOSIS\tb_00514.png,G:\Ai-CDD\data\raw\dataset\train\TUBERCULOSIS\tb_00015.png
perceptual_duplicate,G:\Ai-CDD\data\raw\dataset\train\TUBERCULOSIS\tb_01972.png,G:\Ai-CDD\data\raw\dataset\train\TUBERCULOSIS\tb_00015.png
perceptual_duplicate,G:\Ai-CDD\data\raw\dataset\train\TUBERCULOSIS\tb_00515.png,G:\Ai-CDD\data\raw\dataset\train\TUBERCULOSIS\tb_00016.png
perceptual_duplicate,G:\Ai-CDD\data\raw\dataset\train\TUBERCULOSIS\tb_01973.png,G:\Ai-CDD\data\raw\dataset\train\TUBERCULOSIS\tb_00016.png
perceptual_duplicate,G:\Ai-CDD\data\raw\dataset\train\TUBERCULOSIS\tb_00516.png,G:\Ai-CDD\data\raw\dataset\train\TUBERCULOSIS\tb_00017.png
perceptual_duplicate,G:\Ai-CDD\data\raw\dataset\test\TUBERCULOSIS\tb_00424.png,G:\Ai-CDD\data\raw\dataset\train\TUBERCULOSIS\tb_00017.png
perceptual_duplicate,G:\Ai-CDD\data\raw\dataset\train\TUBERCULOSIS\tb_00519.png,G:\Ai-CDD\data\raw\dataset\train\TUBERCULOSIS\tb_00018.png
perceptual_duplicate,G:\Ai-CDD\data\raw\dataset\train\TUBERCULOSIS\tb_00521.png,G:\Ai-CDD\data\raw\dataset\train\TUBERCULOSIS\tb_00019.png
perceptual_duplicate,G:\Ai-CDD\data\raw\dataset\test\TUBERCULOSIS\tb_00425.png,G:\Ai-CDD\data\raw\dataset\train\TUBERCULOSIS\tb_00019.png
perceptual_duplicate,G:\Ai-CDD\data\raw\dataset\train\TUBERCULOSIS\tb_00522.png,G:\Ai-CDD\data\raw\dataset\train\TUBERCULOSIS\tb_00020.png
perceptual_duplicate,G:\Ai-CDD\data\raw\dataset\train\TUBERCULOSIS\tb_00523.png,G:\Ai-CDD\data\raw\dataset\train\TUBERCULOSIS\tb_00021.png
perceptual_duplicate,G:\Ai-CDD\data\raw\dataset\train\TUBERCULOSIS\tb_01975.png,G:\Ai-CDD\data\raw\dataset\train\TUBERCULOSIS\tb_00021.png
perceptual_duplicate,G:\Ai-CDD\data\raw\dataset\train\TUBERCULOSIS\tb_00524.png,G:\Ai-CDD\data\raw\dataset\train\TUBERCULOSIS\tb_00022.png
perceptual_duplicate,G:\Ai-CDD\data\raw\dataset\test\TUBERCULOSIS\tb_00426.png,G:\Ai-CDD\data\raw\dataset\train\TUBERCULOSIS\tb_00022.png
perceptual_duplicate,G:\Ai-CDD\data\raw\dataset\train\TUBERCULOSIS\tb_00525.png,G:\Ai-CDD\data\raw\dataset\train\TUBERCULOSIS\tb_00023.png
perceptual_duplicate,G:\Ai-CDD\data\raw\dataset\train\TUBERCULOSIS\tb_01976.png,G:\Ai-CDD\data\raw\dataset\train\TUBERCULOSIS\tb_00023.png
perceptual_duplicate,G:\Ai-CDD\data\raw\dataset\train\TUBERCULOSIS\tb_00526.png,G:\Ai-CDD\data\raw\dataset\train\TUBERCULOSIS\tb_00024.png
perceptual_duplicate,G:\Ai-CDD\data\raw\dataset\train\TUBERCULOSIS\tb_01977.png,G:\Ai-CDD\data\raw\dataset\train\TUBERCULOSIS\tb_00024.png
perceptual_duplicate,G:\Ai-CDD\data\raw\dataset\train\TUBERCULOSIS\tb_00527.png,G:\Ai-CDD\data\raw\dataset\train\TUBERCULOSIS\tb_00025.png
perceptual_duplicate,G:\Ai-CDD\data\raw\dataset\train\TUBERCULOSIS\tb_00528.png,G:\Ai-CDD\data\raw\dataset\train\TUBERCULOSIS\tb_00026.png
perceptual_duplicate,G:\Ai-CDD\data\raw\dataset\test\TUBERCULOSIS\tb_00427.png,G:\Ai-CDD\data\raw\dataset\train\TUBERCULOSIS\tb_00026.png
perceptual_duplicate,G:\Ai-CDD\data\raw\dataset\train\TUBERCULOSIS\tb_00529.png,G:\Ai-CDD\data\raw\dataset\train\TUBERCULOSIS\tb_00027.png
perceptual_duplicate,G:\Ai-CDD\data\raw\dataset\test\TUBERCULOSIS\tb_00428.png,G:\Ai-CDD\data\raw\dataset\train\TUBERCULOSIS\tb_00027.png
perceptual_duplicate,G:\Ai-CDD\data\raw\dataset\train\TUBERCULOSIS\tb_00531.png,G:\Ai-CDD\data\raw\dataset\train\TUBERCULOSIS\tb_00028.png
perceptual_duplicate,G:\Ai-CDD\data\raw\dataset\test\TUBERCULOSIS\tb_00429.png,G:\Ai-CDD\data\raw\dataset\train\TUBERCULOSIS\tb_00028.png
perceptual_duplicate,G:\Ai-CDD\data\raw\dataset\train\TUBERCULOSIS\tb_00532.png,G:\Ai-CDD\data\raw\dataset\train\TUBERCULOSIS\tb_00029.png
perceptual_duplicate,G:\Ai-CDD\data\raw\dataset\test\TUBERCULOSIS\tb_00430.png,G:\Ai-CDD\data\raw\dataset\train\TUBERCULOSIS\tb_00029.png
perceptual_duplicate,G:\Ai-CDD\data\raw\dataset\train\TUBERCULOSIS\tb_00533.png,G:\Ai-CDD\data\raw\dataset\train\TUBERCULOSIS\tb_00030.png
perceptual_duplicate,G:\Ai-CDD\data\raw\dataset\train\TUBERCULOSIS\tb_01979.png,G:\Ai-CDD\data\raw\dataset\train\TUBERCULOSIS\tb_00030.png
perceptual_duplicate,G:\Ai-CDD\data\raw\dataset\train\TUBERCULOSIS\tb_00534.png,G:\Ai-CDD\data\raw\dataset\train\TUBERCULOSIS\tb_00031.png
perceptual_duplicate,G:\Ai-CDD\data\raw\dataset\train\TUBERCULOSIS\tb_01980.png,G:\Ai-CDD\data\raw\dataset\train\TUBERCULOSIS\tb_00031.png
perceptual_duplicate,G:\Ai-CDD\data\raw\dataset\train\TUBERCULOSIS\tb_00535.png,G:\Ai-CDD\data\raw\dataset\train\TUBERCULOSIS\tb_00032.png
perceptual_duplicate,G:\Ai-CDD\data\raw\dataset\train\TUBERCULOSIS\tb_01981.png,G:\Ai-CDD\data\raw\dataset\train\TUBERCULOSIS\tb_00032.png
perceptual_duplicate,G:\Ai-CDD\data\raw\dataset\train\TUBERCULOSIS\tb_00536.png,G:\Ai-CDD\data\raw\dataset\train\TUBERCULOSIS\tb_00033.png
perceptual_duplicate,G:\Ai-CDD\data\raw\dataset\train\TUBERCULOSIS\tb_01982.png,G:\Ai-CDD\data\raw\dataset\train\TUBERCULOSIS\tb_00033.png
perceptual_duplicate,G:\Ai-CDD\data\raw\dataset\train\TUBERCULOSIS\tb_00538.png,G:\Ai-CDD\data\raw\dataset\train\TUBERCULOSIS\tb_00034.png
perceptual_duplicate,G:\Ai-CDD\data\raw\dataset\train\TUBERCULOSIS\tb_01984.png,G:\Ai-CDD\data\raw\dataset\train\TUBERCULOSIS\tb_00034.png
perceptual_duplicate,G:\Ai-CDD\data\raw\dataset\train\TUBERCULOSIS\tb_00540.png,G:\Ai-CDD\data\raw\dataset\train\TUBERCULOSIS\tb_00035.png
perceptual_duplicate,G:\Ai-CDD\data\raw\dataset\train\TUBERCULOSIS\tb_01985.png,G:\Ai-CDD\data\raw\dataset\train\TUBERCULOSIS\tb_00035.png
perceptual_duplicate,G:\Ai-CDD\data\raw\dataset\train\TUBERCULOSIS\tb_00541.png,G:\Ai-CDD\data\raw\dataset\train\TUBERCULOSIS\tb_00036.png
perceptual_duplicate,G:\Ai-CDD\data\raw\dataset\train\TUBERCULOSIS\tb_01986.png,G:\Ai-CDD\data\raw\dataset\train\TUBERCULOSIS\tb_00036.png
perceptual_duplicate,G:\Ai-CDD\data\raw\dataset\train\TUBERCULOSIS\tb_00544.png,G:\Ai-CDD\data\raw\dataset\train\TUBERCULOSIS\tb_00037.png
perceptual_duplicate,G:\Ai-CDD\data\raw\dataset\train\TUBERCULOSIS\tb_00547.png,G:\Ai-CDD\data\raw\dataset\train\TUBERCULOSIS\tb_00038.png
perceptual_duplicate,G:\Ai-CDD\data\raw\dataset\train\TUBERCULOSIS\tb_01989.png,G:\Ai-CDD\data\raw\dataset\train\TUBERCULOSIS\tb_00038.png
perceptual_duplicate,G:\Ai-CDD\data\raw\dataset\train\TUBERCULOSIS\tb_00548.png,G:\Ai-CDD\data\raw\dataset\train\TUBERCULOSIS\tb_00039.png
perceptual_duplicate,G:\Ai-CDD\data\raw\dataset\train\TUBERCULOSIS\tb_01990.png,G:\Ai-CDD\data\raw\dataset\train\TUBERCULOSIS\tb_00039.png
perceptual_duplicate,G:\Ai-CDD\data\raw\dataset\train\TUBERCULOSIS\tb_00550.png,G:\Ai-CDD\data\raw\dataset\train\TUBERCULOSIS\tb_00040.png
perceptual_duplicate,G:\Ai-CDD\data\raw\dataset\train\TUBERCULOSIS\tb_00552.png,G:\Ai-CDD\data\raw\dataset\train\TUBERCULOSIS\tb_00041.png
perceptual_duplicate,G:\Ai-CDD\data\raw\dataset\test\TUBERCULOSIS\tb_00432.png,G:\Ai-CDD\data\raw\dataset\train\TUBERCULOSIS\tb_00041.png
perceptual_duplicate,G:\Ai-CDD\data\raw\dataset\train\TUBERCULOSIS\tb_00553.png,G:\Ai-CDD\data\raw\dataset\train\TUBERCULOSIS\tb_00042.png
perceptual_duplicate,G:\Ai-CDD\data\raw\dataset\train\TUBERCULOSIS\tb_01992.png,G:\Ai-CDD\data\raw\dataset\train\TUBERCULOSIS\tb_00042.png
perceptual_duplicate,G:\Ai-CDD\data\raw\dataset\train\TUBERCULOSIS\tb_00554.png,G:\Ai-CDD\data\raw\dataset\train\TUBERCULOSIS\tb_00043.png
perceptual_duplicate,G:\Ai-CDD\data\raw\dataset\test\TUBERCULOSIS\tb_00433.png,G:\Ai-CDD\data\raw\dataset\train\TUBERCULOSIS\tb_00043.png
perceptual_duplicate,G:\Ai-CDD\data\raw\dataset\train\TUBERCULOSIS\tb_00556.png,G:\Ai-CDD\data\raw\dataset\train\TUBERCULOSIS\tb_00044.png
perceptual_duplicate,G:\Ai-CDD\data\raw\dataset\train\TUBERCULOSIS\tb_01993.png,G:\Ai-CDD\data\raw\dataset\train\TUBERCULOSIS\tb_00044.png
perceptual_duplicate,G:\Ai-CDD\data\raw\dataset\train\TUBERCULOSIS\tb_00558.png,G:\Ai-CDD\data\raw\dataset\train\TUBERCULOSIS\tb_00045.png
perceptual_duplicate,G:\Ai-CDD\data\raw\dataset\train\TUBERCULOSIS\tb_00561.png,G:\Ai-CDD\data\raw\dataset\train\TUBERCULOSIS\tb_00046.png
perceptual_duplicate,G:\Ai-CDD\data\raw\dataset\test\TUBERCULOSIS\tb_00435.png,G:\Ai-CDD\data\raw\dataset\train\TUBERCULOSIS\tb_00046.png
perceptual_duplicate,G:\Ai-CDD\data\raw\dataset\train\TUBERCULOSIS\tb_00563.png,G:\Ai-CDD\data\raw\dataset\train\TUBERCULOSIS\tb_00047.png
perceptual_duplicate,G:\Ai-CDD\data\raw\dataset\train\TUBERCULOSIS\tb_00565.png,G:\Ai-CDD\data\raw\dataset\train\TUBERCULOSIS\tb_00048.png
perceptual_duplicate,G:\Ai-CDD\data\raw\dataset\train\TUBERCULOSIS\tb_01998.png,G:\Ai-CDD\data\raw\dataset\train\TUBERCULOSIS\tb_00048.png
perceptual_duplicate,G:\Ai-CDD\data\raw\dataset\train\TUBERCULOSIS\tb_00566.png,G:\Ai-CDD\data\raw\dataset\train\TUBERCULOSIS\tb_00049.png
perceptual_duplicate,G:\Ai-CDD\data\raw\dataset\train\TUBERCULOSIS\tb_00567.png,G:\Ai-CDD\data\raw\dataset\train\TUBERCULOSIS\tb_00050.png
perceptual_duplicate,G:\Ai-CDD\data\raw\dataset\train\TUBERCULOSIS\tb_01999.png,G:\Ai-CDD\data\raw\dataset\train\TUBERCULOSIS\tb_00050.png
perceptual_duplicate,G:\Ai-CDD\data\raw\dataset\train\TUBERCULOSIS\tb_00571.png,G:\Ai-CDD\data\raw\dataset\train\TUBERCULOSIS\tb_00051.png
perceptual_duplicate,G:\Ai-CDD\data\raw\dataset\train\TUBERCULOSIS\tb_00572.png,G:\Ai-CDD\data\raw\dataset\train\TUBERCULOSIS\tb_00052.png
perceptual_duplicate,G:\Ai-CDD\data\raw\dataset\test\TUBERCULOSIS\tb_00438.png,G:\Ai-CDD\data\raw\dataset\train\TUBERCULOSIS\tb_00052.png
perceptual_duplicate,G:\Ai-CDD\data\raw\dataset\train\TUBERCULOSIS\tb_00573.png,G:\Ai-CDD\data\raw\dataset\train\TUBERCULOSIS\tb_00053.png
perceptual_duplicate,G:\Ai-CDD\data\raw\dataset\train\TUBERCULOSIS\tb_02000.png,G:\Ai-CDD\data\raw\dataset\train\TUBERCULOSIS\tb_00053.png
perceptual_duplicate,G:\Ai-CDD\data\raw\dataset\train\TUBERCULOSIS\tb_00577.png,G:\Ai-CDD\data\raw\dataset\train\TUBERCULOSIS\tb_00054.png
perceptual_duplicate,G:\Ai-CDD\data\raw\dataset\train\TUBERCULOSIS\tb_00579.png,G:\Ai-CDD\data\raw\dataset\train\TUBERCULOSIS\tb_00055.png
perceptual_duplicate,G:\Ai-CDD\data\raw\dataset\train\TUBERCULOSIS\tb_02004.png,G:\Ai-CDD\data\raw\dataset\train\TUBERCULOSIS\tb_00055.png
perceptual_duplicate,G:\Ai-CDD\data\raw\dataset\train\TUBERCULOSIS\tb_00580.png,G:\Ai-CDD\data\raw\dataset\train\TUBERCULOSIS\tb_00056.png
perceptual_duplicate,G:\Ai-CDD\data\raw\dataset\train\TUBERCULOSIS\tb_02005.png,G:\Ai-CDD\data\raw\dataset\train\TUBERCULOSIS\tb_00056.png
perceptual_duplicate,G:\Ai-CDD\data\raw\dataset\train\TUBERCULOSIS\tb_00582.png,G:\Ai-CDD\data\raw\dataset\train\TUBERCULOSIS\tb_00057.png
perceptual_duplicate,G:\Ai-CDD\data\raw\dataset\test\TUBERCULOSIS\tb_00439.png,G:\Ai-CDD\data\raw\dataset\train\TUBERCULOSIS\tb_00057.png
perceptual_duplicate,G:\Ai-CDD\data\raw\dataset\train\TUBERCULOSIS\tb_00584.png,G:\Ai-CDD\data\raw\dataset\train\TUBERCULOSIS\tb_00058.png
perceptual_duplicate,G:\Ai-CDD\data\raw\dataset\train\TUBERCULOSIS\tb_02007.png,G:\Ai-CDD\data\raw\dataset\train\TUBERCULOSIS\tb_00058.png
perceptual_duplicate,G:\Ai-CDD\data\raw\dataset\train\TUBERCULOSIS\tb_00586.png,G:\Ai-CDD\data\raw\dataset\train\TUBERCULOSIS\tb_00059.png
perceptual_duplicate,G:\Ai-CDD\data\raw\dataset\train\TUBERCULOSIS\tb_00588.png,G:\Ai-CDD\data\raw\dataset\train\TUBERCULOSIS\tb_00060.png
perceptual_duplicate,G:\Ai-CDD\data\raw\dataset\train\TUBERCULOSIS\tb_02010.png,G:\Ai-CDD\data\raw\dataset\train\TUBERCULOSIS\tb_00060.png
perceptual_duplicate,G:\Ai-CDD\data\raw\dataset\train\TUBERCULOSIS\tb_00589.png,G:\Ai-CDD\data\raw\dataset\train\TUBERCULOSIS\tb_00061.png
perceptual_duplicate,G:\Ai-CDD\data\raw\dataset\train\TUBERCULOSIS\tb_02011.png,G:\Ai-CDD\data\raw\dataset\train\TUBERCULOSIS\tb_00061.png
perceptual_duplicate,G:\Ai-CDD\data\raw\dataset\train\TUBERCULOSIS\tb_00590.png,G:\Ai-CDD\data\raw\dataset\train\TUBERCULOSIS\tb_00062.png
perceptual_duplicate,G:\Ai-CDD\data\raw\dataset\train\TUBERCULOSIS\tb_02012.png,G:\Ai-CDD\data\raw\dataset\train\TUBERCULOSIS\tb_00062.png
perceptual_duplicate,G:\Ai-CDD\data\raw\dataset\train\TUBERCULOSIS\tb_00593.png,G:\Ai-CDD\data\raw\dataset\train\TUBERCULOSIS\tb_00063.png
perceptual_duplicate,G:\Ai-CDD\data\raw\dataset\train\TUBERCULOSIS\tb_00596.png,G:\Ai-CDD\data\raw\dataset\train\TUBERCULOSIS\tb_00064.png
perceptual_duplicate,G:\Ai-CDD\data\raw\dataset\test\TUBERCULOSIS\tb_00443.png,G:\Ai-CDD\data\raw\dataset\train\TUBERCULOSIS\tb_00064.png
perceptual_duplicate,G:\Ai-CDD\data\raw\dataset\train\TUBERCULOSIS\tb_00597.png,G:\Ai-CDD\data\raw\dataset\train\TUBERCULOSIS\tb_00065.png
perceptual_duplicate,G:\Ai-CDD\data\raw\dataset\test\TUBERCULOSIS\tb_00444.png,G:\Ai-CDD\data\raw\dataset\train\TUBERCULOSIS\tb_00065.png
perceptual_duplicate,G:\Ai-CDD\data\raw\dataset\train\TUBERCULOSIS\tb_00598.png,G:\Ai-CDD\data\raw\dataset\train\TUBERCULOSIS\tb_00066.png
perceptual_duplicate,G:\Ai-CDD\data\raw\dataset\train\TUBERCULOSIS\tb_02014.png,G:\Ai-CDD\data\raw\dataset\train\TUBERCULOSIS\tb_00066.png
perceptual_duplicate,G:\Ai-CDD\data\raw\dataset\train\TUBERCULOSIS\tb_00599.png,G:\Ai-CDD\data\raw\dataset\train\TUBERCULOSIS\tb_00067.png
perceptual_duplicate,G:\Ai-CDD\data\raw\dataset\train\TUBERCULOSIS\tb_02015.png,G:\Ai-CDD\data\raw\dataset\train\TUBERCULOSIS\tb_00067.png
perceptual_duplicate,G:\Ai-CDD\data\raw\dataset\train\TUBERCULOSIS\tb_00600.png,G:\Ai-CDD\data\raw\dataset\train\TUBERCULOSIS\tb_00068.png
perceptual_duplicate,G:\Ai-CDD\data\raw\dataset\test\TUBERCULOSIS\tb_00445.png,G:\Ai-CDD\data\raw\dataset\train\TUBERCULOSIS\tb_00068.png
perceptual_duplicate,G:\Ai-CDD\data\raw\dataset\train\TUBERCULOSIS\tb_00601.png,G:\Ai-CDD\data\raw\dataset\train\TUBERCULOSIS\tb_00069.png
perceptual_duplicate,G:\Ai-CDD\data\raw\dataset\train\TUBERCULOSIS\tb_00602.png,G:\Ai-CDD\data\raw\dataset\train\TUBERCULOSIS\tb_00070.png
perceptual_duplicate,G:\Ai-CDD\data\raw\dataset\train\TUBERCULOSIS\tb_00603.png,G:\Ai-CDD\data\raw\dataset\train\TUBERCULOSIS\tb_00071.png
perceptual_duplicate,G:\Ai-CDD\data\raw\dataset\train\TUBERCULOSIS\tb_02016.png,G:\Ai-CDD\data\raw\dataset\train\TUBERCULOSIS\tb_00071.png
perceptual_duplicate,G:\Ai-CDD\data\raw\dataset\train\TUBERCULOSIS\tb_00604.png,G:\Ai-CDD\data\raw\dataset\train\TUBERCULOSIS\tb_00072.png
perceptual_duplicate,G:\Ai-CDD\data\raw\dataset\train\TUBERCULOSIS\tb_00607.png,G:\Ai-CDD\data\raw\dataset\train\TUBERCULOSIS\tb_00073.png
perceptual_duplicate,G:\Ai-CDD\data\raw\dataset\train\TUBERCULOSIS\tb_02019.png,G:\Ai-CDD\data\raw\dataset\train\TUBERCULOSIS\tb_00073.png
perceptual_duplicate,G:\Ai-CDD\data\raw\dataset\train\TUBERCULOSIS\tb_00609.png,G:\Ai-CDD\data\raw\dataset\train\TUBERCULOSIS\tb_00074.png
perceptual_duplicate,G:\Ai-CDD\data\raw\dataset\test\TUBERCULOSIS\tb_00446.png,G:\Ai-CDD\data\raw\dataset\train\TUBERCULOSIS\tb_00074.png
perceptual_duplicate,G:\Ai-CDD\data\raw\dataset\train\TUBERCULOSIS\tb_00611.png,G:\Ai-CDD\data\raw\dataset\train\TUBERCULOSIS\tb_00075.png
perceptual_duplicate,G:\Ai-CDD\data\raw\dataset\test\TUBERCULOSIS\tb_00448.png,G:\Ai-CDD\data\raw\dataset\train\TUBERCULOSIS\tb_00075.png
perceptual_duplicate,G:\Ai-CDD\data\raw\dataset\train\TUBERCULOSIS\tb_00614.png,G:\Ai-CDD\data\raw\dataset\train\TUBERCULOSIS\tb_00076.png
perceptual_duplicate,G:\Ai-CDD\data\raw\dataset\train\TUBERCULOSIS\tb_02022.png,G:\Ai-CDD\data\raw\dataset\train\TUBERCULOSIS\tb_00076.png
perceptual_duplicate,G:\Ai-CDD\data\raw\dataset\train\TUBERCULOSIS\tb_00615.png,G:\Ai-CDD\data\raw\dataset\train\TUBERCULOSIS\tb_00077.png
perceptual_duplicate,G:\Ai-CDD\data\raw\dataset\train\TUBERCULOSIS\tb_02023.png,G:\Ai-CDD\data\raw\dataset\train\TUBERCULOSIS\tb_00077.png
perceptual_duplicate,G:\Ai-CDD\data\raw\dataset\train\TUBERCULOSIS\tb_00618.png,G:\Ai-CDD\data\raw\dataset\train\TUBERCULOSIS\tb_00078.png
perceptual_duplicate,G:\Ai-CDD\data\raw\dataset\train\TUBERCULOSIS\tb_00621.png,G:\Ai-CDD\data\raw\dataset\train\TUBERCULOSIS\tb_00079.png
perceptual_duplicate,G:\Ai-CDD\data\raw\dataset\train\TUBERCULOSIS\tb_00622.png,G:\Ai-CDD\data\raw\dataset\train\TUBERCULOSIS\tb_00080.png
perceptual_duplicate,G:\Ai-CDD\data\raw\dataset\train\TUBERCULOSIS\tb_02025.png,G:\Ai-CDD\data\raw\dataset\train\TUBERCULOSIS\tb_00080.png
perceptual_duplicate,G:\Ai-CDD\data\raw\dataset\train\TUBERCULOSIS\tb_00624.png,G:\Ai-CDD\data\raw\dataset\train\TUBERCULOSIS\tb_00081.png
perceptual_duplicate,G:\Ai-CDD\data\raw\dataset\train\TUBERCULOSIS\tb_02027.png,G:\Ai-CDD\data\raw\dataset\train\TUBERCULOSIS\tb_00081.png
perceptual_duplicate,G:\Ai-CDD\data\raw\dataset\train\TUBERCULOSIS\tb_00627.png,G:\Ai-CDD\data\raw\dataset\train\TUBERCULOSIS\tb_00082.png
perceptual_duplicate,G:\Ai-CDD\data\raw\dataset\train\TUBERCULOSIS\tb_02029.png,G:\Ai-CDD\data\raw\dataset\train\TUBERCULOSIS\tb_00082.png
perceptual_duplicate,G:\Ai-CDD\data\raw\dataset\train\TUBERCULOSIS\tb_00628.png,G:\Ai-CDD\data\raw\dataset\train\TUBERCULOSIS\tb_00083.png
perceptual_duplicate,G:\Ai-CDD\data\raw\dataset\test\TUBERCULOSIS\tb_00450.png,G:\Ai-CDD\data\raw\dataset\train\TUBERCULOSIS\tb_00083.png
perceptual_duplicate,G:\Ai-CDD\data\raw\dataset\train\TUBERCULOSIS\tb_00629.png,G:\Ai-CDD\data\raw\dataset\train\TUBERCULOSIS\tb_00084.png
perceptual_duplicate,G:\Ai-CDD\data\raw\dataset\train\TUBERCULOSIS\tb_02030.png,G:\Ai-CDD\data\raw\dataset\train\TUBERCULOSIS\tb_00084.png
perceptual_duplicate,G:\Ai-CDD\data\raw\dataset\train\TUBERCULOSIS\tb_00631.png,G:\Ai-CDD\data\raw\dataset\train\TUBERCULOSIS\tb_00085.png
perceptual_duplicate,G:\Ai-CDD\data\raw\dataset\train\TUBERCULOSIS\tb_00632.png,G:\Ai-CDD\data\raw\dataset\train\TUBERCULOSIS\tb_00086.png
perceptual_duplicate,G:\Ai-CDD\data\raw\dataset\train\TUBERCULOSIS\tb_02032.png,G:\Ai-CDD\data\raw\dataset\train\TUBERCULOSIS\tb_00086.png
perceptual_duplicate,G:\Ai-CDD\data\raw\dataset\train\TUBERCULOSIS\tb_00634.png,G:\Ai-CDD\data\raw\dataset\train\TUBERCULOSIS\tb_00087.png
perceptual_duplicate,G:\Ai-CDD\data\raw\dataset\train\TUBERCULOSIS\tb_02033.png,G:\Ai-CDD\data\raw\dataset\train\TUBERCULOSIS\tb_00087.png
perceptual_duplicate,G:\Ai-CDD\data\raw\dataset\train\TUBERCULOSIS\tb_00635.png,G:\Ai-CDD\data\raw\dataset\train\TUBERCULOSIS\tb_00088.png
perceptual_duplicate,G:\Ai-CDD\data\raw\dataset\train\TUBERCULOSIS\tb_02034.png,G:\Ai-CDD\data\raw\dataset\train\TUBERCULOSIS\tb_00088.png
perceptual_duplicate,G:\Ai-CDD\data\raw\dataset\train\TUBERCULOSIS\tb_00637.png,G:\Ai-CDD\data\raw\dataset\train\TUBERCULOSIS\tb_00089.png
perceptual_duplicate,G:\Ai-CDD\data\raw\dataset\train\TUBERCULOSIS\tb_02035.png,G:\Ai-CDD\data\raw\dataset\train\TUBERCULOSIS\tb_00089.png
perceptual_duplicate,G:\Ai-CDD\data\raw\dataset\train\TUBERCULOSIS\tb_00638.png,G:\Ai-CDD\data\raw\dataset\train\TUBERCULOSIS\tb_00090.png
perceptual_duplicate,G:\Ai-CDD\data\raw\dataset\train\TUBERCULOSIS\tb_00639.png,G:\Ai-CDD\data\raw\dataset\train\TUBERCULOSIS\tb_00091.png
perceptual_duplicate,G:\Ai-CDD\data\raw\dataset\test\TUBERCULOSIS\tb_00452.png,G:\Ai-CDD\data\raw\dataset\train\TUBERCULOSIS\tb_00091.png
perceptual_duplicate,G:\Ai-CDD\data\raw\dataset\train\TUBERCULOSIS\tb_00640.png,G:\Ai-CDD\data\raw\dataset\train\TUBERCULOSIS\tb_00092.png
perceptual_duplicate,G:\Ai-CDD\data\raw\dataset\train\TUBERCULOSIS\tb_02036.png,G:\Ai-CDD\data\raw\dataset\train\TUBERCULOSIS\tb_00092.png
perceptual_duplicate,G:\Ai-CDD\data\raw\dataset\train\TUBERCULOSIS\tb_00641.png,G:\Ai-CDD\data\raw\dataset\train\TUBERCULOSIS\tb_00093.png
perceptual_duplicate,G:\Ai-CDD\data\raw\dataset\train\TUBERCULOSIS\tb_02037.png,G:\Ai-CDD\data\raw\dataset\train\TUBERCULOSIS\tb_00093.png
perceptual_duplicate,G:\Ai-CDD\data\raw\dataset\train\TUBERCULOSIS\tb_00642.png,G:\Ai-CDD\data\raw\dataset\train\TUBERCULOSIS\tb_00094.png
perceptual_duplicate,G:\Ai-CDD\data\raw\dataset\test\TUBERCULOSIS\tb_00453.png,G:\Ai-CDD\data\raw\dataset\train\TUBERCULOSIS\tb_00094.png
perceptual_duplicate,G:\Ai-CDD\data\raw\dataset\train\TUBERCULOSIS\tb_00643.png,G:\Ai-CDD\data\raw\dataset\train\TUBERCULOSIS\tb_00095.png
perceptual_duplicate,G:\Ai-CDD\data\raw\dataset\train\TUBERCULOSIS\tb_02038.png,G:\Ai-CDD\data\raw\dataset\train\TUBERCULOSIS\tb_00095.png
perceptual_duplicate,G:\Ai-CDD\data\raw\dataset\train\TUBERCULOSIS\tb_00644.png,G:\Ai-CDD\data\raw\dataset\train\TUBERCULOSIS\tb_00096.png
perceptual_duplicate,G:\Ai-CDD\data\raw\dataset\train\TUBERCULOSIS\tb_02039.png,G:\Ai-CDD\data\raw\dataset\train\TUBERCULOSIS\tb_00096.png
perceptual_duplicate,G:\Ai-CDD\data\raw\dataset\train\TUBERCULOSIS\tb_00647.png,G:\Ai-CDD\data\raw\dataset\train\TUBERCULOSIS\tb_00097.png
perceptual_duplicate,G:\Ai-CDD\data\raw\dataset\train\TUBERCULOSIS\tb_02040.png,G:\Ai-CDD\data\raw\dataset\train\TUBERCULOSIS\tb_00097.png
perceptual_duplicate,G:\Ai-CDD\data\raw\dataset\train\TUBERCULOSIS\tb_00648.png,G:\Ai-CDD\data\raw\dataset\train\TUBERCULOSIS\tb_00098.png
perceptual_duplicate,G:\Ai-CDD\data\raw\dataset\train\TUBERCULOSIS\tb_02041.png,G:\Ai-CDD\data\raw\dataset\train\TUBERCULOSIS\tb_00098.png
perceptual_duplicate,G:\Ai-CDD\data\raw\dataset\train\TUBERCULOSIS\tb_00650.png,G:\Ai-CDD\data\raw\dataset\train\TUBERCULOSIS\tb_00099.png
perceptual_duplicate,G:\Ai-CDD\data\raw\dataset\train\TUBERCULOSIS\tb_00651.png,G:\Ai-CDD\data\raw\dataset\train\TUBERCULOSIS\tb_00099.png
perceptual_duplicate,G:\Ai-CDD\data\raw\dataset\test\TUBERCULOSIS\tb_00034.png,G:\Ai-CDD\data\raw\dataset\train\TUBERCULOSIS\tb_00099.png
perceptual_duplicate,G:\Ai-CDD\data\raw\dataset\train\TUBERCULOSIS\tb_00653.png,G:\Ai-CDD\data\raw\dataset\train\TUBERCULOSIS\tb_00100.png
perceptual_duplicate,G:\Ai-CDD\data\raw\dataset\train\TUBERCULOSIS\tb_02042.png,G:\Ai-CDD\data\raw\dataset\train\TUBERCULOSIS\tb_00100.png
perceptual_duplicate,G:\Ai-CDD\data\raw\dataset\train\TUBERCULOSIS\tb_00654.png,G:\Ai-CDD\data\raw\dataset\train\TUBERCULOSIS\tb_00101.png
perceptual_duplicate,G:\Ai-CDD\data\raw\dataset\train\TUBERCULOSIS\tb_00655.png,G:\Ai-CDD\data\raw\dataset\train\TUBERCULOSIS\tb_00102.png
perceptual_duplicate,G:\Ai-CDD\data\raw\dataset\train\TUBERCULOSIS\tb_02043.png,G:\Ai-CDD\data\raw\dataset\train\TUBERCULOSIS\tb_00102.png
perceptual_duplicate,G:\Ai-CDD\data\raw\dataset\train\TUBERCULOSIS\tb_00656.png,G:\Ai-CDD\data\raw\dataset\train\TUBERCULOSIS\tb_00103.png
perceptual_duplicate,G:\Ai-CDD\data\raw\dataset\train\TUBERCULOSIS\tb_02044.png,G:\Ai-CDD\data\raw\dataset\train\TUBERCULOSIS\tb_00103.png
perceptual_duplicate,G:\Ai-CDD\data\raw\dataset\train\TUBERCULOSIS\tb_00661.png,G:\Ai-CDD\data\raw\dataset\train\TUBERCULOSIS\tb_00104.png
perceptual_duplicate,G:\Ai-CDD\data\raw\dataset\train\TUBERCULOSIS\tb_02047.png,G:\Ai-CDD\data\raw\dataset\train\TUBERCULOSIS\tb_00104.png
perceptual_duplicate,G:\Ai-CDD\data\raw\dataset\train\TUBERCULOSIS\tb_00662.png,G:\Ai-CDD\data\raw\dataset\train\TUBERCULOSIS\tb_00105.png
perceptual_duplicate,G:\Ai-CDD\data\raw\dataset\train\TUBERCULOSIS\tb_00663.png,G:\Ai-CDD\data\raw\dataset\train\TUBERCULOSIS\tb_00106.png
perceptual_duplicate,G:\Ai-CDD\data\raw\dataset\train\TUBERCULOSIS\tb_02048.png,G:\Ai-CDD\data\raw\dataset\train\TUBERCULOSIS\tb_00106.png
perceptual_duplicate,G:\Ai-CDD\data\raw\dataset\train\TUBERCULOSIS\tb_00664.png,G:\Ai-CDD\data\raw\dataset\train\TUBERCULOSIS\tb_00107.png
perceptual_duplicate,G:\Ai-CDD\data\raw\dataset\train\TUBERCULOSIS\tb_02049.png,G:\Ai-CDD\data\raw\dataset\train\TUBERCULOSIS\tb_00107.png
perceptual_duplicate,G:\Ai-CDD\data\raw\dataset\train\TUBERCULOSIS\tb_00665.png,G:\Ai-CDD\data\raw\dataset\train\TUBERCULOSIS\tb_00108.png
perceptual_duplicate,G:\Ai-CDD\data\raw\dataset\train\TUBERCULOSIS\tb_02050.png,G:\Ai-CDD\data\raw\dataset\train\TUBERCULOSIS\tb_00108.png
perceptual_duplicate,G:\Ai-CDD\data\raw\dataset\train\TUBERCULOSIS\tb_00667.png,G:\Ai-CDD\data\raw\dataset\train\TUBERCULOSIS\tb_00109.png
perceptual_duplicate,G:\Ai-CDD\data\raw\dataset\train\TUBERCULOSIS\tb_02051.png,G:\Ai-CDD\data\raw\dataset\train\TUBERCULOSIS\tb_00109.png
perceptual_duplicate,G:\Ai-CDD\data\raw\dataset\train\TUBERCULOSIS\tb_00668.png,G:\Ai-CDD\data\raw\dataset\train\TUBERCULOSIS\tb_00110.png
perceptual_duplicate,G:\Ai-CDD\data\raw\dataset\train\TUBERCULOSIS\tb_00670.png,G:\Ai-CDD\data\raw\dataset\train\TUBERCULOSIS\tb_00111.png
perceptual_duplicate,G:\Ai-CDD\data\raw\dataset\test\TUBERCULOSIS\tb_00460.png,G:\Ai-CDD\data\raw\dataset\train\TUBERCULOSIS\tb_00111.png
perceptual_duplicate,G:\Ai-CDD\data\raw\dataset\train\TUBERCULOSIS\tb_00671.png,G:\Ai-CDD\data\raw\dataset\train\TUBERCULOSIS\tb_00112.png
perceptual_duplicate,G:\Ai-CDD\data\raw\dataset\train\TUBERCULOSIS\tb_02053.png,G:\Ai-CDD\data\raw\dataset\train\TUBERCULOSIS\tb_00112.png
perceptual_duplicate,G:\Ai-CDD\data\raw\dataset\train\TUBERCULOSIS\tb_00672.png,G:\Ai-CDD\data\raw\dataset\train\TUBERCULOSIS\tb_00113.png
perceptual_duplicate,G:\Ai-CDD\data\raw\dataset\train\TUBERCULOSIS\tb_02054.png,G:\Ai-CDD\data\raw\dataset\train\TUBERCULOSIS\tb_00113.png
perceptual_duplicate,G:\Ai-CDD\data\raw\dataset\train\TUBERCULOSIS\tb_00673.png,G:\Ai-CDD\data\raw\dataset\train\TUBERCULOSIS\tb_00114.png
perceptual_duplicate,G:\Ai-CDD\data\raw\dataset\train\TUBERCULOSIS\tb_02055.png,G:\Ai-CDD\data\raw\dataset\train\TUBERCULOSIS\tb_00114.png
perceptual_duplicate,G:\Ai-CDD\data\raw\dataset\train\TUBERCULOSIS\tb_00675.png,G:\Ai-CDD\data\raw\dataset\train\TUBERCULOSIS\tb_00115.png
perceptual_duplicate,G:\Ai-CDD\data\raw\dataset\train\TUBERCULOSIS\tb_02057.png,G:\Ai-CDD\data\raw\dataset\train\TUBERCULOSIS\tb_00115.png
perceptual_duplicate,G:\Ai-CDD\data\raw\dataset\train\TUBERCULOSIS\tb_00676.png,G:\Ai-CDD\data\raw\dataset\train\TUBERCULOSIS\tb_00116.png
perceptual_duplicate,G:\Ai-CDD\data\raw\dataset\test\TUBERCULOSIS\tb_00461.png,G:\Ai-CDD\data\raw\dataset\train\TUBERCULOSIS\tb_00116.png
perceptual_duplicate,G:\Ai-CDD\data\raw\dataset\train\TUBERCULOSIS\tb_00677.png,G:\Ai-CDD\data\raw\dataset\train\TUBERCULOSIS\tb_00117.png
perceptual_duplicate,G:\Ai-CDD\data\raw\dataset\train\TUBERCULOSIS\tb_02058.png,G:\Ai-CDD\data\raw\dataset\train\TUBERCULOSIS\tb_00117.png
perceptual_duplicate,G:\Ai-CDD\data\raw\dataset\train\TUBERCULOSIS\tb_00679.png,G:\Ai-CDD\data\raw\dataset\train\TUBERCULOSIS\tb_00118.png
perceptual_duplicate,G:\Ai-CDD\data\raw\dataset\train\TUBERCULOSIS\tb_02060.png,G:\Ai-CDD\data\raw\dataset\train\TUBERCULOSIS\tb_00118.png
perceptual_duplicate,G:\Ai-CDD\data\raw\dataset\train\TUBERCULOSIS\tb_00680.png,G:\Ai-CDD\data\raw\dataset\train\TUBERCULOSIS\tb_00119.png
perceptual_duplicate,G:\Ai-CDD\data\raw\dataset\train\TUBERCULOSIS\tb_02061.png,G:\Ai-CDD\data\raw\dataset\train\TUBERCULOSIS\tb_00119.png
perceptual_duplicate,G:\Ai-CDD\data\raw\dataset\train\TUBERCULOSIS\tb_00681.png,G:\Ai-CDD\data\raw\dataset\train\TUBERCULOSIS\tb_00120.png
perceptual_duplicate,G:\Ai-CDD\data\raw\dataset\test\TUBERCULOSIS\tb_00462.png,G:\Ai-CDD\data\raw\dataset\train\TUBERCULOSIS\tb_00120.png
perceptual_duplicate,G:\Ai-CDD\data\raw\dataset\train\TUBERCULOSIS\tb_00682.png,G:\Ai-CDD\data\raw\dataset\train\TUBERCULOSIS\tb_00121.png
perceptual_duplicate,G:\Ai-CDD\data\raw\dataset\test\TUBERCULOSIS\tb_00463.png,G:\Ai-CDD\data\raw\dataset\train\TUBERCULOSIS\tb_00121.png
perceptual_duplicate,G:\Ai-CDD\data\raw\dataset\train\TUBERCULOSIS\tb_00684.png,G:\Ai-CDD\data\raw\dataset\train\TUBERCULOSIS\tb_00122.png
perceptual_duplicate,G:\Ai-CDD\data\raw\dataset\train\TUBERCULOSIS\tb_02062.png,G:\Ai-CDD\data\raw\dataset\train\TUBERCULOSIS\tb_00122.png
perceptual_duplicate,G:\Ai-CDD\data\raw\dataset\train\TUBERCULOSIS\tb_00685.png,G:\Ai-CDD\data\raw\dataset\train\TUBERCULOSIS\tb_00123.png
perceptual_duplicate,G:\Ai-CDD\data\raw\dataset\train\TUBERCULOSIS\tb_02063.png,G:\Ai-CDD\data\raw\dataset\train\TUBERCULOSIS\tb_00123.png
perceptual_duplicate,G:\Ai-CDD\data\raw\dataset\train\TUBERCULOSIS\tb_00686.png,G:\Ai-CDD\data\raw\dataset\train\TUBERCULOSIS\tb_00124.png
perceptual_duplicate,G:\Ai-CDD\data\raw\dataset\train\TUBERCULOSIS\tb_00687.png,G:\Ai-CDD\data\raw\dataset\train\TUBERCULOSIS\tb_00125.png
perceptual_duplicate,G:\Ai-CDD\data\raw\dataset\train\TUBERCULOSIS\tb_02064.png,G:\Ai-CDD\data\raw\dataset\train\TUBERCULOSIS\tb_00125.png
perceptual_duplicate,G:\Ai-CDD\data\raw\dataset\train\TUBERCULOSIS\tb_00688.png,G:\Ai-CDD\data\raw\dataset\train\TUBERCULOSIS\tb_00126.png
perceptual_duplicate,G:\Ai-CDD\data\raw\dataset\train\TUBERCULOSIS\tb_02065.png,G:\Ai-CDD\data\raw\dataset\train\TUBERCULOSIS\tb_00126.png
perceptual_duplicate,G:\Ai-CDD\data\raw\dataset\train\TUBERCULOSIS\tb_00689.png,G:\Ai-CDD\data\raw\dataset\train\TUBERCULOSIS\tb_00127.png
perceptual_duplicate,G:\Ai-CDD\data\raw\dataset\train\TUBERCULOSIS\tb_02066.png,G:\Ai-CDD\data\raw\dataset\train\TUBERCULOSIS\tb_00127.png
perceptual_duplicate,G:\Ai-CDD\data\raw\dataset\train\TUBERCULOSIS\tb_00690.png,G:\Ai-CDD\data\raw\dataset\train\TUBERCULOSIS\tb_00128.png
perceptual_duplicate,G:\Ai-CDD\data\raw\dataset\train\TUBERCULOSIS\tb_00691.png,G:\Ai-CDD\data\raw\dataset\train\TUBERCULOSIS\tb_00129.png
perceptual_duplicate,G:\Ai-CDD\data\raw\dataset\train\TUBERCULOSIS\tb_00692.png,G:\Ai-CDD\data\raw\dataset\train\TUBERCULOSIS\tb_00130.png
perceptual_duplicate,G:\Ai-CDD\data\raw\dataset\train\TUBERCULOSIS\tb_00693.png,G:\Ai-CDD\data\raw\dataset\train\TUBERCULOSIS\tb_00131.png
perceptual_duplicate,G:\Ai-CDD\data\raw\dataset\train\TUBERCULOSIS\tb_00694.png,G:\Ai-CDD\data\raw\dataset\train\TUBERCULOSIS\tb_00132.png
perceptual_duplicate,G:\Ai-CDD\data\raw\dataset\train\TUBERCULOSIS\tb_02067.png,G:\Ai-CDD\data\raw\dataset\train\TUBERCULOSIS\tb_00132.png
perceptual_duplicate,G:\Ai-CDD\data\raw\dataset\train\TUBERCULOSIS\tb_00695.png,G:\Ai-CDD\data\raw\dataset\train\TUBERCULOSIS\tb_00133.png
perceptual_duplicate,G:\Ai-CDD\data\raw\dataset\train\TUBERCULOSIS\tb_02068.png,G:\Ai-CDD\data\raw\dataset\train\TUBERCULOSIS\tb_00133.png
perceptual_duplicate,G:\Ai-CDD\data\raw\dataset\train\TUBERCULOSIS\tb_00696.png,G:\Ai-CDD\data\raw\dataset\train\TUBERCULOSIS\tb_00134.png
perceptual_duplicate,G:\Ai-CDD\data\raw\dataset\train\TUBERCULOSIS\tb_02069.png,G:\Ai-CDD\data\raw\dataset\train\TUBERCULOSIS\tb_00134.png
perceptual_duplicate,G:\Ai-CDD\data\raw\dataset\train\TUBERCULOSIS\tb_00699.png,G:\Ai-CDD\data\raw\dataset\train\TUBERCULOSIS\tb_00135.png
perceptual_duplicate,G:\Ai-CDD\data\raw\dataset\train\TUBERCULOSIS\tb_02070.png,G:\Ai-CDD\data\raw\dataset\train\TUBERCULOSIS\tb_00135.png
perceptual_duplicate,G:\Ai-CDD\data\raw\dataset\train\TUBERCULOSIS\tb_00701.png,G:\Ai-CDD\data\raw\dataset\train\TUBERCULOSIS\tb_00136.png
perceptual_duplicate,G:\Ai-CDD\data\raw\dataset\test\TUBERCULOSIS\tb_00464.png,G:\Ai-CDD\data\raw\dataset\train\TUBERCULOSIS\tb_00136.png
perceptual_duplicate,G:\Ai-CDD\data\raw\dataset\train\TUBERCULOSIS\tb_00702.png,G:\Ai-CDD\data\raw\dataset\train\TUBERCULOSIS\tb_00137.png
perceptual_duplicate,G:\Ai-CDD\data\raw\dataset\train\TUBERCULOSIS\tb_00703.png,G:\Ai-CDD\data\raw\dataset\train\TUBERCULOSIS\tb_00138.png
perceptual_duplicate,G:\Ai-CDD\data\raw\dataset\test\TUBERCULOSIS\tb_00465.png,G:\Ai-CDD\data\raw\dataset\train\TUBERCULOSIS\tb_00138.png
perceptual_duplicate,G:\Ai-CDD\data\raw\dataset\train\TUBERCULOSIS\tb_00704.png,G:\Ai-CDD\data\raw\dataset\train\TUBERCULOSIS\tb_00139.png
perceptual_duplicate,G:\Ai-CDD\data\raw\dataset\test\TUBERCULOSIS\tb_00466.png,G:\Ai-CDD\data\raw\dataset\train\TUBERCULOSIS\tb_00139.png
perceptual_duplicate,G:\Ai-CDD\data\raw\dataset\train\TUBERCULOSIS\tb_00705.png,G:\Ai-CDD\data\raw\dataset\train\TUBERCULOSIS\tb_00140.png
perceptual_duplicate,G:\Ai-CDD\data\raw\dataset\test\TUBERCULOSIS\tb_00467.png,G:\Ai-CDD\data\raw\dataset\train\TUBERCULOSIS\tb_00140.png
perceptual_duplicate,G:\Ai-CDD\data\raw\dataset\train\TUBERCULOSIS\tb_00706.png,G:\Ai-CDD\data\raw\dataset\train\TUBERCULOSIS\tb_00141.png
perceptual_duplicate,G:\Ai-CDD\data\raw\dataset\train\TUBERCULOSIS\tb_00707.png,G:\Ai-CDD\data\raw\dataset\train\TUBERCULOSIS\tb_00142.png
perceptual_duplicate,G:\Ai-CDD\data\raw\dataset\train\TUBERCULOSIS\tb_02072.png,G:\Ai-CDD\data\raw\dataset\train\TUBERCULOSIS\tb_00142.png
perceptual_duplicate,G:\Ai-CDD\data\raw\dataset\train\TUBERCULOSIS\tb_00709.png,G:\Ai-CDD\data\raw\dataset\train\TUBERCULOSIS\tb_00143.png
perceptual_duplicate,G:\Ai-CDD\data\raw\dataset\train\TUBERCULOSIS\tb_00711.png,G:\Ai-CDD\data\raw\dataset\train\TUBERCULOSIS\tb_00144.png
perceptual_duplicate,G:\Ai-CDD\data\raw\dataset\train\TUBERCULOSIS\tb_00713.png,G:\Ai-CDD\data\raw\dataset\train\TUBERCULOSIS\tb_00145.png
perceptual_duplicate,G:\Ai-CDD\data\raw\dataset\test\TUBERCULOSIS\tb_00468.png,G:\Ai-CDD\data\raw\dataset\train\TUBERCULOSIS\tb_00145.png
perceptual_duplicate,G:\Ai-CDD\data\raw\dataset\train\TUBERCULOSIS\tb_00714.png,G:\Ai-CDD\data\raw\dataset\train\TUBERCULOSIS\tb_00146.png
perceptual_duplicate,G:\Ai-CDD\data\raw\dataset\train\TUBERCULOSIS\tb_00715.png,G:\Ai-CDD\data\raw\dataset\train\TUBERCULOSIS\tb_00147.png
perceptual_duplicate,G:\Ai-CDD\data\raw\dataset\train\TUBERCULOSIS\tb_02076.png,G:\Ai-CDD\data\raw\dataset\train\TUBERCULOSIS\tb_00147.png
perceptual_duplicate,G:\Ai-CDD\data\raw\dataset\train\TUBERCULOSIS\tb_00716.png,G:\Ai-CDD\data\raw\dataset\train\TUBERCULOSIS\tb_00148.png
perceptual_duplicate,G:\Ai-CDD\data\raw\dataset\train\TUBERCULOSIS\tb_02077.png,G:\Ai-CDD\data\raw\dataset\train\TUBERCULOSIS\tb_00148.png
perceptual_duplicate,G:\Ai-CDD\data\raw\dataset\train\TUBERCULOSIS\tb_00717.png,G:\Ai-CDD\data\raw\dataset\train\TUBERCULOSIS\tb_00149.png
perceptual_duplicate,G:\Ai-CDD\data\raw\dataset\train\TUBERCULOSIS\tb_02078.png,G:\Ai-CDD\data\raw\dataset\train\TUBERCULOSIS\tb_00149.png
perceptual_duplicate,G:\Ai-CDD\data\raw\dataset\train\TUBERCULOSIS\tb_00718.png,G:\Ai-CDD\data\raw\dataset\train\TUBERCULOSIS\tb_00150.png
perceptual_duplicate,G:\Ai-CDD\data\raw\dataset\train\TUBERCULOSIS\tb_02079.png,G:\Ai-CDD\data\raw\dataset\train\TUBERCULOSIS\tb_00150.png
perceptual_duplicate,G:\Ai-CDD\data\raw\dataset\train\TUBERCULOSIS\tb_00719.png,G:\Ai-CDD\data\raw\dataset\train\TUBERCULOSIS\tb_00151.png
perceptual_duplicate,G:\Ai-CDD\data\raw\dataset\test\TUBERCULOSIS\tb_00469.png,G:\Ai-CDD\data\raw\dataset\train\TUBERCULOSIS\tb_00151.png
perceptual_duplicate,G:\Ai-CDD\data\raw\dataset\train\TUBERCULOSIS\tb_00720.png,G:\Ai-CDD\data\raw\dataset\train\TUBERCULOSIS\tb_00152.png
perceptual_duplicate,G:\Ai-CDD\data\raw\dataset\train\TUBERCULOSIS\tb_02080.png,G:\Ai-CDD\data\raw\dataset\train\TUBERCULOSIS\tb_00152.png
perceptual_duplicate,G:\Ai-CDD\data\raw\dataset\train\TUBERCULOSIS\tb_00722.png,G:\Ai-CDD\data\raw\dataset\train\TUBERCULOSIS\tb_00153.png
perceptual_duplicate,G:\Ai-CDD\data\raw\dataset\train\TUBERCULOSIS\tb_00723.png,G:\Ai-CDD\data\raw\dataset\train\TUBERCULOSIS\tb_00154.png
perceptual_duplicate,G:\Ai-CDD\data\raw\dataset\train\TUBERCULOSIS\tb_00725.png,G:\Ai-CDD\data\raw\dataset\train\TUBERCULOSIS\tb_00155.png
perceptual_duplicate,G:\Ai-CDD\data\raw\dataset\train\TUBERCULOSIS\tb_02083.png,G:\Ai-CDD\data\raw\dataset\train\TUBERCULOSIS\tb_00155.png
perceptual_duplicate,G:\Ai-CDD\data\raw\dataset\train\TUBERCULOSIS\tb_00726.png,G:\Ai-CDD\data\raw\dataset\train\TUBERCULOSIS\tb_00156.png
perceptual_duplicate,G:\Ai-CDD\data\raw\dataset\test\TUBERCULOSIS\tb_00470.png,G:\Ai-CDD\data\raw\dataset\train\TUBERCULOSIS\tb_00156.png
perceptual_duplicate,G:\Ai-CDD\data\raw\dataset\train\TUBERCULOSIS\tb_00727.png,G:\Ai-CDD\data\raw\dataset\train\TUBERCULOSIS\tb_00157.png
perceptual_duplicate,G:\Ai-CDD\data\raw\dataset\train\TUBERCULOSIS\tb_02084.png,G:\Ai-CDD\data\raw\dataset\train\TUBERCULOSIS\tb_00157.png
perceptual_duplicate,G:\Ai-CDD\data\raw\dataset\train\TUBERCULOSIS\tb_00728.png,G:\Ai-CDD\data\raw\dataset\train\TUBERCULOSIS\tb_00158.png
perceptual_duplicate,G:\Ai-CDD\data\raw\dataset\train\TUBERCULOSIS\tb_02085.png,G:\Ai-CDD\data\raw\dataset\train\TUBERCULOSIS\tb_00158.png
perceptual_duplicate,G:\Ai-CDD\data\raw\dataset\train\TUBERCULOSIS\tb_00730.png,G:\Ai-CDD\data\raw\dataset\train\TUBERCULOSIS\tb_00159.png
perceptual_duplicate,G:\Ai-CDD\data\raw\dataset\train\TUBERCULOSIS\tb_02086.png,G:\Ai-CDD\data\raw\dataset\train\TUBERCULOSIS\tb_00159.png
perceptual_duplicate,G:\Ai-CDD\data\raw\dataset\train\TUBERCULOSIS\tb_00731.png,G:\Ai-CDD\data\raw\dataset\train\TUBERCULOSIS\tb_00160.png
perceptual_duplicate,G:\Ai-CDD\data\raw\dataset\test\TUBERCULOSIS\tb_00472.png,G:\Ai-CDD\data\raw\dataset\train\TUBERCULOSIS\tb_00160.png
perceptual_duplicate,G:\Ai-CDD\data\raw\dataset\train\TUBERCULOSIS\tb_00732.png,G:\Ai-CDD\data\raw\dataset\train\TUBERCULOSIS\tb_00161.png
perceptual_duplicate,G:\Ai-CDD\data\raw\dataset\train\TUBERCULOSIS\tb_02087.png,G:\Ai-CDD\data\raw\dataset\train\TUBERCULOSIS\tb_00161.png
perceptual_duplicate,G:\Ai-CDD\data\raw\dataset\train\TUBERCULOSIS\tb_00733.png,G:\Ai-CDD\data\raw\dataset\train\TUBERCULOSIS\tb_00162.png
perceptual_duplicate,G:\Ai-CDD\data\raw\dataset\train\TUBERCULOSIS\tb_02088.png,G:\Ai-CDD\data\raw\dataset\train\TUBERCULOSIS\tb_00162.png
perceptual_duplicate,G:\Ai-CDD\data\raw\dataset\train\TUBERCULOSIS\tb_00737.png,G:\Ai-CDD\data\raw\dataset\train\TUBERCULOSIS\tb_00163.png
perceptual_duplicate,G:\Ai-CDD\data\raw\dataset\train\TUBERCULOSIS\tb_02092.png,G:\Ai-CDD\data\raw\dataset\train\TUBERCULOSIS\tb_00163.png
perceptual_duplicate,G:\Ai-CDD\data\raw\dataset\train\TUBERCULOSIS\tb_00738.png,G:\Ai-CDD\data\raw\dataset\train\TUBERCULOSIS\tb_00164.png
perceptual_duplicate,G:\Ai-CDD\data\raw\dataset\train\TUBERCULOSIS\tb_02093.png,G:\Ai-CDD\data\raw\dataset\train\TUBERCULOSIS\tb_00164.png
perceptual_duplicate,G:\Ai-CDD\data\raw\dataset\train\TUBERCULOSIS\tb_00739.png,G:\Ai-CDD\data\raw\dataset\train\TUBERCULOSIS\tb_00165.png
perceptual_duplicate,G:\Ai-CDD\data\raw\dataset\train\TUBERCULOSIS\tb_02094.png,G:\Ai-CDD\data\raw\dataset\train\TUBERCULOSIS\tb_00165.png
perceptual_duplicate,G:\Ai-CDD\data\raw\dataset\train\TUBERCULOSIS\tb_00741.png,G:\Ai-CDD\data\raw\dataset\train\TUBERCULOSIS\tb_00166.png
perceptual_duplicate,G:\Ai-CDD\data\raw\dataset\test\TUBERCULOSIS\tb_00473.png,G:\Ai-CDD\data\raw\dataset\train\TUBERCULOSIS\tb_00166.png
perceptual_duplicate,G:\Ai-CDD\data\raw\dataset\train\TUBERCULOSIS\tb_00742.png,G:\Ai-CDD\data\raw\dataset\train\TUBERCULOSIS\tb_00167.png
perceptual_duplicate,G:\Ai-CDD\data\raw\dataset\train\TUBERCULOSIS\tb_02096.png,G:\Ai-CDD\data\raw\dataset\train\TUBERCULOSIS\tb_00167.png
perceptual_duplicate,G:\Ai-CDD\data\raw\dataset\train\TUBERCULOSIS\tb_00747.png,G:\Ai-CDD\data\raw\dataset\train\TUBERCULOSIS\tb_00168.png
perceptual_duplicate,G:\Ai-CDD\data\raw\dataset\train\TUBERCULOSIS\tb_00748.png,G:\Ai-CDD\data\raw\dataset\train\TUBERCULOSIS\tb_00169.png
perceptual_duplicate,G:\Ai-CDD\data\raw\dataset\train\TUBERCULOSIS\tb_00749.png,G:\Ai-CDD\data\raw\dataset\train\TUBERCULOSIS\tb_00170.png
perceptual_duplicate,G:\Ai-CDD\data\raw\dataset\test\TUBERCULOSIS\tb_00474.png,G:\Ai-CDD\data\raw\dataset\train\TUBERCULOSIS\tb_00170.png
perceptual_duplicate,G:\Ai-CDD\data\raw\dataset\train\TUBERCULOSIS\tb_00752.png,G:\Ai-CDD\data\raw\dataset\train\TUBERCULOSIS\tb_00171.png
perceptual_duplicate,G:\Ai-CDD\data\raw\dataset\train\TUBERCULOSIS\tb_02101.png,G:\Ai-CDD\data\raw\dataset\train\TUBERCULOSIS\tb_00171.png
perceptual_duplicate,G:\Ai-CDD\data\raw\dataset\train\TUBERCULOSIS\tb_00753.png,G:\Ai-CDD\data\raw\dataset\train\TUBERCULOSIS\tb_00172.png
perceptual_duplicate,G:\Ai-CDD\data\raw\dataset\train\TUBERCULOSIS\tb_02102.png,G:\Ai-CDD\data\raw\dataset\train\TUBERCULOSIS\tb_00172.png
perceptual_duplicate,G:\Ai-CDD\data\raw\dataset\train\TUBERCULOSIS\tb_00754.png,G:\Ai-CDD\data\raw\dataset\train\TUBERCULOSIS\tb_00173.png
perceptual_duplicate,G:\Ai-CDD\data\raw\dataset\train\TUBERCULOSIS\tb_02103.png,G:\Ai-CDD\data\raw\dataset\train\TUBERCULOSIS\tb_00173.png
perceptual_duplicate,G:\Ai-CDD\data\raw\dataset\train\TUBERCULOSIS\tb_00756.png,G:\Ai-CDD\data\raw\dataset\train\TUBERCULOSIS\tb_00174.png
perceptual_duplicate,G:\Ai-CDD\data\raw\dataset\test\TUBERCULOSIS\tb_00475.png,G:\Ai-CDD\data\raw\dataset\train\TUBERCULOSIS\tb_00174.png
perceptual_duplicate,G:\Ai-CDD\data\raw\dataset\train\TUBERCULOSIS\tb_00757.png,G:\Ai-CDD\data\raw\dataset\train\TUBERCULOSIS\tb_00175.png
perceptual_duplicate,G:\Ai-CDD\data\raw\dataset\train\TUBERCULOSIS\tb_02105.png,G:\Ai-CDD\data\raw\dataset\train\TUBERCULOSIS\tb_00175.png
perceptual_duplicate,G:\Ai-CDD\data\raw\dataset\train\TUBERCULOSIS\tb_00760.png,G:\Ai-CDD\data\raw\dataset\train\TUBERCULOSIS\tb_00176.png
perceptual_duplicate,G:\Ai-CDD\data\raw\dataset\test\TUBERCULOSIS\tb_00477.png,G:\Ai-CDD\data\raw\dataset\train\TUBERCULOSIS\tb_00176.png
perceptual_duplicate,G:\Ai-CDD\data\raw\dataset\train\TUBERCULOSIS\tb_00761.png,G:\Ai-CDD\data\raw\dataset\train\TUBERCULOSIS\tb_00177.png
perceptual_duplicate,G:\Ai-CDD\data\raw\dataset\test\TUBERCULOSIS\tb_00478.png,G:\Ai-CDD\data\raw\dataset\train\TUBERCULOSIS\tb_00177.png
perceptual_duplicate,G:\Ai-CDD\data\raw\dataset\train\TUBERCULOSIS\tb_00762.png,G:\Ai-CDD\data\raw\dataset\train\TUBERCULOSIS\tb_00178.png
perceptual_duplicate,G:\Ai-CDD\data\raw\dataset\train\TUBERCULOSIS\tb_02107.png,G:\Ai-CDD\data\raw\dataset\train\TUBERCULOSIS\tb_00178.png
perceptual_duplicate,G:\Ai-CDD\data\raw\dataset\train\TUBERCULOSIS\tb_00763.png,G:\Ai-CDD\data\raw\dataset\train\TUBERCULOSIS\tb_00179.png
perceptual_duplicate,G:\Ai-CDD\data\raw\dataset\train\TUBERCULOSIS\tb_00181.png,G:\Ai-CDD\data\raw\dataset\train\TUBERCULOSIS\tb_00180.png
perceptual_duplicate,G:\Ai-CDD\data\raw\dataset\train\TUBERCULOSIS\tb_00764.png,G:\Ai-CDD\data\raw\dataset\train\TUBERCULOSIS\tb_00180.png
perceptual_duplicate,G:\Ai-CDD\data\raw\dataset\train\TUBERCULOSIS\tb_00766.png,G:\Ai-CDD\data\raw\dataset\train\TUBERCULOSIS\tb_00180.png
perceptual_duplicate,G:\Ai-CDD\data\raw\dataset\train\TUBERCULOSIS\tb_00764.png,G:\Ai-CDD\data\raw\dataset\train\TUBERCULOSIS\tb_00181.png
perceptual_duplicate,G:\Ai-CDD\data\raw\dataset\train\TUBERCULOSIS\tb_00766.png,G:\Ai-CDD\data\raw\dataset\train\TUBERCULOSIS\tb_00181.png
perceptual_duplicate,G:\Ai-CDD\data\raw\dataset\train\TUBERCULOSIS\tb_00767.png,G:\Ai-CDD\data\raw\dataset\train\TUBERCULOSIS\tb_00182.png
perceptual_duplicate,G:\Ai-CDD\data\raw\dataset\train\TUBERCULOSIS\tb_02108.png,G:\Ai-CDD\data\raw\dataset\train\TUBERCULOSIS\tb_00182.png
perceptual_duplicate,G:\Ai-CDD\data\raw\dataset\train\TUBERCULOSIS\tb_00769.png,G:\Ai-CDD\data\raw\dataset\train\TUBERCULOSIS\tb_00183.png
perceptual_duplicate,G:\Ai-CDD\data\raw\dataset\train\TUBERCULOSIS\tb_00771.png,G:\Ai-CDD\data\raw\dataset\train\TUBERCULOSIS\tb_00184.png
perceptual_duplicate,G:\Ai-CDD\data\raw\dataset\test\TUBERCULOSIS\tb_00480.png,G:\Ai-CDD\data\raw\dataset\train\TUBERCULOSIS\tb_00184.png
perceptual_duplicate,G:\Ai-CDD\data\raw\dataset\train\TUBERCULOSIS\tb_00772.png,G:\Ai-CDD\data\raw\dataset\train\TUBERCULOSIS\tb_00185.png
perceptual_duplicate,G:\Ai-CDD\data\raw\dataset\test\TUBERCULOSIS\tb_00481.png,G:\Ai-CDD\data\raw\dataset\train\TUBERCULOSIS\tb_00185.png
perceptual_duplicate,G:\Ai-CDD\data\raw\dataset\train\TUBERCULOSIS\tb_00775.png,G:\Ai-CDD\data\raw\dataset\train\TUBERCULOSIS\tb_00186.png
perceptual_duplicate,G:\Ai-CDD\data\raw\dataset\train\TUBERCULOSIS\tb_02113.png,G:\Ai-CDD\data\raw\dataset\train\TUBERCULOSIS\tb_00186.png
perceptual_duplicate,G:\Ai-CDD\data\raw\dataset\train\TUBERCULOSIS\tb_00776.png,G:\Ai-CDD\data\raw\dataset\train\TUBERCULOSIS\tb_00187.png
perceptual_duplicate,G:\Ai-CDD\data\raw\dataset\train\TUBERCULOSIS\tb_02114.png,G:\Ai-CDD\data\raw\dataset\train\TUBERCULOSIS\tb_00187.png
perceptual_duplicate,G:\Ai-CDD\data\raw\dataset\train\TUBERCULOSIS\tb_00777.png,G:\Ai-CDD\data\raw\dataset\train\TUBERCULOSIS\tb_00188.png
perceptual_duplicate,G:\Ai-CDD\data\raw\dataset\test\TUBERCULOSIS\tb_00482.png,G:\Ai-CDD\data\raw\dataset\train\TUBERCULOSIS\tb_00188.png
perceptual_duplicate,G:\Ai-CDD\data\raw\dataset\train\TUBERCULOSIS\tb_00778.png,G:\Ai-CDD\data\raw\dataset\train\TUBERCULOSIS\tb_00189.png
perceptual_duplicate,G:\Ai-CDD\data\raw\dataset\test\TUBERCULOSIS\tb_00483.png,G:\Ai-CDD\data\raw\dataset\train\TUBERCULOSIS\tb_00189.png
perceptual_duplicate,G:\Ai-CDD\data\raw\dataset\train\TUBERCULOSIS\tb_00511.png,G:\Ai-CDD\data\raw\dataset\train\TUBERCULOSIS\tb_00190.png
perceptual_duplicate,G:\Ai-CDD\data\raw\dataset\train\TUBERCULOSIS\tb_00779.png,G:\Ai-CDD\data\raw\dataset\train\TUBERCULOSIS\tb_00190.png
perceptual_duplicate,G:\Ai-CDD\data\raw\dataset\train\TUBERCULOSIS\tb_01970.png,G:\Ai-CDD\data\raw\dataset\train\TUBERCULOSIS\tb_00190.png
perceptual_duplicate,G:\Ai-CDD\data\raw\dataset\test\TUBERCULOSIS\tb_00484.png,G:\Ai-CDD\data\raw\dataset\train\TUBERCULOSIS\tb_00190.png
perceptual_duplicate,G:\Ai-CDD\data\raw\dataset\train\TUBERCULOSIS\tb_00782.png,G:\Ai-CDD\data\raw\dataset\train\TUBERCULOSIS\tb_00191.png
perceptual_duplicate,G:\Ai-CDD\data\raw\dataset\train\TUBERCULOSIS\tb_00784.png,G:\Ai-CDD\data\raw\dataset\train\TUBERCULOSIS\tb_00192.png
perceptual_duplicate,G:\Ai-CDD\data\raw\dataset\test\TUBERCULOSIS\tb_00486.png,G:\Ai-CDD\data\raw\dataset\train\TUBERCULOSIS\tb_00192.png
perceptual_duplicate,G:\Ai-CDD\data\raw\dataset\train\TUBERCULOSIS\tb_00785.png,G:\Ai-CDD\data\raw\dataset\train\TUBERCULOSIS\tb_00193.png
perceptual_duplicate,G:\Ai-CDD\data\raw\dataset\test\TUBERCULOSIS\tb_00487.png,G:\Ai-CDD\data\raw\dataset\train\TUBERCULOSIS\tb_00193.png
perceptual_duplicate,G:\Ai-CDD\data\raw\dataset\train\TUBERCULOSIS\tb_00786.png,G:\Ai-CDD\data\raw\dataset\train\TUBERCULOSIS\tb_00194.png
perceptual_duplicate,G:\Ai-CDD\data\raw\dataset\train\TUBERCULOSIS\tb_02117.png,G:\Ai-CDD\data\raw\dataset\train\TUBERCULOSIS\tb_00194.png
perceptual_duplicate,G:\Ai-CDD\data\raw\dataset\train\TUBERCULOSIS\tb_00787.png,G:\Ai-CDD\data\raw\dataset\train\TUBERCULOSIS\tb_00195.png
perceptual_duplicate,G:\Ai-CDD\data\raw\dataset\train\TUBERCULOSIS\tb_02118.png,G:\Ai-CDD\data\raw\dataset\train\TUBERCULOSIS\tb_00195.png
perceptual_duplicate,G:\Ai-CDD\data\raw\dataset\train\TUBERCULOSIS\tb_00788.png,G:\Ai-CDD\data\raw\dataset\train\TUBERCULOSIS\tb_00196.png
perceptual_duplicate,G:\Ai-CDD\data\raw\dataset\train\TUBERCULOSIS\tb_02119.png,G:\Ai-CDD\data\raw\dataset\train\TUBERCULOSIS\tb_00196.png
perceptual_duplicate,G:\Ai-CDD\data\raw\dataset\train\TUBERCULOSIS\tb_00789.png,G:\Ai-CDD\data\raw\dataset\train\TUBERCULOSIS\tb_00197.png
perceptual_duplicate,G:\Ai-CDD\data\raw\dataset\test\TUBERCULOSIS\tb_00488.png,G:\Ai-CDD\data\raw\dataset\train\TUBERCULOSIS\tb_00197.png
perceptual_duplicate,G:\Ai-CDD\data\raw\dataset\train\TUBERCULOSIS\tb_00790.png,G:\Ai-CDD\data\raw\dataset\train\TUBERCULOSIS\tb_00198.png
perceptual_duplicate,G:\Ai-CDD\data\raw\dataset\train\TUBERCULOSIS\tb_02120.png,G:\Ai-CDD\data\raw\dataset\train\TUBERCULOSIS\tb_00198.png
perceptual_duplicate,G:\Ai-CDD\data\raw\dataset\train\TUBERCULOSIS\tb_00791.png,G:\Ai-CDD\data\raw\dataset\train\TUBERCULOSIS\tb_00199.png
perceptual_duplicate,G:\Ai-CDD\data\raw\dataset\test\TUBERCULOSIS\tb_00489.png,G:\Ai-CDD\data\raw\dataset\train\TUBERCULOSIS\tb_00199.png
perceptual_duplicate,G:\Ai-CDD\data\raw\dataset\train\TUBERCULOSIS\tb_00793.png,G:\Ai-CDD\data\raw\dataset\train\TUBERCULOSIS\tb_00200.png
perceptual_duplicate,G:\Ai-CDD\data\raw\dataset\train\TUBERCULOSIS\tb_00794.png,G:\Ai-CDD\data\raw\dataset\train\TUBERCULOSIS\tb_00201.png
perceptual_duplicate,G:\Ai-CDD\data\raw\dataset\train\TUBERCULOSIS\tb_00795.png,G:\Ai-CDD\data\raw\dataset\train\TUBERCULOSIS\tb_00202.png
perceptual_duplicate,G:\Ai-CDD\data\raw\dataset\train\TUBERCULOSIS\tb_00797.png,G:\Ai-CDD\data\raw\dataset\train\TUBERCULOSIS\tb_00203.png
perceptual_duplicate,G:\Ai-CDD\data\raw\dataset\train\TUBERCULOSIS\tb_02122.png,G:\Ai-CDD\data\raw\dataset\train\TUBERCULOSIS\tb_00203.png
perceptual_duplicate,G:\Ai-CDD\data\raw\dataset\train\TUBERCULOSIS\tb_00800.png,G:\Ai-CDD\data\raw\dataset\train\TUBERCULOSIS\tb_00204.png
perceptual_duplicate,G:\Ai-CDD\data\raw\dataset\train\TUBERCULOSIS\tb_02123.png,G:\Ai-CDD\data\raw\dataset\train\TUBERCULOSIS\tb_00204.png
perceptual_duplicate,G:\Ai-CDD\data\raw\dataset\train\TUBERCULOSIS\tb_00801.png,G:\Ai-CDD\data\raw\dataset\train\TUBERCULOSIS\tb_00205.png
perceptual_duplicate,G:\Ai-CDD\data\raw\dataset\train\TUBERCULOSIS\tb_02124.png,G:\Ai-CDD\data\raw\dataset\train\TUBERCULOSIS\tb_00205.png
perceptual_duplicate,G:\Ai-CDD\data\raw\dataset\train\TUBERCULOSIS\tb_00803.png,G:\Ai-CDD\data\raw\dataset\train\TUBERCULOSIS\tb_00206.png
perceptual_duplicate,G:\Ai-CDD\data\raw\dataset\train\TUBERCULOSIS\tb_02125.png,G:\Ai-CDD\data\raw\dataset\train\TUBERCULOSIS\tb_00206.png
perceptual_duplicate,G:\Ai-CDD\data\raw\dataset\train\TUBERCULOSIS\tb_00804.png,G:\Ai-CDD\data\raw\dataset\train\TUBERCULOSIS\tb_00207.png
perceptual_duplicate,G:\Ai-CDD\data\raw\dataset\test\TUBERCULOSIS\tb_00491.png,G:\Ai-CDD\data\raw\dataset\train\TUBERCULOSIS\tb_00207.png
perceptual_duplicate,G:\Ai-CDD\data\raw\dataset\train\TUBERCULOSIS\tb_00805.png,G:\Ai-CDD\data\raw\dataset\train\TUBERCULOSIS\tb_00208.png
perceptual_duplicate,G:\Ai-CDD\data\raw\dataset\train\TUBERCULOSIS\tb_02126.png,G:\Ai-CDD\data\raw\dataset\train\TUBERCULOSIS\tb_00208.png
perceptual_duplicate,G:\Ai-CDD\data\raw\dataset\train\TUBERCULOSIS\tb_00227.png,G:\Ai-CDD\data\raw\dataset\train\TUBERCULOSIS\tb_00209.png
perceptual_duplicate,G:\Ai-CDD\data\raw\dataset\train\TUBERCULOSIS\tb_00808.png,G:\Ai-CDD\data\raw\dataset\train\TUBERCULOSIS\tb_00209.png
perceptual_duplicate,G:\Ai-CDD\data\raw\dataset\train\TUBERCULOSIS\tb_00830.png,G:\Ai-CDD\data\raw\dataset\train\TUBERCULOSIS\tb_00209.png
perceptual_duplicate,G:\Ai-CDD\data\raw\dataset\train\TUBERCULOSIS\tb_02141.png,G:\Ai-CDD\data\raw\dataset\train\TUBERCULOSIS\tb_00209.png
perceptual_duplicate,G:\Ai-CDD\data\raw\dataset\train\TUBERCULOSIS\tb_00809.png,G:\Ai-CDD\data\raw\dataset\train\TUBERCULOSIS\tb_00210.png
perceptual_duplicate,G:\Ai-CDD\data\raw\dataset\train\TUBERCULOSIS\tb_02129.png,G:\Ai-CDD\data\raw\dataset\train\TUBERCULOSIS\tb_00210.png
perceptual_duplicate,G:\Ai-CDD\data\raw\dataset\train\TUBERCULOSIS\tb_00811.png,G:\Ai-CDD\data\raw\dataset\train\TUBERCULOSIS\tb_00211.png
perceptual_duplicate,G:\Ai-CDD\data\raw\dataset\train\TUBERCULOSIS\tb_02130.png,G:\Ai-CDD\data\raw\dataset\train\TUBERCULOSIS\tb_00211.png
perceptual_duplicate,G:\Ai-CDD\data\raw\dataset\train\TUBERCULOSIS\tb_00813.png,G:\Ai-CDD\data\raw\dataset\train\TUBERCULOSIS\tb_00212.png
perceptual_duplicate,G:\Ai-CDD\data\raw\dataset\train\TUBERCULOSIS\tb_02132.png,G:\Ai-CDD\data\raw\dataset\train\TUBERCULOSIS\tb_00212.png
perceptual_duplicate,G:\Ai-CDD\data\raw\dataset\train\TUBERCULOSIS\tb_00815.png,G:\Ai-CDD\data\raw\dataset\train\TUBERCULOSIS\tb_00213.png
perceptual_duplicate,G:\Ai-CDD\data\raw\dataset\train\TUBERCULOSIS\tb_00816.png,G:\Ai-CDD\data\raw\dataset\train\TUBERCULOSIS\tb_00214.png
perceptual_duplicate,G:\Ai-CDD\data\raw\dataset\train\TUBERCULOSIS\tb_02133.png,G:\Ai-CDD\data\raw\dataset\train\TUBERCULOSIS\tb_00214.png
perceptual_duplicate,G:\Ai-CDD\data\raw\dataset\train\TUBERCULOSIS\tb_00817.png,G:\Ai-CDD\data\raw\dataset\train\TUBERCULOSIS\tb_00215.png
perceptual_duplicate,G:\Ai-CDD\data\raw\dataset\train\TUBERCULOSIS\tb_02134.png,G:\Ai-CDD\data\raw\dataset\train\TUBERCULOSIS\tb_00215.png
perceptual_duplicate,G:\Ai-CDD\data\raw\dataset\train\TUBERCULOSIS\tb_00818.png,G:\Ai-CDD\data\raw\dataset\train\TUBERCULOSIS\tb_00216.png
perceptual_duplicate,G:\Ai-CDD\data\raw\dataset\train\TUBERCULOSIS\tb_02135.png,G:\Ai-CDD\data\raw\dataset\train\TUBERCULOSIS\tb_00216.png
perceptual_duplicate,G:\Ai-CDD\data\raw\dataset\train\TUBERCULOSIS\tb_00279.png,G:\Ai-CDD\data\raw\dataset\train\TUBERCULOSIS\tb_00217.png
perceptual_duplicate,G:\Ai-CDD\data\raw\dataset\train\TUBERCULOSIS\tb_00819.png,G:\Ai-CDD\data\raw\dataset\train\TUBERCULOSIS\tb_00217.png
perceptual_duplicate,G:\Ai-CDD\data\raw\dataset\train\TUBERCULOSIS\tb_00903.png,G:\Ai-CDD\data\raw\dataset\train\TUBERCULOSIS\tb_00217.png
perceptual_duplicate,G:\Ai-CDD\data\raw\dataset\test\TUBERCULOSIS\tb_00505.png,G:\Ai-CDD\data\raw\dataset\train\TUBERCULOSIS\tb_00217.png
perceptual_duplicate,G:\Ai-CDD\data\raw\dataset\train\TUBERCULOSIS\tb_00820.png,G:\Ai-CDD\data\raw\dataset\train\TUBERCULOSIS\tb_00218.png
perceptual_duplicate,G:\Ai-CDD\data\raw\dataset\train\TUBERCULOSIS\tb_02136.png,G:\Ai-CDD\data\raw\dataset\train\TUBERCULOSIS\tb_00218.png
perceptual_duplicate,G:\Ai-CDD\data\raw\dataset\train\TUBERCULOSIS\tb_00821.png,G:\Ai-CDD\data\raw\dataset\train\TUBERCULOSIS\tb_00219.png
perceptual_duplicate,G:\Ai-CDD\data\raw\dataset\train\TUBERCULOSIS\tb_02137.png,G:\Ai-CDD\data\raw\dataset\train\TUBERCULOSIS\tb_00219.png
perceptual_duplicate,G:\Ai-CDD\data\raw\dataset\train\TUBERCULOSIS\tb_00822.png,G:\Ai-CDD\data\raw\dataset\train\TUBERCULOSIS\tb_00220.png
perceptual_duplicate,G:\Ai-CDD\data\raw\dataset\train\TUBERCULOSIS\tb_02138.png,G:\Ai-CDD\data\raw\dataset\train\TUBERCULOSIS\tb_00220.png
perceptual_duplicate,G:\Ai-CDD\data\raw\dataset\train\TUBERCULOSIS\tb_00823.png,G:\Ai-CDD\data\raw\dataset\train\TUBERCULOSIS\tb_00221.png
perceptual_duplicate,G:\Ai-CDD\data\raw\dataset\train\TUBERCULOSIS\tb_00825.png,G:\Ai-CDD\data\raw\dataset\train\TUBERCULOSIS\tb_00222.png
perceptual_duplicate,G:\Ai-CDD\data\raw\dataset\test\TUBERCULOSIS\tb_00494.png,G:\Ai-CDD\data\raw\dataset\train\TUBERCULOSIS\tb_00222.png
perceptual_duplicate,G:\Ai-CDD\data\raw\dataset\train\TUBERCULOSIS\tb_00826.png,G:\Ai-CDD\data\raw\dataset\train\TUBERCULOSIS\tb_00223.png
perceptual_duplicate,G:\Ai-CDD\data\raw\dataset\test\TUBERCULOSIS\tb_00495.png,G:\Ai-CDD\data\raw\dataset\train\TUBERCULOSIS\tb_00223.png
perceptual_duplicate,G:\Ai-CDD\data\raw\dataset\train\TUBERCULOSIS\tb_00827.png,G:\Ai-CDD\data\raw\dataset\train\TUBERCULOSIS\tb_00224.png
perceptual_duplicate,G:\Ai-CDD\data\raw\dataset\train\TUBERCULOSIS\tb_02139.png,G:\Ai-CDD\data\raw\dataset\train\TUBERCULOSIS\tb_00224.png
perceptual_duplicate,G:\Ai-CDD\data\raw\dataset\train\TUBERCULOSIS\tb_00828.png,G:\Ai-CDD\data\raw\dataset\train\TUBERCULOSIS\tb_00225.png
perceptual_duplicate,G:\Ai-CDD\data\raw\dataset\train\TUBERCULOSIS\tb_02140.png,G:\Ai-CDD\data\raw\dataset\train\TUBERCULOSIS\tb_00225.png
perceptual_duplicate,G:\Ai-CDD\data\raw\dataset\train\TUBERCULOSIS\tb_00829.png,G:\Ai-CDD\data\raw\dataset\train\TUBERCULOSIS\tb_00226.png
perceptual_duplicate,G:\Ai-CDD\data\raw\dataset\train\TUBERCULOSIS\tb_00808.png,G:\Ai-CDD\data\raw\dataset\train\TUBERCULOSIS\tb_00227.png
perceptual_duplicate,G:\Ai-CDD\data\raw\dataset\train\TUBERCULOSIS\tb_00830.png,G:\Ai-CDD\data\raw\dataset\train\TUBERCULOSIS\tb_00227.png
perceptual_duplicate,G:\Ai-CDD\data\raw\dataset\train\TUBERCULOSIS\tb_02141.png,G:\Ai-CDD\data\raw\dataset\train\TUBERCULOSIS\tb_00227.png
perceptual_duplicate,G:\Ai-CDD\data\raw\dataset\train\TUBERCULOSIS\tb_00831.png,G:\Ai-CDD\data\raw\dataset\train\TUBERCULOSIS\tb_00228.png
perceptual_duplicate,G:\Ai-CDD\data\raw\dataset\train\TUBERCULOSIS\tb_02142.png,G:\Ai-CDD\data\raw\dataset\train\TUBERCULOSIS\tb_00228.png
perceptual_duplicate,G:\Ai-CDD\data\raw\dataset\train\TUBERCULOSIS\tb_00832.png,G:\Ai-CDD\data\raw\dataset\train\TUBERCULOSIS\tb_00229.png
perceptual_duplicate,G:\Ai-CDD\data\raw\dataset\train\TUBERCULOSIS\tb_02143.png,G:\Ai-CDD\data\raw\dataset\train\TUBERCULOSIS\tb_00229.png
perceptual_duplicate,G:\Ai-CDD\data\raw\dataset\train\TUBERCULOSIS\tb_00834.png,G:\Ai-CDD\data\raw\dataset\train\TUBERCULOSIS\tb_00230.png
perceptual_duplicate,G:\Ai-CDD\data\raw\dataset\test\TUBERCULOSIS\tb_00496.png,G:\Ai-CDD\data\raw\dataset\train\TUBERCULOSIS\tb_00230.png
perceptual_duplicate,G:\Ai-CDD\data\raw\dataset\train\TUBERCULOSIS\tb_00836.png,G:\Ai-CDD\data\raw\dataset\train\TUBERCULOSIS\tb_00231.png
perceptual_duplicate,G:\Ai-CDD\data\raw\dataset\train\TUBERCULOSIS\tb_02146.png,G:\Ai-CDD\data\raw\dataset\train\TUBERCULOSIS\tb_00231.png
perceptual_duplicate,G:\Ai-CDD\data\raw\dataset\train\TUBERCULOSIS\tb_00837.png,G:\Ai-CDD\data\raw\dataset\train\TUBERCULOSIS\tb_00232.png
perceptual_duplicate,G:\Ai-CDD\data\raw\dataset\train\TUBERCULOSIS\tb_02147.png,G:\Ai-CDD\data\raw\dataset\train\TUBERCULOSIS\tb_00232.png
perceptual_duplicate,G:\Ai-CDD\data\raw\dataset\train\TUBERCULOSIS\tb_00838.png,G:\Ai-CDD\data\raw\dataset\train\TUBERCULOSIS\tb_00233.png
perceptual_duplicate,G:\Ai-CDD\data\raw\dataset\train\TUBERCULOSIS\tb_00839.png,G:\Ai-CDD\data\raw\dataset\train\TUBERCULOSIS\tb_00234.png
perceptual_duplicate,G:\Ai-CDD\data\raw\dataset\train\TUBERCULOSIS\tb_02148.png,G:\Ai-CDD\data\raw\dataset\train\TUBERCULOSIS\tb_00234.png
perceptual_duplicate,G:\Ai-CDD\data\raw\dataset\train\TUBERCULOSIS\tb_00840.png,G:\Ai-CDD\data\raw\dataset\train\TUBERCULOSIS\tb_00235.png
perceptual_duplicate,G:\Ai-CDD\data\raw\dataset\train\TUBERCULOSIS\tb_00842.png,G:\Ai-CDD\data\raw\dataset\train\TUBERCULOSIS\tb_00236.png
perceptual_duplicate,G:\Ai-CDD\data\raw\dataset\train\TUBERCULOSIS\tb_02149.png,G:\Ai-CDD\data\raw\dataset\train\TUBERCULOSIS\tb_00236.png
perceptual_duplicate,G:\Ai-CDD\data\raw\dataset\train\TUBERCULOSIS\tb_00843.png,G:\Ai-CDD\data\raw\dataset\train\TUBERCULOSIS\tb_00237.png
perceptual_duplicate,G:\Ai-CDD\data\raw\dataset\train\TUBERCULOSIS\tb_02150.png,G:\Ai-CDD\data\raw\dataset\train\TUBERCULOSIS\tb_00237.png
perceptual_duplicate,G:\Ai-CDD\data\raw\dataset\train\TUBERCULOSIS\tb_00844.png,G:\Ai-CDD\data\raw\dataset\train\TUBERCULOSIS\tb_00238.png
perceptual_duplicate,G:\Ai-CDD\data\raw\dataset\train\TUBERCULOSIS\tb_02151.png,G:\Ai-CDD\data\raw\dataset\train\TUBERCULOSIS\tb_00238.png
perceptual_duplicate,G:\Ai-CDD\data\raw\dataset\train\TUBERCULOSIS\tb_00846.png,G:\Ai-CDD\data\raw\dataset\train\TUBERCULOSIS\tb_00239.png
perceptual_duplicate,G:\Ai-CDD\data\raw\dataset\train\TUBERCULOSIS\tb_02153.png,G:\Ai-CDD\data\raw\dataset\train\TUBERCULOSIS\tb_00239.png
perceptual_duplicate,G:\Ai-CDD\data\raw\dataset\train\TUBERCULOSIS\tb_00847.png,G:\Ai-CDD\data\raw\dataset\train\TUBERCULOSIS\tb_00240.png
perceptual_duplicate,G:\Ai-CDD\data\raw\dataset\train\TUBERCULOSIS\tb_02154.png,G:\Ai-CDD\data\raw\dataset\train\TUBERCULOSIS\tb_00240.png
perceptual_duplicate,G:\Ai-CDD\data\raw\dataset\train\TUBERCULOSIS\tb_00848.png,G:\Ai-CDD\data\raw\dataset\train\TUBERCULOSIS\tb_00241.png
perceptual_duplicate,G:\Ai-CDD\data\raw\dataset\train\TUBERCULOSIS\tb_02155.png,G:\Ai-CDD\data\raw\dataset\train\TUBERCULOSIS\tb_00241.png
perceptual_duplicate,G:\Ai-CDD\data\raw\dataset\train\TUBERCULOSIS\tb_00850.png,G:\Ai-CDD\data\raw\dataset\train\TUBERCULOSIS\tb_00242.png
perceptual_duplicate,G:\Ai-CDD\data\raw\dataset\test\TUBERCULOSIS\tb_00498.png,G:\Ai-CDD\data\raw\dataset\train\TUBERCULOSIS\tb_00242.png
perceptual_duplicate,G:\Ai-CDD\data\raw\dataset\train\TUBERCULOSIS\tb_00851.png,G:\Ai-CDD\data\raw\dataset\train\TUBERCULOSIS\tb_00243.png
perceptual_duplicate,G:\Ai-CDD\data\raw\dataset\train\TUBERCULOSIS\tb_02157.png,G:\Ai-CDD\data\raw\dataset\train\TUBERCULOSIS\tb_00243.png
perceptual_duplicate,G:\Ai-CDD\data\raw\dataset\train\TUBERCULOSIS\tb_00852.png,G:\Ai-CDD\data\raw\dataset\train\TUBERCULOSIS\tb_00244.png
perceptual_duplicate,G:\Ai-CDD\data\raw\dataset\train\TUBERCULOSIS\tb_00853.png,G:\Ai-CDD\data\raw\dataset\train\TUBERCULOSIS\tb_00245.png
perceptual_duplicate,G:\Ai-CDD\data\raw\dataset\test\TUBERCULOSIS\tb_00499.png,G:\Ai-CDD\data\raw\dataset\train\TUBERCULOSIS\tb_00245.png
perceptual_duplicate,G:\Ai-CDD\data\raw\dataset\train\TUBERCULOSIS\tb_00854.png,G:\Ai-CDD\data\raw\dataset\train\TUBERCULOSIS\tb_00246.png
perceptual_duplicate,G:\Ai-CDD\data\raw\dataset\train\TUBERCULOSIS\tb_00855.png,G:\Ai-CDD\data\raw\dataset\train\TUBERCULOSIS\tb_00247.png
perceptual_duplicate,G:\Ai-CDD\data\raw\dataset\train\TUBERCULOSIS\tb_02158.png,G:\Ai-CDD\data\raw\dataset\train\TUBERCULOSIS\tb_00247.png
perceptual_duplicate,G:\Ai-CDD\data\raw\dataset\train\TUBERCULOSIS\tb_00856.png,G:\Ai-CDD\data\raw\dataset\train\TUBERCULOSIS\tb_00248.png
perceptual_duplicate,G:\Ai-CDD\data\raw\dataset\train\TUBERCULOSIS\tb_02159.png,G:\Ai-CDD\data\raw\dataset\train\TUBERCULOSIS\tb_00248.png
perceptual_duplicate,G:\Ai-CDD\data\raw\dataset\train\TUBERCULOSIS\tb_00857.png,G:\Ai-CDD\data\raw\dataset\train\TUBERCULOSIS\tb_00249.png
perceptual_duplicate,G:\Ai-CDD\data\raw\dataset\train\TUBERCULOSIS\tb_02160.png,G:\Ai-CDD\data\raw\dataset\train\TUBERCULOSIS\tb_00249.png
perceptual_duplicate,G:\Ai-CDD\data\raw\dataset\train\TUBERCULOSIS\tb_00799.png,G:\Ai-CDD\data\raw\dataset\train\TUBERCULOSIS\tb_00250.png
perceptual_duplicate,G:\Ai-CDD\data\raw\dataset\train\TUBERCULOSIS\tb_00858.png,G:\Ai-CDD\data\raw\dataset\train\TUBERCULOSIS\tb_00250.png
perceptual_duplicate,G:\Ai-CDD\data\raw\dataset\train\TUBERCULOSIS\tb_02161.png,G:\Ai-CDD\data\raw\dataset\train\TUBERCULOSIS\tb_00250.png
perceptual_duplicate,G:\Ai-CDD\data\raw\dataset\test\TUBERCULOSIS\tb_00054.png,G:\Ai-CDD\data\raw\dataset\train\TUBERCULOSIS\tb_00250.png
perceptual_duplicate,G:\Ai-CDD\data\raw\dataset\train\TUBERCULOSIS\tb_00861.png,G:\Ai-CDD\data\raw\dataset\train\TUBERCULOSIS\tb_00251.png
perceptual_duplicate,G:\Ai-CDD\data\raw\dataset\train\TUBERCULOSIS\tb_02164.png,G:\Ai-CDD\data\raw\dataset\train\TUBERCULOSIS\tb_00251.png
perceptual_duplicate,G:\Ai-CDD\data\raw\dataset\train\TUBERCULOSIS\tb_00862.png,G:\Ai-CDD\data\raw\dataset\train\TUBERCULOSIS\tb_00252.png
perceptual_duplicate,G:\Ai-CDD\data\raw\dataset\train\TUBERCULOSIS\tb_02165.png,G:\Ai-CDD\data\raw\dataset\train\TUBERCULOSIS\tb_00252.png
perceptual_duplicate,G:\Ai-CDD\data\raw\dataset\train\TUBERCULOSIS\tb_00863.png,G:\Ai-CDD\data\raw\dataset\train\TUBERCULOSIS\tb_00253.png
perceptual_duplicate,G:\Ai-CDD\data\raw\dataset\train\TUBERCULOSIS\tb_00865.png,G:\Ai-CDD\data\raw\dataset\train\TUBERCULOSIS\tb_00254.png
perceptual_duplicate,G:\Ai-CDD\data\raw\dataset\train\TUBERCULOSIS\tb_00867.png,G:\Ai-CDD\data\raw\dataset\train\TUBERCULOSIS\tb_00255.png
perceptual_duplicate,G:\Ai-CDD\data\raw\dataset\train\TUBERCULOSIS\tb_02168.png,G:\Ai-CDD\data\raw\dataset\train\TUBERCULOSIS\tb_00255.png
perceptual_duplicate,G:\Ai-CDD\data\raw\dataset\train\TUBERCULOSIS\tb_00868.png,G:\Ai-CDD\data\raw\dataset\train\TUBERCULOSIS\tb_00256.png
perceptual_duplicate,G:\Ai-CDD\data\raw\dataset\test\TUBERCULOSIS\tb_00500.png,G:\Ai-CDD\data\raw\dataset\train\TUBERCULOSIS\tb_00256.png
perceptual_duplicate,G:\Ai-CDD\data\raw\dataset\train\TUBERCULOSIS\tb_00871.png,G:\Ai-CDD\data\raw\dataset\train\TUBERCULOSIS\tb_00257.png
perceptual_duplicate,G:\Ai-CDD\data\raw\dataset\test\TUBERCULOSIS\tb_00501.png,G:\Ai-CDD\data\raw\dataset\train\TUBERCULOSIS\tb_00257.png
perceptual_duplicate,G:\Ai-CDD\data\raw\dataset\train\TUBERCULOSIS\tb_00872.png,G:\Ai-CDD\data\raw\dataset\train\TUBERCULOSIS\tb_00258.png
perceptual_duplicate,G:\Ai-CDD\data\raw\dataset\train\TUBERCULOSIS\tb_00873.png,G:\Ai-CDD\data\raw\dataset\train\TUBERCULOSIS\tb_00259.png
perceptual_duplicate,G:\Ai-CDD\data\raw\dataset\train\TUBERCULOSIS\tb_02171.png,G:\Ai-CDD\data\raw\dataset\train\TUBERCULOSIS\tb_00259.png
perceptual_duplicate,G:\Ai-CDD\data\raw\dataset\train\TUBERCULOSIS\tb_00874.png,G:\Ai-CDD\data\raw\dataset\train\TUBERCULOSIS\tb_00260.png
perceptual_duplicate,G:\Ai-CDD\data\raw\dataset\train\TUBERCULOSIS\tb_00875.png,G:\Ai-CDD\data\raw\dataset\train\TUBERCULOSIS\tb_00261.png
perceptual_duplicate,G:\Ai-CDD\data\raw\dataset\train\TUBERCULOSIS\tb_02172.png,G:\Ai-CDD\data\raw\dataset\train\TUBERCULOSIS\tb_00261.png
perceptual_duplicate,G:\Ai-CDD\data\raw\dataset\train\TUBERCULOSIS\tb_00876.png,G:\Ai-CDD\data\raw\dataset\train\TUBERCULOSIS\tb_00262.png
perceptual_duplicate,G:\Ai-CDD\data\raw\dataset\train\TUBERCULOSIS\tb_02173.png,G:\Ai-CDD\data\raw\dataset\train\TUBERCULOSIS\tb_00262.png
perceptual_duplicate,G:\Ai-CDD\data\raw\dataset\train\TUBERCULOSIS\tb_00877.png,G:\Ai-CDD\data\raw\dataset\train\TUBERCULOSIS\tb_00263.png
perceptual_duplicate,G:\Ai-CDD\data\raw\dataset\train\TUBERCULOSIS\tb_00878.png,G:\Ai-CDD\data\raw\dataset\train\TUBERCULOSIS\tb_00264.png
perceptual_duplicate,G:\Ai-CDD\data\raw\dataset\train\TUBERCULOSIS\tb_00879.png,G:\Ai-CDD\data\raw\dataset\train\TUBERCULOSIS\tb_00265.png
perceptual_duplicate,G:\Ai-CDD\data\raw\dataset\train\TUBERCULOSIS\tb_02174.png,G:\Ai-CDD\data\raw\dataset\train\TUBERCULOSIS\tb_00265.png
perceptual_duplicate,G:\Ai-CDD\data\raw\dataset\train\TUBERCULOSIS\tb_00880.png,G:\Ai-CDD\data\raw\dataset\train\TUBERCULOSIS\tb_00266.png
perceptual_duplicate,G:\Ai-CDD\data\raw\dataset\train\TUBERCULOSIS\tb_02175.png,G:\Ai-CDD\data\raw\dataset\train\TUBERCULOSIS\tb_00266.png
perceptual_duplicate,G:\Ai-CDD\data\raw\dataset\train\TUBERCULOSIS\tb_00884.png,G:\Ai-CDD\data\raw\dataset\train\TUBERCULOSIS\tb_00267.png
perceptual_duplicate,G:\Ai-CDD\data\raw\dataset\train\TUBERCULOSIS\tb_00887.png,G:\Ai-CDD\data\raw\dataset\train\TUBERCULOSIS\tb_00268.png
perceptual_duplicate,G:\Ai-CDD\data\raw\dataset\train\TUBERCULOSIS\tb_02178.png,G:\Ai-CDD\data\raw\dataset\train\TUBERCULOSIS\tb_00268.png
perceptual_duplicate,G:\Ai-CDD\data\raw\dataset\train\TUBERCULOSIS\tb_00888.png,G:\Ai-CDD\data\raw\dataset\train\TUBERCULOSIS\tb_00269.png
perceptual_duplicate,G:\Ai-CDD\data\raw\dataset\train\TUBERCULOSIS\tb_00889.png,G:\Ai-CDD\data\raw\dataset\train\TUBERCULOSIS\tb_00270.png
perceptual_duplicate,G:\Ai-CDD\data\raw\dataset\train\TUBERCULOSIS\tb_02179.png,G:\Ai-CDD\data\raw\dataset\train\TUBERCULOSIS\tb_00270.png
perceptual_duplicate,G:\Ai-CDD\data\raw\dataset\train\TUBERCULOSIS\tb_00892.png,G:\Ai-CDD\data\raw\dataset\train\TUBERCULOSIS\tb_00271.png
perceptual_duplicate,G:\Ai-CDD\data\raw\dataset\train\TUBERCULOSIS\tb_02182.png,G:\Ai-CDD\data\raw\dataset\train\TUBERCULOSIS\tb_00271.png
perceptual_duplicate,G:\Ai-CDD\data\raw\dataset\train\TUBERCULOSIS\tb_00893.png,G:\Ai-CDD\data\raw\dataset\train\TUBERCULOSIS\tb_00272.png
perceptual_duplicate,G:\Ai-CDD\data\raw\dataset\test\TUBERCULOSIS\tb_00503.png,G:\Ai-CDD\data\raw\dataset\train\TUBERCULOSIS\tb_00272.png
perceptual_duplicate,G:\Ai-CDD\data\raw\dataset\train\TUBERCULOSIS\tb_00894.png,G:\Ai-CDD\data\raw\dataset\train\TUBERCULOSIS\tb_00273.png
perceptual_duplicate,G:\Ai-CDD\data\raw\dataset\train\TUBERCULOSIS\tb_00896.png,G:\Ai-CDD\data\raw\dataset\train\TUBERCULOSIS\tb_00274.png
perceptual_duplicate,G:\Ai-CDD\data\raw\dataset\train\TUBERCULOSIS\tb_00897.png,G:\Ai-CDD\data\raw\dataset\train\TUBERCULOSIS\tb_00274.png
perceptual_duplicate,G:\Ai-CDD\data\raw\dataset\train\TUBERCULOSIS\tb_02183.png,G:\Ai-CDD\data\raw\dataset\train\TUBERCULOSIS\tb_00274.png
perceptual_duplicate,G:\Ai-CDD\data\raw\dataset\train\TUBERCULOSIS\tb_00276.png,G:\Ai-CDD\data\raw\dataset\train\TUBERCULOSIS\tb_00275.png
perceptual_duplicate,G:\Ai-CDD\data\raw\dataset\train\TUBERCULOSIS\tb_00277.png,G:\Ai-CDD\data\raw\dataset\train\TUBERCULOSIS\tb_00275.png
perceptual_duplicate,G:\Ai-CDD\data\raw\dataset\train\TUBERCULOSIS\tb_00278.png,G:\Ai-CDD\data\raw\dataset\train\TUBERCULOSIS\tb_00275.png
perceptual_duplicate,G:\Ai-CDD\data\raw\dataset\train\TUBERCULOSIS\tb_00898.png,G:\Ai-CDD\data\raw\dataset\train\TUBERCULOSIS\tb_00275.png
perceptual_duplicate,G:\Ai-CDD\data\raw\dataset\train\TUBERCULOSIS\tb_00899.png,G:\Ai-CDD\data\raw\dataset\train\TUBERCULOSIS\tb_00275.png
perceptual_duplicate,G:\Ai-CDD\data\raw\dataset\train\TUBERCULOSIS\tb_00900.png,G:\Ai-CDD\data\raw\dataset\train\TUBERCULOSIS\tb_00275.png
perceptual_duplicate,G:\Ai-CDD\data\raw\dataset\train\TUBERCULOSIS\tb_00902.png,G:\Ai-CDD\data\raw\dataset\train\TUBERCULOSIS\tb_00275.png
perceptual_duplicate,G:\Ai-CDD\data\raw\dataset\train\TUBERCULOSIS\tb_00277.png,G:\Ai-CDD\data\raw\dataset\train\TUBERCULOSIS\tb_00276.png
perceptual_duplicate,G:\Ai-CDD\data\raw\dataset\train\TUBERCULOSIS\tb_00278.png,G:\Ai-CDD\data\raw\dataset\train\TUBERCULOSIS\tb_00276.png
perceptual_duplicate,G:\Ai-CDD\data\raw\dataset\train\TUBERCULOSIS\tb_00898.png,G:\Ai-CDD\data\raw\dataset\train\TUBERCULOSIS\tb_00276.png
perceptual_duplicate,G:\Ai-CDD\data\raw\dataset\train\TUBERCULOSIS\tb_00899.png,G:\Ai-CDD\data\raw\dataset\train\TUBERCULOSIS\tb_00276.png
perceptual_duplicate,G:\Ai-CDD\data\raw\dataset\train\TUBERCULOSIS\tb_00900.png,G:\Ai-CDD\data\raw\dataset\train\TUBERCULOSIS\tb_00276.png
perceptual_duplicate,G:\Ai-CDD\data\raw\dataset\train\TUBERCULOSIS\tb_00902.png,G:\Ai-CDD\data\raw\dataset\train\TUBERCULOSIS\tb_00276.png
perceptual_duplicate,G:\Ai-CDD\data\raw\dataset\train\TUBERCULOSIS\tb_00278.png,G:\Ai-CDD\data\raw\dataset\train\TUBERCULOSIS\tb_00277.png
perceptual_duplicate,G:\Ai-CDD\data\raw\dataset\train\TUBERCULOSIS\tb_00898.png,G:\Ai-CDD\data\raw\dataset\train\TUBERCULOSIS\tb_00277.png
perceptual_duplicate,G:\Ai-CDD\data\raw\dataset\train\TUBERCULOSIS\tb_00899.png,G:\Ai-CDD\data\raw\dataset\train\TUBERCULOSIS\tb_00277.png
perceptual_duplicate,G:\Ai-CDD\data\raw\dataset\train\TUBERCULOSIS\tb_00900.png,G:\Ai-CDD\data\raw\dataset\train\TUBERCULOSIS\tb_00277.png
perceptual_duplicate,G:\Ai-CDD\data\raw\dataset\train\TUBERCULOSIS\tb_00902.png,G:\Ai-CDD\data\raw\dataset\train\TUBERCULOSIS\tb_00277.png
perceptual_duplicate,G:\Ai-CDD\data\raw\dataset\train\TUBERCULOSIS\tb_00898.png,G:\Ai-CDD\data\raw\dataset\train\TUBERCULOSIS\tb_00278.png
perceptual_duplicate,G:\Ai-CDD\data\raw\dataset\train\TUBERCULOSIS\tb_00899.png,G:\Ai-CDD\data\raw\dataset\train\TUBERCULOSIS\tb_00278.png
perceptual_duplicate,G:\Ai-CDD\data\raw\dataset\train\TUBERCULOSIS\tb_00900.png,G:\Ai-CDD\data\raw\dataset\train\TUBERCULOSIS\tb_00278.png
perceptual_duplicate,G:\Ai-CDD\data\raw\dataset\train\TUBERCULOSIS\tb_00902.png,G:\Ai-CDD\data\raw\dataset\train\TUBERCULOSIS\tb_00278.png
perceptual_duplicate,G:\Ai-CDD\data\raw\dataset\train\TUBERCULOSIS\tb_00819.png,G:\Ai-CDD\data\raw\dataset\train\TUBERCULOSIS\tb_00279.png
perceptual_duplicate,G:\Ai-CDD\data\raw\dataset\train\TUBERCULOSIS\tb_00903.png,G:\Ai-CDD\data\raw\dataset\train\TUBERCULOSIS\tb_00279.png
perceptual_duplicate,G:\Ai-CDD\data\raw\dataset\test\TUBERCULOSIS\tb_00505.png,G:\Ai-CDD\data\raw\dataset\train\TUBERCULOSIS\tb_00279.png
perceptual_duplicate,G:\Ai-CDD\data\raw\dataset\train\TUBERCULOSIS\tb_00904.png,G:\Ai-CDD\data\raw\dataset\train\TUBERCULOSIS\tb_00280.png
perceptual_duplicate,G:\Ai-CDD\data\raw\dataset\train\TUBERCULOSIS\tb_02185.png,G:\Ai-CDD\data\raw\dataset\train\TUBERCULOSIS\tb_00280.png
perceptual_duplicate,G:\Ai-CDD\data\raw\dataset\train\TUBERCULOSIS\tb_00905.png,G:\Ai-CDD\data\raw\dataset\train\TUBERCULOSIS\tb_00281.png
perceptual_duplicate,G:\Ai-CDD\data\raw\dataset\train\TUBERCULOSIS\tb_02186.png,G:\Ai-CDD\data\raw\dataset\train\TUBERCULOSIS\tb_00281.png
perceptual_duplicate,G:\Ai-CDD\data\raw\dataset\train\TUBERCULOSIS\tb_00906.png,G:\Ai-CDD\data\raw\dataset\train\TUBERCULOSIS\tb_00282.png
perceptual_duplicate,G:\Ai-CDD\data\raw\dataset\train\TUBERCULOSIS\tb_02187.png,G:\Ai-CDD\data\raw\dataset\train\TUBERCULOSIS\tb_00282.png
perceptual_duplicate,G:\Ai-CDD\data\raw\dataset\train\TUBERCULOSIS\tb_00907.png,G:\Ai-CDD\data\raw\dataset\train\TUBERCULOSIS\tb_00283.png
perceptual_duplicate,G:\Ai-CDD\data\raw\dataset\train\TUBERCULOSIS\tb_00908.png,G:\Ai-CDD\data\raw\dataset\train\TUBERCULOSIS\tb_00284.png
perceptual_duplicate,G:\Ai-CDD\data\raw\dataset\test\TUBERCULOSIS\tb_00506.png,G:\Ai-CDD\data\raw\dataset\train\TUBERCULOSIS\tb_00284.png
perceptual_duplicate,G:\Ai-CDD\data\raw\dataset\train\TUBERCULOSIS\tb_00909.png,G:\Ai-CDD\data\raw\dataset\train\TUBERCULOSIS\tb_00285.png
perceptual_duplicate,G:\Ai-CDD\data\raw\dataset\train\TUBERCULOSIS\tb_02188.png,G:\Ai-CDD\data\raw\dataset\train\TUBERCULOSIS\tb_00285.png
perceptual_duplicate,G:\Ai-CDD\data\raw\dataset\train\TUBERCULOSIS\tb_00910.png,G:\Ai-CDD\data\raw\dataset\train\TUBERCULOSIS\tb_00286.png
perceptual_duplicate,G:\Ai-CDD\data\raw\dataset\test\TUBERCULOSIS\tb_00507.png,G:\Ai-CDD\data\raw\dataset\train\TUBERCULOSIS\tb_00286.png
perceptual_duplicate,G:\Ai-CDD\data\raw\dataset\train\TUBERCULOSIS\tb_00912.png,G:\Ai-CDD\data\raw\dataset\train\TUBERCULOSIS\tb_00287.png
perceptual_duplicate,G:\Ai-CDD\data\raw\dataset\train\TUBERCULOSIS\tb_02190.png,G:\Ai-CDD\data\raw\dataset\train\TUBERCULOSIS\tb_00287.png
perceptual_duplicate,G:\Ai-CDD\data\raw\dataset\train\TUBERCULOSIS\tb_00913.png,G:\Ai-CDD\data\raw\dataset\train\TUBERCULOSIS\tb_00288.png
perceptual_duplicate,G:\Ai-CDD\data\raw\dataset\train\TUBERCULOSIS\tb_02191.png,G:\Ai-CDD\data\raw\dataset\train\TUBERCULOSIS\tb_00288.png
perceptual_duplicate,G:\Ai-CDD\data\raw\dataset\train\TUBERCULOSIS\tb_00914.png,G:\Ai-CDD\data\raw\dataset\train\TUBERCULOSIS\tb_00289.png
perceptual_duplicate,G:\Ai-CDD\data\raw\dataset\train\TUBERCULOSIS\tb_02192.png,G:\Ai-CDD\data\raw\dataset\train\TUBERCULOSIS\tb_00289.png
perceptual_duplicate,G:\Ai-CDD\data\raw\dataset\train\TUBERCULOSIS\tb_00916.png,G:\Ai-CDD\data\raw\dataset\train\TUBERCULOSIS\tb_00290.png
perceptual_duplicate,G:\Ai-CDD\data\raw\dataset\train\TUBERCULOSIS\tb_02194.png,G:\Ai-CDD\data\raw\dataset\train\TUBERCULOSIS\tb_00290.png
perceptual_duplicate,G:\Ai-CDD\data\raw\dataset\train\TUBERCULOSIS\tb_00917.png,G:\Ai-CDD\data\raw\dataset\train\TUBERCULOSIS\tb_00291.png
perceptual_duplicate,G:\Ai-CDD\data\raw\dataset\train\TUBERCULOSIS\tb_02195.png,G:\Ai-CDD\data\raw\dataset\train\TUBERCULOSIS\tb_00291.png
perceptual_duplicate,G:\Ai-CDD\data\raw\dataset\train\TUBERCULOSIS\tb_00918.png,G:\Ai-CDD\data\raw\dataset\train\TUBERCULOSIS\tb_00292.png
perceptual_duplicate,G:\Ai-CDD\data\raw\dataset\test\TUBERCULOSIS\tb_00508.png,G:\Ai-CDD\data\raw\dataset\train\TUBERCULOSIS\tb_00292.png
perceptual_duplicate,G:\Ai-CDD\data\raw\dataset\train\TUBERCULOSIS\tb_00919.png,G:\Ai-CDD\data\raw\dataset\train\TUBERCULOSIS\tb_00293.png
perceptual_duplicate,G:\Ai-CDD\data\raw\dataset\train\TUBERCULOSIS\tb_02196.png,G:\Ai-CDD\data\raw\dataset\train\TUBERCULOSIS\tb_00293.png
perceptual_duplicate,G:\Ai-CDD\data\raw\dataset\train\TUBERCULOSIS\tb_00921.png,G:\Ai-CDD\data\raw\dataset\train\TUBERCULOSIS\tb_00294.png
perceptual_duplicate,G:\Ai-CDD\data\raw\dataset\test\TUBERCULOSIS\tb_00509.png,G:\Ai-CDD\data\raw\dataset\train\TUBERCULOSIS\tb_00294.png
perceptual_duplicate,G:\Ai-CDD\data\raw\dataset\train\TUBERCULOSIS\tb_00924.png,G:\Ai-CDD\data\raw\dataset\train\TUBERCULOSIS\tb_00295.png
perceptual_duplicate,G:\Ai-CDD\data\raw\dataset\train\TUBERCULOSIS\tb_02199.png,G:\Ai-CDD\data\raw\dataset\train\TUBERCULOSIS\tb_00295.png
perceptual_duplicate,G:\Ai-CDD\data\raw\dataset\train\TUBERCULOSIS\tb_00925.png,G:\Ai-CDD\data\raw\dataset\train\TUBERCULOSIS\tb_00296.png
perceptual_duplicate,G:\Ai-CDD\data\raw\dataset\train\TUBERCULOSIS\tb_00926.png,G:\Ai-CDD\data\raw\dataset\train\TUBERCULOSIS\tb_00297.png
perceptual_duplicate,G:\Ai-CDD\data\raw\dataset\test\TUBERCULOSIS\tb_00510.png,G:\Ai-CDD\data\raw\dataset\train\TUBERCULOSIS\tb_00297.png
perceptual_duplicate,G:\Ai-CDD\data\raw\dataset\train\TUBERCULOSIS\tb_00927.png,G:\Ai-CDD\data\raw\dataset\train\TUBERCULOSIS\tb_00298.png
perceptual_duplicate,G:\Ai-CDD\data\raw\dataset\train\TUBERCULOSIS\tb_00930.png,G:\Ai-CDD\data\raw\dataset\train\TUBERCULOSIS\tb_00299.png
perceptual_duplicate,G:\Ai-CDD\data\raw\dataset\train\TUBERCULOSIS\tb_02202.png,G:\Ai-CDD\data\raw\dataset\train\TUBERCULOSIS\tb_00299.png
perceptual_duplicate,G:\Ai-CDD\data\raw\dataset\train\TUBERCULOSIS\tb_00931.png,G:\Ai-CDD\data\raw\dataset\train\TUBERCULOSIS\tb_00300.png
perceptual_duplicate,G:\Ai-CDD\data\raw\dataset\train\TUBERCULOSIS\tb_00932.png,G:\Ai-CDD\data\raw\dataset\train\TUBERCULOSIS\tb_00301.png
perceptual_duplicate,G:\Ai-CDD\data\raw\dataset\train\TUBERCULOSIS\tb_02203.png,G:\Ai-CDD\data\raw\dataset\train\TUBERCULOSIS\tb_00301.png
perceptual_duplicate,G:\Ai-CDD\data\raw\dataset\train\TUBERCULOSIS\tb_00933.png,G:\Ai-CDD\data\raw\dataset\train\TUBERCULOSIS\tb_00302.png
perceptual_duplicate,G:\Ai-CDD\data\raw\dataset\train\TUBERCULOSIS\tb_02204.png,G:\Ai-CDD\data\raw\dataset\train\TUBERCULOSIS\tb_00302.png
perceptual_duplicate,G:\Ai-CDD\data\raw\dataset\train\TUBERCULOSIS\tb_00935.png,G:\Ai-CDD\data\raw\dataset\train\TUBERCULOSIS\tb_00303.png
perceptual_duplicate,G:\Ai-CDD\data\raw\dataset\train\TUBERCULOSIS\tb_02206.png,G:\Ai-CDD\data\raw\dataset\train\TUBERCULOSIS\tb_00303.png
perceptual_duplicate,G:\Ai-CDD\data\raw\dataset\train\TUBERCULOSIS\tb_00936.png,G:\Ai-CDD\data\raw\dataset\train\TUBERCULOSIS\tb_00304.png
perceptual_duplicate,G:\Ai-CDD\data\raw\dataset\test\TUBERCULOSIS\tb_00511.png,G:\Ai-CDD\data\raw\dataset\train\TUBERCULOSIS\tb_00304.png
perceptual_duplicate,G:\Ai-CDD\data\raw\dataset\train\TUBERCULOSIS\tb_00938.png,G:\Ai-CDD\data\raw\dataset\train\TUBERCULOSIS\tb_00305.png
perceptual_duplicate,G:\Ai-CDD\data\raw\dataset\train\TUBERCULOSIS\tb_02208.png,G:\Ai-CDD\data\raw\dataset\train\TUBERCULOSIS\tb_00305.png
perceptual_duplicate,G:\Ai-CDD\data\raw\dataset\train\TUBERCULOSIS\tb_00939.png,G:\Ai-CDD\data\raw\dataset\train\TUBERCULOSIS\tb_00306.png
perceptual_duplicate,G:\Ai-CDD\data\raw\dataset\train\TUBERCULOSIS\tb_02209.png,G:\Ai-CDD\data\raw\dataset\train\TUBERCULOSIS\tb_00306.png
perceptual_duplicate,G:\Ai-CDD\data\raw\dataset\train\TUBERCULOSIS\tb_00942.png,G:\Ai-CDD\data\raw\dataset\train\TUBERCULOSIS\tb_00307.png
perceptual_duplicate,G:\Ai-CDD\data\raw\dataset\train\TUBERCULOSIS\tb_02211.png,G:\Ai-CDD\data\raw\dataset\train\TUBERCULOSIS\tb_00307.png
perceptual_duplicate,G:\Ai-CDD\data\raw\dataset\train\TUBERCULOSIS\tb_00944.png,G:\Ai-CDD\data\raw\dataset\train\TUBERCULOSIS\tb_00308.png
perceptual_duplicate,G:\Ai-CDD\data\raw\dataset\train\TUBERCULOSIS\tb_02212.png,G:\Ai-CDD\data\raw\dataset\train\TUBERCULOSIS\tb_00308.png
perceptual_duplicate,G:\Ai-CDD\data\raw\dataset\train\TUBERCULOSIS\tb_00946.png,G:\Ai-CDD\data\raw\dataset\train\TUBERCULOSIS\tb_00309.png
perceptual_duplicate,G:\Ai-CDD\data\raw\dataset\train\TUBERCULOSIS\tb_00948.png,G:\Ai-CDD\data\raw\dataset\train\TUBERCULOSIS\tb_00310.png
perceptual_duplicate,G:\Ai-CDD\data\raw\dataset\train\TUBERCULOSIS\tb_02214.png,G:\Ai-CDD\data\raw\dataset\train\TUBERCULOSIS\tb_00310.png
perceptual_duplicate,G:\Ai-CDD\data\raw\dataset\train\TUBERCULOSIS\tb_00949.png,G:\Ai-CDD\data\raw\dataset\train\TUBERCULOSIS\tb_00311.png
perceptual_duplicate,G:\Ai-CDD\data\raw\dataset\train\TUBERCULOSIS\tb_02215.png,G:\Ai-CDD\data\raw\dataset\train\TUBERCULOSIS\tb_00311.png
perceptual_duplicate,G:\Ai-CDD\data\raw\dataset\train\TUBERCULOSIS\tb_00950.png,G:\Ai-CDD\data\raw\dataset\train\TUBERCULOSIS\tb_00312.png
perceptual_duplicate,G:\Ai-CDD\data\raw\dataset\test\TUBERCULOSIS\tb_00513.png,G:\Ai-CDD\data\raw\dataset\train\TUBERCULOSIS\tb_00312.png
perceptual_duplicate,G:\Ai-CDD\data\raw\dataset\train\TUBERCULOSIS\tb_00951.png,G:\Ai-CDD\data\raw\dataset\train\TUBERCULOSIS\tb_00313.png
perceptual_duplicate,G:\Ai-CDD\data\raw\dataset\test\TUBERCULOSIS\tb_00514.png,G:\Ai-CDD\data\raw\dataset\train\TUBERCULOSIS\tb_00313.png
perceptual_duplicate,G:\Ai-CDD\data\raw\dataset\train\TUBERCULOSIS\tb_00952.png,G:\Ai-CDD\data\raw\dataset\train\TUBERCULOSIS\tb_00314.png
perceptual_duplicate,G:\Ai-CDD\data\raw\dataset\train\TUBERCULOSIS\tb_00953.png,G:\Ai-CDD\data\raw\dataset\train\TUBERCULOSIS\tb_00315.png
perceptual_duplicate,G:\Ai-CDD\data\raw\dataset\train\TUBERCULOSIS\tb_00955.png,G:\Ai-CDD\data\raw\dataset\train\TUBERCULOSIS\tb_00316.png
perceptual_duplicate,G:\Ai-CDD\data\raw\dataset\train\TUBERCULOSIS\tb_02217.png,G:\Ai-CDD\data\raw\dataset\train\TUBERCULOSIS\tb_00316.png
perceptual_duplicate,G:\Ai-CDD\data\raw\dataset\train\TUBERCULOSIS\tb_00958.png,G:\Ai-CDD\data\raw\dataset\train\TUBERCULOSIS\tb_00317.png
perceptual_duplicate,G:\Ai-CDD\data\raw\dataset\train\TUBERCULOSIS\tb_02218.png,G:\Ai-CDD\data\raw\dataset\train\TUBERCULOSIS\tb_00317.png
perceptual_duplicate,G:\Ai-CDD\data\raw\dataset\train\TUBERCULOSIS\tb_00959.png,G:\Ai-CDD\data\raw\dataset\train\TUBERCULOSIS\tb_00318.png
perceptual_duplicate,G:\Ai-CDD\data\raw\dataset\train\TUBERCULOSIS\tb_02219.png,G:\Ai-CDD\data\raw\dataset\train\TUBERCULOSIS\tb_00318.png
perceptual_duplicate,G:\Ai-CDD\data\raw\dataset\train\TUBERCULOSIS\tb_00961.png,G:\Ai-CDD\data\raw\dataset\train\TUBERCULOSIS\tb_00319.png
perceptual_duplicate,G:\Ai-CDD\data\raw\dataset\train\TUBERCULOSIS\tb_02221.png,G:\Ai-CDD\data\raw\dataset\train\TUBERCULOSIS\tb_00319.png
perceptual_duplicate,G:\Ai-CDD\data\raw\dataset\train\TUBERCULOSIS\tb_00962.png,G:\Ai-CDD\data\raw\dataset\train\TUBERCULOSIS\tb_00320.png
perceptual_duplicate,G:\Ai-CDD\data\raw\dataset\test\TUBERCULOSIS\tb_00516.png,G:\Ai-CDD\data\raw\dataset\train\TUBERCULOSIS\tb_00320.png
perceptual_duplicate,G:\Ai-CDD\data\raw\dataset\train\TUBERCULOSIS\tb_00963.png,G:\Ai-CDD\data\raw\dataset\train\TUBERCULOSIS\tb_00321.png
perceptual_duplicate,G:\Ai-CDD\data\raw\dataset\train\TUBERCULOSIS\tb_00964.png,G:\Ai-CDD\data\raw\dataset\train\TUBERCULOSIS\tb_00322.png
perceptual_duplicate,G:\Ai-CDD\data\raw\dataset\train\TUBERCULOSIS\tb_02222.png,G:\Ai-CDD\data\raw\dataset\train\TUBERCULOSIS\tb_00322.png
perceptual_duplicate,G:\Ai-CDD\data\raw\dataset\train\TUBERCULOSIS\tb_00965.png,G:\Ai-CDD\data\raw\dataset\train\TUBERCULOSIS\tb_00323.png
perceptual_duplicate,G:\Ai-CDD\data\raw\dataset\train\TUBERCULOSIS\tb_02223.png,G:\Ai-CDD\data\raw\dataset\train\TUBERCULOSIS\tb_00323.png
perceptual_duplicate,G:\Ai-CDD\data\raw\dataset\train\TUBERCULOSIS\tb_00966.png,G:\Ai-CDD\data\raw\dataset\train\TUBERCULOSIS\tb_00324.png
perceptual_duplicate,G:\Ai-CDD\data\raw\dataset\train\TUBERCULOSIS\tb_00967.png,G:\Ai-CDD\data\raw\dataset\train\TUBERCULOSIS\tb_00325.png
perceptual_duplicate,G:\Ai-CDD\data\raw\dataset\test\TUBERCULOSIS\tb_00517.png,G:\Ai-CDD\data\raw\dataset\train\TUBERCULOSIS\tb_00325.png
perceptual_duplicate,G:\Ai-CDD\data\raw\dataset\train\TUBERCULOSIS\tb_00968.png,G:\Ai-CDD\data\raw\dataset\train\TUBERCULOSIS\tb_00326.png
perceptual_duplicate,G:\Ai-CDD\data\raw\dataset\train\TUBERCULOSIS\tb_02224.png,G:\Ai-CDD\data\raw\dataset\train\TUBERCULOSIS\tb_00326.png
perceptual_duplicate,G:\Ai-CDD\data\raw\dataset\train\TUBERCULOSIS\tb_00969.png,G:\Ai-CDD\data\raw\dataset\train\TUBERCULOSIS\tb_00327.png
perceptual_duplicate,G:\Ai-CDD\data\raw\dataset\train\TUBERCULOSIS\tb_02225.png,G:\Ai-CDD\data\raw\dataset\train\TUBERCULOSIS\tb_00327.png
perceptual_duplicate,G:\Ai-CDD\data\raw\dataset\train\TUBERCULOSIS\tb_00970.png,G:\Ai-CDD\data\raw\dataset\train\TUBERCULOSIS\tb_00328.png
perceptual_duplicate,G:\Ai-CDD\data\raw\dataset\train\TUBERCULOSIS\tb_00971.png,G:\Ai-CDD\data\raw\dataset\train\TUBERCULOSIS\tb_00329.png
perceptual_duplicate,G:\Ai-CDD\data\raw\dataset\train\TUBERCULOSIS\tb_02226.png,G:\Ai-CDD\data\raw\dataset\train\TUBERCULOSIS\tb_00329.png
perceptual_duplicate,G:\Ai-CDD\data\raw\dataset\train\TUBERCULOSIS\tb_00973.png,G:\Ai-CDD\data\raw\dataset\train\TUBERCULOSIS\tb_00330.png
perceptual_duplicate,G:\Ai-CDD\data\raw\dataset\train\TUBERCULOSIS\tb_02227.png,G:\Ai-CDD\data\raw\dataset\train\TUBERCULOSIS\tb_00330.png
perceptual_duplicate,G:\Ai-CDD\data\raw\dataset\train\TUBERCULOSIS\tb_00974.png,G:\Ai-CDD\data\raw\dataset\train\TUBERCULOSIS\tb_00331.png
perceptual_duplicate,G:\Ai-CDD\data\raw\dataset\train\TUBERCULOSIS\tb_02228.png,G:\Ai-CDD\data\raw\dataset\train\TUBERCULOSIS\tb_00331.png
perceptual_duplicate,G:\Ai-CDD\data\raw\dataset\train\TUBERCULOSIS\tb_00975.png,G:\Ai-CDD\data\raw\dataset\train\TUBERCULOSIS\tb_00332.png
perceptual_duplicate,G:\Ai-CDD\data\raw\dataset\train\TUBERCULOSIS\tb_02229.png,G:\Ai-CDD\data\raw\dataset\train\TUBERCULOSIS\tb_00332.png
perceptual_duplicate,G:\Ai-CDD\data\raw\dataset\train\TUBERCULOSIS\tb_00976.png,G:\Ai-CDD\data\raw\dataset\train\TUBERCULOSIS\tb_00333.png
perceptual_duplicate,G:\Ai-CDD\data\raw\dataset\train\TUBERCULOSIS\tb_02230.png,G:\Ai-CDD\data\raw\dataset\train\TUBERCULOSIS\tb_00333.png
perceptual_duplicate,G:\Ai-CDD\data\raw\dataset\train\TUBERCULOSIS\tb_00977.png,G:\Ai-CDD\data\raw\dataset\train\TUBERCULOSIS\tb_00334.png
perceptual_duplicate,G:\Ai-CDD\data\raw\dataset\train\TUBERCULOSIS\tb_00980.png,G:\Ai-CDD\data\raw\dataset\train\TUBERCULOSIS\tb_00335.png
perceptual_duplicate,G:\Ai-CDD\data\raw\dataset\train\TUBERCULOSIS\tb_02232.png,G:\Ai-CDD\data\raw\dataset\train\TUBERCULOSIS\tb_00335.png
perceptual_duplicate,G:\Ai-CDD\data\raw\dataset\train\TUBERCULOSIS\tb_00981.png,G:\Ai-CDD\data\raw\dataset\train\TUBERCULOSIS\tb_00336.png
perceptual_duplicate,G:\Ai-CDD\data\raw\dataset\train\TUBERCULOSIS\tb_02233.png,G:\Ai-CDD\data\raw\dataset\train\TUBERCULOSIS\tb_00336.png
perceptual_duplicate,G:\Ai-CDD\data\raw\dataset\train\TUBERCULOSIS\tb_00982.png,G:\Ai-CDD\data\raw\dataset\train\TUBERCULOSIS\tb_00337.png
perceptual_duplicate,G:\Ai-CDD\data\raw\dataset\train\TUBERCULOSIS\tb_02234.png,G:\Ai-CDD\data\raw\dataset\train\TUBERCULOSIS\tb_00337.png
perceptual_duplicate,G:\Ai-CDD\data\raw\dataset\train\TUBERCULOSIS\tb_00983.png,G:\Ai-CDD\data\raw\dataset\train\TUBERCULOSIS\tb_00338.png
perceptual_duplicate,G:\Ai-CDD\data\raw\dataset\train\TUBERCULOSIS\tb_02235.png,G:\Ai-CDD\data\raw\dataset\train\TUBERCULOSIS\tb_00338.png
perceptual_duplicate,G:\Ai-CDD\data\raw\dataset\train\TUBERCULOSIS\tb_00984.png,G:\Ai-CDD\data\raw\dataset\train\TUBERCULOSIS\tb_00339.png
perceptual_duplicate,G:\Ai-CDD\data\raw\dataset\train\TUBERCULOSIS\tb_02236.png,G:\Ai-CDD\data\raw\dataset\train\TUBERCULOSIS\tb_00339.png
perceptual_duplicate,G:\Ai-CDD\data\raw\dataset\train\TUBERCULOSIS\tb_00985.png,G:\Ai-CDD\data\raw\dataset\train\TUBERCULOSIS\tb_00340.png
perceptual_duplicate,G:\Ai-CDD\data\raw\dataset\train\TUBERCULOSIS\tb_00987.png,G:\Ai-CDD\data\raw\dataset\train\TUBERCULOSIS\tb_00341.png
perceptual_duplicate,G:\Ai-CDD\data\raw\dataset\train\TUBERCULOSIS\tb_02238.png,G:\Ai-CDD\data\raw\dataset\train\TUBERCULOSIS\tb_00341.png
perceptual_duplicate,G:\Ai-CDD\data\raw\dataset\train\TUBERCULOSIS\tb_00988.png,G:\Ai-CDD\data\raw\dataset\train\TUBERCULOSIS\tb_00342.png
perceptual_duplicate,G:\Ai-CDD\data\raw\dataset\train\TUBERCULOSIS\tb_02239.png,G:\Ai-CDD\data\raw\dataset\train\TUBERCULOSIS\tb_00342.png
perceptual_duplicate,G:\Ai-CDD\data\raw\dataset\train\TUBERCULOSIS\tb_00989.png,G:\Ai-CDD\data\raw\dataset\train\TUBERCULOSIS\tb_00343.png
perceptual_duplicate,G:\Ai-CDD\data\raw\dataset\train\TUBERCULOSIS\tb_02240.png,G:\Ai-CDD\data\raw\dataset\train\TUBERCULOSIS\tb_00343.png
perceptual_duplicate,G:\Ai-CDD\data\raw\dataset\train\TUBERCULOSIS\tb_00990.png,G:\Ai-CDD\data\raw\dataset\train\TUBERCULOSIS\tb_00344.png
perceptual_duplicate,G:\Ai-CDD\data\raw\dataset\train\TUBERCULOSIS\tb_02241.png,G:\Ai-CDD\data\raw\dataset\train\TUBERCULOSIS\tb_00344.png
perceptual_duplicate,G:\Ai-CDD\data\raw\dataset\train\TUBERCULOSIS\tb_00991.png,G:\Ai-CDD\data\raw\dataset\train\TUBERCULOSIS\tb_00345.png
perceptual_duplicate,G:\Ai-CDD\data\raw\dataset\train\TUBERCULOSIS\tb_02242.png,G:\Ai-CDD\data\raw\dataset\train\TUBERCULOSIS\tb_00345.png
perceptual_duplicate,G:\Ai-CDD\data\raw\dataset\train\TUBERCULOSIS\tb_00992.png,G:\Ai-CDD\data\raw\dataset\train\TUBERCULOSIS\tb_00346.png
perceptual_duplicate,G:\Ai-CDD\data\raw\dataset\train\TUBERCULOSIS\tb_00993.png,G:\Ai-CDD\data\raw\dataset\train\TUBERCULOSIS\tb_00347.png
perceptual_duplicate,G:\Ai-CDD\data\raw\dataset\test\TUBERCULOSIS\tb_00520.png,G:\Ai-CDD\data\raw\dataset\train\TUBERCULOSIS\tb_00347.png
perceptual_duplicate,G:\Ai-CDD\data\raw\dataset\train\TUBERCULOSIS\tb_00994.png,G:\Ai-CDD\data\raw\dataset\train\TUBERCULOSIS\tb_00348.png
perceptual_duplicate,G:\Ai-CDD\data\raw\dataset\train\TUBERCULOSIS\tb_00995.png,G:\Ai-CDD\data\raw\dataset\train\TUBERCULOSIS\tb_00349.png
perceptual_duplicate,G:\Ai-CDD\data\raw\dataset\test\TUBERCULOSIS\tb_00521.png,G:\Ai-CDD\data\raw\dataset\train\TUBERCULOSIS\tb_00349.png
perceptual_duplicate,G:\Ai-CDD\data\raw\dataset\train\TUBERCULOSIS\tb_00997.png,G:\Ai-CDD\data\raw\dataset\train\TUBERCULOSIS\tb_00350.png
perceptual_duplicate,G:\Ai-CDD\data\raw\dataset\train\TUBERCULOSIS\tb_02243.png,G:\Ai-CDD\data\raw\dataset\train\TUBERCULOSIS\tb_00350.png
perceptual_duplicate,G:\Ai-CDD\data\raw\dataset\train\TUBERCULOSIS\tb_00999.png,G:\Ai-CDD\data\raw\dataset\train\TUBERCULOSIS\tb_00351.png
perceptual_duplicate,G:\Ai-CDD\data\raw\dataset\train\TUBERCULOSIS\tb_02244.png,G:\Ai-CDD\data\raw\dataset\train\TUBERCULOSIS\tb_00351.png
perceptual_duplicate,G:\Ai-CDD\data\raw\dataset\train\TUBERCULOSIS\tb_01000.png,G:\Ai-CDD\data\raw\dataset\train\TUBERCULOSIS\tb_00352.png
perceptual_duplicate,G:\Ai-CDD\data\raw\dataset\test\TUBERCULOSIS\tb_00524.png,G:\Ai-CDD\data\raw\dataset\train\TUBERCULOSIS\tb_00352.png
perceptual_duplicate,G:\Ai-CDD\data\raw\dataset\train\TUBERCULOSIS\tb_02245.png,G:\Ai-CDD\data\raw\dataset\train\TUBERCULOSIS\tb_00353.png
perceptual_duplicate,G:\Ai-CDD\data\raw\dataset\train\TUBERCULOSIS\tb_01004.png,G:\Ai-CDD\data\raw\dataset\train\TUBERCULOSIS\tb_00354.png
perceptual_duplicate,G:\Ai-CDD\data\raw\dataset\train\TUBERCULOSIS\tb_02246.png,G:\Ai-CDD\data\raw\dataset\train\TUBERCULOSIS\tb_00354.png
perceptual_duplicate,G:\Ai-CDD\data\raw\dataset\train\TUBERCULOSIS\tb_01005.png,G:\Ai-CDD\data\raw\dataset\train\TUBERCULOSIS\tb_00355.png
perceptual_duplicate,G:\Ai-CDD\data\raw\dataset\train\TUBERCULOSIS\tb_02247.png,G:\Ai-CDD\data\raw\dataset\train\TUBERCULOSIS\tb_00355.png
perceptual_duplicate,G:\Ai-CDD\data\raw\dataset\train\TUBERCULOSIS\tb_01006.png,G:\Ai-CDD\data\raw\dataset\train\TUBERCULOSIS\tb_00356.png
perceptual_duplicate,G:\Ai-CDD\data\raw\dataset\train\TUBERCULOSIS\tb_01009.png,G:\Ai-CDD\data\raw\dataset\train\TUBERCULOSIS\tb_00357.png
perceptual_duplicate,G:\Ai-CDD\data\raw\dataset\test\TUBERCULOSIS\tb_00526.png,G:\Ai-CDD\data\raw\dataset\train\TUBERCULOSIS\tb_00357.png
perceptual_duplicate,G:\Ai-CDD\data\raw\dataset\train\TUBERCULOSIS\tb_01010.png,G:\Ai-CDD\data\raw\dataset\train\TUBERCULOSIS\tb_00358.png
perceptual_duplicate,G:\Ai-CDD\data\raw\dataset\train\TUBERCULOSIS\tb_02250.png,G:\Ai-CDD\data\raw\dataset\train\TUBERCULOSIS\tb_00358.png
perceptual_duplicate,G:\Ai-CDD\data\raw\dataset\train\TUBERCULOSIS\tb_01012.png,G:\Ai-CDD\data\raw\dataset\train\TUBERCULOSIS\tb_00359.png
perceptual_duplicate,G:\Ai-CDD\data\raw\dataset\train\TUBERCULOSIS\tb_02252.png,G:\Ai-CDD\data\raw\dataset\train\TUBERCULOSIS\tb_00359.png
perceptual_duplicate,G:\Ai-CDD\data\raw\dataset\train\TUBERCULOSIS\tb_01014.png,G:\Ai-CDD\data\raw\dataset\train\TUBERCULOSIS\tb_00360.png
perceptual_duplicate,G:\Ai-CDD\data\raw\dataset\train\TUBERCULOSIS\tb_02253.png,G:\Ai-CDD\data\raw\dataset\train\TUBERCULOSIS\tb_00360.png
perceptual_duplicate,G:\Ai-CDD\data\raw\dataset\train\TUBERCULOSIS\tb_01015.png,G:\Ai-CDD\data\raw\dataset\train\TUBERCULOSIS\tb_00361.png
perceptual_duplicate,G:\Ai-CDD\data\raw\dataset\train\TUBERCULOSIS\tb_02254.png,G:\Ai-CDD\data\raw\dataset\train\TUBERCULOSIS\tb_00361.png
perceptual_duplicate,G:\Ai-CDD\data\raw\dataset\train\TUBERCULOSIS\tb_01016.png,G:\Ai-CDD\data\raw\dataset\train\TUBERCULOSIS\tb_00362.png
perceptual_duplicate,G:\Ai-CDD\data\raw\dataset\train\TUBERCULOSIS\tb_02255.png,G:\Ai-CDD\data\raw\dataset\train\TUBERCULOSIS\tb_00362.png
perceptual_duplicate,G:\Ai-CDD\data\raw\dataset\train\TUBERCULOSIS\tb_01018.png,G:\Ai-CDD\data\raw\dataset\train\TUBERCULOSIS\tb_00363.png
perceptual_duplicate,G:\Ai-CDD\data\raw\dataset\train\TUBERCULOSIS\tb_01019.png,G:\Ai-CDD\data\raw\dataset\train\TUBERCULOSIS\tb_00364.png
perceptual_duplicate,G:\Ai-CDD\data\raw\dataset\test\TUBERCULOSIS\tb_00528.png,G:\Ai-CDD\data\raw\dataset\train\TUBERCULOSIS\tb_00364.png
perceptual_duplicate,G:\Ai-CDD\data\raw\dataset\train\TUBERCULOSIS\tb_00369.png,G:\Ai-CDD\data\raw\dataset\train\TUBERCULOSIS\tb_00365.png
perceptual_duplicate,G:\Ai-CDD\data\raw\dataset\train\TUBERCULOSIS\tb_01022.png,G:\Ai-CDD\data\raw\dataset\train\TUBERCULOSIS\tb_00365.png
perceptual_duplicate,G:\Ai-CDD\data\raw\dataset\train\TUBERCULOSIS\tb_01026.png,G:\Ai-CDD\data\raw\dataset\train\TUBERCULOSIS\tb_00365.png
perceptual_duplicate,G:\Ai-CDD\data\raw\dataset\train\TUBERCULOSIS\tb_01023.png,G:\Ai-CDD\data\raw\dataset\train\TUBERCULOSIS\tb_00366.png
perceptual_duplicate,G:\Ai-CDD\data\raw\dataset\train\TUBERCULOSIS\tb_02257.png,G:\Ai-CDD\data\raw\dataset\train\TUBERCULOSIS\tb_00366.png
perceptual_duplicate,G:\Ai-CDD\data\raw\dataset\train\TUBERCULOSIS\tb_01024.png,G:\Ai-CDD\data\raw\dataset\train\TUBERCULOSIS\tb_00367.png
perceptual_duplicate,G:\Ai-CDD\data\raw\dataset\train\TUBERCULOSIS\tb_02258.png,G:\Ai-CDD\data\raw\dataset\train\TUBERCULOSIS\tb_00367.png
perceptual_duplicate,G:\Ai-CDD\data\raw\dataset\train\TUBERCULOSIS\tb_01025.png,G:\Ai-CDD\data\raw\dataset\train\TUBERCULOSIS\tb_00368.png
perceptual_duplicate,G:\Ai-CDD\data\raw\dataset\train\TUBERCULOSIS\tb_02259.png,G:\Ai-CDD\data\raw\dataset\train\TUBERCULOSIS\tb_00368.png
perceptual_duplicate,G:\Ai-CDD\data\raw\dataset\train\TUBERCULOSIS\tb_01022.png,G:\Ai-CDD\data\raw\dataset\train\TUBERCULOSIS\tb_00369.png
perceptual_duplicate,G:\Ai-CDD\data\raw\dataset\train\TUBERCULOSIS\tb_01026.png,G:\Ai-CDD\data\raw\dataset\train\TUBERCULOSIS\tb_00369.png
perceptual_duplicate,G:\Ai-CDD\data\raw\dataset\train\TUBERCULOSIS\tb_01027.png,G:\Ai-CDD\data\raw\dataset\train\TUBERCULOSIS\tb_00370.png
perceptual_duplicate,G:\Ai-CDD\data\raw\dataset\train\TUBERCULOSIS\tb_02260.png,G:\Ai-CDD\data\raw\dataset\train\TUBERCULOSIS\tb_00370.png
perceptual_duplicate,G:\Ai-CDD\data\raw\dataset\train\TUBERCULOSIS\tb_01028.png,G:\Ai-CDD\data\raw\dataset\train\TUBERCULOSIS\tb_00371.png
perceptual_duplicate,G:\Ai-CDD\data\raw\dataset\test\TUBERCULOSIS\tb_00530.png,G:\Ai-CDD\data\raw\dataset\train\TUBERCULOSIS\tb_00371.png
perceptual_duplicate,G:\Ai-CDD\data\raw\dataset\train\TUBERCULOSIS\tb_01029.png,G:\Ai-CDD\data\raw\dataset\train\TUBERCULOSIS\tb_00372.png
perceptual_duplicate,G:\Ai-CDD\data\raw\dataset\train\TUBERCULOSIS\tb_02261.png,G:\Ai-CDD\data\raw\dataset\train\TUBERCULOSIS\tb_00372.png
perceptual_duplicate,G:\Ai-CDD\data\raw\dataset\train\TUBERCULOSIS\tb_01032.png,G:\Ai-CDD\data\raw\dataset\train\TUBERCULOSIS\tb_00373.png
perceptual_duplicate,G:\Ai-CDD\data\raw\dataset\test\TUBERCULOSIS\tb_00532.png,G:\Ai-CDD\data\raw\dataset\train\TUBERCULOSIS\tb_00373.png
perceptual_duplicate,G:\Ai-CDD\data\raw\dataset\train\TUBERCULOSIS\tb_01034.png,G:\Ai-CDD\data\raw\dataset\train\TUBERCULOSIS\tb_00374.png
perceptual_duplicate,G:\Ai-CDD\data\raw\dataset\train\TUBERCULOSIS\tb_02262.png,G:\Ai-CDD\data\raw\dataset\train\TUBERCULOSIS\tb_00374.png
perceptual_duplicate,G:\Ai-CDD\data\raw\dataset\train\TUBERCULOSIS\tb_01035.png,G:\Ai-CDD\data\raw\dataset\train\TUBERCULOSIS\tb_00375.png
perceptual_duplicate,G:\Ai-CDD\data\raw\dataset\train\TUBERCULOSIS\tb_02263.png,G:\Ai-CDD\data\raw\dataset\train\TUBERCULOSIS\tb_00375.png
perceptual_duplicate,G:\Ai-CDD\data\raw\dataset\train\TUBERCULOSIS\tb_01036.png,G:\Ai-CDD\data\raw\dataset\train\TUBERCULOSIS\tb_00376.png
perceptual_duplicate,G:\Ai-CDD\data\raw\dataset\train\TUBERCULOSIS\tb_02264.png,G:\Ai-CDD\data\raw\dataset\train\TUBERCULOSIS\tb_00376.png
perceptual_duplicate,G:\Ai-CDD\data\raw\dataset\train\TUBERCULOSIS\tb_01037.png,G:\Ai-CDD\data\raw\dataset\train\TUBERCULOSIS\tb_00377.png
perceptual_duplicate,G:\Ai-CDD\data\raw\dataset\train\TUBERCULOSIS\tb_02265.png,G:\Ai-CDD\data\raw\dataset\train\TUBERCULOSIS\tb_00377.png
perceptual_duplicate,G:\Ai-CDD\data\raw\dataset\train\TUBERCULOSIS\tb_01038.png,G:\Ai-CDD\data\raw\dataset\train\TUBERCULOSIS\tb_00378.png
perceptual_duplicate,G:\Ai-CDD\data\raw\dataset\test\TUBERCULOSIS\tb_00534.png,G:\Ai-CDD\data\raw\dataset\train\TUBERCULOSIS\tb_00378.png
perceptual_duplicate,G:\Ai-CDD\data\raw\dataset\train\TUBERCULOSIS\tb_01044.png,G:\Ai-CDD\data\raw\dataset\train\TUBERCULOSIS\tb_00379.png
perceptual_duplicate,G:\Ai-CDD\data\raw\dataset\train\TUBERCULOSIS\tb_02269.png,G:\Ai-CDD\data\raw\dataset\train\TUBERCULOSIS\tb_00379.png
perceptual_duplicate,G:\Ai-CDD\data\raw\dataset\train\TUBERCULOSIS\tb_01045.png,G:\Ai-CDD\data\raw\dataset\train\TUBERCULOSIS\tb_00380.png
perceptual_duplicate,G:\Ai-CDD\data\raw\dataset\train\TUBERCULOSIS\tb_01046.png,G:\Ai-CDD\data\raw\dataset\train\TUBERCULOSIS\tb_00381.png
perceptual_duplicate,G:\Ai-CDD\data\raw\dataset\train\TUBERCULOSIS\tb_02270.png,G:\Ai-CDD\data\raw\dataset\train\TUBERCULOSIS\tb_00381.png
perceptual_duplicate,G:\Ai-CDD\data\raw\dataset\train\TUBERCULOSIS\tb_01047.png,G:\Ai-CDD\data\raw\dataset\train\TUBERCULOSIS\tb_00382.png
perceptual_duplicate,G:\Ai-CDD\data\raw\dataset\train\TUBERCULOSIS\tb_02271.png,G:\Ai-CDD\data\raw\dataset\train\TUBERCULOSIS\tb_00382.png
perceptual_duplicate,G:\Ai-CDD\data\raw\dataset\train\TUBERCULOSIS\tb_01048.png,G:\Ai-CDD\data\raw\dataset\train\TUBERCULOSIS\tb_00383.png
perceptual_duplicate,G:\Ai-CDD\data\raw\dataset\train\TUBERCULOSIS\tb_02272.png,G:\Ai-CDD\data\raw\dataset\train\TUBERCULOSIS\tb_00383.png
perceptual_duplicate,G:\Ai-CDD\data\raw\dataset\train\TUBERCULOSIS\tb_01051.png,G:\Ai-CDD\data\raw\dataset\train\TUBERCULOSIS\tb_00384.png
perceptual_duplicate,G:\Ai-CDD\data\raw\dataset\train\TUBERCULOSIS\tb_02273.png,G:\Ai-CDD\data\raw\dataset\train\TUBERCULOSIS\tb_00384.png
perceptual_duplicate,G:\Ai-CDD\data\raw\dataset\train\TUBERCULOSIS\tb_01052.png,G:\Ai-CDD\data\raw\dataset\train\TUBERCULOSIS\tb_00385.png
perceptual_duplicate,G:\Ai-CDD\data\raw\dataset\test\TUBERCULOSIS\tb_00537.png,G:\Ai-CDD\data\raw\dataset\train\TUBERCULOSIS\tb_00385.png
perceptual_duplicate,G:\Ai-CDD\data\raw\dataset\train\TUBERCULOSIS\tb_01054.png,G:\Ai-CDD\data\raw\dataset\train\TUBERCULOSIS\tb_00386.png
perceptual_duplicate,G:\Ai-CDD\data\raw\dataset\train\TUBERCULOSIS\tb_02275.png,G:\Ai-CDD\data\raw\dataset\train\TUBERCULOSIS\tb_00386.png
perceptual_duplicate,G:\Ai-CDD\data\raw\dataset\train\TUBERCULOSIS\tb_01055.png,G:\Ai-CDD\data\raw\dataset\train\TUBERCULOSIS\tb_00387.png
perceptual_duplicate,G:\Ai-CDD\data\raw\dataset\test\TUBERCULOSIS\tb_00538.png,G:\Ai-CDD\data\raw\dataset\train\TUBERCULOSIS\tb_00387.png
perceptual_duplicate,G:\Ai-CDD\data\raw\dataset\train\TUBERCULOSIS\tb_01057.png,G:\Ai-CDD\data\raw\dataset\train\TUBERCULOSIS\tb_00388.png
perceptual_duplicate,G:\Ai-CDD\data\raw\dataset\train\TUBERCULOSIS\tb_01058.png,G:\Ai-CDD\data\raw\dataset\train\TUBERCULOSIS\tb_00389.png
perceptual_duplicate,G:\Ai-CDD\data\raw\dataset\train\TUBERCULOSIS\tb_02277.png,G:\Ai-CDD\data\raw\dataset\train\TUBERCULOSIS\tb_00389.png
perceptual_duplicate,G:\Ai-CDD\data\raw\dataset\train\TUBERCULOSIS\tb_01059.png,G:\Ai-CDD\data\raw\dataset\train\TUBERCULOSIS\tb_00390.png
perceptual_duplicate,G:\Ai-CDD\data\raw\dataset\train\TUBERCULOSIS\tb_02278.png,G:\Ai-CDD\data\raw\dataset\train\TUBERCULOSIS\tb_00390.png
perceptual_duplicate,G:\Ai-CDD\data\raw\dataset\train\TUBERCULOSIS\tb_01060.png,G:\Ai-CDD\data\raw\dataset\train\TUBERCULOSIS\tb_00391.png
perceptual_duplicate,G:\Ai-CDD\data\raw\dataset\train\TUBERCULOSIS\tb_01061.png,G:\Ai-CDD\data\raw\dataset\train\TUBERCULOSIS\tb_00392.png
perceptual_duplicate,G:\Ai-CDD\data\raw\dataset\train\TUBERCULOSIS\tb_02279.png,G:\Ai-CDD\data\raw\dataset\train\TUBERCULOSIS\tb_00392.png
perceptual_duplicate,G:\Ai-CDD\data\raw\dataset\train\TUBERCULOSIS\tb_01062.png,G:\Ai-CDD\data\raw\dataset\train\TUBERCULOSIS\tb_00393.png
perceptual_duplicate,G:\Ai-CDD\data\raw\dataset\train\TUBERCULOSIS\tb_02280.png,G:\Ai-CDD\data\raw\dataset\train\TUBERCULOSIS\tb_00393.png
perceptual_duplicate,G:\Ai-CDD\data\raw\dataset\train\TUBERCULOSIS\tb_01063.png,G:\Ai-CDD\data\raw\dataset\train\TUBERCULOSIS\tb_00394.png
perceptual_duplicate,G:\Ai-CDD\data\raw\dataset\train\TUBERCULOSIS\tb_02281.png,G:\Ai-CDD\data\raw\dataset\train\TUBERCULOSIS\tb_00394.png
perceptual_duplicate,G:\Ai-CDD\data\raw\dataset\train\TUBERCULOSIS\tb_01064.png,G:\Ai-CDD\data\raw\dataset\train\TUBERCULOSIS\tb_00395.png
perceptual_duplicate,G:\Ai-CDD\data\raw\dataset\test\TUBERCULOSIS\tb_00539.png,G:\Ai-CDD\data\raw\dataset\train\TUBERCULOSIS\tb_00395.png
perceptual_duplicate,G:\Ai-CDD\data\raw\dataset\train\TUBERCULOSIS\tb_01065.png,G:\Ai-CDD\data\raw\dataset\train\TUBERCULOSIS\tb_00396.png
perceptual_duplicate,G:\Ai-CDD\data\raw\dataset\train\TUBERCULOSIS\tb_02282.png,G:\Ai-CDD\data\raw\dataset\train\TUBERCULOSIS\tb_00396.png
perceptual_duplicate,G:\Ai-CDD\data\raw\dataset\train\TUBERCULOSIS\tb_01067.png,G:\Ai-CDD\data\raw\dataset\train\TUBERCULOSIS\tb_00397.png
perceptual_duplicate,G:\Ai-CDD\data\raw\dataset\train\TUBERCULOSIS\tb_02283.png,G:\Ai-CDD\data\raw\dataset\train\TUBERCULOSIS\tb_00397.png
perceptual_duplicate,G:\Ai-CDD\data\raw\dataset\train\TUBERCULOSIS\tb_00546.png,G:\Ai-CDD\data\raw\dataset\train\TUBERCULOSIS\tb_00398.png
perceptual_duplicate,G:\Ai-CDD\data\raw\dataset\train\TUBERCULOSIS\tb_01068.png,G:\Ai-CDD\data\raw\dataset\train\TUBERCULOSIS\tb_00398.png
perceptual_duplicate,G:\Ai-CDD\data\raw\dataset\train\TUBERCULOSIS\tb_01070.png,G:\Ai-CDD\data\raw\dataset\train\TUBERCULOSIS\tb_00399.png
perceptual_duplicate,G:\Ai-CDD\data\raw\dataset\train\TUBERCULOSIS\tb_02284.png,G:\Ai-CDD\data\raw\dataset\train\TUBERCULOSIS\tb_00399.png
perceptual_duplicate,G:\Ai-CDD\data\raw\dataset\train\TUBERCULOSIS\tb_01071.png,G:\Ai-CDD\data\raw\dataset\train\TUBERCULOSIS\tb_00400.png
perceptual_duplicate,G:\Ai-CDD\data\raw\dataset\train\TUBERCULOSIS\tb_02285.png,G:\Ai-CDD\data\raw\dataset\train\TUBERCULOSIS\tb_00400.png
perceptual_duplicate,G:\Ai-CDD\data\raw\dataset\train\TUBERCULOSIS\tb_01072.png,G:\Ai-CDD\data\raw\dataset\train\TUBERCULOSIS\tb_00401.png
perceptual_duplicate,G:\Ai-CDD\data\raw\dataset\test\TUBERCULOSIS\tb_00540.png,G:\Ai-CDD\data\raw\dataset\train\TUBERCULOSIS\tb_00401.png
perceptual_duplicate,G:\Ai-CDD\data\raw\dataset\train\TUBERCULOSIS\tb_01074.png,G:\Ai-CDD\data\raw\dataset\train\TUBERCULOSIS\tb_00402.png
perceptual_duplicate,G:\Ai-CDD\data\raw\dataset\test\TUBERCULOSIS\tb_00541.png,G:\Ai-CDD\data\raw\dataset\train\TUBERCULOSIS\tb_00402.png
perceptual_duplicate,G:\Ai-CDD\data\raw\dataset\train\TUBERCULOSIS\tb_01075.png,G:\Ai-CDD\data\raw\dataset\train\TUBERCULOSIS\tb_00403.png
perceptual_duplicate,G:\Ai-CDD\data\raw\dataset\train\TUBERCULOSIS\tb_02287.png,G:\Ai-CDD\data\raw\dataset\train\TUBERCULOSIS\tb_00403.png
perceptual_duplicate,G:\Ai-CDD\data\raw\dataset\train\TUBERCULOSIS\tb_01076.png,G:\Ai-CDD\data\raw\dataset\train\TUBERCULOSIS\tb_00404.png
perceptual_duplicate,G:\Ai-CDD\data\raw\dataset\train\TUBERCULOSIS\tb_02288.png,G:\Ai-CDD\data\raw\dataset\train\TUBERCULOSIS\tb_00404.png
perceptual_duplicate,G:\Ai-CDD\data\raw\dataset\train\TUBERCULOSIS\tb_01077.png,G:\Ai-CDD\data\raw\dataset\train\TUBERCULOSIS\tb_00405.png
perceptual_duplicate,G:\Ai-CDD\data\raw\dataset\train\TUBERCULOSIS\tb_02289.png,G:\Ai-CDD\data\raw\dataset\train\TUBERCULOSIS\tb_00405.png
perceptual_duplicate,G:\Ai-CDD\data\raw\dataset\train\TUBERCULOSIS\tb_01078.png,G:\Ai-CDD\data\raw\dataset\train\TUBERCULOSIS\tb_00406.png
perceptual_duplicate,G:\Ai-CDD\data\raw\dataset\train\TUBERCULOSIS\tb_02290.png,G:\Ai-CDD\data\raw\dataset\train\TUBERCULOSIS\tb_00406.png
perceptual_duplicate,G:\Ai-CDD\data\raw\dataset\train\TUBERCULOSIS\tb_01080.png,G:\Ai-CDD\data\raw\dataset\train\TUBERCULOSIS\tb_00407.png
perceptual_duplicate,G:\Ai-CDD\data\raw\dataset\train\TUBERCULOSIS\tb_02292.png,G:\Ai-CDD\data\raw\dataset\train\TUBERCULOSIS\tb_00407.png
perceptual_duplicate,G:\Ai-CDD\data\raw\dataset\train\TUBERCULOSIS\tb_01082.png,G:\Ai-CDD\data\raw\dataset\train\TUBERCULOSIS\tb_00408.png
perceptual_duplicate,G:\Ai-CDD\data\raw\dataset\train\TUBERCULOSIS\tb_01083.png,G:\Ai-CDD\data\raw\dataset\train\TUBERCULOSIS\tb_00409.png
perceptual_duplicate,G:\Ai-CDD\data\raw\dataset\train\TUBERCULOSIS\tb_02294.png,G:\Ai-CDD\data\raw\dataset\train\TUBERCULOSIS\tb_00409.png
perceptual_duplicate,G:\Ai-CDD\data\raw\dataset\train\TUBERCULOSIS\tb_01084.png,G:\Ai-CDD\data\raw\dataset\train\TUBERCULOSIS\tb_00410.png
perceptual_duplicate,G:\Ai-CDD\data\raw\dataset\train\TUBERCULOSIS\tb_02295.png,G:\Ai-CDD\data\raw\dataset\train\TUBERCULOSIS\tb_00410.png
perceptual_duplicate,G:\Ai-CDD\data\raw\dataset\train\TUBERCULOSIS\tb_01085.png,G:\Ai-CDD\data\raw\dataset\train\TUBERCULOSIS\tb_00411.png
perceptual_duplicate,G:\Ai-CDD\data\raw\dataset\train\TUBERCULOSIS\tb_02296.png,G:\Ai-CDD\data\raw\dataset\train\TUBERCULOSIS\tb_00411.png
perceptual_duplicate,G:\Ai-CDD\data\raw\dataset\train\TUBERCULOSIS\tb_01086.png,G:\Ai-CDD\data\raw\dataset\train\TUBERCULOSIS\tb_00412.png
perceptual_duplicate,G:\Ai-CDD\data\raw\dataset\train\TUBERCULOSIS\tb_01087.png,G:\Ai-CDD\data\raw\dataset\train\TUBERCULOSIS\tb_00413.png
perceptual_duplicate,G:\Ai-CDD\data\raw\dataset\train\TUBERCULOSIS\tb_02297.png,G:\Ai-CDD\data\raw\dataset\train\TUBERCULOSIS\tb_00413.png
perceptual_duplicate,G:\Ai-CDD\data\raw\dataset\train\TUBERCULOSIS\tb_01088.png,G:\Ai-CDD\data\raw\dataset\train\TUBERCULOSIS\tb_00414.png
perceptual_duplicate,G:\Ai-CDD\data\raw\dataset\test\TUBERCULOSIS\tb_00542.png,G:\Ai-CDD\data\raw\dataset\train\TUBERCULOSIS\tb_00414.png
perceptual_duplicate,G:\Ai-CDD\data\raw\dataset\train\TUBERCULOSIS\tb_01089.png,G:\Ai-CDD\data\raw\dataset\train\TUBERCULOSIS\tb_00415.png
perceptual_duplicate,G:\Ai-CDD\data\raw\dataset\train\TUBERCULOSIS\tb_01090.png,G:\Ai-CDD\data\raw\dataset\train\TUBERCULOSIS\tb_00416.png
perceptual_duplicate,G:\Ai-CDD\data\raw\dataset\train\TUBERCULOSIS\tb_02298.png,G:\Ai-CDD\data\raw\dataset\train\TUBERCULOSIS\tb_00416.png
perceptual_duplicate,G:\Ai-CDD\data\raw\dataset\train\TUBERCULOSIS\tb_01091.png,G:\Ai-CDD\data\raw\dataset\train\TUBERCULOSIS\tb_00417.png
perceptual_duplicate,G:\Ai-CDD\data\raw\dataset\train\TUBERCULOSIS\tb_02299.png,G:\Ai-CDD\data\raw\dataset\train\TUBERCULOSIS\tb_00417.png
perceptual_duplicate,G:\Ai-CDD\data\raw\dataset\train\TUBERCULOSIS\tb_01092.png,G:\Ai-CDD\data\raw\dataset\train\TUBERCULOSIS\tb_00418.png
perceptual_duplicate,G:\Ai-CDD\data\raw\dataset\train\TUBERCULOSIS\tb_02300.png,G:\Ai-CDD\data\raw\dataset\train\TUBERCULOSIS\tb_00418.png
perceptual_duplicate,G:\Ai-CDD\data\raw\dataset\train\TUBERCULOSIS\tb_01094.png,G:\Ai-CDD\data\raw\dataset\train\TUBERCULOSIS\tb_00419.png
perceptual_duplicate,G:\Ai-CDD\data\raw\dataset\train\TUBERCULOSIS\tb_01095.png,G:\Ai-CDD\data\raw\dataset\train\TUBERCULOSIS\tb_00420.png
perceptual_duplicate,G:\Ai-CDD\data\raw\dataset\train\TUBERCULOSIS\tb_02302.png,G:\Ai-CDD\data\raw\dataset\train\TUBERCULOSIS\tb_00420.png
perceptual_duplicate,G:\Ai-CDD\data\raw\dataset\train\TUBERCULOSIS\tb_01096.png,G:\Ai-CDD\data\raw\dataset\train\TUBERCULOSIS\tb_00421.png
perceptual_duplicate,G:\Ai-CDD\data\raw\dataset\train\TUBERCULOSIS\tb_02303.png,G:\Ai-CDD\data\raw\dataset\train\TUBERCULOSIS\tb_00421.png
perceptual_duplicate,G:\Ai-CDD\data\raw\dataset\test\NORMAL\normal_00095.png,G:\Ai-CDD\data\raw\dataset\train\TUBERCULOSIS\tb_00421.png
perceptual_duplicate,G:\Ai-CDD\data\raw\dataset\train\TUBERCULOSIS\tb_01098.png,G:\Ai-CDD\data\raw\dataset\train\TUBERCULOSIS\tb_00422.png
perceptual_duplicate,G:\Ai-CDD\data\raw\dataset\train\TUBERCULOSIS\tb_02305.png,G:\Ai-CDD\data\raw\dataset\train\TUBERCULOSIS\tb_00422.png
perceptual_duplicate,G:\Ai-CDD\data\raw\dataset\train\TUBERCULOSIS\tb_01100.png,G:\Ai-CDD\data\raw\dataset\train\TUBERCULOSIS\tb_00423.png
perceptual_duplicate,G:\Ai-CDD\data\raw\dataset\train\TUBERCULOSIS\tb_02307.png,G:\Ai-CDD\data\raw\dataset\train\TUBERCULOSIS\tb_00423.png
perceptual_duplicate,G:\Ai-CDD\data\raw\dataset\train\TUBERCULOSIS\tb_01101.png,G:\Ai-CDD\data\raw\dataset\train\TUBERCULOSIS\tb_00424.png
perceptual_duplicate,G:\Ai-CDD\data\raw\dataset\train\TUBERCULOSIS\tb_02308.png,G:\Ai-CDD\data\raw\dataset\train\TUBERCULOSIS\tb_00424.png
perceptual_duplicate,G:\Ai-CDD\data\raw\dataset\train\TUBERCULOSIS\tb_01102.png,G:\Ai-CDD\data\raw\dataset\train\TUBERCULOSIS\tb_00425.png
perceptual_duplicate,G:\Ai-CDD\data\raw\dataset\train\TUBERCULOSIS\tb_02309.png,G:\Ai-CDD\data\raw\dataset\train\TUBERCULOSIS\tb_00425.png
perceptual_duplicate,G:\Ai-CDD\data\raw\dataset\test\TUBERCULOSIS\tb_00543.png,G:\Ai-CDD\data\raw\dataset\train\TUBERCULOSIS\tb_00426.png
perceptual_duplicate,G:\Ai-CDD\data\raw\dataset\train\TUBERCULOSIS\tb_02310.png,G:\Ai-CDD\data\raw\dataset\train\TUBERCULOSIS\tb_00427.png
perceptual_duplicate,G:\Ai-CDD\data\raw\dataset\train\TUBERCULOSIS\tb_02311.png,G:\Ai-CDD\data\raw\dataset\train\TUBERCULOSIS\tb_00428.png
perceptual_duplicate,G:\Ai-CDD\data\raw\dataset\train\TUBERCULOSIS\tb_02312.png,G:\Ai-CDD\data\raw\dataset\train\TUBERCULOSIS\tb_00429.png
perceptual_duplicate,G:\Ai-CDD\data\raw\dataset\train\TUBERCULOSIS\tb_02313.png,G:\Ai-CDD\data\raw\dataset\train\TUBERCULOSIS\tb_00430.png
perceptual_duplicate,G:\Ai-CDD\data\raw\dataset\train\TUBERCULOSIS\tb_02314.png,G:\Ai-CDD\data\raw\dataset\train\TUBERCULOSIS\tb_00431.png
perceptual_duplicate,G:\Ai-CDD\data\raw\dataset\test\TUBERCULOSIS\tb_00107.png,G:\Ai-CDD\data\raw\dataset\train\TUBERCULOSIS\tb_00433.png
perceptual_duplicate,G:\Ai-CDD\data\raw\dataset\train\TUBERCULOSIS\tb_02316.png,G:\Ai-CDD\data\raw\dataset\train\TUBERCULOSIS\tb_00434.png
perceptual_duplicate,G:\Ai-CDD\data\raw\dataset\test\TUBERCULOSIS\tb_00109.png,G:\Ai-CDD\data\raw\dataset\train\TUBERCULOSIS\tb_00434.png
perceptual_duplicate,G:\Ai-CDD\data\raw\dataset\test\TUBERCULOSIS\tb_00110.png,G:\Ai-CDD\data\raw\dataset\train\TUBERCULOSIS\tb_00435.png
perceptual_duplicate,G:\Ai-CDD\data\raw\dataset\test\TUBERCULOSIS\tb_00545.png,G:\Ai-CDD\data\raw\dataset\train\TUBERCULOSIS\tb_00435.png
perceptual_duplicate,G:\Ai-CDD\data\raw\dataset\test\TUBERCULOSIS\tb_00111.png,G:\Ai-CDD\data\raw\dataset\train\TUBERCULOSIS\tb_00436.png
perceptual_duplicate,G:\Ai-CDD\data\raw\dataset\train\TUBERCULOSIS\tb_02317.png,G:\Ai-CDD\data\raw\dataset\train\TUBERCULOSIS\tb_00437.png
perceptual_duplicate,G:\Ai-CDD\data\raw\dataset\test\TUBERCULOSIS\tb_00112.png,G:\Ai-CDD\data\raw\dataset\train\TUBERCULOSIS\tb_00437.png
perceptual_duplicate,G:\Ai-CDD\data\raw\dataset\test\TUBERCULOSIS\tb_00113.png,G:\Ai-CDD\data\raw\dataset\train\TUBERCULOSIS\tb_00438.png
perceptual_duplicate,G:\Ai-CDD\data\raw\dataset\train\TUBERCULOSIS\tb_02318.png,G:\Ai-CDD\data\raw\dataset\train\TUBERCULOSIS\tb_00439.png
perceptual_duplicate,G:\Ai-CDD\data\raw\dataset\test\TUBERCULOSIS\tb_00114.png,G:\Ai-CDD\data\raw\dataset\train\TUBERCULOSIS\tb_00439.png
perceptual_duplicate,G:\Ai-CDD\data\raw\dataset\train\TUBERCULOSIS\tb_02319.png,G:\Ai-CDD\data\raw\dataset\train\TUBERCULOSIS\tb_00440.png
perceptual_duplicate,G:\Ai-CDD\data\raw\dataset\test\TUBERCULOSIS\tb_00115.png,G:\Ai-CDD\data\raw\dataset\train\TUBERCULOSIS\tb_00440.png
perceptual_duplicate,G:\Ai-CDD\data\raw\dataset\train\TUBERCULOSIS\tb_02320.png,G:\Ai-CDD\data\raw\dataset\train\TUBERCULOSIS\tb_00441.png
perceptual_duplicate,G:\Ai-CDD\data\raw\dataset\test\TUBERCULOSIS\tb_00116.png,G:\Ai-CDD\data\raw\dataset\train\TUBERCULOSIS\tb_00441.png
perceptual_duplicate,G:\Ai-CDD\data\raw\dataset\train\TUBERCULOSIS\tb_02322.png,G:\Ai-CDD\data\raw\dataset\train\TUBERCULOSIS\tb_00442.png
perceptual_duplicate,G:\Ai-CDD\data\raw\dataset\test\TUBERCULOSIS\tb_00117.png,G:\Ai-CDD\data\raw\dataset\train\TUBERCULOSIS\tb_00442.png
perceptual_duplicate,G:\Ai-CDD\data\raw\dataset\train\TUBERCULOSIS\tb_02323.png,G:\Ai-CDD\data\raw\dataset\train\TUBERCULOSIS\tb_00443.png
perceptual_duplicate,G:\Ai-CDD\data\raw\dataset\test\TUBERCULOSIS\tb_00118.png,G:\Ai-CDD\data\raw\dataset\train\TUBERCULOSIS\tb_00443.png
perceptual_duplicate,G:\Ai-CDD\data\raw\dataset\train\TUBERCULOSIS\tb_02324.png,G:\Ai-CDD\data\raw\dataset\train\TUBERCULOSIS\tb_00444.png
perceptual_duplicate,G:\Ai-CDD\data\raw\dataset\test\TUBERCULOSIS\tb_00119.png,G:\Ai-CDD\data\raw\dataset\train\TUBERCULOSIS\tb_00444.png
perceptual_duplicate,G:\Ai-CDD\data\raw\dataset\train\TUBERCULOSIS\tb_02325.png,G:\Ai-CDD\data\raw\dataset\train\TUBERCULOSIS\tb_00445.png
perceptual_duplicate,G:\Ai-CDD\data\raw\dataset\test\TUBERCULOSIS\tb_00120.png,G:\Ai-CDD\data\raw\dataset\train\TUBERCULOSIS\tb_00445.png
perceptual_duplicate,G:\Ai-CDD\data\raw\dataset\train\TUBERCULOSIS\tb_02326.png,G:\Ai-CDD\data\raw\dataset\train\TUBERCULOSIS\tb_00446.png
perceptual_duplicate,G:\Ai-CDD\data\raw\dataset\test\TUBERCULOSIS\tb_00121.png,G:\Ai-CDD\data\raw\dataset\train\TUBERCULOSIS\tb_00446.png
perceptual_duplicate,G:\Ai-CDD\data\raw\dataset\train\TUBERCULOSIS\tb_02327.png,G:\Ai-CDD\data\raw\dataset\train\TUBERCULOSIS\tb_00447.png
perceptual_duplicate,G:\Ai-CDD\data\raw\dataset\test\TUBERCULOSIS\tb_00122.png,G:\Ai-CDD\data\raw\dataset\train\TUBERCULOSIS\tb_00447.png
perceptual_duplicate,G:\Ai-CDD\data\raw\dataset\test\TUBERCULOSIS\tb_00126.png,G:\Ai-CDD\data\raw\dataset\train\TUBERCULOSIS\tb_00448.png
perceptual_duplicate,G:\Ai-CDD\data\raw\dataset\train\TUBERCULOSIS\tb_02331.png,G:\Ai-CDD\data\raw\dataset\train\TUBERCULOSIS\tb_00449.png
perceptual_duplicate,G:\Ai-CDD\data\raw\dataset\test\TUBERCULOSIS\tb_00127.png,G:\Ai-CDD\data\raw\dataset\train\TUBERCULOSIS\tb_00449.png
perceptual_duplicate,G:\Ai-CDD\data\raw\dataset\test\TUBERCULOSIS\tb_00128.png,G:\Ai-CDD\data\raw\dataset\train\TUBERCULOSIS\tb_00450.png
perceptual_duplicate,G:\Ai-CDD\data\raw\dataset\test\TUBERCULOSIS\tb_00546.png,G:\Ai-CDD\data\raw\dataset\train\TUBERCULOSIS\tb_00450.png
perceptual_duplicate,G:\Ai-CDD\data\raw\dataset\train\TUBERCULOSIS\tb_02332.png,G:\Ai-CDD\data\raw\dataset\train\TUBERCULOSIS\tb_00451.png
perceptual_duplicate,G:\Ai-CDD\data\raw\dataset\test\TUBERCULOSIS\tb_00129.png,G:\Ai-CDD\data\raw\dataset\train\TUBERCULOSIS\tb_00451.png
perceptual_duplicate,G:\Ai-CDD\data\raw\dataset\train\TUBERCULOSIS\tb_02333.png,G:\Ai-CDD\data\raw\dataset\train\TUBERCULOSIS\tb_00452.png
perceptual_duplicate,G:\Ai-CDD\data\raw\dataset\test\TUBERCULOSIS\tb_00131.png,G:\Ai-CDD\data\raw\dataset\train\TUBERCULOSIS\tb_00452.png
perceptual_duplicate,G:\Ai-CDD\data\raw\dataset\test\TUBERCULOSIS\tb_00132.png,G:\Ai-CDD\data\raw\dataset\train\TUBERCULOSIS\tb_00453.png
perceptual_duplicate,G:\Ai-CDD\data\raw\dataset\test\TUBERCULOSIS\tb_00133.png,G:\Ai-CDD\data\raw\dataset\train\TUBERCULOSIS\tb_00454.png
perceptual_duplicate,G:\Ai-CDD\data\raw\dataset\test\TUBERCULOSIS\tb_00548.png,G:\Ai-CDD\data\raw\dataset\train\TUBERCULOSIS\tb_00454.png
perceptual_duplicate,G:\Ai-CDD\data\raw\dataset\train\TUBERCULOSIS\tb_02334.png,G:\Ai-CDD\data\raw\dataset\train\TUBERCULOSIS\tb_00455.png
perceptual_duplicate,G:\Ai-CDD\data\raw\dataset\test\TUBERCULOSIS\tb_00134.png,G:\Ai-CDD\data\raw\dataset\train\TUBERCULOSIS\tb_00455.png
perceptual_duplicate,G:\Ai-CDD\data\raw\dataset\train\TUBERCULOSIS\tb_02335.png,G:\Ai-CDD\data\raw\dataset\train\TUBERCULOSIS\tb_00456.png
perceptual_duplicate,G:\Ai-CDD\data\raw\dataset\test\TUBERCULOSIS\tb_00135.png,G:\Ai-CDD\data\raw\dataset\train\TUBERCULOSIS\tb_00456.png
perceptual_duplicate,G:\Ai-CDD\data\raw\dataset\train\TUBERCULOSIS\tb_01106.png,G:\Ai-CDD\data\raw\dataset\train\TUBERCULOSIS\tb_00457.png
perceptual_duplicate,G:\Ai-CDD\data\raw\dataset\train\TUBERCULOSIS\tb_02337.png,G:\Ai-CDD\data\raw\dataset\train\TUBERCULOSIS\tb_00457.png
perceptual_duplicate,G:\Ai-CDD\data\raw\dataset\train\TUBERCULOSIS\tb_02338.png,G:\Ai-CDD\data\raw\dataset\train\TUBERCULOSIS\tb_00458.png
perceptual_duplicate,G:\Ai-CDD\data\raw\dataset\test\TUBERCULOSIS\tb_00137.png,G:\Ai-CDD\data\raw\dataset\train\TUBERCULOSIS\tb_00458.png
perceptual_duplicate,G:\Ai-CDD\data\raw\dataset\test\TUBERCULOSIS\tb_00140.png,G:\Ai-CDD\data\raw\dataset\train\TUBERCULOSIS\tb_00459.png
perceptual_duplicate,G:\Ai-CDD\data\raw\dataset\test\TUBERCULOSIS\tb_00141.png,G:\Ai-CDD\data\raw\dataset\train\TUBERCULOSIS\tb_00460.png
perceptual_duplicate,G:\Ai-CDD\data\raw\dataset\test\TUBERCULOSIS\tb_00549.png,G:\Ai-CDD\data\raw\dataset\train\TUBERCULOSIS\tb_00460.png
perceptual_duplicate,G:\Ai-CDD\data\raw\dataset\test\TUBERCULOSIS\tb_00143.png,G:\Ai-CDD\data\raw\dataset\train\TUBERCULOSIS\tb_00461.png
perceptual_duplicate,G:\Ai-CDD\data\raw\dataset\train\TUBERCULOSIS\tb_02341.png,G:\Ai-CDD\data\raw\dataset\train\TUBERCULOSIS\tb_00462.png
perceptual_duplicate,G:\Ai-CDD\data\raw\dataset\test\TUBERCULOSIS\tb_00144.png,G:\Ai-CDD\data\raw\dataset\train\TUBERCULOSIS\tb_00462.png
perceptual_duplicate,G:\Ai-CDD\data\raw\dataset\train\TUBERCULOSIS\tb_01107.png,G:\Ai-CDD\data\raw\dataset\train\TUBERCULOSIS\tb_00463.png
perceptual_duplicate,G:\Ai-CDD\data\raw\dataset\train\TUBERCULOSIS\tb_02342.png,G:\Ai-CDD\data\raw\dataset\train\TUBERCULOSIS\tb_00463.png
perceptual_duplicate,G:\Ai-CDD\data\raw\dataset\train\TUBERCULOSIS\tb_01108.png,G:\Ai-CDD\data\raw\dataset\train\TUBERCULOSIS\tb_00464.png
perceptual_duplicate,G:\Ai-CDD\data\raw\dataset\train\TUBERCULOSIS\tb_02343.png,G:\Ai-CDD\data\raw\dataset\train\TUBERCULOSIS\tb_00464.png
perceptual_duplicate,G:\Ai-CDD\data\raw\dataset\train\TUBERCULOSIS\tb_02344.png,G:\Ai-CDD\data\raw\dataset\train\TUBERCULOSIS\tb_00465.png
perceptual_duplicate,G:\Ai-CDD\data\raw\dataset\test\TUBERCULOSIS\tb_00147.png,G:\Ai-CDD\data\raw\dataset\train\TUBERCULOSIS\tb_00465.png
perceptual_duplicate,G:\Ai-CDD\data\raw\dataset\train\TUBERCULOSIS\tb_01111.png,G:\Ai-CDD\data\raw\dataset\train\TUBERCULOSIS\tb_00466.png
perceptual_duplicate,G:\Ai-CDD\data\raw\dataset\train\TUBERCULOSIS\tb_02345.png,G:\Ai-CDD\data\raw\dataset\train\TUBERCULOSIS\tb_00466.png
perceptual_duplicate,G:\Ai-CDD\data\raw\dataset\train\TUBERCULOSIS\tb_01114.png,G:\Ai-CDD\data\raw\dataset\train\TUBERCULOSIS\tb_00467.png
perceptual_duplicate,G:\Ai-CDD\data\raw\dataset\train\TUBERCULOSIS\tb_02347.png,G:\Ai-CDD\data\raw\dataset\train\TUBERCULOSIS\tb_00467.png
perceptual_duplicate,G:\Ai-CDD\data\raw\dataset\train\TUBERCULOSIS\tb_01115.png,G:\Ai-CDD\data\raw\dataset\train\TUBERCULOSIS\tb_00468.png
perceptual_duplicate,G:\Ai-CDD\data\raw\dataset\train\TUBERCULOSIS\tb_02348.png,G:\Ai-CDD\data\raw\dataset\train\TUBERCULOSIS\tb_00468.png
perceptual_duplicate,G:\Ai-CDD\data\raw\dataset\train\TUBERCULOSIS\tb_01116.png,G:\Ai-CDD\data\raw\dataset\train\TUBERCULOSIS\tb_00469.png
perceptual_duplicate,G:\Ai-CDD\data\raw\dataset\train\TUBERCULOSIS\tb_01117.png,G:\Ai-CDD\data\raw\dataset\train\TUBERCULOSIS\tb_00470.png
perceptual_duplicate,G:\Ai-CDD\data\raw\dataset\train\TUBERCULOSIS\tb_02349.png,G:\Ai-CDD\data\raw\dataset\train\TUBERCULOSIS\tb_00470.png
perceptual_duplicate,G:\Ai-CDD\data\raw\dataset\train\TUBERCULOSIS\tb_01118.png,G:\Ai-CDD\data\raw\dataset\train\TUBERCULOSIS\tb_00471.png
perceptual_duplicate,G:\Ai-CDD\data\raw\dataset\train\TUBERCULOSIS\tb_01120.png,G:\Ai-CDD\data\raw\dataset\train\TUBERCULOSIS\tb_00472.png
perceptual_duplicate,G:\Ai-CDD\data\raw\dataset\train\TUBERCULOSIS\tb_01121.png,G:\Ai-CDD\data\raw\dataset\train\TUBERCULOSIS\tb_00473.png
perceptual_duplicate,G:\Ai-CDD\data\raw\dataset\train\TUBERCULOSIS\tb_01122.png,G:\Ai-CDD\data\raw\dataset\train\TUBERCULOSIS\tb_00474.png
perceptual_duplicate,G:\Ai-CDD\data\raw\dataset\test\TUBERCULOSIS\tb_00553.png,G:\Ai-CDD\data\raw\dataset\train\TUBERCULOSIS\tb_00474.png
perceptual_duplicate,G:\Ai-CDD\data\raw\dataset\train\TUBERCULOSIS\tb_01123.png,G:\Ai-CDD\data\raw\dataset\train\TUBERCULOSIS\tb_00475.png
perceptual_duplicate,G:\Ai-CDD\data\raw\dataset\train\TUBERCULOSIS\tb_02350.png,G:\Ai-CDD\data\raw\dataset\train\TUBERCULOSIS\tb_00475.png
perceptual_duplicate,G:\Ai-CDD\data\raw\dataset\train\TUBERCULOSIS\tb_01124.png,G:\Ai-CDD\data\raw\dataset\train\TUBERCULOSIS\tb_00476.png
perceptual_duplicate,G:\Ai-CDD\data\raw\dataset\train\TUBERCULOSIS\tb_02351.png,G:\Ai-CDD\data\raw\dataset\train\TUBERCULOSIS\tb_00476.png
perceptual_duplicate,G:\Ai-CDD\data\raw\dataset\train\TUBERCULOSIS\tb_01125.png,G:\Ai-CDD\data\raw\dataset\train\TUBERCULOSIS\tb_00477.png
perceptual_duplicate,G:\Ai-CDD\data\raw\dataset\test\TUBERCULOSIS\tb_00554.png,G:\Ai-CDD\data\raw\dataset\train\TUBERCULOSIS\tb_00477.png
perceptual_duplicate,G:\Ai-CDD\data\raw\dataset\train\TUBERCULOSIS\tb_01126.png,G:\Ai-CDD\data\raw\dataset\train\TUBERCULOSIS\tb_00478.png
perceptual_duplicate,G:\Ai-CDD\data\raw\dataset\train\TUBERCULOSIS\tb_01127.png,G:\Ai-CDD\data\raw\dataset\train\TUBERCULOSIS\tb_00479.png
perceptual_duplicate,G:\Ai-CDD\data\raw\dataset\train\TUBERCULOSIS\tb_02352.png,G:\Ai-CDD\data\raw\dataset\train\TUBERCULOSIS\tb_00479.png
perceptual_duplicate,G:\Ai-CDD\data\raw\dataset\train\TUBERCULOSIS\tb_01128.png,G:\Ai-CDD\data\raw\dataset\train\TUBERCULOSIS\tb_00480.png
perceptual_duplicate,G:\Ai-CDD\data\raw\dataset\train\TUBERCULOSIS\tb_02353.png,G:\Ai-CDD\data\raw\dataset\train\TUBERCULOSIS\tb_00480.png
perceptual_duplicate,G:\Ai-CDD\data\raw\dataset\train\TUBERCULOSIS\tb_01129.png,G:\Ai-CDD\data\raw\dataset\train\TUBERCULOSIS\tb_00481.png
perceptual_duplicate,G:\Ai-CDD\data\raw\dataset\test\TUBERCULOSIS\tb_00555.png,G:\Ai-CDD\data\raw\dataset\train\TUBERCULOSIS\tb_00481.png
perceptual_duplicate,G:\Ai-CDD\data\raw\dataset\train\TUBERCULOSIS\tb_01130.png,G:\Ai-CDD\data\raw\dataset\train\TUBERCULOSIS\tb_00482.png
perceptual_duplicate,G:\Ai-CDD\data\raw\dataset\train\TUBERCULOSIS\tb_02354.png,G:\Ai-CDD\data\raw\dataset\train\TUBERCULOSIS\tb_00482.png
perceptual_duplicate,G:\Ai-CDD\data\raw\dataset\train\TUBERCULOSIS\tb_01131.png,G:\Ai-CDD\data\raw\dataset\train\TUBERCULOSIS\tb_00483.png
perceptual_duplicate,G:\Ai-CDD\data\raw\dataset\train\TUBERCULOSIS\tb_01132.png,G:\Ai-CDD\data\raw\dataset\train\TUBERCULOSIS\tb_00484.png
perceptual_duplicate,G:\Ai-CDD\data\raw\dataset\train\TUBERCULOSIS\tb_02355.png,G:\Ai-CDD\data\raw\dataset\train\TUBERCULOSIS\tb_00484.png
perceptual_duplicate,G:\Ai-CDD\data\raw\dataset\train\TUBERCULOSIS\tb_01134.png,G:\Ai-CDD\data\raw\dataset\train\TUBERCULOSIS\tb_00485.png
perceptual_duplicate,G:\Ai-CDD\data\raw\dataset\train\TUBERCULOSIS\tb_02357.png,G:\Ai-CDD\data\raw\dataset\train\TUBERCULOSIS\tb_00485.png
perceptual_duplicate,G:\Ai-CDD\data\raw\dataset\train\TUBERCULOSIS\tb_01135.png,G:\Ai-CDD\data\raw\dataset\train\TUBERCULOSIS\tb_00486.png
perceptual_duplicate,G:\Ai-CDD\data\raw\dataset\train\TUBERCULOSIS\tb_01136.png,G:\Ai-CDD\data\raw\dataset\train\TUBERCULOSIS\tb_00487.png
perceptual_duplicate,G:\Ai-CDD\data\raw\dataset\train\TUBERCULOSIS\tb_02358.png,G:\Ai-CDD\data\raw\dataset\train\TUBERCULOSIS\tb_00487.png
perceptual_duplicate,G:\Ai-CDD\data\raw\dataset\train\TUBERCULOSIS\tb_01137.png,G:\Ai-CDD\data\raw\dataset\train\TUBERCULOSIS\tb_00488.png
perceptual_duplicate,G:\Ai-CDD\data\raw\dataset\train\TUBERCULOSIS\tb_02359.png,G:\Ai-CDD\data\raw\dataset\train\TUBERCULOSIS\tb_00488.png
perceptual_duplicate,G:\Ai-CDD\data\raw\dataset\train\TUBERCULOSIS\tb_01138.png,G:\Ai-CDD\data\raw\dataset\train\TUBERCULOSIS\tb_00489.png
perceptual_duplicate,G:\Ai-CDD\data\raw\dataset\test\TUBERCULOSIS\tb_00001.png,G:\Ai-CDD\data\raw\dataset\train\TUBERCULOSIS\tb_00490.png
perceptual_duplicate,G:\Ai-CDD\data\raw\dataset\train\TUBERCULOSIS\tb_01960.png,G:\Ai-CDD\data\raw\dataset\train\TUBERCULOSIS\tb_00491.png
perceptual_duplicate,G:\Ai-CDD\data\raw\dataset\test\TUBERCULOSIS\tb_00002.png,G:\Ai-CDD\data\raw\dataset\train\TUBERCULOSIS\tb_00491.png
perceptual_duplicate,G:\Ai-CDD\data\raw\dataset\test\TUBERCULOSIS\tb_00418.png,G:\Ai-CDD\data\raw\dataset\train\TUBERCULOSIS\tb_00493.png
perceptual_duplicate,G:\Ai-CDD\data\raw\dataset\train\TUBERCULOSIS\tb_01961.png,G:\Ai-CDD\data\raw\dataset\train\TUBERCULOSIS\tb_00494.png
perceptual_duplicate,G:\Ai-CDD\data\raw\dataset\test\TUBERCULOSIS\tb_00419.png,G:\Ai-CDD\data\raw\dataset\train\TUBERCULOSIS\tb_00495.png
perceptual_duplicate,G:\Ai-CDD\data\raw\dataset\test\TUBERCULOSIS\tb_00420.png,G:\Ai-CDD\data\raw\dataset\train\TUBERCULOSIS\tb_00496.png
perceptual_duplicate,G:\Ai-CDD\data\raw\dataset\train\TUBERCULOSIS\tb_01962.png,G:\Ai-CDD\data\raw\dataset\train\TUBERCULOSIS\tb_00497.png
perceptual_duplicate,G:\Ai-CDD\data\raw\dataset\train\TUBERCULOSIS\tb_01963.png,G:\Ai-CDD\data\raw\dataset\train\TUBERCULOSIS\tb_00498.png
perceptual_duplicate,G:\Ai-CDD\data\raw\dataset\test\TUBERCULOSIS\tb_00003.png,G:\Ai-CDD\data\raw\dataset\train\TUBERCULOSIS\tb_00498.png
perceptual_duplicate,G:\Ai-CDD\data\raw\dataset\train\TUBERCULOSIS\tb_01964.png,G:\Ai-CDD\data\raw\dataset\train\TUBERCULOSIS\tb_00499.png
perceptual_duplicate,G:\Ai-CDD\data\raw\dataset\test\TUBERCULOSIS\tb_00004.png,G:\Ai-CDD\data\raw\dataset\train\TUBERCULOSIS\tb_00499.png
perceptual_duplicate,G:\Ai-CDD\data\raw\dataset\train\TUBERCULOSIS\tb_01965.png,G:\Ai-CDD\data\raw\dataset\train\TUBERCULOSIS\tb_00501.png
perceptual_duplicate,G:\Ai-CDD\data\raw\dataset\test\TUBERCULOSIS\tb_00421.png,G:\Ai-CDD\data\raw\dataset\train\TUBERCULOSIS\tb_00502.png
perceptual_duplicate,G:\Ai-CDD\data\raw\dataset\train\TUBERCULOSIS\tb_01966.png,G:\Ai-CDD\data\raw\dataset\train\TUBERCULOSIS\tb_00503.png
perceptual_duplicate,G:\Ai-CDD\data\raw\dataset\test\TUBERCULOSIS\tb_00422.png,G:\Ai-CDD\data\raw\dataset\train\TUBERCULOSIS\tb_00504.png
perceptual_duplicate,G:\Ai-CDD\data\raw\dataset\test\TUBERCULOSIS\tb_00005.png,G:\Ai-CDD\data\raw\dataset\train\TUBERCULOSIS\tb_00506.png
perceptual_duplicate,G:\Ai-CDD\data\raw\dataset\train\TUBERCULOSIS\tb_01967.png,G:\Ai-CDD\data\raw\dataset\train\TUBERCULOSIS\tb_00507.png
perceptual_duplicate,G:\Ai-CDD\data\raw\dataset\train\TUBERCULOSIS\tb_01968.png,G:\Ai-CDD\data\raw\dataset\train\TUBERCULOSIS\tb_00508.png
perceptual_duplicate,G:\Ai-CDD\data\raw\dataset\train\TUBERCULOSIS\tb_01969.png,G:\Ai-CDD\data\raw\dataset\train\TUBERCULOSIS\tb_00509.png
perceptual_duplicate,G:\Ai-CDD\data\raw\dataset\train\TUBERCULOSIS\tb_00779.png,G:\Ai-CDD\data\raw\dataset\train\TUBERCULOSIS\tb_00511.png
perceptual_duplicate,G:\Ai-CDD\data\raw\dataset\train\TUBERCULOSIS\tb_01970.png,G:\Ai-CDD\data\raw\dataset\train\TUBERCULOSIS\tb_00511.png
perceptual_duplicate,G:\Ai-CDD\data\raw\dataset\test\TUBERCULOSIS\tb_00484.png,G:\Ai-CDD\data\raw\dataset\train\TUBERCULOSIS\tb_00511.png
perceptual_duplicate,G:\Ai-CDD\data\raw\dataset\train\TUBERCULOSIS\tb_01971.png,G:\Ai-CDD\data\raw\dataset\train\TUBERCULOSIS\tb_00512.png
perceptual_duplicate,G:\Ai-CDD\data\raw\dataset\test\TUBERCULOSIS\tb_00423.png,G:\Ai-CDD\data\raw\dataset\train\TUBERCULOSIS\tb_00513.png
perceptual_duplicate,G:\Ai-CDD\data\raw\dataset\train\TUBERCULOSIS\tb_01972.png,G:\Ai-CDD\data\raw\dataset\train\TUBERCULOSIS\tb_00514.png
perceptual_duplicate,G:\Ai-CDD\data\raw\dataset\train\TUBERCULOSIS\tb_01973.png,G:\Ai-CDD\data\raw\dataset\train\TUBERCULOSIS\tb_00515.png
perceptual_duplicate,G:\Ai-CDD\data\raw\dataset\test\TUBERCULOSIS\tb_00424.png,G:\Ai-CDD\data\raw\dataset\train\TUBERCULOSIS\tb_00516.png
perceptual_duplicate,G:\Ai-CDD\data\raw\dataset\test\TUBERCULOSIS\tb_00006.png,G:\Ai-CDD\data\raw\dataset\train\TUBERCULOSIS\tb_00517.png
perceptual_duplicate,G:\Ai-CDD\data\raw\dataset\train\TUBERCULOSIS\tb_01974.png,G:\Ai-CDD\data\raw\dataset\train\TUBERCULOSIS\tb_00520.png
perceptual_duplicate,G:\Ai-CDD\data\raw\dataset\test\TUBERCULOSIS\tb_00425.png,G:\Ai-CDD\data\raw\dataset\train\TUBERCULOSIS\tb_00521.png
perceptual_duplicate,G:\Ai-CDD\data\raw\dataset\train\TUBERCULOSIS\tb_01975.png,G:\Ai-CDD\data\raw\dataset\train\TUBERCULOSIS\tb_00523.png
perceptual_duplicate,G:\Ai-CDD\data\raw\dataset\test\TUBERCULOSIS\tb_00426.png,G:\Ai-CDD\data\raw\dataset\train\TUBERCULOSIS\tb_00524.png
perceptual_duplicate,G:\Ai-CDD\data\raw\dataset\train\TUBERCULOSIS\tb_01976.png,G:\Ai-CDD\data\raw\dataset\train\TUBERCULOSIS\tb_00525.png
perceptual_duplicate,G:\Ai-CDD\data\raw\dataset\train\TUBERCULOSIS\tb_01977.png,G:\Ai-CDD\data\raw\dataset\train\TUBERCULOSIS\tb_00526.png
perceptual_duplicate,G:\Ai-CDD\data\raw\dataset\test\TUBERCULOSIS\tb_00427.png,G:\Ai-CDD\data\raw\dataset\train\TUBERCULOSIS\tb_00528.png
perceptual_duplicate,G:\Ai-CDD\data\raw\dataset\test\TUBERCULOSIS\tb_00428.png,G:\Ai-CDD\data\raw\dataset\train\TUBERCULOSIS\tb_00529.png
perceptual_duplicate,G:\Ai-CDD\data\raw\dataset\train\TUBERCULOSIS\tb_01978.png,G:\Ai-CDD\data\raw\dataset\train\TUBERCULOSIS\tb_00530.png
perceptual_duplicate,G:\Ai-CDD\data\raw\dataset\test\TUBERCULOSIS\tb_00429.png,G:\Ai-CDD\data\raw\dataset\train\TUBERCULOSIS\tb_00531.png
perceptual_duplicate,G:\Ai-CDD\data\raw\dataset\test\TUBERCULOSIS\tb_00430.png,G:\Ai-CDD\data\raw\dataset\train\TUBERCULOSIS\tb_00532.png
perceptual_duplicate,G:\Ai-CDD\data\raw\dataset\train\TUBERCULOSIS\tb_01979.png,G:\Ai-CDD\data\raw\dataset\train\TUBERCULOSIS\tb_00533.png
perceptual_duplicate,G:\Ai-CDD\data\raw\dataset\train\TUBERCULOSIS\tb_01980.png,G:\Ai-CDD\data\raw\dataset\train\TUBERCULOSIS\tb_00534.png
perceptual_duplicate,G:\Ai-CDD\data\raw\dataset\train\TUBERCULOSIS\tb_01981.png,G:\Ai-CDD\data\raw\dataset\train\TUBERCULOSIS\tb_00535.png
perceptual_duplicate,G:\Ai-CDD\data\raw\dataset\train\TUBERCULOSIS\tb_01982.png,G:\Ai-CDD\data\raw\dataset\train\TUBERCULOSIS\tb_00536.png
perceptual_duplicate,G:\Ai-CDD\data\raw\dataset\train\TUBERCULOSIS\tb_01983.png,G:\Ai-CDD\data\raw\dataset\train\TUBERCULOSIS\tb_00537.png
perceptual_duplicate,G:\Ai-CDD\data\raw\dataset\test\TUBERCULOSIS\tb_00007.png,G:\Ai-CDD\data\raw\dataset\train\TUBERCULOSIS\tb_00537.png
perceptual_duplicate,G:\Ai-CDD\data\raw\dataset\train\TUBERCULOSIS\tb_01984.png,G:\Ai-CDD\data\raw\dataset\train\TUBERCULOSIS\tb_00538.png
perceptual_duplicate,G:\Ai-CDD\data\raw\dataset\test\TUBERCULOSIS\tb_00008.png,G:\Ai-CDD\data\raw\dataset\train\TUBERCULOSIS\tb_00539.png
perceptual_duplicate,G:\Ai-CDD\data\raw\dataset\test\TUBERCULOSIS\tb_00431.png,G:\Ai-CDD\data\raw\dataset\train\TUBERCULOSIS\tb_00539.png
perceptual_duplicate,G:\Ai-CDD\data\raw\dataset\train\TUBERCULOSIS\tb_01985.png,G:\Ai-CDD\data\raw\dataset\train\TUBERCULOSIS\tb_00540.png
perceptual_duplicate,G:\Ai-CDD\data\raw\dataset\train\TUBERCULOSIS\tb_01986.png,G:\Ai-CDD\data\raw\dataset\train\TUBERCULOSIS\tb_00541.png
perceptual_duplicate,G:\Ai-CDD\data\raw\dataset\train\TUBERCULOSIS\tb_01987.png,G:\Ai-CDD\data\raw\dataset\train\TUBERCULOSIS\tb_00542.png
perceptual_duplicate,G:\Ai-CDD\data\raw\dataset\train\TUBERCULOSIS\tb_01988.png,G:\Ai-CDD\data\raw\dataset\train\TUBERCULOSIS\tb_00543.png
perceptual_duplicate,G:\Ai-CDD\data\raw\dataset\test\TUBERCULOSIS\tb_00009.png,G:\Ai-CDD\data\raw\dataset\train\TUBERCULOSIS\tb_00543.png
perceptual_duplicate,G:\Ai-CDD\data\raw\dataset\train\TUBERCULOSIS\tb_01068.png,G:\Ai-CDD\data\raw\dataset\train\TUBERCULOSIS\tb_00546.png
perceptual_duplicate,G:\Ai-CDD\data\raw\dataset\train\TUBERCULOSIS\tb_01989.png,G:\Ai-CDD\data\raw\dataset\train\TUBERCULOSIS\tb_00547.png
perceptual_duplicate,G:\Ai-CDD\data\raw\dataset\train\TUBERCULOSIS\tb_01990.png,G:\Ai-CDD\data\raw\dataset\train\TUBERCULOSIS\tb_00548.png
perceptual_duplicate,G:\Ai-CDD\data\raw\dataset\train\TUBERCULOSIS\tb_01991.png,G:\Ai-CDD\data\raw\dataset\train\TUBERCULOSIS\tb_00549.png
perceptual_duplicate,G:\Ai-CDD\data\raw\dataset\test\TUBERCULOSIS\tb_00432.png,G:\Ai-CDD\data\raw\dataset\train\TUBERCULOSIS\tb_00552.png
perceptual_duplicate,G:\Ai-CDD\data\raw\dataset\train\TUBERCULOSIS\tb_01992.png,G:\Ai-CDD\data\raw\dataset\train\TUBERCULOSIS\tb_00553.png
perceptual_duplicate,G:\Ai-CDD\data\raw\dataset\test\TUBERCULOSIS\tb_00433.png,G:\Ai-CDD\data\raw\dataset\train\TUBERCULOSIS\tb_00554.png
perceptual_duplicate,G:\Ai-CDD\data\raw\dataset\test\TUBERCULOSIS\tb_00434.png,G:\Ai-CDD\data\raw\dataset\train\TUBERCULOSIS\tb_00555.png
perceptual_duplicate,G:\Ai-CDD\data\raw\dataset\train\TUBERCULOSIS\tb_01993.png,G:\Ai-CDD\data\raw\dataset\train\TUBERCULOSIS\tb_00556.png
perceptual_duplicate,G:\Ai-CDD\data\raw\dataset\train\TUBERCULOSIS\tb_01994.png,G:\Ai-CDD\data\raw\dataset\train\TUBERCULOSIS\tb_00557.png
perceptual_duplicate,G:\Ai-CDD\data\raw\dataset\train\TUBERCULOSIS\tb_01995.png,G:\Ai-CDD\data\raw\dataset\train\TUBERCULOSIS\tb_00559.png
perceptual_duplicate,G:\Ai-CDD\data\raw\dataset\train\TUBERCULOSIS\tb_01996.png,G:\Ai-CDD\data\raw\dataset\train\TUBERCULOSIS\tb_00560.png
perceptual_duplicate,G:\Ai-CDD\data\raw\dataset\test\TUBERCULOSIS\tb_00010.png,G:\Ai-CDD\data\raw\dataset\train\TUBERCULOSIS\tb_00560.png
perceptual_duplicate,G:\Ai-CDD\data\raw\dataset\test\TUBERCULOSIS\tb_00435.png,G:\Ai-CDD\data\raw\dataset\train\TUBERCULOSIS\tb_00561.png
perceptual_duplicate,G:\Ai-CDD\data\raw\dataset\test\TUBERCULOSIS\tb_00011.png,G:\Ai-CDD\data\raw\dataset\train\TUBERCULOSIS\tb_00562.png
perceptual_duplicate,G:\Ai-CDD\data\raw\dataset\train\TUBERCULOSIS\tb_01997.png,G:\Ai-CDD\data\raw\dataset\train\TUBERCULOSIS\tb_00564.png
perceptual_duplicate,G:\Ai-CDD\data\raw\dataset\train\TUBERCULOSIS\tb_01998.png,G:\Ai-CDD\data\raw\dataset\train\TUBERCULOSIS\tb_00565.png
perceptual_duplicate,G:\Ai-CDD\data\raw\dataset\train\TUBERCULOSIS\tb_01999.png,G:\Ai-CDD\data\raw\dataset\train\TUBERCULOSIS\tb_00567.png
perceptual_duplicate,G:\Ai-CDD\data\raw\dataset\test\TUBERCULOSIS\tb_00436.png,G:\Ai-CDD\data\raw\dataset\train\TUBERCULOSIS\tb_00568.png
perceptual_duplicate,G:\Ai-CDD\data\raw\dataset\test\TUBERCULOSIS\tb_00012.png,G:\Ai-CDD\data\raw\dataset\train\TUBERCULOSIS\tb_00569.png
perceptual_duplicate,G:\Ai-CDD\data\raw\dataset\test\TUBERCULOSIS\tb_00437.png,G:\Ai-CDD\data\raw\dataset\train\TUBERCULOSIS\tb_00569.png
perceptual_duplicate,G:\Ai-CDD\data\raw\dataset\test\TUBERCULOSIS\tb_00438.png,G:\Ai-CDD\data\raw\dataset\train\TUBERCULOSIS\tb_00572.png
perceptual_duplicate,G:\Ai-CDD\data\raw\dataset\train\TUBERCULOSIS\tb_02000.png,G:\Ai-CDD\data\raw\dataset\train\TUBERCULOSIS\tb_00573.png
perceptual_duplicate,G:\Ai-CDD\data\raw\dataset\train\TUBERCULOSIS\tb_02001.png,G:\Ai-CDD\data\raw\dataset\train\TUBERCULOSIS\tb_00574.png
perceptual_duplicate,G:\Ai-CDD\data\raw\dataset\test\TUBERCULOSIS\tb_00013.png,G:\Ai-CDD\data\raw\dataset\train\TUBERCULOSIS\tb_00574.png
perceptual_duplicate,G:\Ai-CDD\data\raw\dataset\train\TUBERCULOSIS\tb_02002.png,G:\Ai-CDD\data\raw\dataset\train\TUBERCULOSIS\tb_00576.png
perceptual_duplicate,G:\Ai-CDD\data\raw\dataset\test\TUBERCULOSIS\tb_00014.png,G:\Ai-CDD\data\raw\dataset\train\TUBERCULOSIS\tb_00576.png
perceptual_duplicate,G:\Ai-CDD\data\raw\dataset\train\TUBERCULOSIS\tb_02003.png,G:\Ai-CDD\data\raw\dataset\train\TUBERCULOSIS\tb_00578.png
perceptual_duplicate,G:\Ai-CDD\data\raw\dataset\test\TUBERCULOSIS\tb_00015.png,G:\Ai-CDD\data\raw\dataset\train\TUBERCULOSIS\tb_00578.png
perceptual_duplicate,G:\Ai-CDD\data\raw\dataset\train\TUBERCULOSIS\tb_02004.png,G:\Ai-CDD\data\raw\dataset\train\TUBERCULOSIS\tb_00579.png
perceptual_duplicate,G:\Ai-CDD\data\raw\dataset\train\TUBERCULOSIS\tb_02005.png,G:\Ai-CDD\data\raw\dataset\train\TUBERCULOSIS\tb_00580.png
perceptual_duplicate,G:\Ai-CDD\data\raw\dataset\train\TUBERCULOSIS\tb_02006.png,G:\Ai-CDD\data\raw\dataset\train\TUBERCULOSIS\tb_00581.png
perceptual_duplicate,G:\Ai-CDD\data\raw\dataset\test\TUBERCULOSIS\tb_00016.png,G:\Ai-CDD\data\raw\dataset\train\TUBERCULOSIS\tb_00581.png
perceptual_duplicate,G:\Ai-CDD\data\raw\dataset\test\TUBERCULOSIS\tb_00439.png,G:\Ai-CDD\data\raw\dataset\train\TUBERCULOSIS\tb_00582.png
perceptual_duplicate,G:\Ai-CDD\data\raw\dataset\test\TUBERCULOSIS\tb_00017.png,G:\Ai-CDD\data\raw\dataset\train\TUBERCULOSIS\tb_00583.png
perceptual_duplicate,G:\Ai-CDD\data\raw\dataset\train\TUBERCULOSIS\tb_02007.png,G:\Ai-CDD\data\raw\dataset\train\TUBERCULOSIS\tb_00584.png
perceptual_duplicate,G:\Ai-CDD\data\raw\dataset\train\TUBERCULOSIS\tb_02008.png,G:\Ai-CDD\data\raw\dataset\train\TUBERCULOSIS\tb_00585.png
perceptual_duplicate,G:\Ai-CDD\data\raw\dataset\test\TUBERCULOSIS\tb_00018.png,G:\Ai-CDD\data\raw\dataset\train\TUBERCULOSIS\tb_00585.png
perceptual_duplicate,G:\Ai-CDD\data\raw\dataset\train\TUBERCULOSIS\tb_02009.png,G:\Ai-CDD\data\raw\dataset\train\TUBERCULOSIS\tb_00587.png
perceptual_duplicate,G:\Ai-CDD\data\raw\dataset\test\TUBERCULOSIS\tb_00019.png,G:\Ai-CDD\data\raw\dataset\train\TUBERCULOSIS\tb_00587.png
perceptual_duplicate,G:\Ai-CDD\data\raw\dataset\train\TUBERCULOSIS\tb_02010.png,G:\Ai-CDD\data\raw\dataset\train\TUBERCULOSIS\tb_00588.png
perceptual_duplicate,G:\Ai-CDD\data\raw\dataset\train\TUBERCULOSIS\tb_02011.png,G:\Ai-CDD\data\raw\dataset\train\TUBERCULOSIS\tb_00589.png
perceptual_duplicate,G:\Ai-CDD\data\raw\dataset\train\TUBERCULOSIS\tb_02012.png,G:\Ai-CDD\data\raw\dataset\train\TUBERCULOSIS\tb_00590.png
perceptual_duplicate,G:\Ai-CDD\data\raw\dataset\test\TUBERCULOSIS\tb_00020.png,G:\Ai-CDD\data\raw\dataset\train\TUBERCULOSIS\tb_00591.png
perceptual_duplicate,G:\Ai-CDD\data\raw\dataset\test\TUBERCULOSIS\tb_00440.png,G:\Ai-CDD\data\raw\dataset\train\TUBERCULOSIS\tb_00591.png
perceptual_duplicate,G:\Ai-CDD\data\raw\dataset\test\TUBERCULOSIS\tb_00021.png,G:\Ai-CDD\data\raw\dataset\train\TUBERCULOSIS\tb_00592.png
perceptual_duplicate,G:\Ai-CDD\data\raw\dataset\test\TUBERCULOSIS\tb_00441.png,G:\Ai-CDD\data\raw\dataset\train\TUBERCULOSIS\tb_00592.png
perceptual_duplicate,G:\Ai-CDD\data\raw\dataset\test\TUBERCULOSIS\tb_00022.png,G:\Ai-CDD\data\raw\dataset\train\TUBERCULOSIS\tb_00594.png
perceptual_duplicate,G:\Ai-CDD\data\raw\dataset\test\TUBERCULOSIS\tb_00442.png,G:\Ai-CDD\data\raw\dataset\train\TUBERCULOSIS\tb_00594.png
perceptual_duplicate,G:\Ai-CDD\data\raw\dataset\train\TUBERCULOSIS\tb_02013.png,G:\Ai-CDD\data\raw\dataset\train\TUBERCULOSIS\tb_00595.png
perceptual_duplicate,G:\Ai-CDD\data\raw\dataset\test\TUBERCULOSIS\tb_00023.png,G:\Ai-CDD\data\raw\dataset\train\TUBERCULOSIS\tb_00595.png
perceptual_duplicate,G:\Ai-CDD\data\raw\dataset\test\TUBERCULOSIS\tb_00443.png,G:\Ai-CDD\data\raw\dataset\train\TUBERCULOSIS\tb_00596.png
perceptual_duplicate,G:\Ai-CDD\data\raw\dataset\test\TUBERCULOSIS\tb_00444.png,G:\Ai-CDD\data\raw\dataset\train\TUBERCULOSIS\tb_00597.png
perceptual_duplicate,G:\Ai-CDD\data\raw\dataset\train\TUBERCULOSIS\tb_02014.png,G:\Ai-CDD\data\raw\dataset\train\TUBERCULOSIS\tb_00598.png
perceptual_duplicate,G:\Ai-CDD\data\raw\dataset\train\TUBERCULOSIS\tb_02015.png,G:\Ai-CDD\data\raw\dataset\train\TUBERCULOSIS\tb_00599.png
perceptual_duplicate,G:\Ai-CDD\data\raw\dataset\test\TUBERCULOSIS\tb_00445.png,G:\Ai-CDD\data\raw\dataset\train\TUBERCULOSIS\tb_00600.png
perceptual_duplicate,G:\Ai-CDD\data\raw\dataset\train\TUBERCULOSIS\tb_02016.png,G:\Ai-CDD\data\raw\dataset\train\TUBERCULOSIS\tb_00603.png
perceptual_duplicate,G:\Ai-CDD\data\raw\dataset\train\TUBERCULOSIS\tb_02017.png,G:\Ai-CDD\data\raw\dataset\train\TUBERCULOSIS\tb_00605.png
perceptual_duplicate,G:\Ai-CDD\data\raw\dataset\train\TUBERCULOSIS\tb_02018.png,G:\Ai-CDD\data\raw\dataset\train\TUBERCULOSIS\tb_00606.png
perceptual_duplicate,G:\Ai-CDD\data\raw\dataset\train\TUBERCULOSIS\tb_02019.png,G:\Ai-CDD\data\raw\dataset\train\TUBERCULOSIS\tb_00607.png
perceptual_duplicate,G:\Ai-CDD\data\raw\dataset\test\TUBERCULOSIS\tb_00446.png,G:\Ai-CDD\data\raw\dataset\train\TUBERCULOSIS\tb_00609.png
perceptual_duplicate,G:\Ai-CDD\data\raw\dataset\test\TUBERCULOSIS\tb_00447.png,G:\Ai-CDD\data\raw\dataset\train\TUBERCULOSIS\tb_00610.png
perceptual_duplicate,G:\Ai-CDD\data\raw\dataset\test\TUBERCULOSIS\tb_00448.png,G:\Ai-CDD\data\raw\dataset\train\TUBERCULOSIS\tb_00611.png
perceptual_duplicate,G:\Ai-CDD\data\raw\dataset\train\TUBERCULOSIS\tb_02020.png,G:\Ai-CDD\data\raw\dataset\train\TUBERCULOSIS\tb_00612.png
perceptual_duplicate,G:\Ai-CDD\data\raw\dataset\train\TUBERCULOSIS\tb_02021.png,G:\Ai-CDD\data\raw\dataset\train\TUBERCULOSIS\tb_00613.png
perceptual_duplicate,G:\Ai-CDD\data\raw\dataset\test\TUBERCULOSIS\tb_00024.png,G:\Ai-CDD\data\raw\dataset\train\TUBERCULOSIS\tb_00613.png
perceptual_duplicate,G:\Ai-CDD\data\raw\dataset\train\TUBERCULOSIS\tb_02022.png,G:\Ai-CDD\data\raw\dataset\train\TUBERCULOSIS\tb_00614.png
perceptual_duplicate,G:\Ai-CDD\data\raw\dataset\train\TUBERCULOSIS\tb_02023.png,G:\Ai-CDD\data\raw\dataset\train\TUBERCULOSIS\tb_00615.png
perceptual_duplicate,G:\Ai-CDD\data\raw\dataset\train\TUBERCULOSIS\tb_02024.png,G:\Ai-CDD\data\raw\dataset\train\TUBERCULOSIS\tb_00616.png
perceptual_duplicate,G:\Ai-CDD\data\raw\dataset\test\TUBERCULOSIS\tb_00025.png,G:\Ai-CDD\data\raw\dataset\train\TUBERCULOSIS\tb_00616.png
perceptual_duplicate,G:\Ai-CDD\data\raw\dataset\test\TUBERCULOSIS\tb_00026.png,G:\Ai-CDD\data\raw\dataset\train\TUBERCULOSIS\tb_00617.png
perceptual_duplicate,G:\Ai-CDD\data\raw\dataset\test\TUBERCULOSIS\tb_00449.png,G:\Ai-CDD\data\raw\dataset\train\TUBERCULOSIS\tb_00619.png
perceptual_duplicate,G:\Ai-CDD\data\raw\dataset\train\TUBERCULOSIS\tb_02025.png,G:\Ai-CDD\data\raw\dataset\train\TUBERCULOSIS\tb_00622.png
perceptual_duplicate,G:\Ai-CDD\data\raw\dataset\train\TUBERCULOSIS\tb_02026.png,G:\Ai-CDD\data\raw\dataset\train\TUBERCULOSIS\tb_00623.png
perceptual_duplicate,G:\Ai-CDD\data\raw\dataset\test\TUBERCULOSIS\tb_00027.png,G:\Ai-CDD\data\raw\dataset\train\TUBERCULOSIS\tb_00623.png
perceptual_duplicate,G:\Ai-CDD\data\raw\dataset\train\TUBERCULOSIS\tb_02027.png,G:\Ai-CDD\data\raw\dataset\train\TUBERCULOSIS\tb_00624.png
perceptual_duplicate,G:\Ai-CDD\data\raw\dataset\train\TUBERCULOSIS\tb_02028.png,G:\Ai-CDD\data\raw\dataset\train\TUBERCULOSIS\tb_00625.png
perceptual_duplicate,G:\Ai-CDD\data\raw\dataset\test\TUBERCULOSIS\tb_00028.png,G:\Ai-CDD\data\raw\dataset\train\TUBERCULOSIS\tb_00625.png
perceptual_duplicate,G:\Ai-CDD\data\raw\dataset\test\TUBERCULOSIS\tb_00029.png,G:\Ai-CDD\data\raw\dataset\train\TUBERCULOSIS\tb_00626.png
perceptual_duplicate,G:\Ai-CDD\data\raw\dataset\train\TUBERCULOSIS\tb_02029.png,G:\Ai-CDD\data\raw\dataset\train\TUBERCULOSIS\tb_00627.png
perceptual_duplicate,G:\Ai-CDD\data\raw\dataset\test\TUBERCULOSIS\tb_00450.png,G:\Ai-CDD\data\raw\dataset\train\TUBERCULOSIS\tb_00628.png
perceptual_duplicate,G:\Ai-CDD\data\raw\dataset\train\TUBERCULOSIS\tb_02030.png,G:\Ai-CDD\data\raw\dataset\train\TUBERCULOSIS\tb_00629.png
perceptual_duplicate,G:\Ai-CDD\data\raw\dataset\train\TUBERCULOSIS\tb_02031.png,G:\Ai-CDD\data\raw\dataset\train\TUBERCULOSIS\tb_00630.png
perceptual_duplicate,G:\Ai-CDD\data\raw\dataset\test\TUBERCULOSIS\tb_00030.png,G:\Ai-CDD\data\raw\dataset\train\TUBERCULOSIS\tb_00630.png
perceptual_duplicate,G:\Ai-CDD\data\raw\dataset\train\TUBERCULOSIS\tb_02032.png,G:\Ai-CDD\data\raw\dataset\train\TUBERCULOSIS\tb_00632.png
perceptual_duplicate,G:\Ai-CDD\data\raw\dataset\test\TUBERCULOSIS\tb_00031.png,G:\Ai-CDD\data\raw\dataset\train\TUBERCULOSIS\tb_00633.png
perceptual_duplicate,G:\Ai-CDD\data\raw\dataset\test\TUBERCULOSIS\tb_00451.png,G:\Ai-CDD\data\raw\dataset\train\TUBERCULOSIS\tb_00633.png
perceptual_duplicate,G:\Ai-CDD\data\raw\dataset\train\TUBERCULOSIS\tb_02033.png,G:\Ai-CDD\data\raw\dataset\train\TUBERCULOSIS\tb_00634.png
perceptual_duplicate,G:\Ai-CDD\data\raw\dataset\train\TUBERCULOSIS\tb_02034.png,G:\Ai-CDD\data\raw\dataset\train\TUBERCULOSIS\tb_00635.png
perceptual_duplicate,G:\Ai-CDD\data\raw\dataset\test\TUBERCULOSIS\tb_00032.png,G:\Ai-CDD\data\raw\dataset\train\TUBERCULOSIS\tb_00636.png
perceptual_duplicate,G:\Ai-CDD\data\raw\dataset\train\TUBERCULOSIS\tb_02035.png,G:\Ai-CDD\data\raw\dataset\train\TUBERCULOSIS\tb_00637.png
perceptual_duplicate,G:\Ai-CDD\data\raw\dataset\test\TUBERCULOSIS\tb_00452.png,G:\Ai-CDD\data\raw\dataset\train\TUBERCULOSIS\tb_00639.png
perceptual_duplicate,G:\Ai-CDD\data\raw\dataset\train\TUBERCULOSIS\tb_02036.png,G:\Ai-CDD\data\raw\dataset\train\TUBERCULOSIS\tb_00640.png
perceptual_duplicate,G:\Ai-CDD\data\raw\dataset\train\TUBERCULOSIS\tb_02037.png,G:\Ai-CDD\data\raw\dataset\train\TUBERCULOSIS\tb_00641.png
perceptual_duplicate,G:\Ai-CDD\data\raw\dataset\test\TUBERCULOSIS\tb_00453.png,G:\Ai-CDD\data\raw\dataset\train\TUBERCULOSIS\tb_00642.png
perceptual_duplicate,G:\Ai-CDD\data\raw\dataset\train\TUBERCULOSIS\tb_02038.png,G:\Ai-CDD\data\raw\dataset\train\TUBERCULOSIS\tb_00643.png
perceptual_duplicate,G:\Ai-CDD\data\raw\dataset\train\TUBERCULOSIS\tb_02039.png,G:\Ai-CDD\data\raw\dataset\train\TUBERCULOSIS\tb_00644.png
perceptual_duplicate,G:\Ai-CDD\data\raw\dataset\test\TUBERCULOSIS\tb_00033.png,G:\Ai-CDD\data\raw\dataset\train\TUBERCULOSIS\tb_00645.png
perceptual_duplicate,G:\Ai-CDD\data\raw\dataset\test\TUBERCULOSIS\tb_00454.png,G:\Ai-CDD\data\raw\dataset\train\TUBERCULOSIS\tb_00645.png
perceptual_duplicate,G:\Ai-CDD\data\raw\dataset\test\TUBERCULOSIS\tb_00455.png,G:\Ai-CDD\data\raw\dataset\train\TUBERCULOSIS\tb_00646.png
perceptual_duplicate,G:\Ai-CDD\data\raw\dataset\train\TUBERCULOSIS\tb_02040.png,G:\Ai-CDD\data\raw\dataset\train\TUBERCULOSIS\tb_00647.png
perceptual_duplicate,G:\Ai-CDD\data\raw\dataset\train\TUBERCULOSIS\tb_02041.png,G:\Ai-CDD\data\raw\dataset\train\TUBERCULOSIS\tb_00648.png
perceptual_duplicate,G:\Ai-CDD\data\raw\dataset\test\TUBERCULOSIS\tb_00456.png,G:\Ai-CDD\data\raw\dataset\train\TUBERCULOSIS\tb_00649.png
perceptual_duplicate,G:\Ai-CDD\data\raw\dataset\train\TUBERCULOSIS\tb_00651.png,G:\Ai-CDD\data\raw\dataset\train\TUBERCULOSIS\tb_00650.png
perceptual_duplicate,G:\Ai-CDD\data\raw\dataset\test\TUBERCULOSIS\tb_00034.png,G:\Ai-CDD\data\raw\dataset\train\TUBERCULOSIS\tb_00650.png
perceptual_duplicate,G:\Ai-CDD\data\raw\dataset\test\TUBERCULOSIS\tb_00034.png,G:\Ai-CDD\data\raw\dataset\train\TUBERCULOSIS\tb_00651.png
perceptual_duplicate,G:\Ai-CDD\data\raw\dataset\test\TUBERCULOSIS\tb_00035.png,G:\Ai-CDD\data\raw\dataset\train\TUBERCULOSIS\tb_00652.png
perceptual_duplicate,G:\Ai-CDD\data\raw\dataset\test\TUBERCULOSIS\tb_00457.png,G:\Ai-CDD\data\raw\dataset\train\TUBERCULOSIS\tb_00652.png
perceptual_duplicate,G:\Ai-CDD\data\raw\dataset\train\TUBERCULOSIS\tb_02042.png,G:\Ai-CDD\data\raw\dataset\train\TUBERCULOSIS\tb_00653.png
perceptual_duplicate,G:\Ai-CDD\data\raw\dataset\train\TUBERCULOSIS\tb_02043.png,G:\Ai-CDD\data\raw\dataset\train\TUBERCULOSIS\tb_00655.png
perceptual_duplicate,G:\Ai-CDD\data\raw\dataset\train\TUBERCULOSIS\tb_02044.png,G:\Ai-CDD\data\raw\dataset\train\TUBERCULOSIS\tb_00656.png
perceptual_duplicate,G:\Ai-CDD\data\raw\dataset\train\TUBERCULOSIS\tb_02045.png,G:\Ai-CDD\data\raw\dataset\train\TUBERCULOSIS\tb_00657.png
perceptual_duplicate,G:\Ai-CDD\data\raw\dataset\train\TUBERCULOSIS\tb_02046.png,G:\Ai-CDD\data\raw\dataset\train\TUBERCULOSIS\tb_00658.png
perceptual_duplicate,G:\Ai-CDD\data\raw\dataset\test\TUBERCULOSIS\tb_00036.png,G:\Ai-CDD\data\raw\dataset\train\TUBERCULOSIS\tb_00658.png
perceptual_duplicate,G:\Ai-CDD\data\raw\dataset\test\TUBERCULOSIS\tb_00037.png,G:\Ai-CDD\data\raw\dataset\train\TUBERCULOSIS\tb_00659.png
perceptual_duplicate,G:\Ai-CDD\data\raw\dataset\test\TUBERCULOSIS\tb_00458.png,G:\Ai-CDD\data\raw\dataset\train\TUBERCULOSIS\tb_00659.png
perceptual_duplicate,G:\Ai-CDD\data\raw\dataset\train\TUBERCULOSIS\tb_02047.png,G:\Ai-CDD\data\raw\dataset\train\TUBERCULOSIS\tb_00661.png
perceptual_duplicate,G:\Ai-CDD\data\raw\dataset\train\TUBERCULOSIS\tb_02048.png,G:\Ai-CDD\data\raw\dataset\train\TUBERCULOSIS\tb_00663.png
perceptual_duplicate,G:\Ai-CDD\data\raw\dataset\train\TUBERCULOSIS\tb_02049.png,G:\Ai-CDD\data\raw\dataset\train\TUBERCULOSIS\tb_00664.png
perceptual_duplicate,G:\Ai-CDD\data\raw\dataset\train\TUBERCULOSIS\tb_02050.png,G:\Ai-CDD\data\raw\dataset\train\TUBERCULOSIS\tb_00665.png
perceptual_duplicate,G:\Ai-CDD\data\raw\dataset\test\TUBERCULOSIS\tb_00459.png,G:\Ai-CDD\data\raw\dataset\train\TUBERCULOSIS\tb_00666.png
perceptual_duplicate,G:\Ai-CDD\data\raw\dataset\train\TUBERCULOSIS\tb_02051.png,G:\Ai-CDD\data\raw\dataset\train\TUBERCULOSIS\tb_00667.png
perceptual_duplicate,G:\Ai-CDD\data\raw\dataset\train\TUBERCULOSIS\tb_02052.png,G:\Ai-CDD\data\raw\dataset\train\TUBERCULOSIS\tb_00669.png
perceptual_duplicate,G:\Ai-CDD\data\raw\dataset\test\TUBERCULOSIS\tb_00460.png,G:\Ai-CDD\data\raw\dataset\train\TUBERCULOSIS\tb_00670.png
perceptual_duplicate,G:\Ai-CDD\data\raw\dataset\train\TUBERCULOSIS\tb_02053.png,G:\Ai-CDD\data\raw\dataset\train\TUBERCULOSIS\tb_00671.png
perceptual_duplicate,G:\Ai-CDD\data\raw\dataset\train\TUBERCULOSIS\tb_02054.png,G:\Ai-CDD\data\raw\dataset\train\TUBERCULOSIS\tb_00672.png
perceptual_duplicate,G:\Ai-CDD\data\raw\dataset\train\TUBERCULOSIS\tb_02055.png,G:\Ai-CDD\data\raw\dataset\train\TUBERCULOSIS\tb_00673.png
perceptual_duplicate,G:\Ai-CDD\data\raw\dataset\train\TUBERCULOSIS\tb_02056.png,G:\Ai-CDD\data\raw\dataset\train\TUBERCULOSIS\tb_00674.png
perceptual_duplicate,G:\Ai-CDD\data\raw\dataset\train\TUBERCULOSIS\tb_02057.png,G:\Ai-CDD\data\raw\dataset\train\TUBERCULOSIS\tb_00675.png
perceptual_duplicate,G:\Ai-CDD\data\raw\dataset\test\TUBERCULOSIS\tb_00461.png,G:\Ai-CDD\data\raw\dataset\train\TUBERCULOSIS\tb_00676.png
perceptual_duplicate,G:\Ai-CDD\data\raw\dataset\train\TUBERCULOSIS\tb_02058.png,G:\Ai-CDD\data\raw\dataset\train\TUBERCULOSIS\tb_00677.png
perceptual_duplicate,G:\Ai-CDD\data\raw\dataset\train\TUBERCULOSIS\tb_02059.png,G:\Ai-CDD\data\raw\dataset\train\TUBERCULOSIS\tb_00678.png
perceptual_duplicate,G:\Ai-CDD\data\raw\dataset\train\TUBERCULOSIS\tb_02060.png,G:\Ai-CDD\data\raw\dataset\train\TUBERCULOSIS\tb_00679.png
perceptual_duplicate,G:\Ai-CDD\data\raw\dataset\train\TUBERCULOSIS\tb_02061.png,G:\Ai-CDD\data\raw\dataset\train\TUBERCULOSIS\tb_00680.png
perceptual_duplicate,G:\Ai-CDD\data\raw\dataset\test\TUBERCULOSIS\tb_00462.png,G:\Ai-CDD\data\raw\dataset\train\TUBERCULOSIS\tb_00681.png
perceptual_duplicate,G:\Ai-CDD\data\raw\dataset\test\TUBERCULOSIS\tb_00463.png,G:\Ai-CDD\data\raw\dataset\train\TUBERCULOSIS\tb_00682.png
perceptual_duplicate,G:\Ai-CDD\data\raw\dataset\test\TUBERCULOSIS\tb_00038.png,G:\Ai-CDD\data\raw\dataset\train\TUBERCULOSIS\tb_00683.png
perceptual_duplicate,G:\Ai-CDD\data\raw\dataset\train\TUBERCULOSIS\tb_02062.png,G:\Ai-CDD\data\raw\dataset\train\TUBERCULOSIS\tb_00684.png
perceptual_duplicate,G:\Ai-CDD\data\raw\dataset\train\TUBERCULOSIS\tb_02063.png,G:\Ai-CDD\data\raw\dataset\train\TUBERCULOSIS\tb_00685.png
perceptual_duplicate,G:\Ai-CDD\data\raw\dataset\train\TUBERCULOSIS\tb_02064.png,G:\Ai-CDD\data\raw\dataset\train\TUBERCULOSIS\tb_00687.png
perceptual_duplicate,G:\Ai-CDD\data\raw\dataset\train\TUBERCULOSIS\tb_02065.png,G:\Ai-CDD\data\raw\dataset\train\TUBERCULOSIS\tb_00688.png
perceptual_duplicate,G:\Ai-CDD\data\raw\dataset\train\TUBERCULOSIS\tb_02066.png,G:\Ai-CDD\data\raw\dataset\train\TUBERCULOSIS\tb_00689.png
perceptual_duplicate,G:\Ai-CDD\data\raw\dataset\train\TUBERCULOSIS\tb_02067.png,G:\Ai-CDD\data\raw\dataset\train\TUBERCULOSIS\tb_00694.png
perceptual_duplicate,G:\Ai-CDD\data\raw\dataset\train\TUBERCULOSIS\tb_02068.png,G:\Ai-CDD\data\raw\dataset\train\TUBERCULOSIS\tb_00695.png
perceptual_duplicate,G:\Ai-CDD\data\raw\dataset\train\TUBERCULOSIS\tb_02069.png,G:\Ai-CDD\data\raw\dataset\train\TUBERCULOSIS\tb_00696.png
perceptual_duplicate,G:\Ai-CDD\data\raw\dataset\test\TUBERCULOSIS\tb_00039.png,G:\Ai-CDD\data\raw\dataset\train\TUBERCULOSIS\tb_00697.png
perceptual_duplicate,G:\Ai-CDD\data\raw\dataset\train\TUBERCULOSIS\tb_02070.png,G:\Ai-CDD\data\raw\dataset\train\TUBERCULOSIS\tb_00699.png
perceptual_duplicate,G:\Ai-CDD\data\raw\dataset\train\TUBERCULOSIS\tb_02071.png,G:\Ai-CDD\data\raw\dataset\train\TUBERCULOSIS\tb_00700.png
perceptual_duplicate,G:\Ai-CDD\data\raw\dataset\test\TUBERCULOSIS\tb_00040.png,G:\Ai-CDD\data\raw\dataset\train\TUBERCULOSIS\tb_00700.png
perceptual_duplicate,G:\Ai-CDD\data\raw\dataset\test\TUBERCULOSIS\tb_00464.png,G:\Ai-CDD\data\raw\dataset\train\TUBERCULOSIS\tb_00701.png
perceptual_duplicate,G:\Ai-CDD\data\raw\dataset\test\TUBERCULOSIS\tb_00465.png,G:\Ai-CDD\data\raw\dataset\train\TUBERCULOSIS\tb_00703.png
perceptual_duplicate,G:\Ai-CDD\data\raw\dataset\test\TUBERCULOSIS\tb_00466.png,G:\Ai-CDD\data\raw\dataset\train\TUBERCULOSIS\tb_00704.png
perceptual_duplicate,G:\Ai-CDD\data\raw\dataset\test\TUBERCULOSIS\tb_00467.png,G:\Ai-CDD\data\raw\dataset\train\TUBERCULOSIS\tb_00705.png
perceptual_duplicate,G:\Ai-CDD\data\raw\dataset\train\TUBERCULOSIS\tb_02072.png,G:\Ai-CDD\data\raw\dataset\train\TUBERCULOSIS\tb_00707.png
perceptual_duplicate,G:\Ai-CDD\data\raw\dataset\train\TUBERCULOSIS\tb_02073.png,G:\Ai-CDD\data\raw\dataset\train\TUBERCULOSIS\tb_00708.png
perceptual_duplicate,G:\Ai-CDD\data\raw\dataset\test\TUBERCULOSIS\tb_00041.png,G:\Ai-CDD\data\raw\dataset\train\TUBERCULOSIS\tb_00708.png
perceptual_duplicate,G:\Ai-CDD\data\raw\dataset\train\TUBERCULOSIS\tb_02074.png,G:\Ai-CDD\data\raw\dataset\train\TUBERCULOSIS\tb_00710.png
perceptual_duplicate,G:\Ai-CDD\data\raw\dataset\train\TUBERCULOSIS\tb_02075.png,G:\Ai-CDD\data\raw\dataset\train\TUBERCULOSIS\tb_00712.png
perceptual_duplicate,G:\Ai-CDD\data\raw\dataset\test\TUBERCULOSIS\tb_00042.png,G:\Ai-CDD\data\raw\dataset\train\TUBERCULOSIS\tb_00712.png
perceptual_duplicate,G:\Ai-CDD\data\raw\dataset\test\TUBERCULOSIS\tb_00468.png,G:\Ai-CDD\data\raw\dataset\train\TUBERCULOSIS\tb_00713.png
perceptual_duplicate,G:\Ai-CDD\data\raw\dataset\train\TUBERCULOSIS\tb_02076.png,G:\Ai-CDD\data\raw\dataset\train\TUBERCULOSIS\tb_00715.png
perceptual_duplicate,G:\Ai-CDD\data\raw\dataset\train\TUBERCULOSIS\tb_02077.png,G:\Ai-CDD\data\raw\dataset\train\TUBERCULOSIS\tb_00716.png
perceptual_duplicate,G:\Ai-CDD\data\raw\dataset\train\TUBERCULOSIS\tb_02078.png,G:\Ai-CDD\data\raw\dataset\train\TUBERCULOSIS\tb_00717.png
perceptual_duplicate,G:\Ai-CDD\data\raw\dataset\train\TUBERCULOSIS\tb_02079.png,G:\Ai-CDD\data\raw\dataset\train\TUBERCULOSIS\tb_00718.png
perceptual_duplicate,G:\Ai-CDD\data\raw\dataset\test\TUBERCULOSIS\tb_00469.png,G:\Ai-CDD\data\raw\dataset\train\TUBERCULOSIS\tb_00719.png
perceptual_duplicate,G:\Ai-CDD\data\raw\dataset\train\TUBERCULOSIS\tb_02080.png,G:\Ai-CDD\data\raw\dataset\train\TUBERCULOSIS\tb_00720.png
perceptual_duplicate,G:\Ai-CDD\data\raw\dataset\train\TUBERCULOSIS\tb_02081.png,G:\Ai-CDD\data\raw\dataset\train\TUBERCULOSIS\tb_00721.png
perceptual_duplicate,G:\Ai-CDD\data\raw\dataset\test\TUBERCULOSIS\tb_00043.png,G:\Ai-CDD\data\raw\dataset\train\TUBERCULOSIS\tb_00721.png
perceptual_duplicate,G:\Ai-CDD\data\raw\dataset\train\TUBERCULOSIS\tb_02082.png,G:\Ai-CDD\data\raw\dataset\train\TUBERCULOSIS\tb_00724.png
perceptual_duplicate,G:\Ai-CDD\data\raw\dataset\test\TUBERCULOSIS\tb_00044.png,G:\Ai-CDD\data\raw\dataset\train\TUBERCULOSIS\tb_00724.png
perceptual_duplicate,G:\Ai-CDD\data\raw\dataset\train\TUBERCULOSIS\tb_02083.png,G:\Ai-CDD\data\raw\dataset\train\TUBERCULOSIS\tb_00725.png
perceptual_duplicate,G:\Ai-CDD\data\raw\dataset\test\TUBERCULOSIS\tb_00470.png,G:\Ai-CDD\data\raw\dataset\train\TUBERCULOSIS\tb_00726.png
perceptual_duplicate,G:\Ai-CDD\data\raw\dataset\train\TUBERCULOSIS\tb_02084.png,G:\Ai-CDD\data\raw\dataset\train\TUBERCULOSIS\tb_00727.png
perceptual_duplicate,G:\Ai-CDD\data\raw\dataset\train\TUBERCULOSIS\tb_02085.png,G:\Ai-CDD\data\raw\dataset\train\TUBERCULOSIS\tb_00728.png
perceptual_duplicate,G:\Ai-CDD\data\raw\dataset\test\TUBERCULOSIS\tb_00045.png,G:\Ai-CDD\data\raw\dataset\train\TUBERCULOSIS\tb_00729.png
perceptual_duplicate,G:\Ai-CDD\data\raw\dataset\test\TUBERCULOSIS\tb_00471.png,G:\Ai-CDD\data\raw\dataset\train\TUBERCULOSIS\tb_00729.png
perceptual_duplicate,G:\Ai-CDD\data\raw\dataset\train\TUBERCULOSIS\tb_02086.png,G:\Ai-CDD\data\raw\dataset\train\TUBERCULOSIS\tb_00730.png
perceptual_duplicate,G:\Ai-CDD\data\raw\dataset\test\TUBERCULOSIS\tb_00472.png,G:\Ai-CDD\data\raw\dataset\train\TUBERCULOSIS\tb_00731.png
perceptual_duplicate,G:\Ai-CDD\data\raw\dataset\train\TUBERCULOSIS\tb_02087.png,G:\Ai-CDD\data\raw\dataset\train\TUBERCULOSIS\tb_00732.png
perceptual_duplicate,G:\Ai-CDD\data\raw\dataset\train\TUBERCULOSIS\tb_02088.png,G:\Ai-CDD\data\raw\dataset\train\TUBERCULOSIS\tb_00733.png
perceptual_duplicate,G:\Ai-CDD\data\raw\dataset\train\TUBERCULOSIS\tb_02089.png,G:\Ai-CDD\data\raw\dataset\train\TUBERCULOSIS\tb_00734.png
perceptual_duplicate,G:\Ai-CDD\data\raw\dataset\train\TUBERCULOSIS\tb_02090.png,G:\Ai-CDD\data\raw\dataset\train\TUBERCULOSIS\tb_00735.png
perceptual_duplicate,G:\Ai-CDD\data\raw\dataset\train\TUBERCULOSIS\tb_02091.png,G:\Ai-CDD\data\raw\dataset\train\TUBERCULOSIS\tb_00736.png
perceptual_duplicate,G:\Ai-CDD\data\raw\dataset\train\TUBERCULOSIS\tb_02092.png,G:\Ai-CDD\data\raw\dataset\train\TUBERCULOSIS\tb_00737.png
perceptual_duplicate,G:\Ai-CDD\data\raw\dataset\train\TUBERCULOSIS\tb_02093.png,G:\Ai-CDD\data\raw\dataset\train\TUBERCULOSIS\tb_00738.png
perceptual_duplicate,G:\Ai-CDD\data\raw\dataset\train\TUBERCULOSIS\tb_02094.png,G:\Ai-CDD\data\raw\dataset\train\TUBERCULOSIS\tb_00739.png
perceptual_duplicate,G:\Ai-CDD\data\raw\dataset\train\TUBERCULOSIS\tb_02095.png,G:\Ai-CDD\data\raw\dataset\train\TUBERCULOSIS\tb_00740.png
perceptual_duplicate,G:\Ai-CDD\data\raw\dataset\test\TUBERCULOSIS\tb_00473.png,G:\Ai-CDD\data\raw\dataset\train\TUBERCULOSIS\tb_00741.png
perceptual_duplicate,G:\Ai-CDD\data\raw\dataset\train\TUBERCULOSIS\tb_02096.png,G:\Ai-CDD\data\raw\dataset\train\TUBERCULOSIS\tb_00742.png
perceptual_duplicate,G:\Ai-CDD\data\raw\dataset\train\TUBERCULOSIS\tb_02097.png,G:\Ai-CDD\data\raw\dataset\train\TUBERCULOSIS\tb_00743.png
perceptual_duplicate,G:\Ai-CDD\data\raw\dataset\test\TUBERCULOSIS\tb_00046.png,G:\Ai-CDD\data\raw\dataset\train\TUBERCULOSIS\tb_00743.png
perceptual_duplicate,G:\Ai-CDD\data\raw\dataset\train\TUBERCULOSIS\tb_02098.png,G:\Ai-CDD\data\raw\dataset\train\TUBERCULOSIS\tb_00744.png
perceptual_duplicate,G:\Ai-CDD\data\raw\dataset\test\TUBERCULOSIS\tb_00047.png,G:\Ai-CDD\data\raw\dataset\train\TUBERCULOSIS\tb_00744.png
perceptual_duplicate,G:\Ai-CDD\data\raw\dataset\train\TUBERCULOSIS\tb_02099.png,G:\Ai-CDD\data\raw\dataset\train\TUBERCULOSIS\tb_00745.png
perceptual_duplicate,G:\Ai-CDD\data\raw\dataset\test\TUBERCULOSIS\tb_00048.png,G:\Ai-CDD\data\raw\dataset\train\TUBERCULOSIS\tb_00746.png
perceptual_duplicate,G:\Ai-CDD\data\raw\dataset\test\TUBERCULOSIS\tb_00474.png,G:\Ai-CDD\data\raw\dataset\train\TUBERCULOSIS\tb_00749.png
perceptual_duplicate,G:\Ai-CDD\data\raw\dataset\train\TUBERCULOSIS\tb_02100.png,G:\Ai-CDD\data\raw\dataset\train\TUBERCULOSIS\tb_00750.png
perceptual_duplicate,G:\Ai-CDD\data\raw\dataset\train\TUBERCULOSIS\tb_02101.png,G:\Ai-CDD\data\raw\dataset\train\TUBERCULOSIS\tb_00752.png
perceptual_duplicate,G:\Ai-CDD\data\raw\dataset\train\TUBERCULOSIS\tb_02102.png,G:\Ai-CDD\data\raw\dataset\train\TUBERCULOSIS\tb_00753.png
perceptual_duplicate,G:\Ai-CDD\data\raw\dataset\train\TUBERCULOSIS\tb_02103.png,G:\Ai-CDD\data\raw\dataset\train\TUBERCULOSIS\tb_00754.png
perceptual_duplicate,G:\Ai-CDD\data\raw\dataset\train\TUBERCULOSIS\tb_02104.png,G:\Ai-CDD\data\raw\dataset\train\TUBERCULOSIS\tb_00755.png
perceptual_duplicate,G:\Ai-CDD\data\raw\dataset\test\TUBERCULOSIS\tb_00475.png,G:\Ai-CDD\data\raw\dataset\train\TUBERCULOSIS\tb_00756.png
perceptual_duplicate,G:\Ai-CDD\data\raw\dataset\train\TUBERCULOSIS\tb_02105.png,G:\Ai-CDD\data\raw\dataset\train\TUBERCULOSIS\tb_00757.png
perceptual_duplicate,G:\Ai-CDD\data\raw\dataset\train\TUBERCULOSIS\tb_02106.png,G:\Ai-CDD\data\raw\dataset\train\TUBERCULOSIS\tb_00758.png
perceptual_duplicate,G:\Ai-CDD\data\raw\dataset\test\TUBERCULOSIS\tb_00476.png,G:\Ai-CDD\data\raw\dataset\train\TUBERCULOSIS\tb_00759.png
perceptual_duplicate,G:\Ai-CDD\data\raw\dataset\test\TUBERCULOSIS\tb_00477.png,G:\Ai-CDD\data\raw\dataset\train\TUBERCULOSIS\tb_00760.png
perceptual_duplicate,G:\Ai-CDD\data\raw\dataset\test\TUBERCULOSIS\tb_00478.png,G:\Ai-CDD\data\raw\dataset\train\TUBERCULOSIS\tb_00761.png
perceptual_duplicate,G:\Ai-CDD\data\raw\dataset\train\TUBERCULOSIS\tb_02107.png,G:\Ai-CDD\data\raw\dataset\train\TUBERCULOSIS\tb_00762.png
perceptual_duplicate,G:\Ai-CDD\data\raw\dataset\train\TUBERCULOSIS\tb_00766.png,G:\Ai-CDD\data\raw\dataset\train\TUBERCULOSIS\tb_00764.png
perceptual_duplicate,G:\Ai-CDD\data\raw\dataset\test\TUBERCULOSIS\tb_00479.png,G:\Ai-CDD\data\raw\dataset\train\TUBERCULOSIS\tb_00765.png
perceptual_duplicate,G:\Ai-CDD\data\raw\dataset\train\TUBERCULOSIS\tb_02108.png,G:\Ai-CDD\data\raw\dataset\train\TUBERCULOSIS\tb_00767.png
perceptual_duplicate,G:\Ai-CDD\data\raw\dataset\train\TUBERCULOSIS\tb_02109.png,G:\Ai-CDD\data\raw\dataset\train\TUBERCULOSIS\tb_00768.png
perceptual_duplicate,G:\Ai-CDD\data\raw\dataset\train\TUBERCULOSIS\tb_02110.png,G:\Ai-CDD\data\raw\dataset\train\TUBERCULOSIS\tb_00770.png
perceptual_duplicate,G:\Ai-CDD\data\raw\dataset\test\TUBERCULOSIS\tb_00049.png,G:\Ai-CDD\data\raw\dataset\train\TUBERCULOSIS\tb_00770.png
perceptual_duplicate,G:\Ai-CDD\data\raw\dataset\test\TUBERCULOSIS\tb_00480.png,G:\Ai-CDD\data\raw\dataset\train\TUBERCULOSIS\tb_00771.png
perceptual_duplicate,G:\Ai-CDD\data\raw\dataset\test\TUBERCULOSIS\tb_00481.png,G:\Ai-CDD\data\raw\dataset\train\TUBERCULOSIS\tb_00772.png
perceptual_duplicate,G:\Ai-CDD\data\raw\dataset\train\TUBERCULOSIS\tb_02111.png,G:\Ai-CDD\data\raw\dataset\train\TUBERCULOSIS\tb_00773.png
perceptual_duplicate,G:\Ai-CDD\data\raw\dataset\test\TUBERCULOSIS\tb_00050.png,G:\Ai-CDD\data\raw\dataset\train\TUBERCULOSIS\tb_00773.png
perceptual_duplicate,G:\Ai-CDD\data\raw\dataset\train\TUBERCULOSIS\tb_02112.png,G:\Ai-CDD\data\raw\dataset\train\TUBERCULOSIS\tb_00774.png
perceptual_duplicate,G:\Ai-CDD\data\raw\dataset\train\TUBERCULOSIS\tb_02113.png,G:\Ai-CDD\data\raw\dataset\train\TUBERCULOSIS\tb_00775.png
perceptual_duplicate,G:\Ai-CDD\data\raw\dataset\train\TUBERCULOSIS\tb_02114.png,G:\Ai-CDD\data\raw\dataset\train\TUBERCULOSIS\tb_00776.png
perceptual_duplicate,G:\Ai-CDD\data\raw\dataset\test\TUBERCULOSIS\tb_00482.png,G:\Ai-CDD\data\raw\dataset\train\TUBERCULOSIS\tb_00777.png
perceptual_duplicate,G:\Ai-CDD\data\raw\dataset\test\TUBERCULOSIS\tb_00483.png,G:\Ai-CDD\data\raw\dataset\train\TUBERCULOSIS\tb_00778.png
perceptual_duplicate,G:\Ai-CDD\data\raw\dataset\train\TUBERCULOSIS\tb_01970.png,G:\Ai-CDD\data\raw\dataset\train\TUBERCULOSIS\tb_00779.png
perceptual_duplicate,G:\Ai-CDD\data\raw\dataset\test\TUBERCULOSIS\tb_00484.png,G:\Ai-CDD\data\raw\dataset\train\TUBERCULOSIS\tb_00779.png
perceptual_duplicate,G:\Ai-CDD\data\raw\dataset\train\TUBERCULOSIS\tb_02115.png,G:\Ai-CDD\data\raw\dataset\train\TUBERCULOSIS\tb_00780.png
perceptual_duplicate,G:\Ai-CDD\data\raw\dataset\test\TUBERCULOSIS\tb_00051.png,G:\Ai-CDD\data\raw\dataset\train\TUBERCULOSIS\tb_00781.png
perceptual_duplicate,G:\Ai-CDD\data\raw\dataset\test\TUBERCULOSIS\tb_00485.png,G:\Ai-CDD\data\raw\dataset\train\TUBERCULOSIS\tb_00781.png
perceptual_duplicate,G:\Ai-CDD\data\raw\dataset\train\TUBERCULOSIS\tb_02116.png,G:\Ai-CDD\data\raw\dataset\train\TUBERCULOSIS\tb_00783.png
perceptual_duplicate,G:\Ai-CDD\data\raw\dataset\test\TUBERCULOSIS\tb_00486.png,G:\Ai-CDD\data\raw\dataset\train\TUBERCULOSIS\tb_00784.png
perceptual_duplicate,G:\Ai-CDD\data\raw\dataset\test\TUBERCULOSIS\tb_00487.png,G:\Ai-CDD\data\raw\dataset\train\TUBERCULOSIS\tb_00785.png
perceptual_duplicate,G:\Ai-CDD\data\raw\dataset\train\TUBERCULOSIS\tb_02117.png,G:\Ai-CDD\data\raw\dataset\train\TUBERCULOSIS\tb_00786.png
perceptual_duplicate,G:\Ai-CDD\data\raw\dataset\train\TUBERCULOSIS\tb_02118.png,G:\Ai-CDD\data\raw\dataset\train\TUBERCULOSIS\tb_00787.png
perceptual_duplicate,G:\Ai-CDD\data\raw\dataset\train\TUBERCULOSIS\tb_02119.png,G:\Ai-CDD\data\raw\dataset\train\TUBERCULOSIS\tb_00788.png
perceptual_duplicate,G:\Ai-CDD\data\raw\dataset\test\TUBERCULOSIS\tb_00488.png,G:\Ai-CDD\data\raw\dataset\train\TUBERCULOSIS\tb_00789.png
perceptual_duplicate,G:\Ai-CDD\data\raw\dataset\train\TUBERCULOSIS\tb_02120.png,G:\Ai-CDD\data\raw\dataset\train\TUBERCULOSIS\tb_00790.png
perceptual_duplicate,G:\Ai-CDD\data\raw\dataset\test\TUBERCULOSIS\tb_00489.png,G:\Ai-CDD\data\raw\dataset\train\TUBERCULOSIS\tb_00791.png
perceptual_duplicate,G:\Ai-CDD\data\raw\dataset\test\TUBERCULOSIS\tb_00490.png,G:\Ai-CDD\data\raw\dataset\train\TUBERCULOSIS\tb_00792.png
perceptual_duplicate,G:\Ai-CDD\data\raw\dataset\train\TUBERCULOSIS\tb_02121.png,G:\Ai-CDD\data\raw\dataset\train\TUBERCULOSIS\tb_00796.png
perceptual_duplicate,G:\Ai-CDD\data\raw\dataset\test\TUBERCULOSIS\tb_00052.png,G:\Ai-CDD\data\raw\dataset\train\TUBERCULOSIS\tb_00796.png
perceptual_duplicate,G:\Ai-CDD\data\raw\dataset\train\TUBERCULOSIS\tb_02122.png,G:\Ai-CDD\data\raw\dataset\train\TUBERCULOSIS\tb_00797.png
perceptual_duplicate,G:\Ai-CDD\data\raw\dataset\test\TUBERCULOSIS\tb_00053.png,G:\Ai-CDD\data\raw\dataset\train\TUBERCULOSIS\tb_00798.png
perceptual_duplicate,G:\Ai-CDD\data\raw\dataset\train\TUBERCULOSIS\tb_00858.png,G:\Ai-CDD\data\raw\dataset\train\TUBERCULOSIS\tb_00799.png
perceptual_duplicate,G:\Ai-CDD\data\raw\dataset\train\TUBERCULOSIS\tb_02161.png,G:\Ai-CDD\data\raw\dataset\train\TUBERCULOSIS\tb_00799.png
perceptual_duplicate,G:\Ai-CDD\data\raw\dataset\test\TUBERCULOSIS\tb_00054.png,G:\Ai-CDD\data\raw\dataset\train\TUBERCULOSIS\tb_00799.png
perceptual_duplicate,G:\Ai-CDD\data\raw\dataset\train\TUBERCULOSIS\tb_02123.png,G:\Ai-CDD\data\raw\dataset\train\TUBERCULOSIS\tb_00800.png
perceptual_duplicate,G:\Ai-CDD\data\raw\dataset\train\TUBERCULOSIS\tb_02124.png,G:\Ai-CDD\data\raw\dataset\train\TUBERCULOSIS\tb_00801.png
perceptual_duplicate,G:\Ai-CDD\data\raw\dataset\test\TUBERCULOSIS\tb_00055.png,G:\Ai-CDD\data\raw\dataset\train\TUBERCULOSIS\tb_00802.png
perceptual_duplicate,G:\Ai-CDD\data\raw\dataset\train\TUBERCULOSIS\tb_02125.png,G:\Ai-CDD\data\raw\dataset\train\TUBERCULOSIS\tb_00803.png
perceptual_duplicate,G:\Ai-CDD\data\raw\dataset\test\TUBERCULOSIS\tb_00491.png,G:\Ai-CDD\data\raw\dataset\train\TUBERCULOSIS\tb_00804.png
perceptual_duplicate,G:\Ai-CDD\data\raw\dataset\train\TUBERCULOSIS\tb_02126.png,G:\Ai-CDD\data\raw\dataset\train\TUBERCULOSIS\tb_00805.png
perceptual_duplicate,G:\Ai-CDD\data\raw\dataset\train\TUBERCULOSIS\tb_02127.png,G:\Ai-CDD\data\raw\dataset\train\TUBERCULOSIS\tb_00806.png
perceptual_duplicate,G:\Ai-CDD\data\raw\dataset\train\TUBERCULOSIS\tb_02128.png,G:\Ai-CDD\data\raw\dataset\train\TUBERCULOSIS\tb_00807.png
perceptual_duplicate,G:\Ai-CDD\data\raw\dataset\train\TUBERCULOSIS\tb_00830.png,G:\Ai-CDD\data\raw\dataset\train\TUBERCULOSIS\tb_00808.png
perceptual_duplicate,G:\Ai-CDD\data\raw\dataset\train\TUBERCULOSIS\tb_02141.png,G:\Ai-CDD\data\raw\dataset\train\TUBERCULOSIS\tb_00808.png
perceptual_duplicate,G:\Ai-CDD\data\raw\dataset\train\TUBERCULOSIS\tb_02129.png,G:\Ai-CDD\data\raw\dataset\train\TUBERCULOSIS\tb_00809.png
perceptual_duplicate,G:\Ai-CDD\data\raw\dataset\test\TUBERCULOSIS\tb_00056.png,G:\Ai-CDD\data\raw\dataset\train\TUBERCULOSIS\tb_00810.png
perceptual_duplicate,G:\Ai-CDD\data\raw\dataset\test\TUBERCULOSIS\tb_00492.png,G:\Ai-CDD\data\raw\dataset\train\TUBERCULOSIS\tb_00810.png
perceptual_duplicate,G:\Ai-CDD\data\raw\dataset\train\TUBERCULOSIS\tb_02130.png,G:\Ai-CDD\data\raw\dataset\train\TUBERCULOSIS\tb_00811.png
perceptual_duplicate,G:\Ai-CDD\data\raw\dataset\train\TUBERCULOSIS\tb_02131.png,G:\Ai-CDD\data\raw\dataset\train\TUBERCULOSIS\tb_00812.png
perceptual_duplicate,G:\Ai-CDD\data\raw\dataset\test\TUBERCULOSIS\tb_00057.png,G:\Ai-CDD\data\raw\dataset\train\TUBERCULOSIS\tb_00812.png
perceptual_duplicate,G:\Ai-CDD\data\raw\dataset\train\TUBERCULOSIS\tb_02132.png,G:\Ai-CDD\data\raw\dataset\train\TUBERCULOSIS\tb_00813.png
perceptual_duplicate,G:\Ai-CDD\data\raw\dataset\train\TUBERCULOSIS\tb_02133.png,G:\Ai-CDD\data\raw\dataset\train\TUBERCULOSIS\tb_00816.png
perceptual_duplicate,G:\Ai-CDD\data\raw\dataset\train\TUBERCULOSIS\tb_02134.png,G:\Ai-CDD\data\raw\dataset\train\TUBERCULOSIS\tb_00817.png
perceptual_duplicate,G:\Ai-CDD\data\raw\dataset\train\TUBERCULOSIS\tb_02135.png,G:\Ai-CDD\data\raw\dataset\train\TUBERCULOSIS\tb_00818.png
perceptual_duplicate,G:\Ai-CDD\data\raw\dataset\train\TUBERCULOSIS\tb_00903.png,G:\Ai-CDD\data\raw\dataset\train\TUBERCULOSIS\tb_00819.png
perceptual_duplicate,G:\Ai-CDD\data\raw\dataset\test\TUBERCULOSIS\tb_00505.png,G:\Ai-CDD\data\raw\dataset\train\TUBERCULOSIS\tb_00819.png
perceptual_duplicate,G:\Ai-CDD\data\raw\dataset\train\TUBERCULOSIS\tb_02136.png,G:\Ai-CDD\data\raw\dataset\train\TUBERCULOSIS\tb_00820.png
perceptual_duplicate,G:\Ai-CDD\data\raw\dataset\train\TUBERCULOSIS\tb_02137.png,G:\Ai-CDD\data\raw\dataset\train\TUBERCULOSIS\tb_00821.png
perceptual_duplicate,G:\Ai-CDD\data\raw\dataset\train\TUBERCULOSIS\tb_02138.png,G:\Ai-CDD\data\raw\dataset\train\TUBERCULOSIS\tb_00822.png
perceptual_duplicate,G:\Ai-CDD\data\raw\dataset\test\TUBERCULOSIS\tb_00493.png,G:\Ai-CDD\data\raw\dataset\train\TUBERCULOSIS\tb_00824.png
perceptual_duplicate,G:\Ai-CDD\data\raw\dataset\test\TUBERCULOSIS\tb_00494.png,G:\Ai-CDD\data\raw\dataset\train\TUBERCULOSIS\tb_00825.png
perceptual_duplicate,G:\Ai-CDD\data\raw\dataset\test\TUBERCULOSIS\tb_00495.png,G:\Ai-CDD\data\raw\dataset\train\TUBERCULOSIS\tb_00826.png
perceptual_duplicate,G:\Ai-CDD\data\raw\dataset\train\TUBERCULOSIS\tb_02139.png,G:\Ai-CDD\data\raw\dataset\train\TUBERCULOSIS\tb_00827.png
perceptual_duplicate,G:\Ai-CDD\data\raw\dataset\train\TUBERCULOSIS\tb_02140.png,G:\Ai-CDD\data\raw\dataset\train\TUBERCULOSIS\tb_00828.png
perceptual_duplicate,G:\Ai-CDD\data\raw\dataset\train\TUBERCULOSIS\tb_02141.png,G:\Ai-CDD\data\raw\dataset\train\TUBERCULOSIS\tb_00830.png
perceptual_duplicate,G:\Ai-CDD\data\raw\dataset\train\TUBERCULOSIS\tb_02142.png,G:\Ai-CDD\data\raw\dataset\train\TUBERCULOSIS\tb_00831.png
perceptual_duplicate,G:\Ai-CDD\data\raw\dataset\train\TUBERCULOSIS\tb_02143.png,G:\Ai-CDD\data\raw\dataset\train\TUBERCULOSIS\tb_00832.png
perceptual_duplicate,G:\Ai-CDD\data\raw\dataset\train\TUBERCULOSIS\tb_02144.png,G:\Ai-CDD\data\raw\dataset\train\TUBERCULOSIS\tb_00833.png
perceptual_duplicate,G:\Ai-CDD\data\raw\dataset\test\TUBERCULOSIS\tb_00496.png,G:\Ai-CDD\data\raw\dataset\train\TUBERCULOSIS\tb_00834.png
perceptual_duplicate,G:\Ai-CDD\data\raw\dataset\train\TUBERCULOSIS\tb_02145.png,G:\Ai-CDD\data\raw\dataset\train\TUBERCULOSIS\tb_00835.png
perceptual_duplicate,G:\Ai-CDD\data\raw\dataset\test\TUBERCULOSIS\tb_00058.png,G:\Ai-CDD\data\raw\dataset\train\TUBERCULOSIS\tb_00835.png
perceptual_duplicate,G:\Ai-CDD\data\raw\dataset\train\TUBERCULOSIS\tb_02146.png,G:\Ai-CDD\data\raw\dataset\train\TUBERCULOSIS\tb_00836.png
perceptual_duplicate,G:\Ai-CDD\data\raw\dataset\train\TUBERCULOSIS\tb_02147.png,G:\Ai-CDD\data\raw\dataset\train\TUBERCULOSIS\tb_00837.png
perceptual_duplicate,G:\Ai-CDD\data\raw\dataset\train\TUBERCULOSIS\tb_02148.png,G:\Ai-CDD\data\raw\dataset\train\TUBERCULOSIS\tb_00839.png
perceptual_duplicate,G:\Ai-CDD\data\raw\dataset\test\TUBERCULOSIS\tb_00059.png,G:\Ai-CDD\data\raw\dataset\train\TUBERCULOSIS\tb_00841.png
perceptual_duplicate,G:\Ai-CDD\data\raw\dataset\test\TUBERCULOSIS\tb_00497.png,G:\Ai-CDD\data\raw\dataset\train\TUBERCULOSIS\tb_00841.png
perceptual_duplicate,G:\Ai-CDD\data\raw\dataset\train\TUBERCULOSIS\tb_02149.png,G:\Ai-CDD\data\raw\dataset\train\TUBERCULOSIS\tb_00842.png
perceptual_duplicate,G:\Ai-CDD\data\raw\dataset\train\TUBERCULOSIS\tb_02150.png,G:\Ai-CDD\data\raw\dataset\train\TUBERCULOSIS\tb_00843.png
perceptual_duplicate,G:\Ai-CDD\data\raw\dataset\train\TUBERCULOSIS\tb_02151.png,G:\Ai-CDD\data\raw\dataset\train\TUBERCULOSIS\tb_00844.png
perceptual_duplicate,G:\Ai-CDD\data\raw\dataset\train\TUBERCULOSIS\tb_02152.png,G:\Ai-CDD\data\raw\dataset\train\TUBERCULOSIS\tb_00845.png
perceptual_duplicate,G:\Ai-CDD\data\raw\dataset\train\TUBERCULOSIS\tb_02153.png,G:\Ai-CDD\data\raw\dataset\train\TUBERCULOSIS\tb_00846.png
perceptual_duplicate,G:\Ai-CDD\data\raw\dataset\train\TUBERCULOSIS\tb_02154.png,G:\Ai-CDD\data\raw\dataset\train\TUBERCULOSIS\tb_00847.png
perceptual_duplicate,G:\Ai-CDD\data\raw\dataset\train\TUBERCULOSIS\tb_02155.png,G:\Ai-CDD\data\raw\dataset\train\TUBERCULOSIS\tb_00848.png
perceptual_duplicate,G:\Ai-CDD\data\raw\dataset\train\TUBERCULOSIS\tb_02156.png,G:\Ai-CDD\data\raw\dataset\train\TUBERCULOSIS\tb_00849.png
perceptual_duplicate,G:\Ai-CDD\data\raw\dataset\test\TUBERCULOSIS\tb_00060.png,G:\Ai-CDD\data\raw\dataset\train\TUBERCULOSIS\tb_00849.png
perceptual_duplicate,G:\Ai-CDD\data\raw\dataset\test\TUBERCULOSIS\tb_00498.png,G:\Ai-CDD\data\raw\dataset\train\TUBERCULOSIS\tb_00850.png
perceptual_duplicate,G:\Ai-CDD\data\raw\dataset\train\TUBERCULOSIS\tb_02157.png,G:\Ai-CDD\data\raw\dataset\train\TUBERCULOSIS\tb_00851.png
perceptual_duplicate,G:\Ai-CDD\data\raw\dataset\test\TUBERCULOSIS\tb_00499.png,G:\Ai-CDD\data\raw\dataset\train\TUBERCULOSIS\tb_00853.png
perceptual_duplicate,G:\Ai-CDD\data\raw\dataset\train\TUBERCULOSIS\tb_02158.png,G:\Ai-CDD\data\raw\dataset\train\TUBERCULOSIS\tb_00855.png
perceptual_duplicate,G:\Ai-CDD\data\raw\dataset\train\TUBERCULOSIS\tb_02159.png,G:\Ai-CDD\data\raw\dataset\train\TUBERCULOSIS\tb_00856.png
perceptual_duplicate,G:\Ai-CDD\data\raw\dataset\train\TUBERCULOSIS\tb_02160.png,G:\Ai-CDD\data\raw\dataset\train\TUBERCULOSIS\tb_00857.png
perceptual_duplicate,G:\Ai-CDD\data\raw\dataset\train\TUBERCULOSIS\tb_02161.png,G:\Ai-CDD\data\raw\dataset\train\TUBERCULOSIS\tb_00858.png
perceptual_duplicate,G:\Ai-CDD\data\raw\dataset\test\TUBERCULOSIS\tb_00054.png,G:\Ai-CDD\data\raw\dataset\train\TUBERCULOSIS\tb_00858.png
perceptual_duplicate,G:\Ai-CDD\data\raw\dataset\train\TUBERCULOSIS\tb_02162.png,G:\Ai-CDD\data\raw\dataset\train\TUBERCULOSIS\tb_00859.png
perceptual_duplicate,G:\Ai-CDD\data\raw\dataset\test\TUBERCULOSIS\tb_00061.png,G:\Ai-CDD\data\raw\dataset\train\TUBERCULOSIS\tb_00859.png
perceptual_duplicate,G:\Ai-CDD\data\raw\dataset\train\TUBERCULOSIS\tb_02163.png,G:\Ai-CDD\data\raw\dataset\train\TUBERCULOSIS\tb_00860.png
perceptual_duplicate,G:\Ai-CDD\data\raw\dataset\train\TUBERCULOSIS\tb_02164.png,G:\Ai-CDD\data\raw\dataset\train\TUBERCULOSIS\tb_00861.png
perceptual_duplicate,G:\Ai-CDD\data\raw\dataset\train\TUBERCULOSIS\tb_02165.png,G:\Ai-CDD\data\raw\dataset\train\TUBERCULOSIS\tb_00862.png
perceptual_duplicate,G:\Ai-CDD\data\raw\dataset\train\TUBERCULOSIS\tb_02166.png,G:\Ai-CDD\data\raw\dataset\train\TUBERCULOSIS\tb_00864.png
perceptual_duplicate,G:\Ai-CDD\data\raw\dataset\train\TUBERCULOSIS\tb_02167.png,G:\Ai-CDD\data\raw\dataset\train\TUBERCULOSIS\tb_00866.png
perceptual_duplicate,G:\Ai-CDD\data\raw\dataset\test\TUBERCULOSIS\tb_00062.png,G:\Ai-CDD\data\raw\dataset\train\TUBERCULOSIS\tb_00866.png
perceptual_duplicate,G:\Ai-CDD\data\raw\dataset\train\TUBERCULOSIS\tb_02168.png,G:\Ai-CDD\data\raw\dataset\train\TUBERCULOSIS\tb_00867.png
perceptual_duplicate,G:\Ai-CDD\data\raw\dataset\test\TUBERCULOSIS\tb_00500.png,G:\Ai-CDD\data\raw\dataset\train\TUBERCULOSIS\tb_00868.png
perceptual_duplicate,G:\Ai-CDD\data\raw\dataset\train\TUBERCULOSIS\tb_02169.png,G:\Ai-CDD\data\raw\dataset\train\TUBERCULOSIS\tb_00869.png
perceptual_duplicate,G:\Ai-CDD\data\raw\dataset\train\TUBERCULOSIS\tb_02170.png,G:\Ai-CDD\data\raw\dataset\train\TUBERCULOSIS\tb_00870.png
perceptual_duplicate,G:\Ai-CDD\data\raw\dataset\test\TUBERCULOSIS\tb_00063.png,G:\Ai-CDD\data\raw\dataset\train\TUBERCULOSIS\tb_00870.png
perceptual_duplicate,G:\Ai-CDD\data\raw\dataset\test\TUBERCULOSIS\tb_00501.png,G:\Ai-CDD\data\raw\dataset\train\TUBERCULOSIS\tb_00871.png
perceptual_duplicate,G:\Ai-CDD\data\raw\dataset\train\TUBERCULOSIS\tb_02171.png,G:\Ai-CDD\data\raw\dataset\train\TUBERCULOSIS\tb_00873.png
perceptual_duplicate,G:\Ai-CDD\data\raw\dataset\train\TUBERCULOSIS\tb_02172.png,G:\Ai-CDD\data\raw\dataset\train\TUBERCULOSIS\tb_00875.png
perceptual_duplicate,G:\Ai-CDD\data\raw\dataset\train\TUBERCULOSIS\tb_02173.png,G:\Ai-CDD\data\raw\dataset\train\TUBERCULOSIS\tb_00876.png
perceptual_duplicate,G:\Ai-CDD\data\raw\dataset\train\TUBERCULOSIS\tb_02174.png,G:\Ai-CDD\data\raw\dataset\train\TUBERCULOSIS\tb_00879.png
perceptual_duplicate,G:\Ai-CDD\data\raw\dataset\train\TUBERCULOSIS\tb_02175.png,G:\Ai-CDD\data\raw\dataset\train\TUBERCULOSIS\tb_00880.png
perceptual_duplicate,G:\Ai-CDD\data\raw\dataset\test\TUBERCULOSIS\tb_00064.png,G:\Ai-CDD\data\raw\dataset\train\TUBERCULOSIS\tb_00881.png
perceptual_duplicate,G:\Ai-CDD\data\raw\dataset\train\TUBERCULOSIS\tb_02176.png,G:\Ai-CDD\data\raw\dataset\train\TUBERCULOSIS\tb_00882.png
perceptual_duplicate,G:\Ai-CDD\data\raw\dataset\test\TUBERCULOSIS\tb_00065.png,G:\Ai-CDD\data\raw\dataset\train\TUBERCULOSIS\tb_00882.png
perceptual_duplicate,G:\Ai-CDD\data\raw\dataset\train\TUBERCULOSIS\tb_02177.png,G:\Ai-CDD\data\raw\dataset\train\TUBERCULOSIS\tb_00883.png
perceptual_duplicate,G:\Ai-CDD\data\raw\dataset\test\TUBERCULOSIS\tb_00066.png,G:\Ai-CDD\data\raw\dataset\train\TUBERCULOSIS\tb_00883.png
perceptual_duplicate,G:\Ai-CDD\data\raw\dataset\test\TUBERCULOSIS\tb_00502.png,G:\Ai-CDD\data\raw\dataset\train\TUBERCULOSIS\tb_00886.png
perceptual_duplicate,G:\Ai-CDD\data\raw\dataset\train\TUBERCULOSIS\tb_02178.png,G:\Ai-CDD\data\raw\dataset\train\TUBERCULOSIS\tb_00887.png
perceptual_duplicate,G:\Ai-CDD\data\raw\dataset\train\TUBERCULOSIS\tb_02179.png,G:\Ai-CDD\data\raw\dataset\train\TUBERCULOSIS\tb_00889.png
perceptual_duplicate,G:\Ai-CDD\data\raw\dataset\train\TUBERCULOSIS\tb_02180.png,G:\Ai-CDD\data\raw\dataset\train\TUBERCULOSIS\tb_00890.png
perceptual_duplicate,G:\Ai-CDD\data\raw\dataset\train\TUBERCULOSIS\tb_02181.png,G:\Ai-CDD\data\raw\dataset\train\TUBERCULOSIS\tb_00891.png
perceptual_duplicate,G:\Ai-CDD\data\raw\dataset\test\TUBERCULOSIS\tb_00067.png,G:\Ai-CDD\data\raw\dataset\train\TUBERCULOSIS\tb_00891.png
perceptual_duplicate,G:\Ai-CDD\data\raw\dataset\train\TUBERCULOSIS\tb_02182.png,G:\Ai-CDD\data\raw\dataset\train\TUBERCULOSIS\tb_00892.png
perceptual_duplicate,G:\Ai-CDD\data\raw\dataset\test\TUBERCULOSIS\tb_00503.png,G:\Ai-CDD\data\raw\dataset\train\TUBERCULOSIS\tb_00893.png
perceptual_duplicate,G:\Ai-CDD\data\raw\dataset\test\TUBERCULOSIS\tb_00068.png,G:\Ai-CDD\data\raw\dataset\train\TUBERCULOSIS\tb_00895.png
perceptual_duplicate,G:\Ai-CDD\data\raw\dataset\test\TUBERCULOSIS\tb_00504.png,G:\Ai-CDD\data\raw\dataset\train\TUBERCULOSIS\tb_00895.png
perceptual_duplicate,G:\Ai-CDD\data\raw\dataset\train\TUBERCULOSIS\tb_00897.png,G:\Ai-CDD\data\raw\dataset\train\TUBERCULOSIS\tb_00896.png
perceptual_duplicate,G:\Ai-CDD\data\raw\dataset\train\TUBERCULOSIS\tb_02183.png,G:\Ai-CDD\data\raw\dataset\train\TUBERCULOSIS\tb_00896.png
perceptual_duplicate,G:\Ai-CDD\data\raw\dataset\train\TUBERCULOSIS\tb_02183.png,G:\Ai-CDD\data\raw\dataset\train\TUBERCULOSIS\tb_00897.png
perceptual_duplicate,G:\Ai-CDD\data\raw\dataset\train\TUBERCULOSIS\tb_00899.png,G:\Ai-CDD\data\raw\dataset\train\TUBERCULOSIS\tb_00898.png
perceptual_duplicate,G:\Ai-CDD\data\raw\dataset\train\TUBERCULOSIS\tb_00900.png,G:\Ai-CDD\data\raw\dataset\train\TUBERCULOSIS\tb_00898.png
perceptual_duplicate,G:\Ai-CDD\data\raw\dataset\train\TUBERCULOSIS\tb_00902.png,G:\Ai-CDD\data\raw\dataset\train\TUBERCULOSIS\tb_00898.png
perceptual_duplicate,G:\Ai-CDD\data\raw\dataset\train\TUBERCULOSIS\tb_00900.png,G:\Ai-CDD\data\raw\dataset\train\TUBERCULOSIS\tb_00899.png
perceptual_duplicate,G:\Ai-CDD\data\raw\dataset\train\TUBERCULOSIS\tb_00902.png,G:\Ai-CDD\data\raw\dataset\train\TUBERCULOSIS\tb_00899.png
perceptual_duplicate,G:\Ai-CDD\data\raw\dataset\train\TUBERCULOSIS\tb_00902.png,G:\Ai-CDD\data\raw\dataset\train\TUBERCULOSIS\tb_00900.png
perceptual_duplicate,G:\Ai-CDD\data\raw\dataset\train\TUBERCULOSIS\tb_02184.png,G:\Ai-CDD\data\raw\dataset\train\TUBERCULOSIS\tb_00901.png
perceptual_duplicate,G:\Ai-CDD\data\raw\dataset\test\TUBERCULOSIS\tb_00505.png,G:\Ai-CDD\data\raw\dataset\train\TUBERCULOSIS\tb_00903.png
perceptual_duplicate,G:\Ai-CDD\data\raw\dataset\train\TUBERCULOSIS\tb_02185.png,G:\Ai-CDD\data\raw\dataset\train\TUBERCULOSIS\tb_00904.png
perceptual_duplicate,G:\Ai-CDD\data\raw\dataset\train\TUBERCULOSIS\tb_02186.png,G:\Ai-CDD\data\raw\dataset\train\TUBERCULOSIS\tb_00905.png
perceptual_duplicate,G:\Ai-CDD\data\raw\dataset\train\TUBERCULOSIS\tb_02187.png,G:\Ai-CDD\data\raw\dataset\train\TUBERCULOSIS\tb_00906.png
perceptual_duplicate,G:\Ai-CDD\data\raw\dataset\test\TUBERCULOSIS\tb_00506.png,G:\Ai-CDD\data\raw\dataset\train\TUBERCULOSIS\tb_00908.png
perceptual_duplicate,G:\Ai-CDD\data\raw\dataset\train\TUBERCULOSIS\tb_02188.png,G:\Ai-CDD\data\raw\dataset\train\TUBERCULOSIS\tb_00909.png
perceptual_duplicate,G:\Ai-CDD\data\raw\dataset\test\TUBERCULOSIS\tb_00507.png,G:\Ai-CDD\data\raw\dataset\train\TUBERCULOSIS\tb_00910.png
perceptual_duplicate,G:\Ai-CDD\data\raw\dataset\train\TUBERCULOSIS\tb_02189.png,G:\Ai-CDD\data\raw\dataset\train\TUBERCULOSIS\tb_00911.png
perceptual_duplicate,G:\Ai-CDD\data\raw\dataset\test\TUBERCULOSIS\tb_00069.png,G:\Ai-CDD\data\raw\dataset\train\TUBERCULOSIS\tb_00911.png
perceptual_duplicate,G:\Ai-CDD\data\raw\dataset\train\TUBERCULOSIS\tb_02190.png,G:\Ai-CDD\data\raw\dataset\train\TUBERCULOSIS\tb_00912.png
perceptual_duplicate,G:\Ai-CDD\data\raw\dataset\train\TUBERCULOSIS\tb_02191.png,G:\Ai-CDD\data\raw\dataset\train\TUBERCULOSIS\tb_00913.png
perceptual_duplicate,G:\Ai-CDD\data\raw\dataset\train\TUBERCULOSIS\tb_02192.png,G:\Ai-CDD\data\raw\dataset\train\TUBERCULOSIS\tb_00914.png
perceptual_duplicate,G:\Ai-CDD\data\raw\dataset\train\TUBERCULOSIS\tb_02193.png,G:\Ai-CDD\data\raw\dataset\train\TUBERCULOSIS\tb_00915.png
perceptual_duplicate,G:\Ai-CDD\data\raw\dataset\train\TUBERCULOSIS\tb_02194.png,G:\Ai-CDD\data\raw\dataset\train\TUBERCULOSIS\tb_00916.png
perceptual_duplicate,G:\Ai-CDD\data\raw\dataset\train\TUBERCULOSIS\tb_02195.png,G:\Ai-CDD\data\raw\dataset\train\TUBERCULOSIS\tb_00917.png
perceptual_duplicate,G:\Ai-CDD\data\raw\dataset\test\TUBERCULOSIS\tb_00508.png,G:\Ai-CDD\data\raw\dataset\train\TUBERCULOSIS\tb_00918.png
perceptual_duplicate,G:\Ai-CDD\data\raw\dataset\train\TUBERCULOSIS\tb_02196.png,G:\Ai-CDD\data\raw\dataset\train\TUBERCULOSIS\tb_00919.png
perceptual_duplicate,G:\Ai-CDD\data\raw\dataset\test\TUBERCULOSIS\tb_00509.png,G:\Ai-CDD\data\raw\dataset\train\TUBERCULOSIS\tb_00921.png
perceptual_duplicate,G:\Ai-CDD\data\raw\dataset\train\TUBERCULOSIS\tb_02197.png,G:\Ai-CDD\data\raw\dataset\train\TUBERCULOSIS\tb_00922.png
perceptual_duplicate,G:\Ai-CDD\data\raw\dataset\test\TUBERCULOSIS\tb_00070.png,G:\Ai-CDD\data\raw\dataset\train\TUBERCULOSIS\tb_00922.png
perceptual_duplicate,G:\Ai-CDD\data\raw\dataset\train\TUBERCULOSIS\tb_02198.png,G:\Ai-CDD\data\raw\dataset\train\TUBERCULOSIS\tb_00923.png
perceptual_duplicate,G:\Ai-CDD\data\raw\dataset\train\TUBERCULOSIS\tb_02199.png,G:\Ai-CDD\data\raw\dataset\train\TUBERCULOSIS\tb_00924.png
perceptual_duplicate,G:\Ai-CDD\data\raw\dataset\test\TUBERCULOSIS\tb_00510.png,G:\Ai-CDD\data\raw\dataset\train\TUBERCULOSIS\tb_00926.png
perceptual_duplicate,G:\Ai-CDD\data\raw\dataset\train\TUBERCULOSIS\tb_02200.png,G:\Ai-CDD\data\raw\dataset\train\TUBERCULOSIS\tb_00928.png
perceptual_duplicate,G:\Ai-CDD\data\raw\dataset\test\TUBERCULOSIS\tb_00071.png,G:\Ai-CDD\data\raw\dataset\train\TUBERCULOSIS\tb_00928.png
perceptual_duplicate,G:\Ai-CDD\data\raw\dataset\train\TUBERCULOSIS\tb_02201.png,G:\Ai-CDD\data\raw\dataset\train\TUBERCULOSIS\tb_00929.png
perceptual_duplicate,G:\Ai-CDD\data\raw\dataset\test\TUBERCULOSIS\tb_00072.png,G:\Ai-CDD\data\raw\dataset\train\TUBERCULOSIS\tb_00929.png
perceptual_duplicate,G:\Ai-CDD\data\raw\dataset\train\TUBERCULOSIS\tb_02202.png,G:\Ai-CDD\data\raw\dataset\train\TUBERCULOSIS\tb_00930.png
perceptual_duplicate,G:\Ai-CDD\data\raw\dataset\train\TUBERCULOSIS\tb_02203.png,G:\Ai-CDD\data\raw\dataset\train\TUBERCULOSIS\tb_00932.png
perceptual_duplicate,G:\Ai-CDD\data\raw\dataset\train\TUBERCULOSIS\tb_02204.png,G:\Ai-CDD\data\raw\dataset\train\TUBERCULOSIS\tb_00933.png
perceptual_duplicate,G:\Ai-CDD\data\raw\dataset\train\TUBERCULOSIS\tb_02205.png,G:\Ai-CDD\data\raw\dataset\train\TUBERCULOSIS\tb_00934.png
perceptual_duplicate,G:\Ai-CDD\data\raw\dataset\train\TUBERCULOSIS\tb_02206.png,G:\Ai-CDD\data\raw\dataset\train\TUBERCULOSIS\tb_00935.png
perceptual_duplicate,G:\Ai-CDD\data\raw\dataset\test\TUBERCULOSIS\tb_00511.png,G:\Ai-CDD\data\raw\dataset\train\TUBERCULOSIS\tb_00936.png
perceptual_duplicate,G:\Ai-CDD\data\raw\dataset\train\TUBERCULOSIS\tb_02207.png,G:\Ai-CDD\data\raw\dataset\train\TUBERCULOSIS\tb_00937.png
perceptual_duplicate,G:\Ai-CDD\data\raw\dataset\train\TUBERCULOSIS\tb_02208.png,G:\Ai-CDD\data\raw\dataset\train\TUBERCULOSIS\tb_00938.png
perceptual_duplicate,G:\Ai-CDD\data\raw\dataset\train\TUBERCULOSIS\tb_02209.png,G:\Ai-CDD\data\raw\dataset\train\TUBERCULOSIS\tb_00939.png
perceptual_duplicate,G:\Ai-CDD\data\raw\dataset\train\TUBERCULOSIS\tb_02210.png,G:\Ai-CDD\data\raw\dataset\train\TUBERCULOSIS\tb_00940.png
perceptual_duplicate,G:\Ai-CDD\data\raw\dataset\test\TUBERCULOSIS\tb_00073.png,G:\Ai-CDD\data\raw\dataset\train\TUBERCULOSIS\tb_00940.png
perceptual_duplicate,G:\Ai-CDD\data\raw\dataset\test\TUBERCULOSIS\tb_00074.png,G:\Ai-CDD\data\raw\dataset\train\TUBERCULOSIS\tb_00941.png
perceptual_duplicate,G:\Ai-CDD\data\raw\dataset\test\TUBERCULOSIS\tb_00512.png,G:\Ai-CDD\data\raw\dataset\train\TUBERCULOSIS\tb_00941.png
perceptual_duplicate,G:\Ai-CDD\data\raw\dataset\train\TUBERCULOSIS\tb_02211.png,G:\Ai-CDD\data\raw\dataset\train\TUBERCULOSIS\tb_00942.png
perceptual_duplicate,G:\Ai-CDD\data\raw\dataset\test\TUBERCULOSIS\tb_00075.png,G:\Ai-CDD\data\raw\dataset\train\TUBERCULOSIS\tb_00943.png
perceptual_duplicate,G:\Ai-CDD\data\raw\dataset\train\TUBERCULOSIS\tb_02212.png,G:\Ai-CDD\data\raw\dataset\train\TUBERCULOSIS\tb_00944.png
perceptual_duplicate,G:\Ai-CDD\data\raw\dataset\train\TUBERCULOSIS\tb_00947.png,G:\Ai-CDD\data\raw\dataset\train\TUBERCULOSIS\tb_00945.png
perceptual_duplicate,G:\Ai-CDD\data\raw\dataset\train\TUBERCULOSIS\tb_02213.png,G:\Ai-CDD\data\raw\dataset\train\TUBERCULOSIS\tb_00945.png
perceptual_duplicate,G:\Ai-CDD\data\raw\dataset\test\TUBERCULOSIS\tb_00076.png,G:\Ai-CDD\data\raw\dataset\train\TUBERCULOSIS\tb_00945.png
perceptual_duplicate,G:\Ai-CDD\data\raw\dataset\train\TUBERCULOSIS\tb_02213.png,G:\Ai-CDD\data\raw\dataset\train\TUBERCULOSIS\tb_00947.png
perceptual_duplicate,G:\Ai-CDD\data\raw\dataset\test\TUBERCULOSIS\tb_00076.png,G:\Ai-CDD\data\raw\dataset\train\TUBERCULOSIS\tb_00947.png
perceptual_duplicate,G:\Ai-CDD\data\raw\dataset\train\TUBERCULOSIS\tb_02214.png,G:\Ai-CDD\data\raw\dataset\train\TUBERCULOSIS\tb_00948.png
perceptual_duplicate,G:\Ai-CDD\data\raw\dataset\train\TUBERCULOSIS\tb_02215.png,G:\Ai-CDD\data\raw\dataset\train\TUBERCULOSIS\tb_00949.png
perceptual_duplicate,G:\Ai-CDD\data\raw\dataset\test\TUBERCULOSIS\tb_00513.png,G:\Ai-CDD\data\raw\dataset\train\TUBERCULOSIS\tb_00950.png
perceptual_duplicate,G:\Ai-CDD\data\raw\dataset\test\TUBERCULOSIS\tb_00514.png,G:\Ai-CDD\data\raw\dataset\train\TUBERCULOSIS\tb_00951.png
perceptual_duplicate,G:\Ai-CDD\data\raw\dataset\train\TUBERCULOSIS\tb_02216.png,G:\Ai-CDD\data\raw\dataset\train\TUBERCULOSIS\tb_00954.png
perceptual_duplicate,G:\Ai-CDD\data\raw\dataset\train\TUBERCULOSIS\tb_02217.png,G:\Ai-CDD\data\raw\dataset\train\TUBERCULOSIS\tb_00955.png
perceptual_duplicate,G:\Ai-CDD\data\raw\dataset\test\TUBERCULOSIS\tb_00077.png,G:\Ai-CDD\data\raw\dataset\train\TUBERCULOSIS\tb_00957.png
perceptual_duplicate,G:\Ai-CDD\data\raw\dataset\test\TUBERCULOSIS\tb_00515.png,G:\Ai-CDD\data\raw\dataset\train\TUBERCULOSIS\tb_00957.png
perceptual_duplicate,G:\Ai-CDD\data\raw\dataset\train\TUBERCULOSIS\tb_02218.png,G:\Ai-CDD\data\raw\dataset\train\TUBERCULOSIS\tb_00958.png
perceptual_duplicate,G:\Ai-CDD\data\raw\dataset\train\TUBERCULOSIS\tb_02219.png,G:\Ai-CDD\data\raw\dataset\train\TUBERCULOSIS\tb_00959.png
perceptual_duplicate,G:\Ai-CDD\data\raw\dataset\train\TUBERCULOSIS\tb_02220.png,G:\Ai-CDD\data\raw\dataset\train\TUBERCULOSIS\tb_00960.png
perceptual_duplicate,G:\Ai-CDD\data\raw\dataset\test\TUBERCULOSIS\tb_00078.png,G:\Ai-CDD\data\raw\dataset\train\TUBERCULOSIS\tb_00960.png
perceptual_duplicate,G:\Ai-CDD\data\raw\dataset\train\TUBERCULOSIS\tb_02221.png,G:\Ai-CDD\data\raw\dataset\train\TUBERCULOSIS\tb_00961.png
perceptual_duplicate,G:\Ai-CDD\data\raw\dataset\test\TUBERCULOSIS\tb_00516.png,G:\Ai-CDD\data\raw\dataset\train\TUBERCULOSIS\tb_00962.png
perceptual_duplicate,G:\Ai-CDD\data\raw\dataset\train\TUBERCULOSIS\tb_02222.png,G:\Ai-CDD\data\raw\dataset\train\TUBERCULOSIS\tb_00964.png
perceptual_duplicate,G:\Ai-CDD\data\raw\dataset\train\TUBERCULOSIS\tb_02223.png,G:\Ai-CDD\data\raw\dataset\train\TUBERCULOSIS\tb_00965.png
perceptual_duplicate,G:\Ai-CDD\data\raw\dataset\test\TUBERCULOSIS\tb_00517.png,G:\Ai-CDD\data\raw\dataset\train\TUBERCULOSIS\tb_00967.png
perceptual_duplicate,G:\Ai-CDD\data\raw\dataset\train\TUBERCULOSIS\tb_02224.png,G:\Ai-CDD\data\raw\dataset\train\TUBERCULOSIS\tb_00968.png
perceptual_duplicate,G:\Ai-CDD\data\raw\dataset\train\TUBERCULOSIS\tb_02225.png,G:\Ai-CDD\data\raw\dataset\train\TUBERCULOSIS\tb_00969.png
perceptual_duplicate,G:\Ai-CDD\data\raw\dataset\train\TUBERCULOSIS\tb_02226.png,G:\Ai-CDD\data\raw\dataset\train\TUBERCULOSIS\tb_00971.png
perceptual_duplicate,G:\Ai-CDD\data\raw\dataset\test\TUBERCULOSIS\tb_00518.png,G:\Ai-CDD\data\raw\dataset\train\TUBERCULOSIS\tb_00972.png
perceptual_duplicate,G:\Ai-CDD\data\raw\dataset\train\TUBERCULOSIS\tb_02227.png,G:\Ai-CDD\data\raw\dataset\train\TUBERCULOSIS\tb_00973.png
perceptual_duplicate,G:\Ai-CDD\data\raw\dataset\train\TUBERCULOSIS\tb_02228.png,G:\Ai-CDD\data\raw\dataset\train\TUBERCULOSIS\tb_00974.png
perceptual_duplicate,G:\Ai-CDD\data\raw\dataset\train\TUBERCULOSIS\tb_02229.png,G:\Ai-CDD\data\raw\dataset\train\TUBERCULOSIS\tb_00975.png
perceptual_duplicate,G:\Ai-CDD\data\raw\dataset\train\TUBERCULOSIS\tb_02230.png,G:\Ai-CDD\data\raw\dataset\train\TUBERCULOSIS\tb_00976.png
perceptual_duplicate,G:\Ai-CDD\data\raw\dataset\test\TUBERCULOSIS\tb_00079.png,G:\Ai-CDD\data\raw\dataset\train\TUBERCULOSIS\tb_00978.png
perceptual_duplicate,G:\Ai-CDD\data\raw\dataset\test\TUBERCULOSIS\tb_00519.png,G:\Ai-CDD\data\raw\dataset\train\TUBERCULOSIS\tb_00978.png
perceptual_duplicate,G:\Ai-CDD\data\raw\dataset\train\TUBERCULOSIS\tb_02231.png,G:\Ai-CDD\data\raw\dataset\train\TUBERCULOSIS\tb_00979.png
perceptual_duplicate,G:\Ai-CDD\data\raw\dataset\test\TUBERCULOSIS\tb_00080.png,G:\Ai-CDD\data\raw\dataset\train\TUBERCULOSIS\tb_00979.png
perceptual_duplicate,G:\Ai-CDD\data\raw\dataset\train\TUBERCULOSIS\tb_02232.png,G:\Ai-CDD\data\raw\dataset\train\TUBERCULOSIS\tb_00980.png
perceptual_duplicate,G:\Ai-CDD\data\raw\dataset\train\TUBERCULOSIS\tb_02233.png,G:\Ai-CDD\data\raw\dataset\train\TUBERCULOSIS\tb_00981.png
perceptual_duplicate,G:\Ai-CDD\data\raw\dataset\train\TUBERCULOSIS\tb_02234.png,G:\Ai-CDD\data\raw\dataset\train\TUBERCULOSIS\tb_00982.png
perceptual_duplicate,G:\Ai-CDD\data\raw\dataset\train\TUBERCULOSIS\tb_02235.png,G:\Ai-CDD\data\raw\dataset\train\TUBERCULOSIS\tb_00983.png
perceptual_duplicate,G:\Ai-CDD\data\raw\dataset\train\TUBERCULOSIS\tb_02236.png,G:\Ai-CDD\data\raw\dataset\train\TUBERCULOSIS\tb_00984.png
perceptual_duplicate,G:\Ai-CDD\data\raw\dataset\train\TUBERCULOSIS\tb_02237.png,G:\Ai-CDD\data\raw\dataset\train\TUBERCULOSIS\tb_00986.png
perceptual_duplicate,G:\Ai-CDD\data\raw\dataset\test\TUBERCULOSIS\tb_00081.png,G:\Ai-CDD\data\raw\dataset\train\TUBERCULOSIS\tb_00986.png
perceptual_duplicate,G:\Ai-CDD\data\raw\dataset\train\TUBERCULOSIS\tb_02238.png,G:\Ai-CDD\data\raw\dataset\train\TUBERCULOSIS\tb_00987.png
perceptual_duplicate,G:\Ai-CDD\data\raw\dataset\train\TUBERCULOSIS\tb_02239.png,G:\Ai-CDD\data\raw\dataset\train\TUBERCULOSIS\tb_00988.png
perceptual_duplicate,G:\Ai-CDD\data\raw\dataset\train\TUBERCULOSIS\tb_02240.png,G:\Ai-CDD\data\raw\dataset\train\TUBERCULOSIS\tb_00989.png
perceptual_duplicate,G:\Ai-CDD\data\raw\dataset\train\TUBERCULOSIS\tb_02241.png,G:\Ai-CDD\data\raw\dataset\train\TUBERCULOSIS\tb_00990.png
perceptual_duplicate,G:\Ai-CDD\data\raw\dataset\train\TUBERCULOSIS\tb_02242.png,G:\Ai-CDD\data\raw\dataset\train\TUBERCULOSIS\tb_00991.png
perceptual_duplicate,G:\Ai-CDD\data\raw\dataset\test\TUBERCULOSIS\tb_00520.png,G:\Ai-CDD\data\raw\dataset\train\TUBERCULOSIS\tb_00993.png
perceptual_duplicate,G:\Ai-CDD\data\raw\dataset\test\TUBERCULOSIS\tb_00521.png,G:\Ai-CDD\data\raw\dataset\train\TUBERCULOSIS\tb_00995.png
perceptual_duplicate,G:\Ai-CDD\data\raw\dataset\test\TUBERCULOSIS\tb_00522.png,G:\Ai-CDD\data\raw\dataset\train\TUBERCULOSIS\tb_00996.png
perceptual_duplicate,G:\Ai-CDD\data\raw\dataset\train\TUBERCULOSIS\tb_02243.png,G:\Ai-CDD\data\raw\dataset\train\TUBERCULOSIS\tb_00997.png
perceptual_duplicate,G:\Ai-CDD\data\raw\dataset\test\TUBERCULOSIS\tb_00523.png,G:\Ai-CDD\data\raw\dataset\train\TUBERCULOSIS\tb_00998.png
perceptual_duplicate,G:\Ai-CDD\data\raw\dataset\train\TUBERCULOSIS\tb_02244.png,G:\Ai-CDD\data\raw\dataset\train\TUBERCULOSIS\tb_00999.png
perceptual_duplicate,G:\Ai-CDD\data\raw\dataset\test\TUBERCULOSIS\tb_00524.png,G:\Ai-CDD\data\raw\dataset\train\TUBERCULOSIS\tb_01000.png
perceptual_duplicate,G:\Ai-CDD\data\raw\dataset\test\TUBERCULOSIS\tb_00525.png,G:\Ai-CDD\data\raw\dataset\train\TUBERCULOSIS\tb_01003.png
perceptual_duplicate,G:\Ai-CDD\data\raw\dataset\train\TUBERCULOSIS\tb_02246.png,G:\Ai-CDD\data\raw\dataset\train\TUBERCULOSIS\tb_01004.png
perceptual_duplicate,G:\Ai-CDD\data\raw\dataset\train\TUBERCULOSIS\tb_02247.png,G:\Ai-CDD\data\raw\dataset\train\TUBERCULOSIS\tb_01005.png
perceptual_duplicate,G:\Ai-CDD\data\raw\dataset\train\TUBERCULOSIS\tb_02248.png,G:\Ai-CDD\data\raw\dataset\train\TUBERCULOSIS\tb_01007.png
perceptual_duplicate,G:\Ai-CDD\data\raw\dataset\train\TUBERCULOSIS\tb_02249.png,G:\Ai-CDD\data\raw\dataset\train\TUBERCULOSIS\tb_01008.png
perceptual_duplicate,G:\Ai-CDD\data\raw\dataset\test\TUBERCULOSIS\tb_00526.png,G:\Ai-CDD\data\raw\dataset\train\TUBERCULOSIS\tb_01009.png
perceptual_duplicate,G:\Ai-CDD\data\raw\dataset\train\TUBERCULOSIS\tb_02250.png,G:\Ai-CDD\data\raw\dataset\train\TUBERCULOSIS\tb_01010.png
perceptual_duplicate,G:\Ai-CDD\data\raw\dataset\train\TUBERCULOSIS\tb_02251.png,G:\Ai-CDD\data\raw\dataset\train\TUBERCULOSIS\tb_01011.png
perceptual_duplicate,G:\Ai-CDD\data\raw\dataset\test\TUBERCULOSIS\tb_00082.png,G:\Ai-CDD\data\raw\dataset\train\TUBERCULOSIS\tb_01011.png
perceptual_duplicate,G:\Ai-CDD\data\raw\dataset\train\TUBERCULOSIS\tb_02252.png,G:\Ai-CDD\data\raw\dataset\train\TUBERCULOSIS\tb_01012.png
perceptual_duplicate,G:\Ai-CDD\data\raw\dataset\train\TUBERCULOSIS\tb_02253.png,G:\Ai-CDD\data\raw\dataset\train\TUBERCULOSIS\tb_01014.png
perceptual_duplicate,G:\Ai-CDD\data\raw\dataset\train\TUBERCULOSIS\tb_02254.png,G:\Ai-CDD\data\raw\dataset\train\TUBERCULOSIS\tb_01015.png
perceptual_duplicate,G:\Ai-CDD\data\raw\dataset\train\TUBERCULOSIS\tb_02255.png,G:\Ai-CDD\data\raw\dataset\train\TUBERCULOSIS\tb_01016.png
perceptual_duplicate,G:\Ai-CDD\data\raw\dataset\test\TUBERCULOSIS\tb_00527.png,G:\Ai-CDD\data\raw\dataset\train\TUBERCULOSIS\tb_01017.png
perceptual_duplicate,G:\Ai-CDD\data\raw\dataset\test\TUBERCULOSIS\tb_00528.png,G:\Ai-CDD\data\raw\dataset\train\TUBERCULOSIS\tb_01019.png
perceptual_duplicate,G:\Ai-CDD\data\raw\dataset\train\TUBERCULOSIS\tb_02256.png,G:\Ai-CDD\data\raw\dataset\train\TUBERCULOSIS\tb_01020.png
perceptual_duplicate,G:\Ai-CDD\data\raw\dataset\test\TUBERCULOSIS\tb_00083.png,G:\Ai-CDD\data\raw\dataset\train\TUBERCULOSIS\tb_01020.png
perceptual_duplicate,G:\Ai-CDD\data\raw\dataset\test\TUBERCULOSIS\tb_00084.png,G:\Ai-CDD\data\raw\dataset\train\TUBERCULOSIS\tb_01021.png
perceptual_duplicate,G:\Ai-CDD\data\raw\dataset\test\TUBERCULOSIS\tb_00529.png,G:\Ai-CDD\data\raw\dataset\train\TUBERCULOSIS\tb_01021.png
perceptual_duplicate,G:\Ai-CDD\data\raw\dataset\train\TUBERCULOSIS\tb_01026.png,G:\Ai-CDD\data\raw\dataset\train\TUBERCULOSIS\tb_01022.png
perceptual_duplicate,G:\Ai-CDD\data\raw\dataset\train\TUBERCULOSIS\tb_02257.png,G:\Ai-CDD\data\raw\dataset\train\TUBERCULOSIS\tb_01023.png
perceptual_duplicate,G:\Ai-CDD\data\raw\dataset\train\TUBERCULOSIS\tb_02258.png,G:\Ai-CDD\data\raw\dataset\train\TUBERCULOSIS\tb_01024.png
perceptual_duplicate,G:\Ai-CDD\data\raw\dataset\train\TUBERCULOSIS\tb_02259.png,G:\Ai-CDD\data\raw\dataset\train\TUBERCULOSIS\tb_01025.png
perceptual_duplicate,G:\Ai-CDD\data\raw\dataset\train\TUBERCULOSIS\tb_02260.png,G:\Ai-CDD\data\raw\dataset\train\TUBERCULOSIS\tb_01027.png
perceptual_duplicate,G:\Ai-CDD\data\raw\dataset\test\TUBERCULOSIS\tb_00530.png,G:\Ai-CDD\data\raw\dataset\train\TUBERCULOSIS\tb_01028.png
perceptual_duplicate,G:\Ai-CDD\data\raw\dataset\train\TUBERCULOSIS\tb_02261.png,G:\Ai-CDD\data\raw\dataset\train\TUBERCULOSIS\tb_01029.png
perceptual_duplicate,G:\Ai-CDD\data\raw\dataset\test\TUBERCULOSIS\tb_00531.png,G:\Ai-CDD\data\raw\dataset\train\TUBERCULOSIS\tb_01031.png
perceptual_duplicate,G:\Ai-CDD\data\raw\dataset\test\TUBERCULOSIS\tb_00532.png,G:\Ai-CDD\data\raw\dataset\train\TUBERCULOSIS\tb_01032.png
perceptual_duplicate,G:\Ai-CDD\data\raw\dataset\test\TUBERCULOSIS\tb_00085.png,G:\Ai-CDD\data\raw\dataset\train\TUBERCULOSIS\tb_01033.png
perceptual_duplicate,G:\Ai-CDD\data\raw\dataset\test\TUBERCULOSIS\tb_00533.png,G:\Ai-CDD\data\raw\dataset\train\TUBERCULOSIS\tb_01033.png
perceptual_duplicate,G:\Ai-CDD\data\raw\dataset\train\TUBERCULOSIS\tb_02262.png,G:\Ai-CDD\data\raw\dataset\train\TUBERCULOSIS\tb_01034.png
perceptual_duplicate,G:\Ai-CDD\data\raw\dataset\train\TUBERCULOSIS\tb_02263.png,G:\Ai-CDD\data\raw\dataset\train\TUBERCULOSIS\tb_01035.png
perceptual_duplicate,G:\Ai-CDD\data\raw\dataset\train\TUBERCULOSIS\tb_02264.png,G:\Ai-CDD\data\raw\dataset\train\TUBERCULOSIS\tb_01036.png
perceptual_duplicate,G:\Ai-CDD\data\raw\dataset\train\TUBERCULOSIS\tb_02265.png,G:\Ai-CDD\data\raw\dataset\train\TUBERCULOSIS\tb_01037.png
perceptual_duplicate,G:\Ai-CDD\data\raw\dataset\test\TUBERCULOSIS\tb_00534.png,G:\Ai-CDD\data\raw\dataset\train\TUBERCULOSIS\tb_01038.png
perceptual_duplicate,G:\Ai-CDD\data\raw\dataset\train\TUBERCULOSIS\tb_02266.png,G:\Ai-CDD\data\raw\dataset\train\TUBERCULOSIS\tb_01040.png
perceptual_duplicate,G:\Ai-CDD\data\raw\dataset\test\TUBERCULOSIS\tb_00535.png,G:\Ai-CDD\data\raw\dataset\train\TUBERCULOSIS\tb_01041.png
perceptual_duplicate,G:\Ai-CDD\data\raw\dataset\train\TUBERCULOSIS\tb_02267.png,G:\Ai-CDD\data\raw\dataset\train\TUBERCULOSIS\tb_01042.png
perceptual_duplicate,G:\Ai-CDD\data\raw\dataset\train\TUBERCULOSIS\tb_02268.png,G:\Ai-CDD\data\raw\dataset\train\TUBERCULOSIS\tb_01043.png
perceptual_duplicate,G:\Ai-CDD\data\raw\dataset\train\TUBERCULOSIS\tb_02269.png,G:\Ai-CDD\data\raw\dataset\train\TUBERCULOSIS\tb_01044.png
perceptual_duplicate,G:\Ai-CDD\data\raw\dataset\train\TUBERCULOSIS\tb_02270.png,G:\Ai-CDD\data\raw\dataset\train\TUBERCULOSIS\tb_01046.png
perceptual_duplicate,G:\Ai-CDD\data\raw\dataset\train\TUBERCULOSIS\tb_02271.png,G:\Ai-CDD\data\raw\dataset\train\TUBERCULOSIS\tb_01047.png
perceptual_duplicate,G:\Ai-CDD\data\raw\dataset\train\TUBERCULOSIS\tb_02272.png,G:\Ai-CDD\data\raw\dataset\train\TUBERCULOSIS\tb_01048.png
perceptual_duplicate,G:\Ai-CDD\data\raw\dataset\test\TUBERCULOSIS\tb_00536.png,G:\Ai-CDD\data\raw\dataset\train\TUBERCULOSIS\tb_01049.png
perceptual_duplicate,G:\Ai-CDD\data\raw\dataset\test\TUBERCULOSIS\tb_00086.png,G:\Ai-CDD\data\raw\dataset\train\TUBERCULOSIS\tb_01050.png
perceptual_duplicate,G:\Ai-CDD\data\raw\dataset\train\TUBERCULOSIS\tb_02273.png,G:\Ai-CDD\data\raw\dataset\train\TUBERCULOSIS\tb_01051.png
perceptual_duplicate,G:\Ai-CDD\data\raw\dataset\test\TUBERCULOSIS\tb_00537.png,G:\Ai-CDD\data\raw\dataset\train\TUBERCULOSIS\tb_01052.png
perceptual_duplicate,G:\Ai-CDD\data\raw\dataset\train\TUBERCULOSIS\tb_02274.png,G:\Ai-CDD\data\raw\dataset\train\TUBERCULOSIS\tb_01053.png
perceptual_duplicate,G:\Ai-CDD\data\raw\dataset\train\TUBERCULOSIS\tb_02275.png,G:\Ai-CDD\data\raw\dataset\train\TUBERCULOSIS\tb_01054.png
perceptual_duplicate,G:\Ai-CDD\data\raw\dataset\test\TUBERCULOSIS\tb_00538.png,G:\Ai-CDD\data\raw\dataset\train\TUBERCULOSIS\tb_01055.png
perceptual_duplicate,G:\Ai-CDD\data\raw\dataset\train\TUBERCULOSIS\tb_02276.png,G:\Ai-CDD\data\raw\dataset\train\TUBERCULOSIS\tb_01056.png
perceptual_duplicate,G:\Ai-CDD\data\raw\dataset\test\TUBERCULOSIS\tb_00087.png,G:\Ai-CDD\data\raw\dataset\train\TUBERCULOSIS\tb_01056.png
perceptual_duplicate,G:\Ai-CDD\data\raw\dataset\train\TUBERCULOSIS\tb_02277.png,G:\Ai-CDD\data\raw\dataset\train\TUBERCULOSIS\tb_01058.png
perceptual_duplicate,G:\Ai-CDD\data\raw\dataset\train\TUBERCULOSIS\tb_02278.png,G:\Ai-CDD\data\raw\dataset\train\TUBERCULOSIS\tb_01059.png
perceptual_duplicate,G:\Ai-CDD\data\raw\dataset\train\TUBERCULOSIS\tb_02279.png,G:\Ai-CDD\data\raw\dataset\train\TUBERCULOSIS\tb_01061.png
perceptual_duplicate,G:\Ai-CDD\data\raw\dataset\train\TUBERCULOSIS\tb_02280.png,G:\Ai-CDD\data\raw\dataset\train\TUBERCULOSIS\tb_01062.png
perceptual_duplicate,G:\Ai-CDD\data\raw\dataset\train\TUBERCULOSIS\tb_02281.png,G:\Ai-CDD\data\raw\dataset\train\TUBERCULOSIS\tb_01063.png
perceptual_duplicate,G:\Ai-CDD\data\raw\dataset\test\TUBERCULOSIS\tb_00539.png,G:\Ai-CDD\data\raw\dataset\train\TUBERCULOSIS\tb_01064.png
perceptual_duplicate,G:\Ai-CDD\data\raw\dataset\train\TUBERCULOSIS\tb_02282.png,G:\Ai-CDD\data\raw\dataset\train\TUBERCULOSIS\tb_01065.png
perceptual_duplicate,G:\Ai-CDD\data\raw\dataset\test\TUBERCULOSIS\tb_00088.png,G:\Ai-CDD\data\raw\dataset\train\TUBERCULOSIS\tb_01066.png
perceptual_duplicate,G:\Ai-CDD\data\raw\dataset\train\TUBERCULOSIS\tb_02283.png,G:\Ai-CDD\data\raw\dataset\train\TUBERCULOSIS\tb_01067.png
perceptual_duplicate,G:\Ai-CDD\data\raw\dataset\test\TUBERCULOSIS\tb_00089.png,G:\Ai-CDD\data\raw\dataset\train\TUBERCULOSIS\tb_01069.png
perceptual_duplicate,G:\Ai-CDD\data\raw\dataset\train\TUBERCULOSIS\tb_02284.png,G:\Ai-CDD\data\raw\dataset\train\TUBERCULOSIS\tb_01070.png
perceptual_duplicate,G:\Ai-CDD\data\raw\dataset\train\TUBERCULOSIS\tb_02285.png,G:\Ai-CDD\data\raw\dataset\train\TUBERCULOSIS\tb_01071.png
perceptual_duplicate,G:\Ai-CDD\data\raw\dataset\test\TUBERCULOSIS\tb_00540.png,G:\Ai-CDD\data\raw\dataset\train\TUBERCULOSIS\tb_01072.png
perceptual_duplicate,G:\Ai-CDD\data\raw\dataset\train\TUBERCULOSIS\tb_02286.png,G:\Ai-CDD\data\raw\dataset\train\TUBERCULOSIS\tb_01073.png
perceptual_duplicate,G:\Ai-CDD\data\raw\dataset\test\TUBERCULOSIS\tb_00541.png,G:\Ai-CDD\data\raw\dataset\train\TUBERCULOSIS\tb_01074.png
perceptual_duplicate,G:\Ai-CDD\data\raw\dataset\train\TUBERCULOSIS\tb_02287.png,G:\Ai-CDD\data\raw\dataset\train\TUBERCULOSIS\tb_01075.png
perceptual_duplicate,G:\Ai-CDD\data\raw\dataset\train\TUBERCULOSIS\tb_02288.png,G:\Ai-CDD\data\raw\dataset\train\TUBERCULOSIS\tb_01076.png
perceptual_duplicate,G:\Ai-CDD\data\raw\dataset\train\TUBERCULOSIS\tb_02289.png,G:\Ai-CDD\data\raw\dataset\train\TUBERCULOSIS\tb_01077.png
perceptual_duplicate,G:\Ai-CDD\data\raw\dataset\train\TUBERCULOSIS\tb_02290.png,G:\Ai-CDD\data\raw\dataset\train\TUBERCULOSIS\tb_01078.png
perceptual_duplicate,G:\Ai-CDD\data\raw\dataset\train\TUBERCULOSIS\tb_02291.png,G:\Ai-CDD\data\raw\dataset\train\TUBERCULOSIS\tb_01079.png
perceptual_duplicate,G:\Ai-CDD\data\raw\dataset\train\TUBERCULOSIS\tb_02292.png,G:\Ai-CDD\data\raw\dataset\train\TUBERCULOSIS\tb_01080.png
perceptual_duplicate,G:\Ai-CDD\data\raw\dataset\train\TUBERCULOSIS\tb_02293.png,G:\Ai-CDD\data\raw\dataset\train\TUBERCULOSIS\tb_01081.png
perceptual_duplicate,G:\Ai-CDD\data\raw\dataset\test\TUBERCULOSIS\tb_00090.png,G:\Ai-CDD\data\raw\dataset\train\TUBERCULOSIS\tb_01081.png
perceptual_duplicate,G:\Ai-CDD\data\raw\dataset\train\TUBERCULOSIS\tb_02294.png,G:\Ai-CDD\data\raw\dataset\train\TUBERCULOSIS\tb_01083.png
perceptual_duplicate,G:\Ai-CDD\data\raw\dataset\train\TUBERCULOSIS\tb_02295.png,G:\Ai-CDD\data\raw\dataset\train\TUBERCULOSIS\tb_01084.png
perceptual_duplicate,G:\Ai-CDD\data\raw\dataset\train\TUBERCULOSIS\tb_02296.png,G:\Ai-CDD\data\raw\dataset\train\TUBERCULOSIS\tb_01085.png
perceptual_duplicate,G:\Ai-CDD\data\raw\dataset\train\TUBERCULOSIS\tb_02297.png,G:\Ai-CDD\data\raw\dataset\train\TUBERCULOSIS\tb_01087.png
perceptual_duplicate,G:\Ai-CDD\data\raw\dataset\test\TUBERCULOSIS\tb_00542.png,G:\Ai-CDD\data\raw\dataset\train\TUBERCULOSIS\tb_01088.png
perceptual_duplicate,G:\Ai-CDD\data\raw\dataset\train\TUBERCULOSIS\tb_02298.png,G:\Ai-CDD\data\raw\dataset\train\TUBERCULOSIS\tb_01090.png
perceptual_duplicate,G:\Ai-CDD\data\raw\dataset\train\TUBERCULOSIS\tb_02299.png,G:\Ai-CDD\data\raw\dataset\train\TUBERCULOSIS\tb_01091.png
perceptual_duplicate,G:\Ai-CDD\data\raw\dataset\train\TUBERCULOSIS\tb_02300.png,G:\Ai-CDD\data\raw\dataset\train\TUBERCULOSIS\tb_01092.png
perceptual_duplicate,G:\Ai-CDD\data\raw\dataset\train\TUBERCULOSIS\tb_02301.png,G:\Ai-CDD\data\raw\dataset\train\TUBERCULOSIS\tb_01093.png
perceptual_duplicate,G:\Ai-CDD\data\raw\dataset\test\TUBERCULOSIS\tb_00091.png,G:\Ai-CDD\data\raw\dataset\train\TUBERCULOSIS\tb_01093.png
perceptual_duplicate,G:\Ai-CDD\data\raw\dataset\train\TUBERCULOSIS\tb_02302.png,G:\Ai-CDD\data\raw\dataset\train\TUBERCULOSIS\tb_01095.png
perceptual_duplicate,G:\Ai-CDD\data\raw\dataset\train\TUBERCULOSIS\tb_02303.png,G:\Ai-CDD\data\raw\dataset\train\TUBERCULOSIS\tb_01096.png
perceptual_duplicate,G:\Ai-CDD\data\raw\dataset\test\NORMAL\normal_00095.png,G:\Ai-CDD\data\raw\dataset\train\TUBERCULOSIS\tb_01096.png
perceptual_duplicate,G:\Ai-CDD\data\raw\dataset\train\TUBERCULOSIS\tb_02304.png,G:\Ai-CDD\data\raw\dataset\train\TUBERCULOSIS\tb_01097.png
perceptual_duplicate,G:\Ai-CDD\data\raw\dataset\test\TUBERCULOSIS\tb_00092.png,G:\Ai-CDD\data\raw\dataset\train\TUBERCULOSIS\tb_01097.png
perceptual_duplicate,G:\Ai-CDD\data\raw\dataset\train\TUBERCULOSIS\tb_02305.png,G:\Ai-CDD\data\raw\dataset\train\TUBERCULOSIS\tb_01098.png
perceptual_duplicate,G:\Ai-CDD\data\raw\dataset\train\TUBERCULOSIS\tb_02306.png,G:\Ai-CDD\data\raw\dataset\train\TUBERCULOSIS\tb_01099.png
perceptual_duplicate,G:\Ai-CDD\data\raw\dataset\train\TUBERCULOSIS\tb_02307.png,G:\Ai-CDD\data\raw\dataset\train\TUBERCULOSIS\tb_01100.png
perceptual_duplicate,G:\Ai-CDD\data\raw\dataset\train\TUBERCULOSIS\tb_02308.png,G:\Ai-CDD\data\raw\dataset\train\TUBERCULOSIS\tb_01101.png
perceptual_duplicate,G:\Ai-CDD\data\raw\dataset\train\TUBERCULOSIS\tb_02309.png,G:\Ai-CDD\data\raw\dataset\train\TUBERCULOSIS\tb_01102.png
perceptual_duplicate,G:\Ai-CDD\data\raw\dataset\train\TUBERCULOSIS\tb_02315.png,G:\Ai-CDD\data\raw\dataset\train\TUBERCULOSIS\tb_01103.png
perceptual_duplicate,G:\Ai-CDD\data\raw\dataset\test\TUBERCULOSIS\tb_00094.png,G:\Ai-CDD\data\raw\dataset\train\TUBERCULOSIS\tb_01103.png
perceptual_duplicate,G:\Ai-CDD\data\raw\dataset\train\TUBERCULOSIS\tb_02321.png,G:\Ai-CDD\data\raw\dataset\train\TUBERCULOSIS\tb_01104.png
perceptual_duplicate,G:\Ai-CDD\data\raw\dataset\train\TUBERCULOSIS\tb_02330.png,G:\Ai-CDD\data\raw\dataset\train\TUBERCULOSIS\tb_01105.png
perceptual_duplicate,G:\Ai-CDD\data\raw\dataset\train\TUBERCULOSIS\tb_02337.png,G:\Ai-CDD\data\raw\dataset\train\TUBERCULOSIS\tb_01106.png
perceptual_duplicate,G:\Ai-CDD\data\raw\dataset\train\TUBERCULOSIS\tb_02342.png,G:\Ai-CDD\data\raw\dataset\train\TUBERCULOSIS\tb_01107.png
perceptual_duplicate,G:\Ai-CDD\data\raw\dataset\train\TUBERCULOSIS\tb_02343.png,G:\Ai-CDD\data\raw\dataset\train\TUBERCULOSIS\tb_01108.png
perceptual_duplicate,G:\Ai-CDD\data\raw\dataset\test\TUBERCULOSIS\tb_00551.png,G:\Ai-CDD\data\raw\dataset\train\TUBERCULOSIS\tb_01109.png
perceptual_duplicate,G:\Ai-CDD\data\raw\dataset\test\TUBERCULOSIS\tb_00104.png,G:\Ai-CDD\data\raw\dataset\train\TUBERCULOSIS\tb_01110.png
perceptual_duplicate,G:\Ai-CDD\data\raw\dataset\test\TUBERCULOSIS\tb_00552.png,G:\Ai-CDD\data\raw\dataset\train\TUBERCULOSIS\tb_01110.png
perceptual_duplicate,G:\Ai-CDD\data\raw\dataset\train\TUBERCULOSIS\tb_02345.png,G:\Ai-CDD\data\raw\dataset\train\TUBERCULOSIS\tb_01111.png
perceptual_duplicate,G:\Ai-CDD\data\raw\dataset\train\TUBERCULOSIS\tb_02346.png,G:\Ai-CDD\data\raw\dataset\train\TUBERCULOSIS\tb_01113.png
perceptual_duplicate,G:\Ai-CDD\data\raw\dataset\train\TUBERCULOSIS\tb_02347.png,G:\Ai-CDD\data\raw\dataset\train\TUBERCULOSIS\tb_01114.png
perceptual_duplicate,G:\Ai-CDD\data\raw\dataset\train\TUBERCULOSIS\tb_02348.png,G:\Ai-CDD\data\raw\dataset\train\TUBERCULOSIS\tb_01115.png
perceptual_duplicate,G:\Ai-CDD\data\raw\dataset\train\TUBERCULOSIS\tb_02349.png,G:\Ai-CDD\data\raw\dataset\train\TUBERCULOSIS\tb_01117.png
perceptual_duplicate,G:\Ai-CDD\data\raw\dataset\test\TUBERCULOSIS\tb_00105.png,G:\Ai-CDD\data\raw\dataset\train\TUBERCULOSIS\tb_01119.png
perceptual_duplicate,G:\Ai-CDD\data\raw\dataset\test\TUBERCULOSIS\tb_00553.png,G:\Ai-CDD\data\raw\dataset\train\TUBERCULOSIS\tb_01122.png
perceptual_duplicate,G:\Ai-CDD\data\raw\dataset\train\TUBERCULOSIS\tb_02350.png,G:\Ai-CDD\data\raw\dataset\train\TUBERCULOSIS\tb_01123.png
perceptual_duplicate,G:\Ai-CDD\data\raw\dataset\train\TUBERCULOSIS\tb_02351.png,G:\Ai-CDD\data\raw\dataset\train\TUBERCULOSIS\tb_01124.png
perceptual_duplicate,G:\Ai-CDD\data\raw\dataset\test\TUBERCULOSIS\tb_00554.png,G:\Ai-CDD\data\raw\dataset\train\TUBERCULOSIS\tb_01125.png
perceptual_duplicate,G:\Ai-CDD\data\raw\dataset\train\TUBERCULOSIS\tb_02352.png,G:\Ai-CDD\data\raw\dataset\train\TUBERCULOSIS\tb_01127.png
perceptual_duplicate,G:\Ai-CDD\data\raw\dataset\train\TUBERCULOSIS\tb_02353.png,G:\Ai-CDD\data\raw\dataset\train\TUBERCULOSIS\tb_01128.png
perceptual_duplicate,G:\Ai-CDD\data\raw\dataset\test\TUBERCULOSIS\tb_00555.png,G:\Ai-CDD\data\raw\dataset\train\TUBERCULOSIS\tb_01129.png
perceptual_duplicate,G:\Ai-CDD\data\raw\dataset\train\TUBERCULOSIS\tb_02354.png,G:\Ai-CDD\data\raw\dataset\train\TUBERCULOSIS\tb_01130.png
perceptual_duplicate,G:\Ai-CDD\data\raw\dataset\train\TUBERCULOSIS\tb_02355.png,G:\Ai-CDD\data\raw\dataset\train\TUBERCULOSIS\tb_01132.png
perceptual_duplicate,G:\Ai-CDD\data\raw\dataset\train\TUBERCULOSIS\tb_02356.png,G:\Ai-CDD\data\raw\dataset\train\TUBERCULOSIS\tb_01133.png
perceptual_duplicate,G:\Ai-CDD\data\raw\dataset\test\TUBERCULOSIS\tb_00106.png,G:\Ai-CDD\data\raw\dataset\train\TUBERCULOSIS\tb_01133.png
perceptual_duplicate,G:\Ai-CDD\data\raw\dataset\train\TUBERCULOSIS\tb_02357.png,G:\Ai-CDD\data\raw\dataset\train\TUBERCULOSIS\tb_01134.png
perceptual_duplicate,G:\Ai-CDD\data\raw\dataset\train\TUBERCULOSIS\tb_02358.png,G:\Ai-CDD\data\raw\dataset\train\TUBERCULOSIS\tb_01136.png
perceptual_duplicate,G:\Ai-CDD\data\raw\dataset\train\TUBERCULOSIS\tb_02359.png,G:\Ai-CDD\data\raw\dataset\train\TUBERCULOSIS\tb_01137.png
perceptual_duplicate,G:\Ai-CDD\data\raw\dataset\test\TUBERCULOSIS\tb_00002.png,G:\Ai-CDD\data\raw\dataset\train\TUBERCULOSIS\tb_01960.png
perceptual_duplicate,G:\Ai-CDD\data\raw\dataset\test\TUBERCULOSIS\tb_00003.png,G:\Ai-CDD\data\raw\dataset\train\TUBERCULOSIS\tb_01963.png
perceptual_duplicate,G:\Ai-CDD\data\raw\dataset\test\TUBERCULOSIS\tb_00004.png,G:\Ai-CDD\data\raw\dataset\train\TUBERCULOSIS\tb_01964.png
perceptual_duplicate,G:\Ai-CDD\data\raw\dataset\test\TUBERCULOSIS\tb_00484.png,G:\Ai-CDD\data\raw\dataset\train\TUBERCULOSIS\tb_01970.png
perceptual_duplicate,G:\Ai-CDD\data\raw\dataset\test\TUBERCULOSIS\tb_00007.png,G:\Ai-CDD\data\raw\dataset\train\TUBERCULOSIS\tb_01983.png
perceptual_duplicate,G:\Ai-CDD\data\raw\dataset\test\TUBERCULOSIS\tb_00009.png,G:\Ai-CDD\data\raw\dataset\train\TUBERCULOSIS\tb_01988.png
perceptual_duplicate,G:\Ai-CDD\data\raw\dataset\test\TUBERCULOSIS\tb_00010.png,G:\Ai-CDD\data\raw\dataset\train\TUBERCULOSIS\tb_01996.png
perceptual_duplicate,G:\Ai-CDD\data\raw\dataset\test\TUBERCULOSIS\tb_00013.png,G:\Ai-CDD\data\raw\dataset\train\TUBERCULOSIS\tb_02001.png
perceptual_duplicate,G:\Ai-CDD\data\raw\dataset\test\TUBERCULOSIS\tb_00014.png,G:\Ai-CDD\data\raw\dataset\train\TUBERCULOSIS\tb_02002.png
perceptual_duplicate,G:\Ai-CDD\data\raw\dataset\test\TUBERCULOSIS\tb_00015.png,G:\Ai-CDD\data\raw\dataset\train\TUBERCULOSIS\tb_02003.png
perceptual_duplicate,G:\Ai-CDD\data\raw\dataset\test\TUBERCULOSIS\tb_00016.png,G:\Ai-CDD\data\raw\dataset\train\TUBERCULOSIS\tb_02006.png
perceptual_duplicate,G:\Ai-CDD\data\raw\dataset\test\TUBERCULOSIS\tb_00018.png,G:\Ai-CDD\data\raw\dataset\train\TUBERCULOSIS\tb_02008.png
perceptual_duplicate,G:\Ai-CDD\data\raw\dataset\test\TUBERCULOSIS\tb_00019.png,G:\Ai-CDD\data\raw\dataset\train\TUBERCULOSIS\tb_02009.png
perceptual_duplicate,G:\Ai-CDD\data\raw\dataset\test\TUBERCULOSIS\tb_00023.png,G:\Ai-CDD\data\raw\dataset\train\TUBERCULOSIS\tb_02013.png
perceptual_duplicate,G:\Ai-CDD\data\raw\dataset\test\TUBERCULOSIS\tb_00024.png,G:\Ai-CDD\data\raw\dataset\train\TUBERCULOSIS\tb_02021.png
perceptual_duplicate,G:\Ai-CDD\data\raw\dataset\test\TUBERCULOSIS\tb_00025.png,G:\Ai-CDD\data\raw\dataset\train\TUBERCULOSIS\tb_02024.png
perceptual_duplicate,G:\Ai-CDD\data\raw\dataset\test\TUBERCULOSIS\tb_00027.png,G:\Ai-CDD\data\raw\dataset\train\TUBERCULOSIS\tb_02026.png
perceptual_duplicate,G:\Ai-CDD\data\raw\dataset\test\TUBERCULOSIS\tb_00028.png,G:\Ai-CDD\data\raw\dataset\train\TUBERCULOSIS\tb_02028.png
perceptual_duplicate,G:\Ai-CDD\data\raw\dataset\test\TUBERCULOSIS\tb_00030.png,G:\Ai-CDD\data\raw\dataset\train\TUBERCULOSIS\tb_02031.png
perceptual_duplicate,G:\Ai-CDD\data\raw\dataset\test\TUBERCULOSIS\tb_00036.png,G:\Ai-CDD\data\raw\dataset\train\TUBERCULOSIS\tb_02046.png
perceptual_duplicate,G:\Ai-CDD\data\raw\dataset\test\TUBERCULOSIS\tb_00040.png,G:\Ai-CDD\data\raw\dataset\train\TUBERCULOSIS\tb_02071.png
perceptual_duplicate,G:\Ai-CDD\data\raw\dataset\test\TUBERCULOSIS\tb_00041.png,G:\Ai-CDD\data\raw\dataset\train\TUBERCULOSIS\tb_02073.png
perceptual_duplicate,G:\Ai-CDD\data\raw\dataset\test\TUBERCULOSIS\tb_00042.png,G:\Ai-CDD\data\raw\dataset\train\TUBERCULOSIS\tb_02075.png
perceptual_duplicate,G:\Ai-CDD\data\raw\dataset\test\TUBERCULOSIS\tb_00043.png,G:\Ai-CDD\data\raw\dataset\train\TUBERCULOSIS\tb_02081.png
perceptual_duplicate,G:\Ai-CDD\data\raw\dataset\test\TUBERCULOSIS\tb_00044.png,G:\Ai-CDD\data\raw\dataset\train\TUBERCULOSIS\tb_02082.png
perceptual_duplicate,G:\Ai-CDD\data\raw\dataset\test\TUBERCULOSIS\tb_00046.png,G:\Ai-CDD\data\raw\dataset\train\TUBERCULOSIS\tb_02097.png
perceptual_duplicate,G:\Ai-CDD\data\raw\dataset\test\TUBERCULOSIS\tb_00047.png,G:\Ai-CDD\data\raw\dataset\train\TUBERCULOSIS\tb_02098.png
perceptual_duplicate,G:\Ai-CDD\data\raw\dataset\test\TUBERCULOSIS\tb_00049.png,G:\Ai-CDD\data\raw\dataset\train\TUBERCULOSIS\tb_02110.png
perceptual_duplicate,G:\Ai-CDD\data\raw\dataset\test\TUBERCULOSIS\tb_00050.png,G:\Ai-CDD\data\raw\dataset\train\TUBERCULOSIS\tb_02111.png
perceptual_duplicate,G:\Ai-CDD\data\raw\dataset\test\TUBERCULOSIS\tb_00052.png,G:\Ai-CDD\data\raw\dataset\train\TUBERCULOSIS\tb_02121.png
perceptual_duplicate,G:\Ai-CDD\data\raw\dataset\test\TUBERCULOSIS\tb_00057.png,G:\Ai-CDD\data\raw\dataset\train\TUBERCULOSIS\tb_02131.png
perceptual_duplicate,G:\Ai-CDD\data\raw\dataset\test\TUBERCULOSIS\tb_00058.png,G:\Ai-CDD\data\raw\dataset\train\TUBERCULOSIS\tb_02145.png
perceptual_duplicate,G:\Ai-CDD\data\raw\dataset\test\TUBERCULOSIS\tb_00060.png,G:\Ai-CDD\data\raw\dataset\train\TUBERCULOSIS\tb_02156.png
perceptual_duplicate,G:\Ai-CDD\data\raw\dataset\test\TUBERCULOSIS\tb_00054.png,G:\Ai-CDD\data\raw\dataset\train\TUBERCULOSIS\tb_02161.png
perceptual_duplicate,G:\Ai-CDD\data\raw\dataset\test\TUBERCULOSIS\tb_00061.png,G:\Ai-CDD\data\raw\dataset\train\TUBERCULOSIS\tb_02162.png
perceptual_duplicate,G:\Ai-CDD\data\raw\dataset\test\TUBERCULOSIS\tb_00062.png,G:\Ai-CDD\data\raw\dataset\train\TUBERCULOSIS\tb_02167.png
perceptual_duplicate,G:\Ai-CDD\data\raw\dataset\test\TUBERCULOSIS\tb_00063.png,G:\Ai-CDD\data\raw\dataset\train\TUBERCULOSIS\tb_02170.png
perceptual_duplicate,G:\Ai-CDD\data\raw\dataset\test\TUBERCULOSIS\tb_00065.png,G:\Ai-CDD\data\raw\dataset\train\TUBERCULOSIS\tb_02176.png
perceptual_duplicate,G:\Ai-CDD\data\raw\dataset\test\TUBERCULOSIS\tb_00066.png,G:\Ai-CDD\data\raw\dataset\train\TUBERCULOSIS\tb_02177.png
perceptual_duplicate,G:\Ai-CDD\data\raw\dataset\test\TUBERCULOSIS\tb_00067.png,G:\Ai-CDD\data\raw\dataset\train\TUBERCULOSIS\tb_02181.png
perceptual_duplicate,G:\Ai-CDD\data\raw\dataset\test\TUBERCULOSIS\tb_00069.png,G:\Ai-CDD\data\raw\dataset\train\TUBERCULOSIS\tb_02189.png
perceptual_duplicate,G:\Ai-CDD\data\raw\dataset\test\TUBERCULOSIS\tb_00070.png,G:\Ai-CDD\data\raw\dataset\train\TUBERCULOSIS\tb_02197.png
perceptual_duplicate,G:\Ai-CDD\data\raw\dataset\test\TUBERCULOSIS\tb_00071.png,G:\Ai-CDD\data\raw\dataset\train\TUBERCULOSIS\tb_02200.png
perceptual_duplicate,G:\Ai-CDD\data\raw\dataset\test\TUBERCULOSIS\tb_00072.png,G:\Ai-CDD\data\raw\dataset\train\TUBERCULOSIS\tb_02201.png
perceptual_duplicate,G:\Ai-CDD\data\raw\dataset\test\TUBERCULOSIS\tb_00073.png,G:\Ai-CDD\data\raw\dataset\train\TUBERCULOSIS\tb_02210.png
perceptual_duplicate,G:\Ai-CDD\data\raw\dataset\test\TUBERCULOSIS\tb_00076.png,G:\Ai-CDD\data\raw\dataset\train\TUBERCULOSIS\tb_02213.png
perceptual_duplicate,G:\Ai-CDD\data\raw\dataset\test\TUBERCULOSIS\tb_00078.png,G:\Ai-CDD\data\raw\dataset\train\TUBERCULOSIS\tb_02220.png
perceptual_duplicate,G:\Ai-CDD\data\raw\dataset\test\TUBERCULOSIS\tb_00080.png,G:\Ai-CDD\data\raw\dataset\train\TUBERCULOSIS\tb_02231.png
perceptual_duplicate,G:\Ai-CDD\data\raw\dataset\test\TUBERCULOSIS\tb_00081.png,G:\Ai-CDD\data\raw\dataset\train\TUBERCULOSIS\tb_02237.png
perceptual_duplicate,G:\Ai-CDD\data\raw\dataset\test\TUBERCULOSIS\tb_00082.png,G:\Ai-CDD\data\raw\dataset\train\TUBERCULOSIS\tb_02251.png
perceptual_duplicate,G:\Ai-CDD\data\raw\dataset\test\TUBERCULOSIS\tb_00083.png,G:\Ai-CDD\data\raw\dataset\train\TUBERCULOSIS\tb_02256.png
perceptual_duplicate,G:\Ai-CDD\data\raw\dataset\test\TUBERCULOSIS\tb_00087.png,G:\Ai-CDD\data\raw\dataset\train\TUBERCULOSIS\tb_02276.png
perceptual_duplicate,G:\Ai-CDD\data\raw\dataset\test\TUBERCULOSIS\tb_00090.png,G:\Ai-CDD\data\raw\dataset\train\TUBERCULOSIS\tb_02293.png
perceptual_duplicate,G:\Ai-CDD\data\raw\dataset\test\TUBERCULOSIS\tb_00091.png,G:\Ai-CDD\data\raw\dataset\train\TUBERCULOSIS\tb_02301.png
perceptual_duplicate,G:\Ai-CDD\data\raw\dataset\test\NORMAL\normal_00095.png,G:\Ai-CDD\data\raw\dataset\train\TUBERCULOSIS\tb_02303.png
perceptual_duplicate,G:\Ai-CDD\data\raw\dataset\test\TUBERCULOSIS\tb_00092.png,G:\Ai-CDD\data\raw\dataset\train\TUBERCULOSIS\tb_02304.png
perceptual_duplicate,G:\Ai-CDD\data\raw\dataset\test\TUBERCULOSIS\tb_00094.png,G:\Ai-CDD\data\raw\dataset\train\TUBERCULOSIS\tb_02315.png
perceptual_duplicate,G:\Ai-CDD\data\raw\dataset\test\TUBERCULOSIS\tb_00109.png,G:\Ai-CDD\data\raw\dataset\train\TUBERCULOSIS\tb_02316.png
perceptual_duplicate,G:\Ai-CDD\data\raw\dataset\test\TUBERCULOSIS\tb_00112.png,G:\Ai-CDD\data\raw\dataset\train\TUBERCULOSIS\tb_02317.png
perceptual_duplicate,G:\Ai-CDD\data\raw\dataset\test\TUBERCULOSIS\tb_00114.png,G:\Ai-CDD\data\raw\dataset\train\TUBERCULOSIS\tb_02318.png
perceptual_duplicate,G:\Ai-CDD\data\raw\dataset\test\TUBERCULOSIS\tb_00115.png,G:\Ai-CDD\data\raw\dataset\train\TUBERCULOSIS\tb_02319.png
perceptual_duplicate,G:\Ai-CDD\data\raw\dataset\test\TUBERCULOSIS\tb_00116.png,G:\Ai-CDD\data\raw\dataset\train\TUBERCULOSIS\tb_02320.png
perceptual_duplicate,G:\Ai-CDD\data\raw\dataset\test\TUBERCULOSIS\tb_00117.png,G:\Ai-CDD\data\raw\dataset\train\TUBERCULOSIS\tb_02322.png
perceptual_duplicate,G:\Ai-CDD\data\raw\dataset\test\TUBERCULOSIS\tb_00118.png,G:\Ai-CDD\data\raw\dataset\train\TUBERCULOSIS\tb_02323.png
perceptual_duplicate,G:\Ai-CDD\data\raw\dataset\test\TUBERCULOSIS\tb_00119.png,G:\Ai-CDD\data\raw\dataset\train\TUBERCULOSIS\tb_02324.png
perceptual_duplicate,G:\Ai-CDD\data\raw\dataset\test\TUBERCULOSIS\tb_00120.png,G:\Ai-CDD\data\raw\dataset\train\TUBERCULOSIS\tb_02325.png
perceptual_duplicate,G:\Ai-CDD\data\raw\dataset\test\TUBERCULOSIS\tb_00121.png,G:\Ai-CDD\data\raw\dataset\train\TUBERCULOSIS\tb_02326.png
perceptual_duplicate,G:\Ai-CDD\data\raw\dataset\test\TUBERCULOSIS\tb_00122.png,G:\Ai-CDD\data\raw\dataset\train\TUBERCULOSIS\tb_02327.png
perceptual_duplicate,G:\Ai-CDD\data\raw\dataset\test\TUBERCULOSIS\tb_00096.png,G:\Ai-CDD\data\raw\dataset\train\TUBERCULOSIS\tb_02328.png
perceptual_duplicate,G:\Ai-CDD\data\raw\dataset\test\TUBERCULOSIS\tb_00123.png,G:\Ai-CDD\data\raw\dataset\train\TUBERCULOSIS\tb_02328.png
perceptual_duplicate,G:\Ai-CDD\data\raw\dataset\test\TUBERCULOSIS\tb_00097.png,G:\Ai-CDD\data\raw\dataset\train\TUBERCULOSIS\tb_02329.png
perceptual_duplicate,G:\Ai-CDD\data\raw\dataset\test\TUBERCULOSIS\tb_00124.png,G:\Ai-CDD\data\raw\dataset\train\TUBERCULOSIS\tb_02329.png
perceptual_duplicate,G:\Ai-CDD\data\raw\dataset\test\TUBERCULOSIS\tb_00127.png,G:\Ai-CDD\data\raw\dataset\train\TUBERCULOSIS\tb_02331.png
perceptual_duplicate,G:\Ai-CDD\data\raw\dataset\test\TUBERCULOSIS\tb_00129.png,G:\Ai-CDD\data\raw\dataset\train\TUBERCULOSIS\tb_02332.png
perceptual_duplicate,G:\Ai-CDD\data\raw\dataset\test\TUBERCULOSIS\tb_00131.png,G:\Ai-CDD\data\raw\dataset\train\TUBERCULOSIS\tb_02333.png
perceptual_duplicate,G:\Ai-CDD\data\raw\dataset\test\TUBERCULOSIS\tb_00134.png,G:\Ai-CDD\data\raw\dataset\train\TUBERCULOSIS\tb_02334.png
perceptual_duplicate,G:\Ai-CDD\data\raw\dataset\test\TUBERCULOSIS\tb_00135.png,G:\Ai-CDD\data\raw\dataset\train\TUBERCULOSIS\tb_02335.png
perceptual_duplicate,G:\Ai-CDD\data\raw\dataset\test\TUBERCULOSIS\tb_00099.png,G:\Ai-CDD\data\raw\dataset\train\TUBERCULOSIS\tb_02336.png
perceptual_duplicate,G:\Ai-CDD\data\raw\dataset\test\TUBERCULOSIS\tb_00136.png,G:\Ai-CDD\data\raw\dataset\train\TUBERCULOSIS\tb_02336.png
perceptual_duplicate,G:\Ai-CDD\data\raw\dataset\test\TUBERCULOSIS\tb_00137.png,G:\Ai-CDD\data\raw\dataset\train\TUBERCULOSIS\tb_02338.png
perceptual_duplicate,G:\Ai-CDD\data\raw\dataset\test\TUBERCULOSIS\tb_00100.png,G:\Ai-CDD\data\raw\dataset\train\TUBERCULOSIS\tb_02339.png
perceptual_duplicate,G:\Ai-CDD\data\raw\dataset\test\TUBERCULOSIS\tb_00138.png,G:\Ai-CDD\data\raw\dataset\train\TUBERCULOSIS\tb_02339.png
perceptual_duplicate,G:\Ai-CDD\data\raw\dataset\test\TUBERCULOSIS\tb_00101.png,G:\Ai-CDD\data\raw\dataset\train\TUBERCULOSIS\tb_02340.png
perceptual_duplicate,G:\Ai-CDD\data\raw\dataset\test\TUBERCULOSIS\tb_00142.png,G:\Ai-CDD\data\raw\dataset\train\TUBERCULOSIS\tb_02340.png
perceptual_duplicate,G:\Ai-CDD\data\raw\dataset\test\TUBERCULOSIS\tb_00144.png,G:\Ai-CDD\data\raw\dataset\train\TUBERCULOSIS\tb_02341.png
perceptual_duplicate,G:\Ai-CDD\data\raw\dataset\test\TUBERCULOSIS\tb_00147.png,G:\Ai-CDD\data\raw\dataset\train\TUBERCULOSIS\tb_02344.png
perceptual_duplicate,G:\Ai-CDD\data\raw\dataset\test\TUBERCULOSIS\tb_00106.png,G:\Ai-CDD\data\raw\dataset\train\TUBERCULOSIS\tb_02356.png
perceptual_duplicate,G:\Ai-CDD\data\raw\dataset\val\NORMAL\normal_00496.png,G:\Ai-CDD\data\raw\dataset\test\NORMAL\normal_00209.png
perceptual_duplicate,G:\Ai-CDD\data\raw\dataset\val\NORMAL\normal_00004.png,G:\Ai-CDD\data\raw\dataset\test\NORMAL\normal_00246.png
perceptual_duplicate,G:\Ai-CDD\data\raw\dataset\test\NORMAL\normal_00369.png,G:\Ai-CDD\data\raw\dataset\test\NORMAL\normal_00325.png
perceptual_duplicate,G:\Ai-CDD\data\raw\dataset\val\NORMAL\normal_00038.png,G:\Ai-CDD\data\raw\dataset\test\NORMAL\normal_00374.png
perceptual_duplicate,G:\Ai-CDD\data\raw\dataset\test\NORMAL\normal_00601.png,G:\Ai-CDD\data\raw\dataset\test\NORMAL\normal_00404.png
perceptual_duplicate,G:\Ai-CDD\data\raw\dataset\val\NORMAL\normal_00548.png,G:\Ai-CDD\data\raw\dataset\test\NORMAL\normal_00404.png
perceptual_duplicate,G:\Ai-CDD\data\raw\dataset\test\NORMAL\normal_00771.png,G:\Ai-CDD\data\raw\dataset\test\NORMAL\normal_00531.png
perceptual_duplicate,G:\Ai-CDD\data\raw\dataset\val\NORMAL\normal_00546.png,G:\Ai-CDD\data\raw\dataset\test\NORMAL\normal_00540.png
perceptual_duplicate,G:\Ai-CDD\data\raw\dataset\test\NORMAL\normal_00777.png,G:\Ai-CDD\data\raw\dataset\test\NORMAL\normal_00542.png
perceptual_duplicate,G:\Ai-CDD\data\raw\dataset\val\NORMAL\normal_00540.png,G:\Ai-CDD\data\raw\dataset\test\NORMAL\normal_00544.png
perceptual_duplicate,G:\Ai-CDD\data\raw\dataset\val\NORMAL\normal_00549.png,G:\Ai-CDD\data\raw\dataset\test\NORMAL\normal_00549.png
perceptual_duplicate,G:\Ai-CDD\data\raw\dataset\test\NORMAL\normal_00766.png,G:\Ai-CDD\data\raw\dataset\test\NORMAL\normal_00551.png
perceptual_duplicate,G:\Ai-CDD\data\raw\dataset\test\NORMAL\normal_00778.png,G:\Ai-CDD\data\raw\dataset\test\NORMAL\normal_00552.png
perceptual_duplicate,G:\Ai-CDD\data\raw\dataset\test\NORMAL\normal_00763.png,G:\Ai-CDD\data\raw\dataset\test\NORMAL\normal_00557.png
perceptual_duplicate,G:\Ai-CDD\data\raw\dataset\test\NORMAL\normal_00779.png,G:\Ai-CDD\data\raw\dataset\test\NORMAL\normal_00561.png
perceptual_duplicate,G:\Ai-CDD\data\raw\dataset\test\NORMAL\normal_00780.png,G:\Ai-CDD\data\raw\dataset\test\NORMAL\normal_00563.png
perceptual_duplicate,G:\Ai-CDD\data\raw\dataset\test\NORMAL\normal_01050.png,G:\Ai-CDD\data\raw\dataset\test\NORMAL\normal_00565.png
perceptual_duplicate,G:\Ai-CDD\data\raw\dataset\test\NORMAL\normal_00781.png,G:\Ai-CDD\data\raw\dataset\test\NORMAL\normal_00567.png
perceptual_duplicate,G:\Ai-CDD\data\raw\dataset\val\NORMAL\normal_00551.png,G:\Ai-CDD\data\raw\dataset\test\NORMAL\normal_00570.png
perceptual_duplicate,G:\Ai-CDD\data\raw\dataset\val\NORMAL\normal_00554.png,G:\Ai-CDD\data\raw\dataset\test\NORMAL\normal_00576.png
perceptual_duplicate,G:\Ai-CDD\data\raw\dataset\val\NORMAL\normal_00555.png,G:\Ai-CDD\data\raw\dataset\test\NORMAL\normal_00577.png
perceptual_duplicate,G:\Ai-CDD\data\raw\dataset\test\NORMAL\normal_00782.png,G:\Ai-CDD\data\raw\dataset\test\NORMAL\normal_00578.png
perceptual_duplicate,G:\Ai-CDD\data\raw\dataset\val\NORMAL\normal_00535.png,G:\Ai-CDD\data\raw\dataset\test\NORMAL\normal_00579.png
perceptual_duplicate,G:\Ai-CDD\data\raw\dataset\val\NORMAL\normal_00556.png,G:\Ai-CDD\data\raw\dataset\test\NORMAL\normal_00582.png
perceptual_duplicate,G:\Ai-CDD\data\raw\dataset\test\NORMAL\normal_00783.png,G:\Ai-CDD\data\raw\dataset\test\NORMAL\normal_00584.png
perceptual_duplicate,G:\Ai-CDD\data\raw\dataset\test\NORMAL\normal_00784.png,G:\Ai-CDD\data\raw\dataset\test\NORMAL\normal_00586.png
perceptual_duplicate,G:\Ai-CDD\data\raw\dataset\test\NORMAL\normal_00785.png,G:\Ai-CDD\data\raw\dataset\test\NORMAL\normal_00587.png
perceptual_duplicate,G:\Ai-CDD\data\raw\dataset\val\NORMAL\normal_00557.png,G:\Ai-CDD\data\raw\dataset\test\NORMAL\normal_00591.png
perceptual_duplicate,G:\Ai-CDD\data\raw\dataset\test\NORMAL\normal_00786.png,G:\Ai-CDD\data\raw\dataset\test\NORMAL\normal_00592.png
perceptual_duplicate,G:\Ai-CDD\data\raw\dataset\val\NORMAL\normal_00558.png,G:\Ai-CDD\data\raw\dataset\test\NORMAL\normal_00593.png
perceptual_duplicate,G:\Ai-CDD\data\raw\dataset\val\NORMAL\normal_00559.png,G:\Ai-CDD\data\raw\dataset\test\NORMAL\normal_00594.png
perceptual_duplicate,G:\Ai-CDD\data\raw\dataset\val\NORMAL\normal_00534.png,G:\Ai-CDD\data\raw\dataset\test\NORMAL\normal_00595.png
perceptual_duplicate,G:\Ai-CDD\data\raw\dataset\val\NORMAL\normal_00667.png,G:\Ai-CDD\data\raw\dataset\test\NORMAL\normal_00597.png
perceptual_duplicate,G:\Ai-CDD\data\raw\dataset\val\NORMAL\normal_00548.png,G:\Ai-CDD\data\raw\dataset\test\NORMAL\normal_00601.png
perceptual_duplicate,G:\Ai-CDD\data\raw\dataset\test\NORMAL\normal_00770.png,G:\Ai-CDD\data\raw\dataset\test\NORMAL\normal_00604.png
perceptual_duplicate,G:\Ai-CDD\data\raw\dataset\val\NORMAL\normal_00668.png,G:\Ai-CDD\data\raw\dataset\test\NORMAL\normal_00608.png
perceptual_duplicate,G:\Ai-CDD\data\raw\dataset\val\NORMAL\normal_00549.png,G:\Ai-CDD\data\raw\dataset\test\NORMAL\normal_00609.png
perceptual_duplicate,G:\Ai-CDD\data\raw\dataset\test\NORMAL\normal_00889.png,G:\Ai-CDD\data\raw\dataset\test\NORMAL\normal_00610.png
perceptual_duplicate,G:\Ai-CDD\data\raw\dataset\test\NORMAL\normal_00890.png,G:\Ai-CDD\data\raw\dataset\test\NORMAL\normal_00612.png
perceptual_duplicate,G:\Ai-CDD\data\raw\dataset\test\NORMAL\normal_00773.png,G:\Ai-CDD\data\raw\dataset\test\NORMAL\normal_00616.png
perceptual_duplicate,G:\Ai-CDD\data\raw\dataset\test\NORMAL\normal_00772.png,G:\Ai-CDD\data\raw\dataset\test\NORMAL\normal_00618.png
perceptual_duplicate,G:\Ai-CDD\data\raw\dataset\test\NORMAL\normal_00621.png,G:\Ai-CDD\data\raw\dataset\test\NORMAL\normal_00620.png
perceptual_duplicate,G:\Ai-CDD\data\raw\dataset\test\NORMAL\normal_00891.png,G:\Ai-CDD\data\raw\dataset\test\NORMAL\normal_00622.png
perceptual_duplicate,G:\Ai-CDD\data\raw\dataset\val\NORMAL\normal_00544.png,G:\Ai-CDD\data\raw\dataset\test\NORMAL\normal_00623.png
perceptual_duplicate,G:\Ai-CDD\data\raw\dataset\val\NORMAL\normal_00669.png,G:\Ai-CDD\data\raw\dataset\test\NORMAL\normal_00624.png
perceptual_duplicate,G:\Ai-CDD\data\raw\dataset\val\NORMAL\normal_00670.png,G:\Ai-CDD\data\raw\dataset\test\NORMAL\normal_00629.png
perceptual_duplicate,G:\Ai-CDD\data\raw\dataset\test\NORMAL\normal_00892.png,G:\Ai-CDD\data\raw\dataset\test\NORMAL\normal_00631.png
perceptual_duplicate,G:\Ai-CDD\data\raw\dataset\test\NORMAL\normal_00893.png,G:\Ai-CDD\data\raw\dataset\test\NORMAL\normal_00632.png
perceptual_duplicate,G:\Ai-CDD\data\raw\dataset\test\NORMAL\normal_00762.png,G:\Ai-CDD\data\raw\dataset\test\NORMAL\normal_00633.png
perceptual_duplicate,G:\Ai-CDD\data\raw\dataset\test\NORMAL\normal_00894.png,G:\Ai-CDD\data\raw\dataset\test\NORMAL\normal_00634.png
perceptual_duplicate,G:\Ai-CDD\data\raw\dataset\val\NORMAL\normal_00640.png,G:\Ai-CDD\data\raw\dataset\test\NORMAL\normal_00634.png
perceptual_duplicate,G:\Ai-CDD\data\raw\dataset\test\NORMAL\normal_00711.png,G:\Ai-CDD\data\raw\dataset\test\NORMAL\normal_00637.png
perceptual_duplicate,G:\Ai-CDD\data\raw\dataset\test\NORMAL\normal_00895.png,G:\Ai-CDD\data\raw\dataset\test\NORMAL\normal_00639.png
perceptual_duplicate,G:\Ai-CDD\data\raw\dataset\val\NORMAL\normal_00671.png,G:\Ai-CDD\data\raw\dataset\test\NORMAL\normal_00645.png
perceptual_duplicate,G:\Ai-CDD\data\raw\dataset\test\NORMAL\normal_00896.png,G:\Ai-CDD\data\raw\dataset\test\NORMAL\normal_00646.png
perceptual_duplicate,G:\Ai-CDD\data\raw\dataset\test\NORMAL\normal_00897.png,G:\Ai-CDD\data\raw\dataset\test\NORMAL\normal_00649.png
perceptual_duplicate,G:\Ai-CDD\data\raw\dataset\val\NORMAL\normal_00672.png,G:\Ai-CDD\data\raw\dataset\test\NORMAL\normal_00651.png
perceptual_duplicate,G:\Ai-CDD\data\raw\dataset\test\NORMAL\normal_00898.png,G:\Ai-CDD\data\raw\dataset\test\NORMAL\normal_00652.png
perceptual_duplicate,G:\Ai-CDD\data\raw\dataset\val\NORMAL\normal_00673.png,G:\Ai-CDD\data\raw\dataset\test\NORMAL\normal_00657.png
perceptual_duplicate,G:\Ai-CDD\data\raw\dataset\test\NORMAL\normal_00899.png,G:\Ai-CDD\data\raw\dataset\test\NORMAL\normal_00661.png
perceptual_duplicate,G:\Ai-CDD\data\raw\dataset\test\NORMAL\normal_00900.png,G:\Ai-CDD\data\raw\dataset\test\NORMAL\normal_00663.png
perceptual_duplicate,G:\Ai-CDD\data\raw\dataset\test\NORMAL\normal_00665.png,G:\Ai-CDD\data\raw\dataset\test\NORMAL\normal_00664.png
perceptual_duplicate,G:\Ai-CDD\data\raw\dataset\val\NORMAL\normal_00674.png,G:\Ai-CDD\data\raw\dataset\test\NORMAL\normal_00666.png
perceptual_duplicate,G:\Ai-CDD\data\raw\dataset\val\NORMAL\normal_00675.png,G:\Ai-CDD\data\raw\dataset\test\NORMAL\normal_00670.png
perceptual_duplicate,G:\Ai-CDD\data\raw\dataset\test\NORMAL\normal_00901.png,G:\Ai-CDD\data\raw\dataset\test\NORMAL\normal_00675.png
perceptual_duplicate,G:\Ai-CDD\data\raw\dataset\val\NORMAL\normal_00676.png,G:\Ai-CDD\data\raw\dataset\test\NORMAL\normal_00676.png
perceptual_duplicate,G:\Ai-CDD\data\raw\dataset\val\NORMAL\normal_00677.png,G:\Ai-CDD\data\raw\dataset\test\NORMAL\normal_00680.png
perceptual_duplicate,G:\Ai-CDD\data\raw\dataset\val\NORMAL\normal_00678.png,G:\Ai-CDD\data\raw\dataset\test\NORMAL\normal_00682.png
perceptual_duplicate,G:\Ai-CDD\data\raw\dataset\val\NORMAL\normal_00679.png,G:\Ai-CDD\data\raw\dataset\test\NORMAL\normal_00687.png
perceptual_duplicate,G:\Ai-CDD\data\raw\dataset\test\NORMAL\normal_00902.png,G:\Ai-CDD\data\raw\dataset\test\NORMAL\normal_00695.png
perceptual_duplicate,G:\Ai-CDD\data\raw\dataset\test\NORMAL\normal_00903.png,G:\Ai-CDD\data\raw\dataset\test\NORMAL\normal_00696.png
perceptual_duplicate,G:\Ai-CDD\data\raw\dataset\test\NORMAL\normal_00904.png,G:\Ai-CDD\data\raw\dataset\test\NORMAL\normal_00698.png
perceptual_duplicate,G:\Ai-CDD\data\raw\dataset\test\NORMAL\normal_00905.png,G:\Ai-CDD\data\raw\dataset\test\NORMAL\normal_00699.png
perceptual_duplicate,G:\Ai-CDD\data\raw\dataset\test\NORMAL\normal_00906.png,G:\Ai-CDD\data\raw\dataset\test\NORMAL\normal_00709.png
perceptual_duplicate,G:\Ai-CDD\data\raw\dataset\val\NORMAL\normal_00767.png,G:\Ai-CDD\data\raw\dataset\test\NORMAL\normal_00711.png
perceptual_duplicate,G:\Ai-CDD\data\raw\dataset\val\NORMAL\normal_00680.png,G:\Ai-CDD\data\raw\dataset\test\NORMAL\normal_00714.png
perceptual_duplicate,G:\Ai-CDD\data\raw\dataset\test\NORMAL\normal_00907.png,G:\Ai-CDD\data\raw\dataset\test\NORMAL\normal_00715.png
perceptual_duplicate,G:\Ai-CDD\data\raw\dataset\val\NORMAL\normal_00681.png,G:\Ai-CDD\data\raw\dataset\test\NORMAL\normal_00717.png
perceptual_duplicate,G:\Ai-CDD\data\raw\dataset\test\NORMAL\normal_00764.png,G:\Ai-CDD\data\raw\dataset\test\NORMAL\normal_00718.png
perceptual_duplicate,G:\Ai-CDD\data\raw\dataset\val\NORMAL\normal_00682.png,G:\Ai-CDD\data\raw\dataset\test\NORMAL\normal_00720.png
perceptual_duplicate,G:\Ai-CDD\data\raw\dataset\val\NORMAL\normal_00683.png,G:\Ai-CDD\data\raw\dataset\test\NORMAL\normal_00721.png
perceptual_duplicate,G:\Ai-CDD\data\raw\dataset\val\NORMAL\normal_00543.png,G:\Ai-CDD\data\raw\dataset\test\NORMAL\normal_00722.png
perceptual_duplicate,G:\Ai-CDD\data\raw\dataset\test\NORMAL\normal_00908.png,G:\Ai-CDD\data\raw\dataset\test\NORMAL\normal_00724.png
perceptual_duplicate,G:\Ai-CDD\data\raw\dataset\val\NORMAL\normal_00684.png,G:\Ai-CDD\data\raw\dataset\test\NORMAL\normal_00726.png
perceptual_duplicate,G:\Ai-CDD\data\raw\dataset\test\NORMAL\normal_00761.png,G:\Ai-CDD\data\raw\dataset\test\NORMAL\normal_00729.png
perceptual_duplicate,G:\Ai-CDD\data\raw\dataset\test\NORMAL\normal_00909.png,G:\Ai-CDD\data\raw\dataset\test\NORMAL\normal_00731.png
perceptual_duplicate,G:\Ai-CDD\data\raw\dataset\test\NORMAL\normal_00910.png,G:\Ai-CDD\data\raw\dataset\test\NORMAL\normal_00732.png
perceptual_duplicate,G:\Ai-CDD\data\raw\dataset\test\NORMAL\normal_00911.png,G:\Ai-CDD\data\raw\dataset\test\NORMAL\normal_00734.png
perceptual_duplicate,G:\Ai-CDD\data\raw\dataset\val\NORMAL\normal_00685.png,G:\Ai-CDD\data\raw\dataset\test\NORMAL\normal_00735.png
perceptual_duplicate,G:\Ai-CDD\data\raw\dataset\val\NORMAL\normal_00686.png,G:\Ai-CDD\data\raw\dataset\test\NORMAL\normal_00738.png
perceptual_duplicate,G:\Ai-CDD\data\raw\dataset\val\NORMAL\normal_00687.png,G:\Ai-CDD\data\raw\dataset\test\NORMAL\normal_00742.png
perceptual_duplicate,G:\Ai-CDD\data\raw\dataset\val\NORMAL\normal_00688.png,G:\Ai-CDD\data\raw\dataset\test\NORMAL\normal_00743.png
perceptual_duplicate,G:\Ai-CDD\data\raw\dataset\val\NORMAL\normal_00689.png,G:\Ai-CDD\data\raw\dataset\test\NORMAL\normal_00746.png
perceptual_duplicate,G:\Ai-CDD\data\raw\dataset\test\NORMAL\normal_00912.png,G:\Ai-CDD\data\raw\dataset\test\NORMAL\normal_00748.png
perceptual_duplicate,G:\Ai-CDD\data\raw\dataset\test\NORMAL\normal_00913.png,G:\Ai-CDD\data\raw\dataset\test\NORMAL\normal_00749.png
perceptual_duplicate,G:\Ai-CDD\data\raw\dataset\val\NORMAL\normal_00690.png,G:\Ai-CDD\data\raw\dataset\test\NORMAL\normal_00751.png
perceptual_duplicate,G:\Ai-CDD\data\raw\dataset\test\NORMAL\normal_00774.png,G:\Ai-CDD\data\raw\dataset\test\NORMAL\normal_00755.png
perceptual_duplicate,G:\Ai-CDD\data\raw\dataset\val\NORMAL\normal_00544.png,G:\Ai-CDD\data\raw\dataset\test\NORMAL\normal_00766.png
perceptual_duplicate,G:\Ai-CDD\data\raw\dataset\val\NORMAL\normal_00613.png,G:\Ai-CDD\data\raw\dataset\test\NORMAL\normal_00795.png
perceptual_duplicate,G:\Ai-CDD\data\raw\dataset\test\NORMAL\normal_00976.png,G:\Ai-CDD\data\raw\dataset\test\NORMAL\normal_00800.png
perceptual_duplicate,G:\Ai-CDD\data\raw\dataset\test\NORMAL\normal_01011.png,G:\Ai-CDD\data\raw\dataset\test\NORMAL\normal_00800.png
perceptual_duplicate,G:\Ai-CDD\data\raw\dataset\val\NORMAL\normal_00835.png,G:\Ai-CDD\data\raw\dataset\test\NORMAL\normal_00804.png
perceptual_duplicate,G:\Ai-CDD\data\raw\dataset\val\NORMAL\normal_00754.png,G:\Ai-CDD\data\raw\dataset\test\NORMAL\normal_00806.png
perceptual_duplicate,G:\Ai-CDD\data\raw\dataset\val\NORMAL\normal_00628.png,G:\Ai-CDD\data\raw\dataset\test\NORMAL\normal_00816.png
perceptual_duplicate,G:\Ai-CDD\data\raw\dataset\test\NORMAL\normal_01016.png,G:\Ai-CDD\data\raw\dataset\test\NORMAL\normal_00864.png
perceptual_duplicate,G:\Ai-CDD\data\raw\dataset\val\NORMAL\normal_00640.png,G:\Ai-CDD\data\raw\dataset\test\NORMAL\normal_00894.png
perceptual_duplicate,G:\Ai-CDD\data\raw\dataset\test\NORMAL\normal_01001.png,G:\Ai-CDD\data\raw\dataset\test\NORMAL\normal_00937.png
perceptual_duplicate,G:\Ai-CDD\data\raw\dataset\test\NORMAL\normal_00984.png,G:\Ai-CDD\data\raw\dataset\test\NORMAL\normal_00961.png
perceptual_duplicate,G:\Ai-CDD\data\raw\dataset\test\NORMAL\normal_01055.png,G:\Ai-CDD\data\raw\dataset\test\NORMAL\normal_00961.png
perceptual_duplicate,G:\Ai-CDD\data\raw\dataset\test\NORMAL\normal_01042.png,G:\Ai-CDD\data\raw\dataset\test\NORMAL\normal_00976.png
perceptual_duplicate,G:\Ai-CDD\data\raw\dataset\val\NORMAL\normal_00655.png,G:\Ai-CDD\data\raw\dataset\test\NORMAL\normal_00991.png
perceptual_duplicate,G:\Ai-CDD\data\raw\dataset\val\NORMAL\normal_00727.png,G:\Ai-CDD\data\raw\dataset\test\NORMAL\normal_00991.png
perceptual_duplicate,G:\Ai-CDD\data\raw\dataset\val\NORMAL\normal_00592.png,G:\Ai-CDD\data\raw\dataset\test\NORMAL\normal_01011.png
perceptual_duplicate,G:\Ai-CDD\data\raw\dataset\val\NORMAL\normal_00703.png,G:\Ai-CDD\data\raw\dataset\test\NORMAL\normal_01013.png
perceptual_duplicate,G:\Ai-CDD\data\raw\dataset\val\NORMAL\normal_00706.png,G:\Ai-CDD\data\raw\dataset\test\NORMAL\normal_01049.png
perceptual_duplicate,G:\Ai-CDD\data\raw\dataset\val\NORMAL\normal_00530.png,G:\Ai-CDD\data\raw\dataset\test\NORMAL\normal_01077.png
perceptual_duplicate,G:\Ai-CDD\data\raw\dataset\val\NORMAL\normal_00532.png,G:\Ai-CDD\data\raw\dataset\test\NORMAL\normal_01078.png
perceptual_duplicate,G:\Ai-CDD\data\raw\dataset\val\NORMAL\normal_00533.png,G:\Ai-CDD\data\raw\dataset\test\NORMAL\normal_01079.png
perceptual_duplicate,G:\Ai-CDD\data\raw\dataset\test\TUBERCULOSIS\tb_00431.png,G:\Ai-CDD\data\raw\dataset\test\TUBERCULOSIS\tb_00008.png
perceptual_duplicate,G:\Ai-CDD\data\raw\dataset\test\TUBERCULOSIS\tb_00437.png,G:\Ai-CDD\data\raw\dataset\test\TUBERCULOSIS\tb_00012.png
perceptual_duplicate,G:\Ai-CDD\data\raw\dataset\test\TUBERCULOSIS\tb_00440.png,G:\Ai-CDD\data\raw\dataset\test\TUBERCULOSIS\tb_00020.png
perceptual_duplicate,G:\Ai-CDD\data\raw\dataset\test\TUBERCULOSIS\tb_00441.png,G:\Ai-CDD\data\raw\dataset\test\TUBERCULOSIS\tb_00021.png
perceptual_duplicate,G:\Ai-CDD\data\raw\dataset\test\TUBERCULOSIS\tb_00442.png,G:\Ai-CDD\data\raw\dataset\test\TUBERCULOSIS\tb_00022.png
perceptual_duplicate,G:\Ai-CDD\data\raw\dataset\test\TUBERCULOSIS\tb_00451.png,G:\Ai-CDD\data\raw\dataset\test\TUBERCULOSIS\tb_00031.png
perceptual_duplicate,G:\Ai-CDD\data\raw\dataset\test\TUBERCULOSIS\tb_00454.png,G:\Ai-CDD\data\raw\dataset\test\TUBERCULOSIS\tb_00033.png
perceptual_duplicate,G:\Ai-CDD\data\raw\dataset\test\TUBERCULOSIS\tb_00457.png,G:\Ai-CDD\data\raw\dataset\test\TUBERCULOSIS\tb_00035.png
perceptual_duplicate,G:\Ai-CDD\data\raw\dataset\test\TUBERCULOSIS\tb_00458.png,G:\Ai-CDD\data\raw\dataset\test\TUBERCULOSIS\tb_00037.png
perceptual_duplicate,G:\Ai-CDD\data\raw\dataset\test\TUBERCULOSIS\tb_00471.png,G:\Ai-CDD\data\raw\dataset\test\TUBERCULOSIS\tb_00045.png
perceptual_duplicate,G:\Ai-CDD\data\raw\dataset\test\TUBERCULOSIS\tb_00485.png,G:\Ai-CDD\data\raw\dataset\test\TUBERCULOSIS\tb_00051.png
perceptual_duplicate,G:\Ai-CDD\data\raw\dataset\test\TUBERCULOSIS\tb_00492.png,G:\Ai-CDD\data\raw\dataset\test\TUBERCULOSIS\tb_00056.png
perceptual_duplicate,G:\Ai-CDD\data\raw\dataset\test\TUBERCULOSIS\tb_00497.png,G:\Ai-CDD\data\raw\dataset\test\TUBERCULOSIS\tb_00059.png
perceptual_duplicate,G:\Ai-CDD\data\raw\dataset\test\TUBERCULOSIS\tb_00504.png,G:\Ai-CDD\data\raw\dataset\test\TUBERCULOSIS\tb_00068.png
perceptual_duplicate,G:\Ai-CDD\data\raw\dataset\test\TUBERCULOSIS\tb_00512.png,G:\Ai-CDD\data\raw\dataset\test\TUBERCULOSIS\tb_00074.png
perceptual_duplicate,G:\Ai-CDD\data\raw\dataset\test\TUBERCULOSIS\tb_00515.png,G:\Ai-CDD\data\raw\dataset\test\TUBERCULOSIS\tb_00077.png
perceptual_duplicate,G:\Ai-CDD\data\raw\dataset\test\TUBERCULOSIS\tb_00519.png,G:\Ai-CDD\data\raw\dataset\test\TUBERCULOSIS\tb_00079.png
perceptual_duplicate,G:\Ai-CDD\data\raw\dataset\test\TUBERCULOSIS\tb_00529.png,G:\Ai-CDD\data\raw\dataset\test\TUBERCULOSIS\tb_00084.png
perceptual_duplicate,G:\Ai-CDD\data\raw\dataset\test\TUBERCULOSIS\tb_00533.png,G:\Ai-CDD\data\raw\dataset\test\TUBERCULOSIS\tb_00085.png
perceptual_duplicate,G:\Ai-CDD\data\raw\dataset\test\TUBERCULOSIS\tb_00544.png,G:\Ai-CDD\data\raw\dataset\test\TUBERCULOSIS\tb_00093.png
perceptual_duplicate,G:\Ai-CDD\data\raw\dataset\test\TUBERCULOSIS\tb_00108.png,G:\Ai-CDD\data\raw\dataset\test\TUBERCULOSIS\tb_00095.png
perceptual_duplicate,G:\Ai-CDD\data\raw\dataset\test\TUBERCULOSIS\tb_00123.png,G:\Ai-CDD\data\raw\dataset\test\TUBERCULOSIS\tb_00096.png
perceptual_duplicate,G:\Ai-CDD\data\raw\dataset\test\TUBERCULOSIS\tb_00124.png,G:\Ai-CDD\data\raw\dataset\test\TUBERCULOSIS\tb_00097.png
perceptual_duplicate,G:\Ai-CDD\data\raw\dataset\test\TUBERCULOSIS\tb_00130.png,G:\Ai-CDD\data\raw\dataset\test\TUBERCULOSIS\tb_00098.png
perceptual_duplicate,G:\Ai-CDD\data\raw\dataset\test\TUBERCULOSIS\tb_00547.png,G:\Ai-CDD\data\raw\dataset\test\TUBERCULOSIS\tb_00098.png
perceptual_duplicate,G:\Ai-CDD\data\raw\dataset\test\TUBERCULOSIS\tb_00136.png,G:\Ai-CDD\data\raw\dataset\test\TUBERCULOSIS\tb_00099.png
perceptual_duplicate,G:\Ai-CDD\data\raw\dataset\test\TUBERCULOSIS\tb_00138.png,G:\Ai-CDD\data\raw\dataset\test\TUBERCULOSIS\tb_00100.png
perceptual_duplicate,G:\Ai-CDD\data\raw\dataset\test\TUBERCULOSIS\tb_00142.png,G:\Ai-CDD\data\raw\dataset\test\TUBERCULOSIS\tb_00101.png
perceptual_duplicate,G:\Ai-CDD\data\raw\dataset\test\TUBERCULOSIS\tb_00145.png,G:\Ai-CDD\data\raw\dataset\test\TUBERCULOSIS\tb_00102.png
perceptual_duplicate,G:\Ai-CDD\data\raw\dataset\test\TUBERCULOSIS\tb_00146.png,G:\Ai-CDD\data\raw\dataset\test\TUBERCULOSIS\tb_00103.png
perceptual_duplicate,G:\Ai-CDD\data\raw\dataset\test\TUBERCULOSIS\tb_00550.png,G:\Ai-CDD\data\raw\dataset\test\TUBERCULOSIS\tb_00103.png
perceptual_duplicate,G:\Ai-CDD\data\raw\dataset\test\TUBERCULOSIS\tb_00552.png,G:\Ai-CDD\data\raw\dataset\test\TUBERCULOSIS\tb_00104.png
perceptual_duplicate,G:\Ai-CDD\data\raw\dataset\test\TUBERCULOSIS\tb_00545.png,G:\Ai-CDD\data\raw\dataset\test\TUBERCULOSIS\tb_00110.png
perceptual_duplicate,G:\Ai-CDD\data\raw\dataset\test\TUBERCULOSIS\tb_00546.png,G:\Ai-CDD\data\raw\dataset\test\TUBERCULOSIS\tb_00128.png
perceptual_duplicate,G:\Ai-CDD\data\raw\dataset\test\TUBERCULOSIS\tb_00547.png,G:\Ai-CDD\data\raw\dataset\test\TUBERCULOSIS\tb_00130.png
perceptual_duplicate,G:\Ai-CDD\data\raw\dataset\test\TUBERCULOSIS\tb_00548.png,G:\Ai-CDD\data\raw\dataset\test\TUBERCULOSIS\tb_00133.png
perceptual_duplicate,G:\Ai-CDD\data\raw\dataset\test\TUBERCULOSIS\tb_00549.png,G:\Ai-CDD\data\raw\dataset\test\TUBERCULOSIS\tb_00141.png
perceptual_duplicate,G:\Ai-CDD\data\raw\dataset\test\TUBERCULOSIS\tb_00550.png,G:\Ai-CDD\data\raw\dataset\test\TUBERCULOSIS\tb_00146.png
perceptual_duplicate,G:\Ai-CDD\data\raw\dataset\val\NORMAL\normal_00841.png,G:\Ai-CDD\data\raw\dataset\val\NORMAL\normal_00526.png
perceptual_duplicate,G:\Ai-CDD\data\raw\dataset\val\NORMAL\normal_00842.png,G:\Ai-CDD\data\raw\dataset\val\NORMAL\normal_00527.png
perceptual_duplicate,G:\Ai-CDD\data\raw\dataset\val\NORMAL\normal_00843.png,G:\Ai-CDD\data\raw\dataset\val\NORMAL\normal_00531.png
perceptual_duplicate,G:\Ai-CDD\data\raw\dataset\val\NORMAL\normal_00614.png,G:\Ai-CDD\data\raw\dataset\val\NORMAL\normal_00581.png
perceptual_duplicate,G:\Ai-CDD\data\raw\dataset\val\NORMAL\normal_00655.png,G:\Ai-CDD\data\raw\dataset\val\NORMAL\normal_00621.png
perceptual_duplicate,G:\Ai-CDD\data\raw\dataset\val\NORMAL\normal_00726.png,G:\Ai-CDD\data\raw\dataset\val\NORMAL\normal_00631.png
perceptual_duplicate,G:\Ai-CDD\data\raw\dataset\val\NORMAL\normal_00727.png,G:\Ai-CDD\data\raw\dataset\val\NORMAL\normal_00650.png
perceptual_duplicate,G:\Ai-CDD\data\raw\dataset\val\NORMAL\normal_00835.png,G:\Ai-CDD\data\raw\dataset\val\NORMAL\normal_00729.png
perceptual_duplicate,G:\Ai-CDD\data\raw\dataset\val\NORMAL\normal_00820.png,G:\Ai-CDD\data\raw\dataset\val\NORMAL\normal_00790.png
