patient_id,split,file_name,file_path
normal,train,normal_00001.png,G:\Ai-CDD\data\raw\dataset\train\NORMAL\normal_00001.png
normal,train,normal_00002.png,G:\Ai-CDD\data\raw\dataset\train\NORMAL\normal_00002.png
normal,train,normal_00003.png,G:\Ai-CDD\data\raw\dataset\train\NORMAL\normal_00003.png
normal,train,normal_00004.png,G:\Ai-CDD\data\raw\dataset\train\NORMAL\normal_00004.png
normal,train,normal_00005.png,G:\Ai-CDD\data\raw\dataset\train\NORMAL\normal_00005.png
normal,train,normal_00006.png,G:\Ai-CDD\data\raw\dataset\train\NORMAL\normal_00006.png
normal,train,normal_00007.png,G:\Ai-CDD\data\raw\dataset\train\NORMAL\normal_00007.png
normal,train,normal_00008.png,G:\Ai-CDD\data\raw\dataset\train\NORMAL\normal_00008.png
normal,train,normal_00009.png,G:\Ai-CDD\data\raw\dataset\train\NORMAL\normal_00009.png
normal,train,normal_00010.png,G:\Ai-CDD\data\raw\dataset\train\NORMAL\normal_00010.png
normal,train,normal_00011.png,G:\Ai-CDD\data\raw\dataset\train\NORMAL\normal_00011.png
normal,train,normal_00012.png,G:\Ai-CDD\data\raw\dataset\train\NORMAL\normal_00012.png
normal,train,normal_00013.png,G:\Ai-CDD\data\raw\dataset\train\NORMAL\normal_00013.png
normal,train,normal_00014.png,G:\Ai-CDD\data\raw\dataset\train\NORMAL\normal_00014.png
normal,train,normal_00015.png,G:\Ai-CDD\data\raw\dataset\train\NORMAL\normal_00015.png
normal,train,normal_00016.png,G:\Ai-CDD\data\raw\dataset\train\NORMAL\normal_00016.png
normal,train,normal_00017.png,G:\Ai-CDD\data\raw\dataset\train\NORMAL\normal_00017.png
normal,train,normal_00018.png,G:\Ai-CDD\data\raw\dataset\train\NORMAL\normal_00018.png
normal,train,normal_00019.png,G:\Ai-CDD\data\raw\dataset\train\NORMAL\normal_00019.png
normal,train,normal_00020.png,G:\Ai-CDD\data\raw\dataset\train\NORMAL\normal_00020.png
normal,train,normal_00021.png,G:\Ai-CDD\data\raw\dataset\train\NORMAL\normal_00021.png
normal,train,normal_00022.png,G:\Ai-CDD\data\raw\dataset\train\NORMAL\normal_00022.png
normal,train,normal_00023.png,G:\Ai-CDD\data\raw\dataset\train\NORMAL\normal_00023.png
normal,train,normal_00024.png,G:\Ai-CDD\data\raw\dataset\train\NORMAL\normal_00024.png
normal,train,normal_00025.png,G:\Ai-CDD\data\raw\dataset\train\NORMAL\normal_00025.png
normal,train,normal_00026.png,G:\Ai-CDD\data\raw\dataset\train\NORMAL\normal_00026.png
normal,train,normal_00027.png,G:\Ai-CDD\data\raw\dataset\train\NORMAL\normal_00027.png
normal,train,normal_00028.png,G:\Ai-CDD\data\raw\dataset\train\NORMAL\normal_00028.png
normal,train,normal_00029.png,G:\Ai-CDD\data\raw\dataset\train\NORMAL\normal_00029.png
normal,train,normal_00030.png,G:\Ai-CDD\data\raw\dataset\train\NORMAL\normal_00030.png
normal,train,normal_00031.png,G:\Ai-CDD\data\raw\dataset\train\NORMAL\normal_00031.png
normal,train,normal_00032.png,G:\Ai-CDD\data\raw\dataset\train\NORMAL\normal_00032.png
normal,train,normal_00033.png,G:\Ai-CDD\data\raw\dataset\train\NORMAL\normal_00033.png
normal,train,normal_00034.png,G:\Ai-CDD\data\raw\dataset\train\NORMAL\normal_00034.png
normal,train,normal_00035.png,G:\Ai-CDD\data\raw\dataset\train\NORMAL\normal_00035.png
normal,train,normal_00036.png,G:\Ai-CDD\data\raw\dataset\train\NORMAL\normal_00036.png
normal,train,normal_00037.png,G:\Ai-CDD\data\raw\dataset\train\NORMAL\normal_00037.png
normal,train,normal_00038.png,G:\Ai-CDD\data\raw\dataset\train\NORMAL\normal_00038.png
normal,train,normal_00039.png,G:\Ai-CDD\data\raw\dataset\train\NORMAL\normal_00039.png
normal,train,normal_00040.png,G:\Ai-CDD\data\raw\dataset\train\NORMAL\normal_00040.png
normal,train,normal_00041.png,G:\Ai-CDD\data\raw\dataset\train\NORMAL\normal_00041.png
normal,train,normal_00042.png,G:\Ai-CDD\data\raw\dataset\train\NORMAL\normal_00042.png
normal,train,normal_00043.png,G:\Ai-CDD\data\raw\dataset\train\NORMAL\normal_00043.png
normal,train,normal_00044.png,G:\Ai-CDD\data\raw\dataset\train\NORMAL\normal_00044.png
normal,train,normal_00045.png,G:\Ai-CDD\data\raw\dataset\train\NORMAL\normal_00045.png
normal,train,normal_00046.png,G:\Ai-CDD\data\raw\dataset\train\NORMAL\normal_00046.png
normal,train,normal_00047.png,G:\Ai-CDD\data\raw\dataset\train\NORMAL\normal_00047.png
normal,train,normal_00048.png,G:\Ai-CDD\data\raw\dataset\train\NORMAL\normal_00048.png
normal,train,normal_00049.png,G:\Ai-CDD\data\raw\dataset\train\NORMAL\normal_00049.png
normal,train,normal_00050.png,G:\Ai-CDD\data\raw\dataset\train\NORMAL\normal_00050.png
normal,train,normal_00051.png,G:\Ai-CDD\data\raw\dataset\train\NORMAL\normal_00051.png
normal,train,normal_00052.png,G:\Ai-CDD\data\raw\dataset\train\NORMAL\normal_00052.png
normal,train,normal_00053.png,G:\Ai-CDD\data\raw\dataset\train\NORMAL\normal_00053.png
normal,train,normal_00054.png,G:\Ai-CDD\data\raw\dataset\train\NORMAL\normal_00054.png
normal,train,normal_00055.png,G:\Ai-CDD\data\raw\dataset\train\NORMAL\normal_00055.png
normal,train,normal_00056.png,G:\Ai-CDD\data\raw\dataset\train\NORMAL\normal_00056.png
normal,train,normal_00057.png,G:\Ai-CDD\data\raw\dataset\train\NORMAL\normal_00057.png
normal,train,normal_00058.png,G:\Ai-CDD\data\raw\dataset\train\NORMAL\normal_00058.png
normal,train,normal_00059.png,G:\Ai-CDD\data\raw\dataset\train\NORMAL\normal_00059.png
normal,train,normal_00060.png,G:\Ai-CDD\data\raw\dataset\train\NORMAL\normal_00060.png
normal,train,normal_00061.png,G:\Ai-CDD\data\raw\dataset\train\NORMAL\normal_00061.png
normal,train,normal_00062.png,G:\Ai-CDD\data\raw\dataset\train\NORMAL\normal_00062.png
normal,train,normal_00063.png,G:\Ai-CDD\data\raw\dataset\train\NORMAL\normal_00063.png
normal,train,normal_00064.png,G:\Ai-CDD\data\raw\dataset\train\NORMAL\normal_00064.png
normal,train,normal_00065.png,G:\Ai-CDD\data\raw\dataset\train\NORMAL\normal_00065.png
normal,train,normal_00066.png,G:\Ai-CDD\data\raw\dataset\train\NORMAL\normal_00066.png
normal,train,normal_00067.png,G:\Ai-CDD\data\raw\dataset\train\NORMAL\normal_00067.png
normal,train,normal_00068.png,G:\Ai-CDD\data\raw\dataset\train\NORMAL\normal_00068.png
normal,train,normal_00069.png,G:\Ai-CDD\data\raw\dataset\train\NORMAL\normal_00069.png
normal,train,normal_00070.png,G:\Ai-CDD\data\raw\dataset\train\NORMAL\normal_00070.png
normal,train,normal_00071.png,G:\Ai-CDD\data\raw\dataset\train\NORMAL\normal_00071.png
normal,train,normal_00072.png,G:\Ai-CDD\data\raw\dataset\train\NORMAL\normal_00072.png
normal,train,normal_00073.png,G:\Ai-CDD\data\raw\dataset\train\NORMAL\normal_00073.png
normal,train,normal_00074.png,G:\Ai-CDD\data\raw\dataset\train\NORMAL\normal_00074.png
normal,train,normal_00075.png,G:\Ai-CDD\data\raw\dataset\train\NORMAL\normal_00075.png
normal,train,normal_00076.png,G:\Ai-CDD\data\raw\dataset\train\NORMAL\normal_00076.png
normal,train,normal_00077.png,G:\Ai-CDD\data\raw\dataset\train\NORMAL\normal_00077.png
normal,train,normal_00078.png,G:\Ai-CDD\data\raw\dataset\train\NORMAL\normal_00078.png
normal,train,normal_00079.png,G:\Ai-CDD\data\raw\dataset\train\NORMAL\normal_00079.png
normal,train,normal_00080.png,G:\Ai-CDD\data\raw\dataset\train\NORMAL\normal_00080.png
normal,train,normal_00081.png,G:\Ai-CDD\data\raw\dataset\train\NORMAL\normal_00081.png
normal,train,normal_00082.png,G:\Ai-CDD\data\raw\dataset\train\NORMAL\normal_00082.png
normal,train,normal_00083.png,G:\Ai-CDD\data\raw\dataset\train\NORMAL\normal_00083.png
normal,train,normal_00084.png,G:\Ai-CDD\data\raw\dataset\train\NORMAL\normal_00084.png
normal,train,normal_00085.png,G:\Ai-CDD\data\raw\dataset\train\NORMAL\normal_00085.png
normal,train,normal_00086.png,G:\Ai-CDD\data\raw\dataset\train\NORMAL\normal_00086.png
normal,train,normal_00087.png,G:\Ai-CDD\data\raw\dataset\train\NORMAL\normal_00087.png
normal,train,normal_00088.png,G:\Ai-CDD\data\raw\dataset\train\NORMAL\normal_00088.png
normal,train,normal_00089.png,G:\Ai-CDD\data\raw\dataset\train\NORMAL\normal_00089.png
normal,train,normal_00090.png,G:\Ai-CDD\data\raw\dataset\train\NORMAL\normal_00090.png
normal,train,normal_00091.png,G:\Ai-CDD\data\raw\dataset\train\NORMAL\normal_00091.png
normal,train,normal_00092.png,G:\Ai-CDD\data\raw\dataset\train\NORMAL\normal_00092.png
normal,train,normal_00093.png,G:\Ai-CDD\data\raw\dataset\train\NORMAL\normal_00093.png
normal,train,normal_00094.png,G:\Ai-CDD\data\raw\dataset\train\NORMAL\normal_00094.png
normal,train,normal_00095.png,G:\Ai-CDD\data\raw\dataset\train\NORMAL\normal_00095.png
normal,train,normal_00096.png,G:\Ai-CDD\data\raw\dataset\train\NORMAL\normal_00096.png
normal,train,normal_00097.png,G:\Ai-CDD\data\raw\dataset\train\NORMAL\normal_00097.png
normal,train,normal_00098.png,G:\Ai-CDD\data\raw\dataset\train\NORMAL\normal_00098.png
normal,train,normal_00099.png,G:\Ai-CDD\data\raw\dataset\train\NORMAL\normal_00099.png
normal,train,normal_00100.png,G:\Ai-CDD\data\raw\dataset\train\NORMAL\normal_00100.png
normal,train,normal_00101.png,G:\Ai-CDD\data\raw\dataset\train\NORMAL\normal_00101.png
normal,train,normal_00102.png,G:\Ai-CDD\data\raw\dataset\train\NORMAL\normal_00102.png
normal,train,normal_00103.png,G:\Ai-CDD\data\raw\dataset\train\NORMAL\normal_00103.png
normal,train,normal_00104.png,G:\Ai-CDD\data\raw\dataset\train\NORMAL\normal_00104.png
normal,train,normal_00105.png,G:\Ai-CDD\data\raw\dataset\train\NORMAL\normal_00105.png
normal,train,normal_00106.png,G:\Ai-CDD\data\raw\dataset\train\NORMAL\normal_00106.png
normal,train,normal_00107.png,G:\Ai-CDD\data\raw\dataset\train\NORMAL\normal_00107.png
normal,train,normal_00108.png,G:\Ai-CDD\data\raw\dataset\train\NORMAL\normal_00108.png
normal,train,normal_00109.png,G:\Ai-CDD\data\raw\dataset\train\NORMAL\normal_00109.png
normal,train,normal_00110.png,G:\Ai-CDD\data\raw\dataset\train\NORMAL\normal_00110.png
normal,train,normal_00111.png,G:\Ai-CDD\data\raw\dataset\train\NORMAL\normal_00111.png
normal,train,normal_00112.png,G:\Ai-CDD\data\raw\dataset\train\NORMAL\normal_00112.png
normal,train,normal_00113.png,G:\Ai-CDD\data\raw\dataset\train\NORMAL\normal_00113.png
normal,train,normal_00114.png,G:\Ai-CDD\data\raw\dataset\train\NORMAL\normal_00114.png
normal,train,normal_00115.png,G:\Ai-CDD\data\raw\dataset\train\NORMAL\normal_00115.png
normal,train,normal_00116.png,G:\Ai-CDD\data\raw\dataset\train\NORMAL\normal_00116.png
normal,train,normal_00117.png,G:\Ai-CDD\data\raw\dataset\train\NORMAL\normal_00117.png
normal,train,normal_00118.png,G:\Ai-CDD\data\raw\dataset\train\NORMAL\normal_00118.png
normal,train,normal_00119.png,G:\Ai-CDD\data\raw\dataset\train\NORMAL\normal_00119.png
normal,train,normal_00120.png,G:\Ai-CDD\data\raw\dataset\train\NORMAL\normal_00120.png
normal,train,normal_00121.png,G:\Ai-CDD\data\raw\dataset\train\NORMAL\normal_00121.png
normal,train,normal_00122.png,G:\Ai-CDD\data\raw\dataset\train\NORMAL\normal_00122.png
normal,train,normal_00123.png,G:\Ai-CDD\data\raw\dataset\train\NORMAL\normal_00123.png
normal,train,normal_00124.png,G:\Ai-CDD\data\raw\dataset\train\NORMAL\normal_00124.png
normal,train,normal_00125.png,G:\Ai-CDD\data\raw\dataset\train\NORMAL\normal_00125.png
normal,train,normal_00126.png,G:\Ai-CDD\data\raw\dataset\train\NORMAL\normal_00126.png
normal,train,normal_00127.png,G:\Ai-CDD\data\raw\dataset\train\NORMAL\normal_00127.png
normal,train,normal_00128.png,G:\Ai-CDD\data\raw\dataset\train\NORMAL\normal_00128.png
normal,train,normal_00129.png,G:\Ai-CDD\data\raw\dataset\train\NORMAL\normal_00129.png
normal,train,normal_00130.png,G:\Ai-CDD\data\raw\dataset\train\NORMAL\normal_00130.png
normal,train,normal_00131.png,G:\Ai-CDD\data\raw\dataset\train\NORMAL\normal_00131.png
normal,train,normal_00132.png,G:\Ai-CDD\data\raw\dataset\train\NORMAL\normal_00132.png
normal,train,normal_00133.png,G:\Ai-CDD\data\raw\dataset\train\NORMAL\normal_00133.png
normal,train,normal_00134.png,G:\Ai-CDD\data\raw\dataset\train\NORMAL\normal_00134.png
normal,train,normal_00135.png,G:\Ai-CDD\data\raw\dataset\train\NORMAL\normal_00135.png
normal,train,normal_00136.png,G:\Ai-CDD\data\raw\dataset\train\NORMAL\normal_00136.png
normal,train,normal_00137.png,G:\Ai-CDD\data\raw\dataset\train\NORMAL\normal_00137.png
normal,train,normal_00138.png,G:\Ai-CDD\data\raw\dataset\train\NORMAL\normal_00138.png
normal,train,normal_00139.png,G:\Ai-CDD\data\raw\dataset\train\NORMAL\normal_00139.png
normal,train,normal_00140.png,G:\Ai-CDD\data\raw\dataset\train\NORMAL\normal_00140.png
normal,train,normal_00141.png,G:\Ai-CDD\data\raw\dataset\train\NORMAL\normal_00141.png
normal,train,normal_00142.png,G:\Ai-CDD\data\raw\dataset\train\NORMAL\normal_00142.png
normal,train,normal_00143.png,G:\Ai-CDD\data\raw\dataset\train\NORMAL\normal_00143.png
normal,train,normal_00144.png,G:\Ai-CDD\data\raw\dataset\train\NORMAL\normal_00144.png
normal,train,normal_00145.png,G:\Ai-CDD\data\raw\dataset\train\NORMAL\normal_00145.png
normal,train,normal_00146.png,G:\Ai-CDD\data\raw\dataset\train\NORMAL\normal_00146.png
normal,train,normal_00147.png,G:\Ai-CDD\data\raw\dataset\train\NORMAL\normal_00147.png
normal,train,normal_00148.png,G:\Ai-CDD\data\raw\dataset\train\NORMAL\normal_00148.png
normal,train,normal_00149.png,G:\Ai-CDD\data\raw\dataset\train\NORMAL\normal_00149.png
normal,train,normal_00150.png,G:\Ai-CDD\data\raw\dataset\train\NORMAL\normal_00150.png
normal,train,normal_00151.png,G:\Ai-CDD\data\raw\dataset\train\NORMAL\normal_00151.png
normal,train,normal_00152.png,G:\Ai-CDD\data\raw\dataset\train\NORMAL\normal_00152.png
normal,train,normal_00153.png,G:\Ai-CDD\data\raw\dataset\train\NORMAL\normal_00153.png
normal,train,normal_00154.png,G:\Ai-CDD\data\raw\dataset\train\NORMAL\normal_00154.png
normal,train,normal_00155.png,G:\Ai-CDD\data\raw\dataset\train\NORMAL\normal_00155.png
normal,train,normal_00156.png,G:\Ai-CDD\data\raw\dataset\train\NORMAL\normal_00156.png
normal,train,normal_00157.png,G:\Ai-CDD\data\raw\dataset\train\NORMAL\normal_00157.png
normal,train,normal_00158.png,G:\Ai-CDD\data\raw\dataset\train\NORMAL\normal_00158.png
normal,train,normal_00159.png,G:\Ai-CDD\data\raw\dataset\train\NORMAL\normal_00159.png
normal,train,normal_00160.png,G:\Ai-CDD\data\raw\dataset\train\NORMAL\normal_00160.png
normal,train,normal_00161.png,G:\Ai-CDD\data\raw\dataset\train\NORMAL\normal_00161.png
normal,train,normal_00162.png,G:\Ai-CDD\data\raw\dataset\train\NORMAL\normal_00162.png
normal,train,normal_00163.png,G:\Ai-CDD\data\raw\dataset\train\NORMAL\normal_00163.png
normal,train,normal_00164.png,G:\Ai-CDD\data\raw\dataset\train\NORMAL\normal_00164.png
normal,train,normal_00165.png,G:\Ai-CDD\data\raw\dataset\train\NORMAL\normal_00165.png
normal,train,normal_00166.png,G:\Ai-CDD\data\raw\dataset\train\NORMAL\normal_00166.png
normal,train,normal_00167.png,G:\Ai-CDD\data\raw\dataset\train\NORMAL\normal_00167.png
normal,train,normal_00168.png,G:\Ai-CDD\data\raw\dataset\train\NORMAL\normal_00168.png
normal,train,normal_00169.png,G:\Ai-CDD\data\raw\dataset\train\NORMAL\normal_00169.png
normal,train,normal_00170.png,G:\Ai-CDD\data\raw\dataset\train\NORMAL\normal_00170.png
normal,train,normal_00171.png,G:\Ai-CDD\data\raw\dataset\train\NORMAL\normal_00171.png
normal,train,normal_00172.png,G:\Ai-CDD\data\raw\dataset\train\NORMAL\normal_00172.png
normal,train,normal_00173.png,G:\Ai-CDD\data\raw\dataset\train\NORMAL\normal_00173.png
normal,train,normal_00174.png,G:\Ai-CDD\data\raw\dataset\train\NORMAL\normal_00174.png
normal,train,normal_00175.png,G:\Ai-CDD\data\raw\dataset\train\NORMAL\normal_00175.png
normal,train,normal_00176.png,G:\Ai-CDD\data\raw\dataset\train\NORMAL\normal_00176.png
normal,train,normal_00177.png,G:\Ai-CDD\data\raw\dataset\train\NORMAL\normal_00177.png
normal,train,normal_00178.png,G:\Ai-CDD\data\raw\dataset\train\NORMAL\normal_00178.png
normal,train,normal_00179.png,G:\Ai-CDD\data\raw\dataset\train\NORMAL\normal_00179.png
normal,train,normal_00180.png,G:\Ai-CDD\data\raw\dataset\train\NORMAL\normal_00180.png
normal,train,normal_00181.png,G:\Ai-CDD\data\raw\dataset\train\NORMAL\normal_00181.png
normal,train,normal_00182.png,G:\Ai-CDD\data\raw\dataset\train\NORMAL\normal_00182.png
normal,train,normal_00183.png,G:\Ai-CDD\data\raw\dataset\train\NORMAL\normal_00183.png
normal,train,normal_00184.png,G:\Ai-CDD\data\raw\dataset\train\NORMAL\normal_00184.png
normal,train,normal_00185.png,G:\Ai-CDD\data\raw\dataset\train\NORMAL\normal_00185.png
normal,train,normal_00186.png,G:\Ai-CDD\data\raw\dataset\train\NORMAL\normal_00186.png
normal,train,normal_00187.png,G:\Ai-CDD\data\raw\dataset\train\NORMAL\normal_00187.png
normal,train,normal_00188.png,G:\Ai-CDD\data\raw\dataset\train\NORMAL\normal_00188.png
normal,train,normal_00189.png,G:\Ai-CDD\data\raw\dataset\train\NORMAL\normal_00189.png
normal,train,normal_00190.png,G:\Ai-CDD\data\raw\dataset\train\NORMAL\normal_00190.png
normal,train,normal_00191.png,G:\Ai-CDD\data\raw\dataset\train\NORMAL\normal_00191.png
normal,train,normal_00192.png,G:\Ai-CDD\data\raw\dataset\train\NORMAL\normal_00192.png
normal,train,normal_00193.png,G:\Ai-CDD\data\raw\dataset\train\NORMAL\normal_00193.png
normal,train,normal_00194.png,G:\Ai-CDD\data\raw\dataset\train\NORMAL\normal_00194.png
normal,train,normal_00195.png,G:\Ai-CDD\data\raw\dataset\train\NORMAL\normal_00195.png
normal,train,normal_00196.png,G:\Ai-CDD\data\raw\dataset\train\NORMAL\normal_00196.png
normal,train,normal_00197.png,G:\Ai-CDD\data\raw\dataset\train\NORMAL\normal_00197.png
normal,train,normal_00198.png,G:\Ai-CDD\data\raw\dataset\train\NORMAL\normal_00198.png
normal,train,normal_00199.png,G:\Ai-CDD\data\raw\dataset\train\NORMAL\normal_00199.png
normal,train,normal_00200.png,G:\Ai-CDD\data\raw\dataset\train\NORMAL\normal_00200.png
normal,train,normal_00201.png,G:\Ai-CDD\data\raw\dataset\train\NORMAL\normal_00201.png
normal,train,normal_00202.png,G:\Ai-CDD\data\raw\dataset\train\NORMAL\normal_00202.png
normal,train,normal_00203.png,G:\Ai-CDD\data\raw\dataset\train\NORMAL\normal_00203.png
normal,train,normal_00204.png,G:\Ai-CDD\data\raw\dataset\train\NORMAL\normal_00204.png
normal,train,normal_00205.png,G:\Ai-CDD\data\raw\dataset\train\NORMAL\normal_00205.png
normal,train,normal_00206.png,G:\Ai-CDD\data\raw\dataset\train\NORMAL\normal_00206.png
normal,train,normal_00207.png,G:\Ai-CDD\data\raw\dataset\train\NORMAL\normal_00207.png
normal,train,normal_00208.png,G:\Ai-CDD\data\raw\dataset\train\NORMAL\normal_00208.png
normal,train,normal_00209.png,G:\Ai-CDD\data\raw\dataset\train\NORMAL\normal_00209.png
normal,train,normal_00210.png,G:\Ai-CDD\data\raw\dataset\train\NORMAL\normal_00210.png
normal,train,normal_00211.png,G:\Ai-CDD\data\raw\dataset\train\NORMAL\normal_00211.png
normal,train,normal_00212.png,G:\Ai-CDD\data\raw\dataset\train\NORMAL\normal_00212.png
normal,train,normal_00213.png,G:\Ai-CDD\data\raw\dataset\train\NORMAL\normal_00213.png
normal,train,normal_00214.png,G:\Ai-CDD\data\raw\dataset\train\NORMAL\normal_00214.png
normal,train,normal_00215.png,G:\Ai-CDD\data\raw\dataset\train\NORMAL\normal_00215.png
normal,train,normal_00216.png,G:\Ai-CDD\data\raw\dataset\train\NORMAL\normal_00216.png
normal,train,normal_00217.png,G:\Ai-CDD\data\raw\dataset\train\NORMAL\normal_00217.png
normal,train,normal_00218.png,G:\Ai-CDD\data\raw\dataset\train\NORMAL\normal_00218.png
normal,train,normal_00219.png,G:\Ai-CDD\data\raw\dataset\train\NORMAL\normal_00219.png
normal,train,normal_00220.png,G:\Ai-CDD\data\raw\dataset\train\NORMAL\normal_00220.png
normal,train,normal_00221.png,G:\Ai-CDD\data\raw\dataset\train\NORMAL\normal_00221.png
normal,train,normal_00222.png,G:\Ai-CDD\data\raw\dataset\train\NORMAL\normal_00222.png
normal,train,normal_00223.png,G:\Ai-CDD\data\raw\dataset\train\NORMAL\normal_00223.png
normal,train,normal_00224.png,G:\Ai-CDD\data\raw\dataset\train\NORMAL\normal_00224.png
normal,train,normal_00225.png,G:\Ai-CDD\data\raw\dataset\train\NORMAL\normal_00225.png
normal,train,normal_00226.png,G:\Ai-CDD\data\raw\dataset\train\NORMAL\normal_00226.png
normal,train,normal_00227.png,G:\Ai-CDD\data\raw\dataset\train\NORMAL\normal_00227.png
normal,train,normal_00228.png,G:\Ai-CDD\data\raw\dataset\train\NORMAL\normal_00228.png
normal,train,normal_00229.png,G:\Ai-CDD\data\raw\dataset\train\NORMAL\normal_00229.png
normal,train,normal_00230.png,G:\Ai-CDD\data\raw\dataset\train\NORMAL\normal_00230.png
normal,train,normal_00231.png,G:\Ai-CDD\data\raw\dataset\train\NORMAL\normal_00231.png
normal,train,normal_00232.png,G:\Ai-CDD\data\raw\dataset\train\NORMAL\normal_00232.png
normal,train,normal_00233.png,G:\Ai-CDD\data\raw\dataset\train\NORMAL\normal_00233.png
normal,train,normal_00234.png,G:\Ai-CDD\data\raw\dataset\train\NORMAL\normal_00234.png
normal,train,normal_00235.png,G:\Ai-CDD\data\raw\dataset\train\NORMAL\normal_00235.png
normal,train,normal_00236.png,G:\Ai-CDD\data\raw\dataset\train\NORMAL\normal_00236.png
normal,train,normal_00237.png,G:\Ai-CDD\data\raw\dataset\train\NORMAL\normal_00237.png
normal,train,normal_00238.png,G:\Ai-CDD\data\raw\dataset\train\NORMAL\normal_00238.png
normal,train,normal_00239.png,G:\Ai-CDD\data\raw\dataset\train\NORMAL\normal_00239.png
normal,train,normal_00240.png,G:\Ai-CDD\data\raw\dataset\train\NORMAL\normal_00240.png
normal,train,normal_00241.png,G:\Ai-CDD\data\raw\dataset\train\NORMAL\normal_00241.png
normal,train,normal_00242.png,G:\Ai-CDD\data\raw\dataset\train\NORMAL\normal_00242.png
normal,train,normal_00243.png,G:\Ai-CDD\data\raw\dataset\train\NORMAL\normal_00243.png
normal,train,normal_00244.png,G:\Ai-CDD\data\raw\dataset\train\NORMAL\normal_00244.png
normal,train,normal_00245.png,G:\Ai-CDD\data\raw\dataset\train\NORMAL\normal_00245.png
normal,train,normal_00246.png,G:\Ai-CDD\data\raw\dataset\train\NORMAL\normal_00246.png
normal,train,normal_00247.png,G:\Ai-CDD\data\raw\dataset\train\NORMAL\normal_00247.png
normal,train,normal_00248.png,G:\Ai-CDD\data\raw\dataset\train\NORMAL\normal_00248.png
normal,train,normal_00249.png,G:\Ai-CDD\data\raw\dataset\train\NORMAL\normal_00249.png
normal,train,normal_00250.png,G:\Ai-CDD\data\raw\dataset\train\NORMAL\normal_00250.png
normal,train,normal_00251.png,G:\Ai-CDD\data\raw\dataset\train\NORMAL\normal_00251.png
normal,train,normal_00252.png,G:\Ai-CDD\data\raw\dataset\train\NORMAL\normal_00252.png
normal,train,normal_00253.png,G:\Ai-CDD\data\raw\dataset\train\NORMAL\normal_00253.png
normal,train,normal_00254.png,G:\Ai-CDD\data\raw\dataset\train\NORMAL\normal_00254.png
normal,train,normal_00255.png,G:\Ai-CDD\data\raw\dataset\train\NORMAL\normal_00255.png
normal,train,normal_00256.png,G:\Ai-CDD\data\raw\dataset\train\NORMAL\normal_00256.png
normal,train,normal_00257.png,G:\Ai-CDD\data\raw\dataset\train\NORMAL\normal_00257.png
normal,train,normal_00258.png,G:\Ai-CDD\data\raw\dataset\train\NORMAL\normal_00258.png
normal,train,normal_00259.png,G:\Ai-CDD\data\raw\dataset\train\NORMAL\normal_00259.png
normal,train,normal_00260.png,G:\Ai-CDD\data\raw\dataset\train\NORMAL\normal_00260.png
normal,train,normal_00261.png,G:\Ai-CDD\data\raw\dataset\train\NORMAL\normal_00261.png
normal,train,normal_00262.png,G:\Ai-CDD\data\raw\dataset\train\NORMAL\normal_00262.png
normal,train,normal_00263.png,G:\Ai-CDD\data\raw\dataset\train\NORMAL\normal_00263.png
normal,train,normal_00264.png,G:\Ai-CDD\data\raw\dataset\train\NORMAL\normal_00264.png
normal,train,normal_00265.png,G:\Ai-CDD\data\raw\dataset\train\NORMAL\normal_00265.png
normal,train,normal_00266.png,G:\Ai-CDD\data\raw\dataset\train\NORMAL\normal_00266.png
normal,train,normal_00267.png,G:\Ai-CDD\data\raw\dataset\train\NORMAL\normal_00267.png
normal,train,normal_00268.png,G:\Ai-CDD\data\raw\dataset\train\NORMAL\normal_00268.png
normal,train,normal_00269.png,G:\Ai-CDD\data\raw\dataset\train\NORMAL\normal_00269.png
normal,train,normal_00270.png,G:\Ai-CDD\data\raw\dataset\train\NORMAL\normal_00270.png
normal,train,normal_00271.png,G:\Ai-CDD\data\raw\dataset\train\NORMAL\normal_00271.png
normal,train,normal_00272.png,G:\Ai-CDD\data\raw\dataset\train\NORMAL\normal_00272.png
normal,train,normal_00273.png,G:\Ai-CDD\data\raw\dataset\train\NORMAL\normal_00273.png
normal,train,normal_00274.png,G:\Ai-CDD\data\raw\dataset\train\NORMAL\normal_00274.png
normal,train,normal_00275.png,G:\Ai-CDD\data\raw\dataset\train\NORMAL\normal_00275.png
normal,train,normal_00276.png,G:\Ai-CDD\data\raw\dataset\train\NORMAL\normal_00276.png
normal,train,normal_00277.png,G:\Ai-CDD\data\raw\dataset\train\NORMAL\normal_00277.png
normal,train,normal_00278.png,G:\Ai-CDD\data\raw\dataset\train\NORMAL\normal_00278.png
normal,train,normal_00279.png,G:\Ai-CDD\data\raw\dataset\train\NORMAL\normal_00279.png
normal,train,normal_00280.png,G:\Ai-CDD\data\raw\dataset\train\NORMAL\normal_00280.png
normal,train,normal_00281.png,G:\Ai-CDD\data\raw\dataset\train\NORMAL\normal_00281.png
normal,train,normal_00282.png,G:\Ai-CDD\data\raw\dataset\train\NORMAL\normal_00282.png
normal,train,normal_00283.png,G:\Ai-CDD\data\raw\dataset\train\NORMAL\normal_00283.png
normal,train,normal_00284.png,G:\Ai-CDD\data\raw\dataset\train\NORMAL\normal_00284.png
normal,train,normal_00285.png,G:\Ai-CDD\data\raw\dataset\train\NORMAL\normal_00285.png
normal,train,normal_00286.png,G:\Ai-CDD\data\raw\dataset\train\NORMAL\normal_00286.png
normal,train,normal_00287.png,G:\Ai-CDD\data\raw\dataset\train\NORMAL\normal_00287.png
normal,train,normal_00288.png,G:\Ai-CDD\data\raw\dataset\train\NORMAL\normal_00288.png
normal,train,normal_00289.png,G:\Ai-CDD\data\raw\dataset\train\NORMAL\normal_00289.png
normal,train,normal_00290.png,G:\Ai-CDD\data\raw\dataset\train\NORMAL\normal_00290.png
normal,train,normal_00291.png,G:\Ai-CDD\data\raw\dataset\train\NORMAL\normal_00291.png
normal,train,normal_00292.png,G:\Ai-CDD\data\raw\dataset\train\NORMAL\normal_00292.png
normal,train,normal_00293.png,G:\Ai-CDD\data\raw\dataset\train\NORMAL\normal_00293.png
normal,train,normal_00294.png,G:\Ai-CDD\data\raw\dataset\train\NORMAL\normal_00294.png
normal,train,normal_00295.png,G:\Ai-CDD\data\raw\dataset\train\NORMAL\normal_00295.png
normal,train,normal_00296.png,G:\Ai-CDD\data\raw\dataset\train\NORMAL\normal_00296.png
normal,train,normal_00297.png,G:\Ai-CDD\data\raw\dataset\train\NORMAL\normal_00297.png
normal,train,normal_00298.png,G:\Ai-CDD\data\raw\dataset\train\NORMAL\normal_00298.png
normal,train,normal_00299.png,G:\Ai-CDD\data\raw\dataset\train\NORMAL\normal_00299.png
normal,train,normal_00300.png,G:\Ai-CDD\data\raw\dataset\train\NORMAL\normal_00300.png
normal,train,normal_00301.png,G:\Ai-CDD\data\raw\dataset\train\NORMAL\normal_00301.png
normal,train,normal_00302.png,G:\Ai-CDD\data\raw\dataset\train\NORMAL\normal_00302.png
normal,train,normal_00303.png,G:\Ai-CDD\data\raw\dataset\train\NORMAL\normal_00303.png
normal,train,normal_00304.png,G:\Ai-CDD\data\raw\dataset\train\NORMAL\normal_00304.png
normal,train,normal_00305.png,G:\Ai-CDD\data\raw\dataset\train\NORMAL\normal_00305.png
normal,train,normal_00306.png,G:\Ai-CDD\data\raw\dataset\train\NORMAL\normal_00306.png
normal,train,normal_00307.png,G:\Ai-CDD\data\raw\dataset\train\NORMAL\normal_00307.png
normal,train,normal_00308.png,G:\Ai-CDD\data\raw\dataset\train\NORMAL\normal_00308.png
normal,train,normal_00309.png,G:\Ai-CDD\data\raw\dataset\train\NORMAL\normal_00309.png
normal,train,normal_00310.png,G:\Ai-CDD\data\raw\dataset\train\NORMAL\normal_00310.png
normal,train,normal_00311.png,G:\Ai-CDD\data\raw\dataset\train\NORMAL\normal_00311.png
normal,train,normal_00312.png,G:\Ai-CDD\data\raw\dataset\train\NORMAL\normal_00312.png
normal,train,normal_00313.png,G:\Ai-CDD\data\raw\dataset\train\NORMAL\normal_00313.png
normal,train,normal_00314.png,G:\Ai-CDD\data\raw\dataset\train\NORMAL\normal_00314.png
normal,train,normal_00315.png,G:\Ai-CDD\data\raw\dataset\train\NORMAL\normal_00315.png
normal,train,normal_00316.png,G:\Ai-CDD\data\raw\dataset\train\NORMAL\normal_00316.png
normal,train,normal_00317.png,G:\Ai-CDD\data\raw\dataset\train\NORMAL\normal_00317.png
normal,train,normal_00318.png,G:\Ai-CDD\data\raw\dataset\train\NORMAL\normal_00318.png
normal,train,normal_00319.png,G:\Ai-CDD\data\raw\dataset\train\NORMAL\normal_00319.png
normal,train,normal_00320.png,G:\Ai-CDD\data\raw\dataset\train\NORMAL\normal_00320.png
normal,train,normal_00321.png,G:\Ai-CDD\data\raw\dataset\train\NORMAL\normal_00321.png
normal,train,normal_00322.png,G:\Ai-CDD\data\raw\dataset\train\NORMAL\normal_00322.png
normal,train,normal_00323.png,G:\Ai-CDD\data\raw\dataset\train\NORMAL\normal_00323.png
normal,train,normal_00324.png,G:\Ai-CDD\data\raw\dataset\train\NORMAL\normal_00324.png
normal,train,normal_00325.png,G:\Ai-CDD\data\raw\dataset\train\NORMAL\normal_00325.png
normal,train,normal_00326.png,G:\Ai-CDD\data\raw\dataset\train\NORMAL\normal_00326.png
normal,train,normal_00327.png,G:\Ai-CDD\data\raw\dataset\train\NORMAL\normal_00327.png
normal,train,normal_00328.png,G:\Ai-CDD\data\raw\dataset\train\NORMAL\normal_00328.png
normal,train,normal_00329.png,G:\Ai-CDD\data\raw\dataset\train\NORMAL\normal_00329.png
normal,train,normal_00330.png,G:\Ai-CDD\data\raw\dataset\train\NORMAL\normal_00330.png
normal,train,normal_00331.png,G:\Ai-CDD\data\raw\dataset\train\NORMAL\normal_00331.png
normal,train,normal_00332.png,G:\Ai-CDD\data\raw\dataset\train\NORMAL\normal_00332.png
normal,train,normal_00333.png,G:\Ai-CDD\data\raw\dataset\train\NORMAL\normal_00333.png
normal,train,normal_00334.png,G:\Ai-CDD\data\raw\dataset\train\NORMAL\normal_00334.png
normal,train,normal_00335.png,G:\Ai-CDD\data\raw\dataset\train\NORMAL\normal_00335.png
normal,train,normal_00336.png,G:\Ai-CDD\data\raw\dataset\train\NORMAL\normal_00336.png
normal,train,normal_00337.png,G:\Ai-CDD\data\raw\dataset\train\NORMAL\normal_00337.png
normal,train,normal_00338.png,G:\Ai-CDD\data\raw\dataset\train\NORMAL\normal_00338.png
normal,train,normal_00339.png,G:\Ai-CDD\data\raw\dataset\train\NORMAL\normal_00339.png
normal,train,normal_00340.png,G:\Ai-CDD\data\raw\dataset\train\NORMAL\normal_00340.png
normal,train,normal_00341.png,G:\Ai-CDD\data\raw\dataset\train\NORMAL\normal_00341.png
normal,train,normal_00342.png,G:\Ai-CDD\data\raw\dataset\train\NORMAL\normal_00342.png
normal,train,normal_00343.png,G:\Ai-CDD\data\raw\dataset\train\NORMAL\normal_00343.png
normal,train,normal_00344.png,G:\Ai-CDD\data\raw\dataset\train\NORMAL\normal_00344.png
normal,train,normal_00345.png,G:\Ai-CDD\data\raw\dataset\train\NORMAL\normal_00345.png
normal,train,normal_00346.png,G:\Ai-CDD\data\raw\dataset\train\NORMAL\normal_00346.png
normal,train,normal_00347.png,G:\Ai-CDD\data\raw\dataset\train\NORMAL\normal_00347.png
normal,train,normal_00348.png,G:\Ai-CDD\data\raw\dataset\train\NORMAL\normal_00348.png
normal,train,normal_00349.png,G:\Ai-CDD\data\raw\dataset\train\NORMAL\normal_00349.png
normal,train,normal_00350.png,G:\Ai-CDD\data\raw\dataset\train\NORMAL\normal_00350.png
normal,train,normal_00351.png,G:\Ai-CDD\data\raw\dataset\train\NORMAL\normal_00351.png
normal,train,normal_00352.png,G:\Ai-CDD\data\raw\dataset\train\NORMAL\normal_00352.png
normal,train,normal_00353.png,G:\Ai-CDD\data\raw\dataset\train\NORMAL\normal_00353.png
normal,train,normal_00354.png,G:\Ai-CDD\data\raw\dataset\train\NORMAL\normal_00354.png
normal,train,normal_00355.png,G:\Ai-CDD\data\raw\dataset\train\NORMAL\normal_00355.png
normal,train,normal_00356.png,G:\Ai-CDD\data\raw\dataset\train\NORMAL\normal_00356.png
normal,train,normal_00357.png,G:\Ai-CDD\data\raw\dataset\train\NORMAL\normal_00357.png
normal,train,normal_00358.png,G:\Ai-CDD\data\raw\dataset\train\NORMAL\normal_00358.png
normal,train,normal_00359.png,G:\Ai-CDD\data\raw\dataset\train\NORMAL\normal_00359.png
normal,train,normal_00360.png,G:\Ai-CDD\data\raw\dataset\train\NORMAL\normal_00360.png
normal,train,normal_00361.png,G:\Ai-CDD\data\raw\dataset\train\NORMAL\normal_00361.png
normal,train,normal_00362.png,G:\Ai-CDD\data\raw\dataset\train\NORMAL\normal_00362.png
normal,train,normal_00363.png,G:\Ai-CDD\data\raw\dataset\train\NORMAL\normal_00363.png
normal,train,normal_00364.png,G:\Ai-CDD\data\raw\dataset\train\NORMAL\normal_00364.png
normal,train,normal_00365.png,G:\Ai-CDD\data\raw\dataset\train\NORMAL\normal_00365.png
normal,train,normal_00366.png,G:\Ai-CDD\data\raw\dataset\train\NORMAL\normal_00366.png
normal,train,normal_00367.png,G:\Ai-CDD\data\raw\dataset\train\NORMAL\normal_00367.png
normal,train,normal_00368.png,G:\Ai-CDD\data\raw\dataset\train\NORMAL\normal_00368.png
normal,train,normal_00369.png,G:\Ai-CDD\data\raw\dataset\train\NORMAL\normal_00369.png
normal,train,normal_00370.png,G:\Ai-CDD\data\raw\dataset\train\NORMAL\normal_00370.png
normal,train,normal_00371.png,G:\Ai-CDD\data\raw\dataset\train\NORMAL\normal_00371.png
normal,train,normal_00372.png,G:\Ai-CDD\data\raw\dataset\train\NORMAL\normal_00372.png
normal,train,normal_00373.png,G:\Ai-CDD\data\raw\dataset\train\NORMAL\normal_00373.png
normal,train,normal_00374.png,G:\Ai-CDD\data\raw\dataset\train\NORMAL\normal_00374.png
normal,train,normal_00375.png,G:\Ai-CDD\data\raw\dataset\train\NORMAL\normal_00375.png
normal,train,normal_00376.png,G:\Ai-CDD\data\raw\dataset\train\NORMAL\normal_00376.png
normal,train,normal_00377.png,G:\Ai-CDD\data\raw\dataset\train\NORMAL\normal_00377.png
normal,train,normal_00378.png,G:\Ai-CDD\data\raw\dataset\train\NORMAL\normal_00378.png
normal,train,normal_00379.png,G:\Ai-CDD\data\raw\dataset\train\NORMAL\normal_00379.png
normal,train,normal_00380.png,G:\Ai-CDD\data\raw\dataset\train\NORMAL\normal_00380.png
normal,train,normal_00381.png,G:\Ai-CDD\data\raw\dataset\train\NORMAL\normal_00381.png
normal,train,normal_00382.png,G:\Ai-CDD\data\raw\dataset\train\NORMAL\normal_00382.png
normal,train,normal_00383.png,G:\Ai-CDD\data\raw\dataset\train\NORMAL\normal_00383.png
normal,train,normal_00384.png,G:\Ai-CDD\data\raw\dataset\train\NORMAL\normal_00384.png
normal,train,normal_00385.png,G:\Ai-CDD\data\raw\dataset\train\NORMAL\normal_00385.png
normal,train,normal_00386.png,G:\Ai-CDD\data\raw\dataset\train\NORMAL\normal_00386.png
normal,train,normal_00387.png,G:\Ai-CDD\data\raw\dataset\train\NORMAL\normal_00387.png
normal,train,normal_00388.png,G:\Ai-CDD\data\raw\dataset\train\NORMAL\normal_00388.png
normal,train,normal_00389.png,G:\Ai-CDD\data\raw\dataset\train\NORMAL\normal_00389.png
normal,train,normal_00390.png,G:\Ai-CDD\data\raw\dataset\train\NORMAL\normal_00390.png
normal,train,normal_00391.png,G:\Ai-CDD\data\raw\dataset\train\NORMAL\normal_00391.png
normal,train,normal_00392.png,G:\Ai-CDD\data\raw\dataset\train\NORMAL\normal_00392.png
normal,train,normal_00393.png,G:\Ai-CDD\data\raw\dataset\train\NORMAL\normal_00393.png
normal,train,normal_00394.png,G:\Ai-CDD\data\raw\dataset\train\NORMAL\normal_00394.png
normal,train,normal_00395.png,G:\Ai-CDD\data\raw\dataset\train\NORMAL\normal_00395.png
normal,train,normal_00396.png,G:\Ai-CDD\data\raw\dataset\train\NORMAL\normal_00396.png
normal,train,normal_00397.png,G:\Ai-CDD\data\raw\dataset\train\NORMAL\normal_00397.png
normal,train,normal_00398.png,G:\Ai-CDD\data\raw\dataset\train\NORMAL\normal_00398.png
normal,train,normal_00399.png,G:\Ai-CDD\data\raw\dataset\train\NORMAL\normal_00399.png
normal,train,normal_00400.png,G:\Ai-CDD\data\raw\dataset\train\NORMAL\normal_00400.png
normal,train,normal_00401.png,G:\Ai-CDD\data\raw\dataset\train\NORMAL\normal_00401.png
normal,train,normal_00402.png,G:\Ai-CDD\data\raw\dataset\train\NORMAL\normal_00402.png
normal,train,normal_00403.png,G:\Ai-CDD\data\raw\dataset\train\NORMAL\normal_00403.png
normal,train,normal_00404.png,G:\Ai-CDD\data\raw\dataset\train\NORMAL\normal_00404.png
normal,train,normal_00405.png,G:\Ai-CDD\data\raw\dataset\train\NORMAL\normal_00405.png
normal,train,normal_00406.png,G:\Ai-CDD\data\raw\dataset\train\NORMAL\normal_00406.png
normal,train,normal_00407.png,G:\Ai-CDD\data\raw\dataset\train\NORMAL\normal_00407.png
normal,train,normal_00408.png,G:\Ai-CDD\data\raw\dataset\train\NORMAL\normal_00408.png
normal,train,normal_00409.png,G:\Ai-CDD\data\raw\dataset\train\NORMAL\normal_00409.png
normal,train,normal_00410.png,G:\Ai-CDD\data\raw\dataset\train\NORMAL\normal_00410.png
normal,train,normal_00411.png,G:\Ai-CDD\data\raw\dataset\train\NORMAL\normal_00411.png
normal,train,normal_00412.png,G:\Ai-CDD\data\raw\dataset\train\NORMAL\normal_00412.png
normal,train,normal_00413.png,G:\Ai-CDD\data\raw\dataset\train\NORMAL\normal_00413.png
normal,train,normal_00414.png,G:\Ai-CDD\data\raw\dataset\train\NORMAL\normal_00414.png
normal,train,normal_00415.png,G:\Ai-CDD\data\raw\dataset\train\NORMAL\normal_00415.png
normal,train,normal_00416.png,G:\Ai-CDD\data\raw\dataset\train\NORMAL\normal_00416.png
normal,train,normal_00417.png,G:\Ai-CDD\data\raw\dataset\train\NORMAL\normal_00417.png
normal,train,normal_00418.png,G:\Ai-CDD\data\raw\dataset\train\NORMAL\normal_00418.png
normal,train,normal_00419.png,G:\Ai-CDD\data\raw\dataset\train\NORMAL\normal_00419.png
normal,train,normal_00420.png,G:\Ai-CDD\data\raw\dataset\train\NORMAL\normal_00420.png
normal,train,normal_00421.png,G:\Ai-CDD\data\raw\dataset\train\NORMAL\normal_00421.png
normal,train,normal_00422.png,G:\Ai-CDD\data\raw\dataset\train\NORMAL\normal_00422.png
normal,train,normal_00423.png,G:\Ai-CDD\data\raw\dataset\train\NORMAL\normal_00423.png
normal,train,normal_00424.png,G:\Ai-CDD\data\raw\dataset\train\NORMAL\normal_00424.png
normal,train,normal_00425.png,G:\Ai-CDD\data\raw\dataset\train\NORMAL\normal_00425.png
normal,train,normal_00426.png,G:\Ai-CDD\data\raw\dataset\train\NORMAL\normal_00426.png
normal,train,normal_00427.png,G:\Ai-CDD\data\raw\dataset\train\NORMAL\normal_00427.png
normal,train,normal_00428.png,G:\Ai-CDD\data\raw\dataset\train\NORMAL\normal_00428.png
normal,train,normal_00429.png,G:\Ai-CDD\data\raw\dataset\train\NORMAL\normal_00429.png
normal,train,normal_00430.png,G:\Ai-CDD\data\raw\dataset\train\NORMAL\normal_00430.png
normal,train,normal_00431.png,G:\Ai-CDD\data\raw\dataset\train\NORMAL\normal_00431.png
normal,train,normal_00432.png,G:\Ai-CDD\data\raw\dataset\train\NORMAL\normal_00432.png
normal,train,normal_00433.png,G:\Ai-CDD\data\raw\dataset\train\NORMAL\normal_00433.png
normal,train,normal_00434.png,G:\Ai-CDD\data\raw\dataset\train\NORMAL\normal_00434.png
normal,train,normal_00435.png,G:\Ai-CDD\data\raw\dataset\train\NORMAL\normal_00435.png
normal,train,normal_00436.png,G:\Ai-CDD\data\raw\dataset\train\NORMAL\normal_00436.png
normal,train,normal_00437.png,G:\Ai-CDD\data\raw\dataset\train\NORMAL\normal_00437.png
normal,train,normal_00438.png,G:\Ai-CDD\data\raw\dataset\train\NORMAL\normal_00438.png
normal,train,normal_00439.png,G:\Ai-CDD\data\raw\dataset\train\NORMAL\normal_00439.png
normal,train,normal_00440.png,G:\Ai-CDD\data\raw\dataset\train\NORMAL\normal_00440.png
normal,train,normal_00441.png,G:\Ai-CDD\data\raw\dataset\train\NORMAL\normal_00441.png
normal,train,normal_00442.png,G:\Ai-CDD\data\raw\dataset\train\NORMAL\normal_00442.png
normal,train,normal_00443.png,G:\Ai-CDD\data\raw\dataset\train\NORMAL\normal_00443.png
normal,train,normal_00444.png,G:\Ai-CDD\data\raw\dataset\train\NORMAL\normal_00444.png
normal,train,normal_00445.png,G:\Ai-CDD\data\raw\dataset\train\NORMAL\normal_00445.png
normal,train,normal_00446.png,G:\Ai-CDD\data\raw\dataset\train\NORMAL\normal_00446.png
normal,train,normal_00447.png,G:\Ai-CDD\data\raw\dataset\train\NORMAL\normal_00447.png
normal,train,normal_00448.png,G:\Ai-CDD\data\raw\dataset\train\NORMAL\normal_00448.png
normal,train,normal_00449.png,G:\Ai-CDD\data\raw\dataset\train\NORMAL\normal_00449.png
normal,train,normal_00450.png,G:\Ai-CDD\data\raw\dataset\train\NORMAL\normal_00450.png
normal,train,normal_00451.png,G:\Ai-CDD\data\raw\dataset\train\NORMAL\normal_00451.png
normal,train,normal_00452.png,G:\Ai-CDD\data\raw\dataset\train\NORMAL\normal_00452.png
normal,train,normal_00453.png,G:\Ai-CDD\data\raw\dataset\train\NORMAL\normal_00453.png
normal,train,normal_00454.png,G:\Ai-CDD\data\raw\dataset\train\NORMAL\normal_00454.png
normal,train,normal_00455.png,G:\Ai-CDD\data\raw\dataset\train\NORMAL\normal_00455.png
normal,train,normal_00456.png,G:\Ai-CDD\data\raw\dataset\train\NORMAL\normal_00456.png
normal,train,normal_00457.png,G:\Ai-CDD\data\raw\dataset\train\NORMAL\normal_00457.png
normal,train,normal_00458.png,G:\Ai-CDD\data\raw\dataset\train\NORMAL\normal_00458.png
normal,train,normal_00459.png,G:\Ai-CDD\data\raw\dataset\train\NORMAL\normal_00459.png
normal,train,normal_00460.png,G:\Ai-CDD\data\raw\dataset\train\NORMAL\normal_00460.png
normal,train,normal_00461.png,G:\Ai-CDD\data\raw\dataset\train\NORMAL\normal_00461.png
normal,train,normal_00462.png,G:\Ai-CDD\data\raw\dataset\train\NORMAL\normal_00462.png
normal,train,normal_00463.png,G:\Ai-CDD\data\raw\dataset\train\NORMAL\normal_00463.png
normal,train,normal_00464.png,G:\Ai-CDD\data\raw\dataset\train\NORMAL\normal_00464.png
normal,train,normal_00465.png,G:\Ai-CDD\data\raw\dataset\train\NORMAL\normal_00465.png
normal,train,normal_00466.png,G:\Ai-CDD\data\raw\dataset\train\NORMAL\normal_00466.png
normal,train,normal_00467.png,G:\Ai-CDD\data\raw\dataset\train\NORMAL\normal_00467.png
normal,train,normal_00468.png,G:\Ai-CDD\data\raw\dataset\train\NORMAL\normal_00468.png
normal,train,normal_00469.png,G:\Ai-CDD\data\raw\dataset\train\NORMAL\normal_00469.png
normal,train,normal_00470.png,G:\Ai-CDD\data\raw\dataset\train\NORMAL\normal_00470.png
normal,train,normal_00471.png,G:\Ai-CDD\data\raw\dataset\train\NORMAL\normal_00471.png
normal,train,normal_00472.png,G:\Ai-CDD\data\raw\dataset\train\NORMAL\normal_00472.png
normal,train,normal_00473.png,G:\Ai-CDD\data\raw\dataset\train\NORMAL\normal_00473.png
normal,train,normal_00474.png,G:\Ai-CDD\data\raw\dataset\train\NORMAL\normal_00474.png
normal,train,normal_00475.png,G:\Ai-CDD\data\raw\dataset\train\NORMAL\normal_00475.png
normal,train,normal_00476.png,G:\Ai-CDD\data\raw\dataset\train\NORMAL\normal_00476.png
normal,train,normal_00477.png,G:\Ai-CDD\data\raw\dataset\train\NORMAL\normal_00477.png
normal,train,normal_00478.png,G:\Ai-CDD\data\raw\dataset\train\NORMAL\normal_00478.png
normal,train,normal_00479.png,G:\Ai-CDD\data\raw\dataset\train\NORMAL\normal_00479.png
normal,train,normal_00480.png,G:\Ai-CDD\data\raw\dataset\train\NORMAL\normal_00480.png
normal,train,normal_00481.png,G:\Ai-CDD\data\raw\dataset\train\NORMAL\normal_00481.png
normal,train,normal_00482.png,G:\Ai-CDD\data\raw\dataset\train\NORMAL\normal_00482.png
normal,train,normal_00483.png,G:\Ai-CDD\data\raw\dataset\train\NORMAL\normal_00483.png
normal,train,normal_00484.png,G:\Ai-CDD\data\raw\dataset\train\NORMAL\normal_00484.png
normal,train,normal_00485.png,G:\Ai-CDD\data\raw\dataset\train\NORMAL\normal_00485.png
normal,train,normal_00486.png,G:\Ai-CDD\data\raw\dataset\train\NORMAL\normal_00486.png
normal,train,normal_00487.png,G:\Ai-CDD\data\raw\dataset\train\NORMAL\normal_00487.png
normal,train,normal_00488.png,G:\Ai-CDD\data\raw\dataset\train\NORMAL\normal_00488.png
normal,train,normal_00489.png,G:\Ai-CDD\data\raw\dataset\train\NORMAL\normal_00489.png
normal,train,normal_00490.png,G:\Ai-CDD\data\raw\dataset\train\NORMAL\normal_00490.png
normal,train,normal_00491.png,G:\Ai-CDD\data\raw\dataset\train\NORMAL\normal_00491.png
normal,train,normal_00492.png,G:\Ai-CDD\data\raw\dataset\train\NORMAL\normal_00492.png
normal,train,normal_00493.png,G:\Ai-CDD\data\raw\dataset\train\NORMAL\normal_00493.png
normal,train,normal_00494.png,G:\Ai-CDD\data\raw\dataset\train\NORMAL\normal_00494.png
normal,train,normal_00495.png,G:\Ai-CDD\data\raw\dataset\train\NORMAL\normal_00495.png
normal,train,normal_00496.png,G:\Ai-CDD\data\raw\dataset\train\NORMAL\normal_00496.png
normal,train,normal_00497.png,G:\Ai-CDD\data\raw\dataset\train\NORMAL\normal_00497.png
normal,train,normal_00498.png,G:\Ai-CDD\data\raw\dataset\train\NORMAL\normal_00498.png
normal,train,normal_00499.png,G:\Ai-CDD\data\raw\dataset\train\NORMAL\normal_00499.png
normal,train,normal_00500.png,G:\Ai-CDD\data\raw\dataset\train\NORMAL\normal_00500.png
normal,train,normal_00501.png,G:\Ai-CDD\data\raw\dataset\train\NORMAL\normal_00501.png
normal,train,normal_00502.png,G:\Ai-CDD\data\raw\dataset\train\NORMAL\normal_00502.png
normal,train,normal_00503.png,G:\Ai-CDD\data\raw\dataset\train\NORMAL\normal_00503.png
normal,train,normal_00504.png,G:\Ai-CDD\data\raw\dataset\train\NORMAL\normal_00504.png
normal,train,normal_00505.png,G:\Ai-CDD\data\raw\dataset\train\NORMAL\normal_00505.png
normal,train,normal_00506.png,G:\Ai-CDD\data\raw\dataset\train\NORMAL\normal_00506.png
normal,train,normal_00507.png,G:\Ai-CDD\data\raw\dataset\train\NORMAL\normal_00507.png
normal,train,normal_00508.png,G:\Ai-CDD\data\raw\dataset\train\NORMAL\normal_00508.png
normal,train,normal_00509.png,G:\Ai-CDD\data\raw\dataset\train\NORMAL\normal_00509.png
normal,train,normal_00510.png,G:\Ai-CDD\data\raw\dataset\train\NORMAL\normal_00510.png
normal,train,normal_00511.png,G:\Ai-CDD\data\raw\dataset\train\NORMAL\normal_00511.png
normal,train,normal_00512.png,G:\Ai-CDD\data\raw\dataset\train\NORMAL\normal_00512.png
normal,train,normal_00513.png,G:\Ai-CDD\data\raw\dataset\train\NORMAL\normal_00513.png
normal,train,normal_00514.png,G:\Ai-CDD\data\raw\dataset\train\NORMAL\normal_00514.png
normal,train,normal_00515.png,G:\Ai-CDD\data\raw\dataset\train\NORMAL\normal_00515.png
normal,train,normal_00516.png,G:\Ai-CDD\data\raw\dataset\train\NORMAL\normal_00516.png
normal,train,normal_00517.png,G:\Ai-CDD\data\raw\dataset\train\NORMAL\normal_00517.png
normal,train,normal_00518.png,G:\Ai-CDD\data\raw\dataset\train\NORMAL\normal_00518.png
normal,train,normal_00519.png,G:\Ai-CDD\data\raw\dataset\train\NORMAL\normal_00519.png
normal,train,normal_00520.png,G:\Ai-CDD\data\raw\dataset\train\NORMAL\normal_00520.png
normal,train,normal_00521.png,G:\Ai-CDD\data\raw\dataset\train\NORMAL\normal_00521.png
normal,train,normal_00522.png,G:\Ai-CDD\data\raw\dataset\train\NORMAL\normal_00522.png
normal,train,normal_00523.png,G:\Ai-CDD\data\raw\dataset\train\NORMAL\normal_00523.png
normal,train,normal_00524.png,G:\Ai-CDD\data\raw\dataset\train\NORMAL\normal_00524.png
normal,train,normal_00525.png,G:\Ai-CDD\data\raw\dataset\train\NORMAL\normal_00525.png
normal,train,normal_00526.png,G:\Ai-CDD\data\raw\dataset\train\NORMAL\normal_00526.png
normal,train,normal_00527.png,G:\Ai-CDD\data\raw\dataset\train\NORMAL\normal_00527.png
normal,train,normal_00528.png,G:\Ai-CDD\data\raw\dataset\train\NORMAL\normal_00528.png
normal,train,normal_00529.png,G:\Ai-CDD\data\raw\dataset\train\NORMAL\normal_00529.png
normal,train,normal_00530.png,G:\Ai-CDD\data\raw\dataset\train\NORMAL\normal_00530.png
normal,train,normal_00531.png,G:\Ai-CDD\data\raw\dataset\train\NORMAL\normal_00531.png
normal,train,normal_00532.png,G:\Ai-CDD\data\raw\dataset\train\NORMAL\normal_00532.png
normal,train,normal_00533.png,G:\Ai-CDD\data\raw\dataset\train\NORMAL\normal_00533.png
normal,train,normal_00534.png,G:\Ai-CDD\data\raw\dataset\train\NORMAL\normal_00534.png
normal,train,normal_00535.png,G:\Ai-CDD\data\raw\dataset\train\NORMAL\normal_00535.png
normal,train,normal_00536.png,G:\Ai-CDD\data\raw\dataset\train\NORMAL\normal_00536.png
normal,train,normal_00537.png,G:\Ai-CDD\data\raw\dataset\train\NORMAL\normal_00537.png
normal,train,normal_00538.png,G:\Ai-CDD\data\raw\dataset\train\NORMAL\normal_00538.png
normal,train,normal_00539.png,G:\Ai-CDD\data\raw\dataset\train\NORMAL\normal_00539.png
normal,train,normal_00540.png,G:\Ai-CDD\data\raw\dataset\train\NORMAL\normal_00540.png
normal,train,normal_00541.png,G:\Ai-CDD\data\raw\dataset\train\NORMAL\normal_00541.png
normal,train,normal_00542.png,G:\Ai-CDD\data\raw\dataset\train\NORMAL\normal_00542.png
normal,train,normal_00543.png,G:\Ai-CDD\data\raw\dataset\train\NORMAL\normal_00543.png
normal,train,normal_00544.png,G:\Ai-CDD\data\raw\dataset\train\NORMAL\normal_00544.png
normal,train,normal_00545.png,G:\Ai-CDD\data\raw\dataset\train\NORMAL\normal_00545.png
normal,train,normal_00546.png,G:\Ai-CDD\data\raw\dataset\train\NORMAL\normal_00546.png
normal,train,normal_00547.png,G:\Ai-CDD\data\raw\dataset\train\NORMAL\normal_00547.png
normal,train,normal_00548.png,G:\Ai-CDD\data\raw\dataset\train\NORMAL\normal_00548.png
normal,train,normal_00549.png,G:\Ai-CDD\data\raw\dataset\train\NORMAL\normal_00549.png
normal,train,normal_00550.png,G:\Ai-CDD\data\raw\dataset\train\NORMAL\normal_00550.png
normal,train,normal_00551.png,G:\Ai-CDD\data\raw\dataset\train\NORMAL\normal_00551.png
normal,train,normal_00552.png,G:\Ai-CDD\data\raw\dataset\train\NORMAL\normal_00552.png
normal,train,normal_00553.png,G:\Ai-CDD\data\raw\dataset\train\NORMAL\normal_00553.png
normal,train,normal_00554.png,G:\Ai-CDD\data\raw\dataset\train\NORMAL\normal_00554.png
normal,train,normal_00555.png,G:\Ai-CDD\data\raw\dataset\train\NORMAL\normal_00555.png
normal,train,normal_00556.png,G:\Ai-CDD\data\raw\dataset\train\NORMAL\normal_00556.png
normal,train,normal_00557.png,G:\Ai-CDD\data\raw\dataset\train\NORMAL\normal_00557.png
normal,train,normal_00558.png,G:\Ai-CDD\data\raw\dataset\train\NORMAL\normal_00558.png
normal,train,normal_00559.png,G:\Ai-CDD\data\raw\dataset\train\NORMAL\normal_00559.png
normal,train,normal_00560.png,G:\Ai-CDD\data\raw\dataset\train\NORMAL\normal_00560.png
normal,train,normal_00561.png,G:\Ai-CDD\data\raw\dataset\train\NORMAL\normal_00561.png
normal,train,normal_00562.png,G:\Ai-CDD\data\raw\dataset\train\NORMAL\normal_00562.png
normal,train,normal_00563.png,G:\Ai-CDD\data\raw\dataset\train\NORMAL\normal_00563.png
normal,train,normal_00564.png,G:\Ai-CDD\data\raw\dataset\train\NORMAL\normal_00564.png
normal,train,normal_00565.png,G:\Ai-CDD\data\raw\dataset\train\NORMAL\normal_00565.png
normal,train,normal_00566.png,G:\Ai-CDD\data\raw\dataset\train\NORMAL\normal_00566.png
normal,train,normal_00567.png,G:\Ai-CDD\data\raw\dataset\train\NORMAL\normal_00567.png
normal,train,normal_00568.png,G:\Ai-CDD\data\raw\dataset\train\NORMAL\normal_00568.png
normal,train,normal_00569.png,G:\Ai-CDD\data\raw\dataset\train\NORMAL\normal_00569.png
normal,train,normal_00570.png,G:\Ai-CDD\data\raw\dataset\train\NORMAL\normal_00570.png
normal,train,normal_00571.png,G:\Ai-CDD\data\raw\dataset\train\NORMAL\normal_00571.png
normal,train,normal_00572.png,G:\Ai-CDD\data\raw\dataset\train\NORMAL\normal_00572.png
normal,train,normal_00573.png,G:\Ai-CDD\data\raw\dataset\train\NORMAL\normal_00573.png
normal,train,normal_00574.png,G:\Ai-CDD\data\raw\dataset\train\NORMAL\normal_00574.png
normal,train,normal_00575.png,G:\Ai-CDD\data\raw\dataset\train\NORMAL\normal_00575.png
normal,train,normal_00576.png,G:\Ai-CDD\data\raw\dataset\train\NORMAL\normal_00576.png
normal,train,normal_00577.png,G:\Ai-CDD\data\raw\dataset\train\NORMAL\normal_00577.png
normal,train,normal_00578.png,G:\Ai-CDD\data\raw\dataset\train\NORMAL\normal_00578.png
normal,train,normal_00579.png,G:\Ai-CDD\data\raw\dataset\train\NORMAL\normal_00579.png
normal,train,normal_00580.png,G:\Ai-CDD\data\raw\dataset\train\NORMAL\normal_00580.png
normal,train,normal_00581.png,G:\Ai-CDD\data\raw\dataset\train\NORMAL\normal_00581.png
normal,train,normal_00582.png,G:\Ai-CDD\data\raw\dataset\train\NORMAL\normal_00582.png
normal,train,normal_00583.png,G:\Ai-CDD\data\raw\dataset\train\NORMAL\normal_00583.png
normal,train,normal_00584.png,G:\Ai-CDD\data\raw\dataset\train\NORMAL\normal_00584.png
normal,train,normal_00585.png,G:\Ai-CDD\data\raw\dataset\train\NORMAL\normal_00585.png
normal,train,normal_00586.png,G:\Ai-CDD\data\raw\dataset\train\NORMAL\normal_00586.png
normal,train,normal_00587.png,G:\Ai-CDD\data\raw\dataset\train\NORMAL\normal_00587.png
normal,train,normal_00588.png,G:\Ai-CDD\data\raw\dataset\train\NORMAL\normal_00588.png
normal,train,normal_00589.png,G:\Ai-CDD\data\raw\dataset\train\NORMAL\normal_00589.png
normal,train,normal_00590.png,G:\Ai-CDD\data\raw\dataset\train\NORMAL\normal_00590.png
normal,train,normal_00591.png,G:\Ai-CDD\data\raw\dataset\train\NORMAL\normal_00591.png
normal,train,normal_00592.png,G:\Ai-CDD\data\raw\dataset\train\NORMAL\normal_00592.png
normal,train,normal_00593.png,G:\Ai-CDD\data\raw\dataset\train\NORMAL\normal_00593.png
normal,train,normal_00594.png,G:\Ai-CDD\data\raw\dataset\train\NORMAL\normal_00594.png
normal,train,normal_00595.png,G:\Ai-CDD\data\raw\dataset\train\NORMAL\normal_00595.png
normal,train,normal_00596.png,G:\Ai-CDD\data\raw\dataset\train\NORMAL\normal_00596.png
normal,train,normal_00597.png,G:\Ai-CDD\data\raw\dataset\train\NORMAL\normal_00597.png
normal,train,normal_00598.png,G:\Ai-CDD\data\raw\dataset\train\NORMAL\normal_00598.png
normal,train,normal_00599.png,G:\Ai-CDD\data\raw\dataset\train\NORMAL\normal_00599.png
normal,train,normal_00600.png,G:\Ai-CDD\data\raw\dataset\train\NORMAL\normal_00600.png
normal,train,normal_00601.png,G:\Ai-CDD\data\raw\dataset\train\NORMAL\normal_00601.png
normal,train,normal_00602.png,G:\Ai-CDD\data\raw\dataset\train\NORMAL\normal_00602.png
normal,train,normal_00603.png,G:\Ai-CDD\data\raw\dataset\train\NORMAL\normal_00603.png
normal,train,normal_00604.png,G:\Ai-CDD\data\raw\dataset\train\NORMAL\normal_00604.png
normal,train,normal_00605.png,G:\Ai-CDD\data\raw\dataset\train\NORMAL\normal_00605.png
normal,train,normal_00606.png,G:\Ai-CDD\data\raw\dataset\train\NORMAL\normal_00606.png
normal,train,normal_00607.png,G:\Ai-CDD\data\raw\dataset\train\NORMAL\normal_00607.png
normal,train,normal_00608.png,G:\Ai-CDD\data\raw\dataset\train\NORMAL\normal_00608.png
normal,train,normal_00609.png,G:\Ai-CDD\data\raw\dataset\train\NORMAL\normal_00609.png
normal,train,normal_00610.png,G:\Ai-CDD\data\raw\dataset\train\NORMAL\normal_00610.png
normal,train,normal_00611.png,G:\Ai-CDD\data\raw\dataset\train\NORMAL\normal_00611.png
normal,train,normal_00612.png,G:\Ai-CDD\data\raw\dataset\train\NORMAL\normal_00612.png
normal,train,normal_00613.png,G:\Ai-CDD\data\raw\dataset\train\NORMAL\normal_00613.png
normal,train,normal_00614.png,G:\Ai-CDD\data\raw\dataset\train\NORMAL\normal_00614.png
normal,train,normal_00615.png,G:\Ai-CDD\data\raw\dataset\train\NORMAL\normal_00615.png
normal,train,normal_00616.png,G:\Ai-CDD\data\raw\dataset\train\NORMAL\normal_00616.png
normal,train,normal_00617.png,G:\Ai-CDD\data\raw\dataset\train\NORMAL\normal_00617.png
normal,train,normal_00618.png,G:\Ai-CDD\data\raw\dataset\train\NORMAL\normal_00618.png
normal,train,normal_00619.png,G:\Ai-CDD\data\raw\dataset\train\NORMAL\normal_00619.png
normal,train,normal_00620.png,G:\Ai-CDD\data\raw\dataset\train\NORMAL\normal_00620.png
normal,train,normal_00621.png,G:\Ai-CDD\data\raw\dataset\train\NORMAL\normal_00621.png
normal,train,normal_00622.png,G:\Ai-CDD\data\raw\dataset\train\NORMAL\normal_00622.png
normal,train,normal_00623.png,G:\Ai-CDD\data\raw\dataset\train\NORMAL\normal_00623.png
normal,train,normal_00624.png,G:\Ai-CDD\data\raw\dataset\train\NORMAL\normal_00624.png
normal,train,normal_00625.png,G:\Ai-CDD\data\raw\dataset\train\NORMAL\normal_00625.png
normal,train,normal_00626.png,G:\Ai-CDD\data\raw\dataset\train\NORMAL\normal_00626.png
normal,train,normal_00627.png,G:\Ai-CDD\data\raw\dataset\train\NORMAL\normal_00627.png
normal,train,normal_00628.png,G:\Ai-CDD\data\raw\dataset\train\NORMAL\normal_00628.png
normal,train,normal_00629.png,G:\Ai-CDD\data\raw\dataset\train\NORMAL\normal_00629.png
normal,train,normal_00630.png,G:\Ai-CDD\data\raw\dataset\train\NORMAL\normal_00630.png
normal,train,normal_00631.png,G:\Ai-CDD\data\raw\dataset\train\NORMAL\normal_00631.png
normal,train,normal_00632.png,G:\Ai-CDD\data\raw\dataset\train\NORMAL\normal_00632.png
normal,train,normal_00633.png,G:\Ai-CDD\data\raw\dataset\train\NORMAL\normal_00633.png
normal,train,normal_00634.png,G:\Ai-CDD\data\raw\dataset\train\NORMAL\normal_00634.png
normal,train,normal_00635.png,G:\Ai-CDD\data\raw\dataset\train\NORMAL\normal_00635.png
normal,train,normal_00636.png,G:\Ai-CDD\data\raw\dataset\train\NORMAL\normal_00636.png
normal,train,normal_00637.png,G:\Ai-CDD\data\raw\dataset\train\NORMAL\normal_00637.png
normal,train,normal_00638.png,G:\Ai-CDD\data\raw\dataset\train\NORMAL\normal_00638.png
normal,train,normal_00639.png,G:\Ai-CDD\data\raw\dataset\train\NORMAL\normal_00639.png
normal,train,normal_00640.png,G:\Ai-CDD\data\raw\dataset\train\NORMAL\normal_00640.png
normal,train,normal_00641.png,G:\Ai-CDD\data\raw\dataset\train\NORMAL\normal_00641.png
normal,train,normal_00642.png,G:\Ai-CDD\data\raw\dataset\train\NORMAL\normal_00642.png
normal,train,normal_00643.png,G:\Ai-CDD\data\raw\dataset\train\NORMAL\normal_00643.png
normal,train,normal_00644.png,G:\Ai-CDD\data\raw\dataset\train\NORMAL\normal_00644.png
normal,train,normal_00645.png,G:\Ai-CDD\data\raw\dataset\train\NORMAL\normal_00645.png
normal,train,normal_00646.png,G:\Ai-CDD\data\raw\dataset\train\NORMAL\normal_00646.png
normal,train,normal_00647.png,G:\Ai-CDD\data\raw\dataset\train\NORMAL\normal_00647.png
normal,train,normal_00648.png,G:\Ai-CDD\data\raw\dataset\train\NORMAL\normal_00648.png
normal,train,normal_00649.png,G:\Ai-CDD\data\raw\dataset\train\NORMAL\normal_00649.png
normal,train,normal_00650.png,G:\Ai-CDD\data\raw\dataset\train\NORMAL\normal_00650.png
normal,train,normal_00651.png,G:\Ai-CDD\data\raw\dataset\train\NORMAL\normal_00651.png
normal,train,normal_00652.png,G:\Ai-CDD\data\raw\dataset\train\NORMAL\normal_00652.png
normal,train,normal_00653.png,G:\Ai-CDD\data\raw\dataset\train\NORMAL\normal_00653.png
normal,train,normal_00654.png,G:\Ai-CDD\data\raw\dataset\train\NORMAL\normal_00654.png
normal,train,normal_00655.png,G:\Ai-CDD\data\raw\dataset\train\NORMAL\normal_00655.png
normal,train,normal_00656.png,G:\Ai-CDD\data\raw\dataset\train\NORMAL\normal_00656.png
normal,train,normal_00657.png,G:\Ai-CDD\data\raw\dataset\train\NORMAL\normal_00657.png
normal,train,normal_00658.png,G:\Ai-CDD\data\raw\dataset\train\NORMAL\normal_00658.png
normal,train,normal_00659.png,G:\Ai-CDD\data\raw\dataset\train\NORMAL\normal_00659.png
normal,train,normal_00660.png,G:\Ai-CDD\data\raw\dataset\train\NORMAL\normal_00660.png
normal,train,normal_00661.png,G:\Ai-CDD\data\raw\dataset\train\NORMAL\normal_00661.png
normal,train,normal_00662.png,G:\Ai-CDD\data\raw\dataset\train\NORMAL\normal_00662.png
normal,train,normal_00663.png,G:\Ai-CDD\data\raw\dataset\train\NORMAL\normal_00663.png
normal,train,normal_00664.png,G:\Ai-CDD\data\raw\dataset\train\NORMAL\normal_00664.png
normal,train,normal_00665.png,G:\Ai-CDD\data\raw\dataset\train\NORMAL\normal_00665.png
normal,train,normal_00666.png,G:\Ai-CDD\data\raw\dataset\train\NORMAL\normal_00666.png
normal,train,normal_00667.png,G:\Ai-CDD\data\raw\dataset\train\NORMAL\normal_00667.png
normal,train,normal_00668.png,G:\Ai-CDD\data\raw\dataset\train\NORMAL\normal_00668.png
normal,train,normal_00669.png,G:\Ai-CDD\data\raw\dataset\train\NORMAL\normal_00669.png
normal,train,normal_00670.png,G:\Ai-CDD\data\raw\dataset\train\NORMAL\normal_00670.png
normal,train,normal_00671.png,G:\Ai-CDD\data\raw\dataset\train\NORMAL\normal_00671.png
normal,train,normal_00672.png,G:\Ai-CDD\data\raw\dataset\train\NORMAL\normal_00672.png
normal,train,normal_00673.png,G:\Ai-CDD\data\raw\dataset\train\NORMAL\normal_00673.png
normal,train,normal_00674.png,G:\Ai-CDD\data\raw\dataset\train\NORMAL\normal_00674.png
normal,train,normal_00675.png,G:\Ai-CDD\data\raw\dataset\train\NORMAL\normal_00675.png
normal,train,normal_00676.png,G:\Ai-CDD\data\raw\dataset\train\NORMAL\normal_00676.png
normal,train,normal_00677.png,G:\Ai-CDD\data\raw\dataset\train\NORMAL\normal_00677.png
normal,train,normal_00678.png,G:\Ai-CDD\data\raw\dataset\train\NORMAL\normal_00678.png
normal,train,normal_00679.png,G:\Ai-CDD\data\raw\dataset\train\NORMAL\normal_00679.png
normal,train,normal_00680.png,G:\Ai-CDD\data\raw\dataset\train\NORMAL\normal_00680.png
normal,train,normal_00681.png,G:\Ai-CDD\data\raw\dataset\train\NORMAL\normal_00681.png
normal,train,normal_00682.png,G:\Ai-CDD\data\raw\dataset\train\NORMAL\normal_00682.png
normal,train,normal_00683.png,G:\Ai-CDD\data\raw\dataset\train\NORMAL\normal_00683.png
normal,train,normal_00684.png,G:\Ai-CDD\data\raw\dataset\train\NORMAL\normal_00684.png
normal,train,normal_00685.png,G:\Ai-CDD\data\raw\dataset\train\NORMAL\normal_00685.png
normal,train,normal_00686.png,G:\Ai-CDD\data\raw\dataset\train\NORMAL\normal_00686.png
normal,train,normal_00687.png,G:\Ai-CDD\data\raw\dataset\train\NORMAL\normal_00687.png
normal,train,normal_00688.png,G:\Ai-CDD\data\raw\dataset\train\NORMAL\normal_00688.png
normal,train,normal_00689.png,G:\Ai-CDD\data\raw\dataset\train\NORMAL\normal_00689.png
normal,train,normal_00690.png,G:\Ai-CDD\data\raw\dataset\train\NORMAL\normal_00690.png
normal,train,normal_00691.png,G:\Ai-CDD\data\raw\dataset\train\NORMAL\normal_00691.png
normal,train,normal_00692.png,G:\Ai-CDD\data\raw\dataset\train\NORMAL\normal_00692.png
normal,train,normal_00693.png,G:\Ai-CDD\data\raw\dataset\train\NORMAL\normal_00693.png
normal,train,normal_00694.png,G:\Ai-CDD\data\raw\dataset\train\NORMAL\normal_00694.png
normal,train,normal_00695.png,G:\Ai-CDD\data\raw\dataset\train\NORMAL\normal_00695.png
normal,train,normal_00696.png,G:\Ai-CDD\data\raw\dataset\train\NORMAL\normal_00696.png
normal,train,normal_00697.png,G:\Ai-CDD\data\raw\dataset\train\NORMAL\normal_00697.png
normal,train,normal_00698.png,G:\Ai-CDD\data\raw\dataset\train\NORMAL\normal_00698.png
normal,train,normal_00699.png,G:\Ai-CDD\data\raw\dataset\train\NORMAL\normal_00699.png
normal,train,normal_00700.png,G:\Ai-CDD\data\raw\dataset\train\NORMAL\normal_00700.png
normal,train,normal_00701.png,G:\Ai-CDD\data\raw\dataset\train\NORMAL\normal_00701.png
normal,train,normal_00702.png,G:\Ai-CDD\data\raw\dataset\train\NORMAL\normal_00702.png
normal,train,normal_00703.png,G:\Ai-CDD\data\raw\dataset\train\NORMAL\normal_00703.png
normal,train,normal_00704.png,G:\Ai-CDD\data\raw\dataset\train\NORMAL\normal_00704.png
normal,train,normal_00705.png,G:\Ai-CDD\data\raw\dataset\train\NORMAL\normal_00705.png
normal,train,normal_00706.png,G:\Ai-CDD\data\raw\dataset\train\NORMAL\normal_00706.png
normal,train,normal_00707.png,G:\Ai-CDD\data\raw\dataset\train\NORMAL\normal_00707.png
normal,train,normal_00708.png,G:\Ai-CDD\data\raw\dataset\train\NORMAL\normal_00708.png
normal,train,normal_00709.png,G:\Ai-CDD\data\raw\dataset\train\NORMAL\normal_00709.png
normal,train,normal_00710.png,G:\Ai-CDD\data\raw\dataset\train\NORMAL\normal_00710.png
normal,train,normal_00711.png,G:\Ai-CDD\data\raw\dataset\train\NORMAL\normal_00711.png
normal,train,normal_00712.png,G:\Ai-CDD\data\raw\dataset\train\NORMAL\normal_00712.png
normal,train,normal_00713.png,G:\Ai-CDD\data\raw\dataset\train\NORMAL\normal_00713.png
normal,train,normal_00714.png,G:\Ai-CDD\data\raw\dataset\train\NORMAL\normal_00714.png
normal,train,normal_00715.png,G:\Ai-CDD\data\raw\dataset\train\NORMAL\normal_00715.png
normal,train,normal_00716.png,G:\Ai-CDD\data\raw\dataset\train\NORMAL\normal_00716.png
normal,train,normal_00717.png,G:\Ai-CDD\data\raw\dataset\train\NORMAL\normal_00717.png
normal,train,normal_00718.png,G:\Ai-CDD\data\raw\dataset\train\NORMAL\normal_00718.png
normal,train,normal_00719.png,G:\Ai-CDD\data\raw\dataset\train\NORMAL\normal_00719.png
normal,train,normal_00720.png,G:\Ai-CDD\data\raw\dataset\train\NORMAL\normal_00720.png
normal,train,normal_00721.png,G:\Ai-CDD\data\raw\dataset\train\NORMAL\normal_00721.png
normal,train,normal_00722.png,G:\Ai-CDD\data\raw\dataset\train\NORMAL\normal_00722.png
normal,train,normal_00723.png,G:\Ai-CDD\data\raw\dataset\train\NORMAL\normal_00723.png
normal,train,normal_00724.png,G:\Ai-CDD\data\raw\dataset\train\NORMAL\normal_00724.png
normal,train,normal_00725.png,G:\Ai-CDD\data\raw\dataset\train\NORMAL\normal_00725.png
normal,train,normal_00726.png,G:\Ai-CDD\data\raw\dataset\train\NORMAL\normal_00726.png
normal,train,normal_00727.png,G:\Ai-CDD\data\raw\dataset\train\NORMAL\normal_00727.png
normal,train,normal_00728.png,G:\Ai-CDD\data\raw\dataset\train\NORMAL\normal_00728.png
normal,train,normal_00729.png,G:\Ai-CDD\data\raw\dataset\train\NORMAL\normal_00729.png
normal,train,normal_00730.png,G:\Ai-CDD\data\raw\dataset\train\NORMAL\normal_00730.png
normal,train,normal_00731.png,G:\Ai-CDD\data\raw\dataset\train\NORMAL\normal_00731.png
normal,train,normal_00732.png,G:\Ai-CDD\data\raw\dataset\train\NORMAL\normal_00732.png
normal,train,normal_00733.png,G:\Ai-CDD\data\raw\dataset\train\NORMAL\normal_00733.png
normal,train,normal_00734.png,G:\Ai-CDD\data\raw\dataset\train\NORMAL\normal_00734.png
normal,train,normal_00735.png,G:\Ai-CDD\data\raw\dataset\train\NORMAL\normal_00735.png
normal,train,normal_00736.png,G:\Ai-CDD\data\raw\dataset\train\NORMAL\normal_00736.png
normal,train,normal_00737.png,G:\Ai-CDD\data\raw\dataset\train\NORMAL\normal_00737.png
normal,train,normal_00738.png,G:\Ai-CDD\data\raw\dataset\train\NORMAL\normal_00738.png
normal,train,normal_00739.png,G:\Ai-CDD\data\raw\dataset\train\NORMAL\normal_00739.png
normal,train,normal_00740.png,G:\Ai-CDD\data\raw\dataset\train\NORMAL\normal_00740.png
normal,train,normal_00741.png,G:\Ai-CDD\data\raw\dataset\train\NORMAL\normal_00741.png
normal,train,normal_00742.png,G:\Ai-CDD\data\raw\dataset\train\NORMAL\normal_00742.png
normal,train,normal_00743.png,G:\Ai-CDD\data\raw\dataset\train\NORMAL\normal_00743.png
normal,train,normal_00744.png,G:\Ai-CDD\data\raw\dataset\train\NORMAL\normal_00744.png
normal,train,normal_00745.png,G:\Ai-CDD\data\raw\dataset\train\NORMAL\normal_00745.png
normal,train,normal_00746.png,G:\Ai-CDD\data\raw\dataset\train\NORMAL\normal_00746.png
normal,train,normal_00747.png,G:\Ai-CDD\data\raw\dataset\train\NORMAL\normal_00747.png
normal,train,normal_00748.png,G:\Ai-CDD\data\raw\dataset\train\NORMAL\normal_00748.png
normal,train,normal_00749.png,G:\Ai-CDD\data\raw\dataset\train\NORMAL\normal_00749.png
normal,train,normal_00750.png,G:\Ai-CDD\data\raw\dataset\train\NORMAL\normal_00750.png
normal,train,normal_00751.png,G:\Ai-CDD\data\raw\dataset\train\NORMAL\normal_00751.png
normal,train,normal_00752.png,G:\Ai-CDD\data\raw\dataset\train\NORMAL\normal_00752.png
normal,train,normal_00753.png,G:\Ai-CDD\data\raw\dataset\train\NORMAL\normal_00753.png
normal,train,normal_00754.png,G:\Ai-CDD\data\raw\dataset\train\NORMAL\normal_00754.png
normal,train,normal_00755.png,G:\Ai-CDD\data\raw\dataset\train\NORMAL\normal_00755.png
normal,train,normal_00756.png,G:\Ai-CDD\data\raw\dataset\train\NORMAL\normal_00756.png
normal,train,normal_00757.png,G:\Ai-CDD\data\raw\dataset\train\NORMAL\normal_00757.png
normal,train,normal_00758.png,G:\Ai-CDD\data\raw\dataset\train\NORMAL\normal_00758.png
normal,train,normal_00759.png,G:\Ai-CDD\data\raw\dataset\train\NORMAL\normal_00759.png
normal,train,normal_00760.png,G:\Ai-CDD\data\raw\dataset\train\NORMAL\normal_00760.png
normal,train,normal_00761.png,G:\Ai-CDD\data\raw\dataset\train\NORMAL\normal_00761.png
normal,train,normal_00762.png,G:\Ai-CDD\data\raw\dataset\train\NORMAL\normal_00762.png
normal,train,normal_00763.png,G:\Ai-CDD\data\raw\dataset\train\NORMAL\normal_00763.png
normal,train,normal_00764.png,G:\Ai-CDD\data\raw\dataset\train\NORMAL\normal_00764.png
normal,train,normal_00765.png,G:\Ai-CDD\data\raw\dataset\train\NORMAL\normal_00765.png
normal,train,normal_00766.png,G:\Ai-CDD\data\raw\dataset\train\NORMAL\normal_00766.png
normal,train,normal_00767.png,G:\Ai-CDD\data\raw\dataset\train\NORMAL\normal_00767.png
normal,train,normal_00768.png,G:\Ai-CDD\data\raw\dataset\train\NORMAL\normal_00768.png
normal,train,normal_00769.png,G:\Ai-CDD\data\raw\dataset\train\NORMAL\normal_00769.png
normal,train,normal_00770.png,G:\Ai-CDD\data\raw\dataset\train\NORMAL\normal_00770.png
normal,train,normal_00771.png,G:\Ai-CDD\data\raw\dataset\train\NORMAL\normal_00771.png
normal,train,normal_00772.png,G:\Ai-CDD\data\raw\dataset\train\NORMAL\normal_00772.png
normal,train,normal_00773.png,G:\Ai-CDD\data\raw\dataset\train\NORMAL\normal_00773.png
normal,train,normal_00774.png,G:\Ai-CDD\data\raw\dataset\train\NORMAL\normal_00774.png
normal,train,normal_00775.png,G:\Ai-CDD\data\raw\dataset\train\NORMAL\normal_00775.png
normal,train,normal_00776.png,G:\Ai-CDD\data\raw\dataset\train\NORMAL\normal_00776.png
normal,train,normal_00777.png,G:\Ai-CDD\data\raw\dataset\train\NORMAL\normal_00777.png
normal,train,normal_00778.png,G:\Ai-CDD\data\raw\dataset\train\NORMAL\normal_00778.png
normal,train,normal_00779.png,G:\Ai-CDD\data\raw\dataset\train\NORMAL\normal_00779.png
normal,train,normal_00780.png,G:\Ai-CDD\data\raw\dataset\train\NORMAL\normal_00780.png
normal,train,normal_00781.png,G:\Ai-CDD\data\raw\dataset\train\NORMAL\normal_00781.png
normal,train,normal_00782.png,G:\Ai-CDD\data\raw\dataset\train\NORMAL\normal_00782.png
normal,train,normal_00783.png,G:\Ai-CDD\data\raw\dataset\train\NORMAL\normal_00783.png
normal,train,normal_00784.png,G:\Ai-CDD\data\raw\dataset\train\NORMAL\normal_00784.png
normal,train,normal_00785.png,G:\Ai-CDD\data\raw\dataset\train\NORMAL\normal_00785.png
normal,train,normal_00786.png,G:\Ai-CDD\data\raw\dataset\train\NORMAL\normal_00786.png
normal,train,normal_00787.png,G:\Ai-CDD\data\raw\dataset\train\NORMAL\normal_00787.png
normal,train,normal_00788.png,G:\Ai-CDD\data\raw\dataset\train\NORMAL\normal_00788.png
normal,train,normal_00789.png,G:\Ai-CDD\data\raw\dataset\train\NORMAL\normal_00789.png
normal,train,normal_00790.png,G:\Ai-CDD\data\raw\dataset\train\NORMAL\normal_00790.png
normal,train,normal_00791.png,G:\Ai-CDD\data\raw\dataset\train\NORMAL\normal_00791.png
normal,train,normal_00792.png,G:\Ai-CDD\data\raw\dataset\train\NORMAL\normal_00792.png
normal,train,normal_00793.png,G:\Ai-CDD\data\raw\dataset\train\NORMAL\normal_00793.png
normal,train,normal_00794.png,G:\Ai-CDD\data\raw\dataset\train\NORMAL\normal_00794.png
normal,train,normal_00795.png,G:\Ai-CDD\data\raw\dataset\train\NORMAL\normal_00795.png
normal,train,normal_00796.png,G:\Ai-CDD\data\raw\dataset\train\NORMAL\normal_00796.png
normal,train,normal_00797.png,G:\Ai-CDD\data\raw\dataset\train\NORMAL\normal_00797.png
normal,train,normal_00798.png,G:\Ai-CDD\data\raw\dataset\train\NORMAL\normal_00798.png
normal,train,normal_00799.png,G:\Ai-CDD\data\raw\dataset\train\NORMAL\normal_00799.png
normal,train,normal_00800.png,G:\Ai-CDD\data\raw\dataset\train\NORMAL\normal_00800.png
normal,train,normal_00801.png,G:\Ai-CDD\data\raw\dataset\train\NORMAL\normal_00801.png
normal,train,normal_00802.png,G:\Ai-CDD\data\raw\dataset\train\NORMAL\normal_00802.png
normal,train,normal_00803.png,G:\Ai-CDD\data\raw\dataset\train\NORMAL\normal_00803.png
normal,train,normal_00804.png,G:\Ai-CDD\data\raw\dataset\train\NORMAL\normal_00804.png
normal,train,normal_00805.png,G:\Ai-CDD\data\raw\dataset\train\NORMAL\normal_00805.png
normal,train,normal_00806.png,G:\Ai-CDD\data\raw\dataset\train\NORMAL\normal_00806.png
normal,train,normal_00807.png,G:\Ai-CDD\data\raw\dataset\train\NORMAL\normal_00807.png
normal,train,normal_00808.png,G:\Ai-CDD\data\raw\dataset\train\NORMAL\normal_00808.png
normal,train,normal_00809.png,G:\Ai-CDD\data\raw\dataset\train\NORMAL\normal_00809.png
normal,train,normal_00810.png,G:\Ai-CDD\data\raw\dataset\train\NORMAL\normal_00810.png
normal,train,normal_00811.png,G:\Ai-CDD\data\raw\dataset\train\NORMAL\normal_00811.png
normal,train,normal_00812.png,G:\Ai-CDD\data\raw\dataset\train\NORMAL\normal_00812.png
normal,train,normal_00813.png,G:\Ai-CDD\data\raw\dataset\train\NORMAL\normal_00813.png
normal,train,normal_00814.png,G:\Ai-CDD\data\raw\dataset\train\NORMAL\normal_00814.png
normal,train,normal_00815.png,G:\Ai-CDD\data\raw\dataset\train\NORMAL\normal_00815.png
normal,train,normal_00816.png,G:\Ai-CDD\data\raw\dataset\train\NORMAL\normal_00816.png
normal,train,normal_00817.png,G:\Ai-CDD\data\raw\dataset\train\NORMAL\normal_00817.png
normal,train,normal_00818.png,G:\Ai-CDD\data\raw\dataset\train\NORMAL\normal_00818.png
normal,train,normal_00819.png,G:\Ai-CDD\data\raw\dataset\train\NORMAL\normal_00819.png
normal,train,normal_00820.png,G:\Ai-CDD\data\raw\dataset\train\NORMAL\normal_00820.png
normal,train,normal_00821.png,G:\Ai-CDD\data\raw\dataset\train\NORMAL\normal_00821.png
normal,train,normal_00822.png,G:\Ai-CDD\data\raw\dataset\train\NORMAL\normal_00822.png
normal,train,normal_00823.png,G:\Ai-CDD\data\raw\dataset\train\NORMAL\normal_00823.png
normal,train,normal_00824.png,G:\Ai-CDD\data\raw\dataset\train\NORMAL\normal_00824.png
normal,train,normal_00825.png,G:\Ai-CDD\data\raw\dataset\train\NORMAL\normal_00825.png
normal,train,normal_00826.png,G:\Ai-CDD\data\raw\dataset\train\NORMAL\normal_00826.png
normal,train,normal_00827.png,G:\Ai-CDD\data\raw\dataset\train\NORMAL\normal_00827.png
normal,train,normal_00828.png,G:\Ai-CDD\data\raw\dataset\train\NORMAL\normal_00828.png
normal,train,normal_00829.png,G:\Ai-CDD\data\raw\dataset\train\NORMAL\normal_00829.png
normal,train,normal_00830.png,G:\Ai-CDD\data\raw\dataset\train\NORMAL\normal_00830.png
normal,train,normal_00831.png,G:\Ai-CDD\data\raw\dataset\train\NORMAL\normal_00831.png
normal,train,normal_00832.png,G:\Ai-CDD\data\raw\dataset\train\NORMAL\normal_00832.png
normal,train,normal_00833.png,G:\Ai-CDD\data\raw\dataset\train\NORMAL\normal_00833.png
normal,train,normal_00834.png,G:\Ai-CDD\data\raw\dataset\train\NORMAL\normal_00834.png
normal,train,normal_00835.png,G:\Ai-CDD\data\raw\dataset\train\NORMAL\normal_00835.png
normal,train,normal_00836.png,G:\Ai-CDD\data\raw\dataset\train\NORMAL\normal_00836.png
normal,train,normal_00837.png,G:\Ai-CDD\data\raw\dataset\train\NORMAL\normal_00837.png
normal,train,normal_00838.png,G:\Ai-CDD\data\raw\dataset\train\NORMAL\normal_00838.png
normal,train,normal_00839.png,G:\Ai-CDD\data\raw\dataset\train\NORMAL\normal_00839.png
normal,train,normal_00840.png,G:\Ai-CDD\data\raw\dataset\train\NORMAL\normal_00840.png
normal,train,normal_00841.png,G:\Ai-CDD\data\raw\dataset\train\NORMAL\normal_00841.png
normal,train,normal_00842.png,G:\Ai-CDD\data\raw\dataset\train\NORMAL\normal_00842.png
normal,train,normal_00843.png,G:\Ai-CDD\data\raw\dataset\train\NORMAL\normal_00843.png
normal,train,normal_00844.png,G:\Ai-CDD\data\raw\dataset\train\NORMAL\normal_00844.png
normal,train,normal_00845.png,G:\Ai-CDD\data\raw\dataset\train\NORMAL\normal_00845.png
normal,train,normal_00846.png,G:\Ai-CDD\data\raw\dataset\train\NORMAL\normal_00846.png
normal,train,normal_00847.png,G:\Ai-CDD\data\raw\dataset\train\NORMAL\normal_00847.png
normal,train,normal_00848.png,G:\Ai-CDD\data\raw\dataset\train\NORMAL\normal_00848.png
normal,train,normal_00849.png,G:\Ai-CDD\data\raw\dataset\train\NORMAL\normal_00849.png
normal,train,normal_00850.png,G:\Ai-CDD\data\raw\dataset\train\NORMAL\normal_00850.png
normal,train,normal_00851.png,G:\Ai-CDD\data\raw\dataset\train\NORMAL\normal_00851.png
normal,train,normal_00852.png,G:\Ai-CDD\data\raw\dataset\train\NORMAL\normal_00852.png
normal,train,normal_00853.png,G:\Ai-CDD\data\raw\dataset\train\NORMAL\normal_00853.png
normal,train,normal_00854.png,G:\Ai-CDD\data\raw\dataset\train\NORMAL\normal_00854.png
normal,train,normal_00855.png,G:\Ai-CDD\data\raw\dataset\train\NORMAL\normal_00855.png
normal,train,normal_00856.png,G:\Ai-CDD\data\raw\dataset\train\NORMAL\normal_00856.png
normal,train,normal_00857.png,G:\Ai-CDD\data\raw\dataset\train\NORMAL\normal_00857.png
normal,train,normal_00858.png,G:\Ai-CDD\data\raw\dataset\train\NORMAL\normal_00858.png
normal,train,normal_00859.png,G:\Ai-CDD\data\raw\dataset\train\NORMAL\normal_00859.png
normal,train,normal_00860.png,G:\Ai-CDD\data\raw\dataset\train\NORMAL\normal_00860.png
normal,train,normal_00861.png,G:\Ai-CDD\data\raw\dataset\train\NORMAL\normal_00861.png
normal,train,normal_00862.png,G:\Ai-CDD\data\raw\dataset\train\NORMAL\normal_00862.png
normal,train,normal_00863.png,G:\Ai-CDD\data\raw\dataset\train\NORMAL\normal_00863.png
normal,train,normal_00864.png,G:\Ai-CDD\data\raw\dataset\train\NORMAL\normal_00864.png
normal,train,normal_00865.png,G:\Ai-CDD\data\raw\dataset\train\NORMAL\normal_00865.png
normal,train,normal_00866.png,G:\Ai-CDD\data\raw\dataset\train\NORMAL\normal_00866.png
normal,train,normal_00867.png,G:\Ai-CDD\data\raw\dataset\train\NORMAL\normal_00867.png
normal,train,normal_00868.png,G:\Ai-CDD\data\raw\dataset\train\NORMAL\normal_00868.png
normal,train,normal_00869.png,G:\Ai-CDD\data\raw\dataset\train\NORMAL\normal_00869.png
normal,train,normal_00870.png,G:\Ai-CDD\data\raw\dataset\train\NORMAL\normal_00870.png
normal,train,normal_00871.png,G:\Ai-CDD\data\raw\dataset\train\NORMAL\normal_00871.png
normal,train,normal_00872.png,G:\Ai-CDD\data\raw\dataset\train\NORMAL\normal_00872.png
normal,train,normal_00873.png,G:\Ai-CDD\data\raw\dataset\train\NORMAL\normal_00873.png
normal,train,normal_00874.png,G:\Ai-CDD\data\raw\dataset\train\NORMAL\normal_00874.png
normal,train,normal_00875.png,G:\Ai-CDD\data\raw\dataset\train\NORMAL\normal_00875.png
normal,train,normal_00876.png,G:\Ai-CDD\data\raw\dataset\train\NORMAL\normal_00876.png
normal,train,normal_00877.png,G:\Ai-CDD\data\raw\dataset\train\NORMAL\normal_00877.png
normal,train,normal_00878.png,G:\Ai-CDD\data\raw\dataset\train\NORMAL\normal_00878.png
normal,train,normal_00879.png,G:\Ai-CDD\data\raw\dataset\train\NORMAL\normal_00879.png
normal,train,normal_00880.png,G:\Ai-CDD\data\raw\dataset\train\NORMAL\normal_00880.png
normal,train,normal_00881.png,G:\Ai-CDD\data\raw\dataset\train\NORMAL\normal_00881.png
normal,train,normal_00882.png,G:\Ai-CDD\data\raw\dataset\train\NORMAL\normal_00882.png
normal,train,normal_00883.png,G:\Ai-CDD\data\raw\dataset\train\NORMAL\normal_00883.png
normal,train,normal_00884.png,G:\Ai-CDD\data\raw\dataset\train\NORMAL\normal_00884.png
normal,train,normal_00885.png,G:\Ai-CDD\data\raw\dataset\train\NORMAL\normal_00885.png
normal,train,normal_00886.png,G:\Ai-CDD\data\raw\dataset\train\NORMAL\normal_00886.png
normal,train,normal_00887.png,G:\Ai-CDD\data\raw\dataset\train\NORMAL\normal_00887.png
normal,train,normal_00888.png,G:\Ai-CDD\data\raw\dataset\train\NORMAL\normal_00888.png
normal,train,normal_00889.png,G:\Ai-CDD\data\raw\dataset\train\NORMAL\normal_00889.png
normal,train,normal_00890.png,G:\Ai-CDD\data\raw\dataset\train\NORMAL\normal_00890.png
normal,train,normal_00891.png,G:\Ai-CDD\data\raw\dataset\train\NORMAL\normal_00891.png
normal,train,normal_00892.png,G:\Ai-CDD\data\raw\dataset\train\NORMAL\normal_00892.png
normal,train,normal_00893.png,G:\Ai-CDD\data\raw\dataset\train\NORMAL\normal_00893.png
normal,train,normal_00894.png,G:\Ai-CDD\data\raw\dataset\train\NORMAL\normal_00894.png
normal,train,normal_00895.png,G:\Ai-CDD\data\raw\dataset\train\NORMAL\normal_00895.png
normal,train,normal_00896.png,G:\Ai-CDD\data\raw\dataset\train\NORMAL\normal_00896.png
normal,train,normal_00897.png,G:\Ai-CDD\data\raw\dataset\train\NORMAL\normal_00897.png
normal,train,normal_00898.png,G:\Ai-CDD\data\raw\dataset\train\NORMAL\normal_00898.png
normal,train,normal_00899.png,G:\Ai-CDD\data\raw\dataset\train\NORMAL\normal_00899.png
normal,train,normal_00900.png,G:\Ai-CDD\data\raw\dataset\train\NORMAL\normal_00900.png
normal,train,normal_00901.png,G:\Ai-CDD\data\raw\dataset\train\NORMAL\normal_00901.png
normal,train,normal_00902.png,G:\Ai-CDD\data\raw\dataset\train\NORMAL\normal_00902.png
normal,train,normal_00903.png,G:\Ai-CDD\data\raw\dataset\train\NORMAL\normal_00903.png
normal,train,normal_00904.png,G:\Ai-CDD\data\raw\dataset\train\NORMAL\normal_00904.png
normal,train,normal_00905.png,G:\Ai-CDD\data\raw\dataset\train\NORMAL\normal_00905.png
normal,train,normal_00906.png,G:\Ai-CDD\data\raw\dataset\train\NORMAL\normal_00906.png
normal,train,normal_00907.png,G:\Ai-CDD\data\raw\dataset\train\NORMAL\normal_00907.png
normal,train,normal_00908.png,G:\Ai-CDD\data\raw\dataset\train\NORMAL\normal_00908.png
normal,train,normal_00909.png,G:\Ai-CDD\data\raw\dataset\train\NORMAL\normal_00909.png
normal,train,normal_00910.png,G:\Ai-CDD\data\raw\dataset\train\NORMAL\normal_00910.png
normal,train,normal_00911.png,G:\Ai-CDD\data\raw\dataset\train\NORMAL\normal_00911.png
normal,train,normal_00912.png,G:\Ai-CDD\data\raw\dataset\train\NORMAL\normal_00912.png
normal,train,normal_00913.png,G:\Ai-CDD\data\raw\dataset\train\NORMAL\normal_00913.png
normal,train,normal_00914.png,G:\Ai-CDD\data\raw\dataset\train\NORMAL\normal_00914.png
normal,train,normal_00915.png,G:\Ai-CDD\data\raw\dataset\train\NORMAL\normal_00915.png
normal,train,normal_00916.png,G:\Ai-CDD\data\raw\dataset\train\NORMAL\normal_00916.png
normal,train,normal_00917.png,G:\Ai-CDD\data\raw\dataset\train\NORMAL\normal_00917.png
normal,train,normal_00918.png,G:\Ai-CDD\data\raw\dataset\train\NORMAL\normal_00918.png
normal,train,normal_00919.png,G:\Ai-CDD\data\raw\dataset\train\NORMAL\normal_00919.png
normal,train,normal_00920.png,G:\Ai-CDD\data\raw\dataset\train\NORMAL\normal_00920.png
normal,train,normal_00921.png,G:\Ai-CDD\data\raw\dataset\train\NORMAL\normal_00921.png
normal,train,normal_00922.png,G:\Ai-CDD\data\raw\dataset\train\NORMAL\normal_00922.png
normal,train,normal_00923.png,G:\Ai-CDD\data\raw\dataset\train\NORMAL\normal_00923.png
normal,train,normal_00924.png,G:\Ai-CDD\data\raw\dataset\train\NORMAL\normal_00924.png
normal,train,normal_00925.png,G:\Ai-CDD\data\raw\dataset\train\NORMAL\normal_00925.png
normal,train,normal_00926.png,G:\Ai-CDD\data\raw\dataset\train\NORMAL\normal_00926.png
normal,train,normal_00927.png,G:\Ai-CDD\data\raw\dataset\train\NORMAL\normal_00927.png
normal,train,normal_00928.png,G:\Ai-CDD\data\raw\dataset\train\NORMAL\normal_00928.png
normal,train,normal_00929.png,G:\Ai-CDD\data\raw\dataset\train\NORMAL\normal_00929.png
normal,train,normal_00930.png,G:\Ai-CDD\data\raw\dataset\train\NORMAL\normal_00930.png
normal,train,normal_00931.png,G:\Ai-CDD\data\raw\dataset\train\NORMAL\normal_00931.png
normal,train,normal_00932.png,G:\Ai-CDD\data\raw\dataset\train\NORMAL\normal_00932.png
normal,train,normal_00933.png,G:\Ai-CDD\data\raw\dataset\train\NORMAL\normal_00933.png
normal,train,normal_00934.png,G:\Ai-CDD\data\raw\dataset\train\NORMAL\normal_00934.png
normal,train,normal_00935.png,G:\Ai-CDD\data\raw\dataset\train\NORMAL\normal_00935.png
normal,train,normal_00936.png,G:\Ai-CDD\data\raw\dataset\train\NORMAL\normal_00936.png
normal,train,normal_00937.png,G:\Ai-CDD\data\raw\dataset\train\NORMAL\normal_00937.png
normal,train,normal_00938.png,G:\Ai-CDD\data\raw\dataset\train\NORMAL\normal_00938.png
normal,train,normal_00939.png,G:\Ai-CDD\data\raw\dataset\train\NORMAL\normal_00939.png
normal,train,normal_00940.png,G:\Ai-CDD\data\raw\dataset\train\NORMAL\normal_00940.png
normal,train,normal_00941.png,G:\Ai-CDD\data\raw\dataset\train\NORMAL\normal_00941.png
normal,train,normal_00942.png,G:\Ai-CDD\data\raw\dataset\train\NORMAL\normal_00942.png
normal,train,normal_00943.png,G:\Ai-CDD\data\raw\dataset\train\NORMAL\normal_00943.png
normal,train,normal_00944.png,G:\Ai-CDD\data\raw\dataset\train\NORMAL\normal_00944.png
normal,train,normal_00945.png,G:\Ai-CDD\data\raw\dataset\train\NORMAL\normal_00945.png
normal,train,normal_00946.png,G:\Ai-CDD\data\raw\dataset\train\NORMAL\normal_00946.png
normal,train,normal_00947.png,G:\Ai-CDD\data\raw\dataset\train\NORMAL\normal_00947.png
normal,train,normal_00948.png,G:\Ai-CDD\data\raw\dataset\train\NORMAL\normal_00948.png
normal,train,normal_00949.png,G:\Ai-CDD\data\raw\dataset\train\NORMAL\normal_00949.png
normal,train,normal_00950.png,G:\Ai-CDD\data\raw\dataset\train\NORMAL\normal_00950.png
normal,train,normal_00951.png,G:\Ai-CDD\data\raw\dataset\train\NORMAL\normal_00951.png
normal,train,normal_00952.png,G:\Ai-CDD\data\raw\dataset\train\NORMAL\normal_00952.png
normal,train,normal_00953.png,G:\Ai-CDD\data\raw\dataset\train\NORMAL\normal_00953.png
normal,train,normal_00954.png,G:\Ai-CDD\data\raw\dataset\train\NORMAL\normal_00954.png
normal,train,normal_00955.png,G:\Ai-CDD\data\raw\dataset\train\NORMAL\normal_00955.png
normal,train,normal_00956.png,G:\Ai-CDD\data\raw\dataset\train\NORMAL\normal_00956.png
normal,train,normal_00957.png,G:\Ai-CDD\data\raw\dataset\train\NORMAL\normal_00957.png
normal,train,normal_00958.png,G:\Ai-CDD\data\raw\dataset\train\NORMAL\normal_00958.png
normal,train,normal_00959.png,G:\Ai-CDD\data\raw\dataset\train\NORMAL\normal_00959.png
normal,train,normal_00960.png,G:\Ai-CDD\data\raw\dataset\train\NORMAL\normal_00960.png
normal,train,normal_00961.png,G:\Ai-CDD\data\raw\dataset\train\NORMAL\normal_00961.png
normal,train,normal_00962.png,G:\Ai-CDD\data\raw\dataset\train\NORMAL\normal_00962.png
normal,train,normal_00963.png,G:\Ai-CDD\data\raw\dataset\train\NORMAL\normal_00963.png
normal,train,normal_00964.png,G:\Ai-CDD\data\raw\dataset\train\NORMAL\normal_00964.png
normal,train,normal_00965.png,G:\Ai-CDD\data\raw\dataset\train\NORMAL\normal_00965.png
normal,train,normal_00966.png,G:\Ai-CDD\data\raw\dataset\train\NORMAL\normal_00966.png
normal,train,normal_00967.png,G:\Ai-CDD\data\raw\dataset\train\NORMAL\normal_00967.png
normal,train,normal_00968.png,G:\Ai-CDD\data\raw\dataset\train\NORMAL\normal_00968.png
normal,train,normal_00969.png,G:\Ai-CDD\data\raw\dataset\train\NORMAL\normal_00969.png
normal,train,normal_00970.png,G:\Ai-CDD\data\raw\dataset\train\NORMAL\normal_00970.png
normal,train,normal_00971.png,G:\Ai-CDD\data\raw\dataset\train\NORMAL\normal_00971.png
normal,train,normal_00972.png,G:\Ai-CDD\data\raw\dataset\train\NORMAL\normal_00972.png
normal,train,normal_00973.png,G:\Ai-CDD\data\raw\dataset\train\NORMAL\normal_00973.png
normal,train,normal_00974.png,G:\Ai-CDD\data\raw\dataset\train\NORMAL\normal_00974.png
normal,train,normal_00975.png,G:\Ai-CDD\data\raw\dataset\train\NORMAL\normal_00975.png
normal,train,normal_00976.png,G:\Ai-CDD\data\raw\dataset\train\NORMAL\normal_00976.png
normal,train,normal_00977.png,G:\Ai-CDD\data\raw\dataset\train\NORMAL\normal_00977.png
normal,train,normal_00978.png,G:\Ai-CDD\data\raw\dataset\train\NORMAL\normal_00978.png
normal,train,normal_00979.png,G:\Ai-CDD\data\raw\dataset\train\NORMAL\normal_00979.png
normal,train,normal_00980.png,G:\Ai-CDD\data\raw\dataset\train\NORMAL\normal_00980.png
normal,train,normal_00981.png,G:\Ai-CDD\data\raw\dataset\train\NORMAL\normal_00981.png
normal,train,normal_00982.png,G:\Ai-CDD\data\raw\dataset\train\NORMAL\normal_00982.png
normal,train,normal_00983.png,G:\Ai-CDD\data\raw\dataset\train\NORMAL\normal_00983.png
normal,train,normal_00984.png,G:\Ai-CDD\data\raw\dataset\train\NORMAL\normal_00984.png
normal,train,normal_00985.png,G:\Ai-CDD\data\raw\dataset\train\NORMAL\normal_00985.png
normal,train,normal_00986.png,G:\Ai-CDD\data\raw\dataset\train\NORMAL\normal_00986.png
normal,train,normal_00987.png,G:\Ai-CDD\data\raw\dataset\train\NORMAL\normal_00987.png
normal,train,normal_00988.png,G:\Ai-CDD\data\raw\dataset\train\NORMAL\normal_00988.png
normal,train,normal_00989.png,G:\Ai-CDD\data\raw\dataset\train\NORMAL\normal_00989.png
normal,train,normal_00990.png,G:\Ai-CDD\data\raw\dataset\train\NORMAL\normal_00990.png
normal,train,normal_00991.png,G:\Ai-CDD\data\raw\dataset\train\NORMAL\normal_00991.png
normal,train,normal_00992.png,G:\Ai-CDD\data\raw\dataset\train\NORMAL\normal_00992.png
normal,train,normal_00993.png,G:\Ai-CDD\data\raw\dataset\train\NORMAL\normal_00993.png
normal,train,normal_00994.png,G:\Ai-CDD\data\raw\dataset\train\NORMAL\normal_00994.png
normal,train,normal_00995.png,G:\Ai-CDD\data\raw\dataset\train\NORMAL\normal_00995.png
normal,train,normal_00996.png,G:\Ai-CDD\data\raw\dataset\train\NORMAL\normal_00996.png
normal,train,normal_00997.png,G:\Ai-CDD\data\raw\dataset\train\NORMAL\normal_00997.png
normal,train,normal_00998.png,G:\Ai-CDD\data\raw\dataset\train\NORMAL\normal_00998.png
normal,train,normal_00999.png,G:\Ai-CDD\data\raw\dataset\train\NORMAL\normal_00999.png
normal,train,normal_01000.png,G:\Ai-CDD\data\raw\dataset\train\NORMAL\normal_01000.png
normal,train,normal_01001.png,G:\Ai-CDD\data\raw\dataset\train\NORMAL\normal_01001.png
normal,train,normal_01002.png,G:\Ai-CDD\data\raw\dataset\train\NORMAL\normal_01002.png
normal,train,normal_01003.png,G:\Ai-CDD\data\raw\dataset\train\NORMAL\normal_01003.png
normal,train,normal_01004.png,G:\Ai-CDD\data\raw\dataset\train\NORMAL\normal_01004.png
normal,train,normal_01005.png,G:\Ai-CDD\data\raw\dataset\train\NORMAL\normal_01005.png
normal,train,normal_01006.png,G:\Ai-CDD\data\raw\dataset\train\NORMAL\normal_01006.png
normal,train,normal_01007.png,G:\Ai-CDD\data\raw\dataset\train\NORMAL\normal_01007.png
normal,train,normal_01008.png,G:\Ai-CDD\data\raw\dataset\train\NORMAL\normal_01008.png
normal,train,normal_01009.png,G:\Ai-CDD\data\raw\dataset\train\NORMAL\normal_01009.png
normal,train,normal_01010.png,G:\Ai-CDD\data\raw\dataset\train\NORMAL\normal_01010.png
normal,train,normal_01011.png,G:\Ai-CDD\data\raw\dataset\train\NORMAL\normal_01011.png
normal,train,normal_01012.png,G:\Ai-CDD\data\raw\dataset\train\NORMAL\normal_01012.png
normal,train,normal_01013.png,G:\Ai-CDD\data\raw\dataset\train\NORMAL\normal_01013.png
normal,train,normal_01014.png,G:\Ai-CDD\data\raw\dataset\train\NORMAL\normal_01014.png
normal,train,normal_01015.png,G:\Ai-CDD\data\raw\dataset\train\NORMAL\normal_01015.png
normal,train,normal_01016.png,G:\Ai-CDD\data\raw\dataset\train\NORMAL\normal_01016.png
normal,train,normal_01017.png,G:\Ai-CDD\data\raw\dataset\train\NORMAL\normal_01017.png
normal,train,normal_01018.png,G:\Ai-CDD\data\raw\dataset\train\NORMAL\normal_01018.png
normal,train,normal_01019.png,G:\Ai-CDD\data\raw\dataset\train\NORMAL\normal_01019.png
normal,train,normal_01020.png,G:\Ai-CDD\data\raw\dataset\train\NORMAL\normal_01020.png
normal,train,normal_01021.png,G:\Ai-CDD\data\raw\dataset\train\NORMAL\normal_01021.png
normal,train,normal_01022.png,G:\Ai-CDD\data\raw\dataset\train\NORMAL\normal_01022.png
normal,train,normal_01023.png,G:\Ai-CDD\data\raw\dataset\train\NORMAL\normal_01023.png
normal,train,normal_01024.png,G:\Ai-CDD\data\raw\dataset\train\NORMAL\normal_01024.png
normal,train,normal_01025.png,G:\Ai-CDD\data\raw\dataset\train\NORMAL\normal_01025.png
normal,train,normal_01026.png,G:\Ai-CDD\data\raw\dataset\train\NORMAL\normal_01026.png
normal,train,normal_01027.png,G:\Ai-CDD\data\raw\dataset\train\NORMAL\normal_01027.png
normal,train,normal_01028.png,G:\Ai-CDD\data\raw\dataset\train\NORMAL\normal_01028.png
normal,train,normal_01029.png,G:\Ai-CDD\data\raw\dataset\train\NORMAL\normal_01029.png
normal,train,normal_01030.png,G:\Ai-CDD\data\raw\dataset\train\NORMAL\normal_01030.png
normal,train,normal_01031.png,G:\Ai-CDD\data\raw\dataset\train\NORMAL\normal_01031.png
normal,train,normal_01032.png,G:\Ai-CDD\data\raw\dataset\train\NORMAL\normal_01032.png
normal,train,normal_01033.png,G:\Ai-CDD\data\raw\dataset\train\NORMAL\normal_01033.png
normal,train,normal_01034.png,G:\Ai-CDD\data\raw\dataset\train\NORMAL\normal_01034.png
normal,train,normal_01035.png,G:\Ai-CDD\data\raw\dataset\train\NORMAL\normal_01035.png
normal,train,normal_01036.png,G:\Ai-CDD\data\raw\dataset\train\NORMAL\normal_01036.png
normal,train,normal_01037.png,G:\Ai-CDD\data\raw\dataset\train\NORMAL\normal_01037.png
normal,train,normal_01038.png,G:\Ai-CDD\data\raw\dataset\train\NORMAL\normal_01038.png
normal,train,normal_01039.png,G:\Ai-CDD\data\raw\dataset\train\NORMAL\normal_01039.png
normal,train,normal_01040.png,G:\Ai-CDD\data\raw\dataset\train\NORMAL\normal_01040.png
normal,train,normal_01041.png,G:\Ai-CDD\data\raw\dataset\train\NORMAL\normal_01041.png
normal,train,normal_01042.png,G:\Ai-CDD\data\raw\dataset\train\NORMAL\normal_01042.png
normal,train,normal_01043.png,G:\Ai-CDD\data\raw\dataset\train\NORMAL\normal_01043.png
normal,train,normal_01044.png,G:\Ai-CDD\data\raw\dataset\train\NORMAL\normal_01044.png
normal,train,normal_01045.png,G:\Ai-CDD\data\raw\dataset\train\NORMAL\normal_01045.png
normal,train,normal_01046.png,G:\Ai-CDD\data\raw\dataset\train\NORMAL\normal_01046.png
normal,train,normal_01047.png,G:\Ai-CDD\data\raw\dataset\train\NORMAL\normal_01047.png
normal,train,normal_01048.png,G:\Ai-CDD\data\raw\dataset\train\NORMAL\normal_01048.png
normal,train,normal_01049.png,G:\Ai-CDD\data\raw\dataset\train\NORMAL\normal_01049.png
normal,train,normal_01050.png,G:\Ai-CDD\data\raw\dataset\train\NORMAL\normal_01050.png
normal,train,normal_01051.png,G:\Ai-CDD\data\raw\dataset\train\NORMAL\normal_01051.png
normal,train,normal_01052.png,G:\Ai-CDD\data\raw\dataset\train\NORMAL\normal_01052.png
normal,train,normal_01053.png,G:\Ai-CDD\data\raw\dataset\train\NORMAL\normal_01053.png
normal,train,normal_01054.png,G:\Ai-CDD\data\raw\dataset\train\NORMAL\normal_01054.png
normal,train,normal_01055.png,G:\Ai-CDD\data\raw\dataset\train\NORMAL\normal_01055.png
normal,train,normal_01056.png,G:\Ai-CDD\data\raw\dataset\train\NORMAL\normal_01056.png
normal,train,normal_01057.png,G:\Ai-CDD\data\raw\dataset\train\NORMAL\normal_01057.png
normal,train,normal_01058.png,G:\Ai-CDD\data\raw\dataset\train\NORMAL\normal_01058.png
normal,train,normal_01059.png,G:\Ai-CDD\data\raw\dataset\train\NORMAL\normal_01059.png
normal,train,normal_01060.png,G:\Ai-CDD\data\raw\dataset\train\NORMAL\normal_01060.png
normal,train,normal_01061.png,G:\Ai-CDD\data\raw\dataset\train\NORMAL\normal_01061.png
normal,train,normal_01062.png,G:\Ai-CDD\data\raw\dataset\train\NORMAL\normal_01062.png
normal,train,normal_01063.png,G:\Ai-CDD\data\raw\dataset\train\NORMAL\normal_01063.png
normal,train,normal_01064.png,G:\Ai-CDD\data\raw\dataset\train\NORMAL\normal_01064.png
normal,train,normal_01065.png,G:\Ai-CDD\data\raw\dataset\train\NORMAL\normal_01065.png
normal,train,normal_01066.png,G:\Ai-CDD\data\raw\dataset\train\NORMAL\normal_01066.png
normal,train,normal_01067.png,G:\Ai-CDD\data\raw\dataset\train\NORMAL\normal_01067.png
normal,train,normal_01068.png,G:\Ai-CDD\data\raw\dataset\train\NORMAL\normal_01068.png
normal,train,normal_01069.png,G:\Ai-CDD\data\raw\dataset\train\NORMAL\normal_01069.png
normal,train,normal_01070.png,G:\Ai-CDD\data\raw\dataset\train\NORMAL\normal_01070.png
normal,train,normal_01071.png,G:\Ai-CDD\data\raw\dataset\train\NORMAL\normal_01071.png
normal,train,normal_01072.png,G:\Ai-CDD\data\raw\dataset\train\NORMAL\normal_01072.png
normal,train,normal_01073.png,G:\Ai-CDD\data\raw\dataset\train\NORMAL\normal_01073.png
normal,train,normal_01074.png,G:\Ai-CDD\data\raw\dataset\train\NORMAL\normal_01074.png
normal,train,normal_01075.png,G:\Ai-CDD\data\raw\dataset\train\NORMAL\normal_01075.png
normal,train,normal_01076.png,G:\Ai-CDD\data\raw\dataset\train\NORMAL\normal_01076.png
normal,train,normal_01077.png,G:\Ai-CDD\data\raw\dataset\train\NORMAL\normal_01077.png
normal,train,normal_01078.png,G:\Ai-CDD\data\raw\dataset\train\NORMAL\normal_01078.png
normal,train,normal_01079.png,G:\Ai-CDD\data\raw\dataset\train\NORMAL\normal_01079.png
normal,train,normal_01080.png,G:\Ai-CDD\data\raw\dataset\train\NORMAL\normal_01080.png
normal,train,normal_01081.png,G:\Ai-CDD\data\raw\dataset\train\NORMAL\normal_01081.png
normal,train,normal_01082.png,G:\Ai-CDD\data\raw\dataset\train\NORMAL\normal_01082.png
normal,train,normal_01083.png,G:\Ai-CDD\data\raw\dataset\train\NORMAL\normal_01083.png
normal,train,normal_01084.png,G:\Ai-CDD\data\raw\dataset\train\NORMAL\normal_01084.png
normal,train,normal_01085.png,G:\Ai-CDD\data\raw\dataset\train\NORMAL\normal_01085.png
normal,train,normal_01086.png,G:\Ai-CDD\data\raw\dataset\train\NORMAL\normal_01086.png
normal,train,normal_01087.png,G:\Ai-CDD\data\raw\dataset\train\NORMAL\normal_01087.png
normal,train,normal_01088.png,G:\Ai-CDD\data\raw\dataset\train\NORMAL\normal_01088.png
normal,train,normal_01089.png,G:\Ai-CDD\data\raw\dataset\train\NORMAL\normal_01089.png
normal,train,normal_01090.png,G:\Ai-CDD\data\raw\dataset\train\NORMAL\normal_01090.png
normal,train,normal_01091.png,G:\Ai-CDD\data\raw\dataset\train\NORMAL\normal_01091.png
normal,train,normal_01092.png,G:\Ai-CDD\data\raw\dataset\train\NORMAL\normal_01092.png
normal,train,normal_01093.png,G:\Ai-CDD\data\raw\dataset\train\NORMAL\normal_01093.png
normal,train,normal_01094.png,G:\Ai-CDD\data\raw\dataset\train\NORMAL\normal_01094.png
normal,train,normal_01095.png,G:\Ai-CDD\data\raw\dataset\train\NORMAL\normal_01095.png
normal,train,normal_01096.png,G:\Ai-CDD\data\raw\dataset\train\NORMAL\normal_01096.png
normal,train,normal_01097.png,G:\Ai-CDD\data\raw\dataset\train\NORMAL\normal_01097.png
normal,train,normal_01098.png,G:\Ai-CDD\data\raw\dataset\train\NORMAL\normal_01098.png
normal,train,normal_01099.png,G:\Ai-CDD\data\raw\dataset\train\NORMAL\normal_01099.png
normal,train,normal_01100.png,G:\Ai-CDD\data\raw\dataset\train\NORMAL\normal_01100.png
normal,train,normal_01101.png,G:\Ai-CDD\data\raw\dataset\train\NORMAL\normal_01101.png
normal,train,normal_01102.png,G:\Ai-CDD\data\raw\dataset\train\NORMAL\normal_01102.png
normal,train,normal_01103.png,G:\Ai-CDD\data\raw\dataset\train\NORMAL\normal_01103.png
normal,train,normal_01104.png,G:\Ai-CDD\data\raw\dataset\train\NORMAL\normal_01104.png
normal,train,normal_01105.png,G:\Ai-CDD\data\raw\dataset\train\NORMAL\normal_01105.png
normal,train,normal_01106.png,G:\Ai-CDD\data\raw\dataset\train\NORMAL\normal_01106.png
normal,train,normal_01107.png,G:\Ai-CDD\data\raw\dataset\train\NORMAL\normal_01107.png
normal,train,normal_01108.png,G:\Ai-CDD\data\raw\dataset\train\NORMAL\normal_01108.png
normal,train,normal_01109.png,G:\Ai-CDD\data\raw\dataset\train\NORMAL\normal_01109.png
normal,train,normal_01110.png,G:\Ai-CDD\data\raw\dataset\train\NORMAL\normal_01110.png
normal,train,normal_01111.png,G:\Ai-CDD\data\raw\dataset\train\NORMAL\normal_01111.png
normal,train,normal_01112.png,G:\Ai-CDD\data\raw\dataset\train\NORMAL\normal_01112.png
normal,train,normal_01113.png,G:\Ai-CDD\data\raw\dataset\train\NORMAL\normal_01113.png
normal,train,normal_01114.png,G:\Ai-CDD\data\raw\dataset\train\NORMAL\normal_01114.png
normal,train,normal_01115.png,G:\Ai-CDD\data\raw\dataset\train\NORMAL\normal_01115.png
normal,train,normal_01116.png,G:\Ai-CDD\data\raw\dataset\train\NORMAL\normal_01116.png
normal,train,normal_01117.png,G:\Ai-CDD\data\raw\dataset\train\NORMAL\normal_01117.png
normal,train,normal_01118.png,G:\Ai-CDD\data\raw\dataset\train\NORMAL\normal_01118.png
normal,train,normal_01119.png,G:\Ai-CDD\data\raw\dataset\train\NORMAL\normal_01119.png
normal,train,normal_01120.png,G:\Ai-CDD\data\raw\dataset\train\NORMAL\normal_01120.png
normal,train,normal_01121.png,G:\Ai-CDD\data\raw\dataset\train\NORMAL\normal_01121.png
normal,train,normal_01122.png,G:\Ai-CDD\data\raw\dataset\train\NORMAL\normal_01122.png
normal,train,normal_01123.png,G:\Ai-CDD\data\raw\dataset\train\NORMAL\normal_01123.png
normal,train,normal_01124.png,G:\Ai-CDD\data\raw\dataset\train\NORMAL\normal_01124.png
normal,train,normal_01125.png,G:\Ai-CDD\data\raw\dataset\train\NORMAL\normal_01125.png
normal,train,normal_01126.png,G:\Ai-CDD\data\raw\dataset\train\NORMAL\normal_01126.png
normal,train,normal_01127.png,G:\Ai-CDD\data\raw\dataset\train\NORMAL\normal_01127.png
normal,train,normal_01128.png,G:\Ai-CDD\data\raw\dataset\train\NORMAL\normal_01128.png
normal,train,normal_01129.png,G:\Ai-CDD\data\raw\dataset\train\NORMAL\normal_01129.png
normal,train,normal_01130.png,G:\Ai-CDD\data\raw\dataset\train\NORMAL\normal_01130.png
normal,train,normal_01131.png,G:\Ai-CDD\data\raw\dataset\train\NORMAL\normal_01131.png
normal,train,normal_01132.png,G:\Ai-CDD\data\raw\dataset\train\NORMAL\normal_01132.png
normal,train,normal_01133.png,G:\Ai-CDD\data\raw\dataset\train\NORMAL\normal_01133.png
normal,train,normal_01134.png,G:\Ai-CDD\data\raw\dataset\train\NORMAL\normal_01134.png
normal,train,normal_01135.png,G:\Ai-CDD\data\raw\dataset\train\NORMAL\normal_01135.png
normal,train,normal_01136.png,G:\Ai-CDD\data\raw\dataset\train\NORMAL\normal_01136.png
normal,train,normal_01137.png,G:\Ai-CDD\data\raw\dataset\train\NORMAL\normal_01137.png
normal,train,normal_01138.png,G:\Ai-CDD\data\raw\dataset\train\NORMAL\normal_01138.png
normal,train,normal_01139.png,G:\Ai-CDD\data\raw\dataset\train\NORMAL\normal_01139.png
normal,train,normal_01140.png,G:\Ai-CDD\data\raw\dataset\train\NORMAL\normal_01140.png
normal,train,normal_01141.png,G:\Ai-CDD\data\raw\dataset\train\NORMAL\normal_01141.png
normal,train,normal_01142.png,G:\Ai-CDD\data\raw\dataset\train\NORMAL\normal_01142.png
normal,train,normal_01143.png,G:\Ai-CDD\data\raw\dataset\train\NORMAL\normal_01143.png
normal,train,normal_01144.png,G:\Ai-CDD\data\raw\dataset\train\NORMAL\normal_01144.png
normal,train,normal_01145.png,G:\Ai-CDD\data\raw\dataset\train\NORMAL\normal_01145.png
normal,train,normal_01146.png,G:\Ai-CDD\data\raw\dataset\train\NORMAL\normal_01146.png
normal,train,normal_01147.png,G:\Ai-CDD\data\raw\dataset\train\NORMAL\normal_01147.png
normal,train,normal_01148.png,G:\Ai-CDD\data\raw\dataset\train\NORMAL\normal_01148.png
normal,train,normal_01149.png,G:\Ai-CDD\data\raw\dataset\train\NORMAL\normal_01149.png
normal,train,normal_01150.png,G:\Ai-CDD\data\raw\dataset\train\NORMAL\normal_01150.png
normal,train,normal_01151.png,G:\Ai-CDD\data\raw\dataset\train\NORMAL\normal_01151.png
normal,train,normal_01152.png,G:\Ai-CDD\data\raw\dataset\train\NORMAL\normal_01152.png
normal,train,normal_01153.png,G:\Ai-CDD\data\raw\dataset\train\NORMAL\normal_01153.png
normal,train,normal_01154.png,G:\Ai-CDD\data\raw\dataset\train\NORMAL\normal_01154.png
normal,train,normal_01155.png,G:\Ai-CDD\data\raw\dataset\train\NORMAL\normal_01155.png
normal,train,normal_01156.png,G:\Ai-CDD\data\raw\dataset\train\NORMAL\normal_01156.png
normal,train,normal_01157.png,G:\Ai-CDD\data\raw\dataset\train\NORMAL\normal_01157.png
normal,train,normal_01158.png,G:\Ai-CDD\data\raw\dataset\train\NORMAL\normal_01158.png
normal,train,normal_01159.png,G:\Ai-CDD\data\raw\dataset\train\NORMAL\normal_01159.png
normal,train,normal_01160.png,G:\Ai-CDD\data\raw\dataset\train\NORMAL\normal_01160.png
normal,train,normal_01161.png,G:\Ai-CDD\data\raw\dataset\train\NORMAL\normal_01161.png
normal,train,normal_01162.png,G:\Ai-CDD\data\raw\dataset\train\NORMAL\normal_01162.png
normal,train,normal_01163.png,G:\Ai-CDD\data\raw\dataset\train\NORMAL\normal_01163.png
normal,train,normal_01164.png,G:\Ai-CDD\data\raw\dataset\train\NORMAL\normal_01164.png
normal,train,normal_01165.png,G:\Ai-CDD\data\raw\dataset\train\NORMAL\normal_01165.png
normal,train,normal_01166.png,G:\Ai-CDD\data\raw\dataset\train\NORMAL\normal_01166.png
normal,train,normal_01167.png,G:\Ai-CDD\data\raw\dataset\train\NORMAL\normal_01167.png
normal,train,normal_01168.png,G:\Ai-CDD\data\raw\dataset\train\NORMAL\normal_01168.png
normal,train,normal_01169.png,G:\Ai-CDD\data\raw\dataset\train\NORMAL\normal_01169.png
normal,train,normal_01170.png,G:\Ai-CDD\data\raw\dataset\train\NORMAL\normal_01170.png
normal,train,normal_01171.png,G:\Ai-CDD\data\raw\dataset\train\NORMAL\normal_01171.png
normal,train,normal_01172.png,G:\Ai-CDD\data\raw\dataset\train\NORMAL\normal_01172.png
normal,train,normal_01173.png,G:\Ai-CDD\data\raw\dataset\train\NORMAL\normal_01173.png
normal,train,normal_01174.png,G:\Ai-CDD\data\raw\dataset\train\NORMAL\normal_01174.png
normal,train,normal_01175.png,G:\Ai-CDD\data\raw\dataset\train\NORMAL\normal_01175.png
normal,train,normal_01176.png,G:\Ai-CDD\data\raw\dataset\train\NORMAL\normal_01176.png
normal,train,normal_01177.png,G:\Ai-CDD\data\raw\dataset\train\NORMAL\normal_01177.png
normal,train,normal_01178.png,G:\Ai-CDD\data\raw\dataset\train\NORMAL\normal_01178.png
normal,train,normal_01179.png,G:\Ai-CDD\data\raw\dataset\train\NORMAL\normal_01179.png
normal,train,normal_01180.png,G:\Ai-CDD\data\raw\dataset\train\NORMAL\normal_01180.png
normal,train,normal_01181.png,G:\Ai-CDD\data\raw\dataset\train\NORMAL\normal_01181.png
normal,train,normal_01182.png,G:\Ai-CDD\data\raw\dataset\train\NORMAL\normal_01182.png
normal,train,normal_01183.png,G:\Ai-CDD\data\raw\dataset\train\NORMAL\normal_01183.png
normal,train,normal_01184.png,G:\Ai-CDD\data\raw\dataset\train\NORMAL\normal_01184.png
normal,train,normal_01185.png,G:\Ai-CDD\data\raw\dataset\train\NORMAL\normal_01185.png
normal,train,normal_01186.png,G:\Ai-CDD\data\raw\dataset\train\NORMAL\normal_01186.png
normal,train,normal_01187.png,G:\Ai-CDD\data\raw\dataset\train\NORMAL\normal_01187.png
normal,train,normal_01188.png,G:\Ai-CDD\data\raw\dataset\train\NORMAL\normal_01188.png
normal,train,normal_01189.png,G:\Ai-CDD\data\raw\dataset\train\NORMAL\normal_01189.png
normal,train,normal_01190.png,G:\Ai-CDD\data\raw\dataset\train\NORMAL\normal_01190.png
normal,train,normal_01191.png,G:\Ai-CDD\data\raw\dataset\train\NORMAL\normal_01191.png
normal,train,normal_01192.png,G:\Ai-CDD\data\raw\dataset\train\NORMAL\normal_01192.png
normal,train,normal_01193.png,G:\Ai-CDD\data\raw\dataset\train\NORMAL\normal_01193.png
normal,train,normal_01194.png,G:\Ai-CDD\data\raw\dataset\train\NORMAL\normal_01194.png
normal,train,normal_01195.png,G:\Ai-CDD\data\raw\dataset\train\NORMAL\normal_01195.png
normal,train,normal_01196.png,G:\Ai-CDD\data\raw\dataset\train\NORMAL\normal_01196.png
normal,train,normal_01197.png,G:\Ai-CDD\data\raw\dataset\train\NORMAL\normal_01197.png
normal,train,normal_01198.png,G:\Ai-CDD\data\raw\dataset\train\NORMAL\normal_01198.png
normal,train,normal_01199.png,G:\Ai-CDD\data\raw\dataset\train\NORMAL\normal_01199.png
normal,train,normal_01200.png,G:\Ai-CDD\data\raw\dataset\train\NORMAL\normal_01200.png
normal,train,normal_01201.png,G:\Ai-CDD\data\raw\dataset\train\NORMAL\normal_01201.png
normal,train,normal_01202.png,G:\Ai-CDD\data\raw\dataset\train\NORMAL\normal_01202.png
normal,train,normal_01203.png,G:\Ai-CDD\data\raw\dataset\train\NORMAL\normal_01203.png
normal,train,normal_01204.png,G:\Ai-CDD\data\raw\dataset\train\NORMAL\normal_01204.png
normal,train,normal_01205.png,G:\Ai-CDD\data\raw\dataset\train\NORMAL\normal_01205.png
normal,train,normal_01206.png,G:\Ai-CDD\data\raw\dataset\train\NORMAL\normal_01206.png
normal,train,normal_01207.png,G:\Ai-CDD\data\raw\dataset\train\NORMAL\normal_01207.png
normal,train,normal_01208.png,G:\Ai-CDD\data\raw\dataset\train\NORMAL\normal_01208.png
normal,train,normal_01209.png,G:\Ai-CDD\data\raw\dataset\train\NORMAL\normal_01209.png
normal,train,normal_01210.png,G:\Ai-CDD\data\raw\dataset\train\NORMAL\normal_01210.png
normal,train,normal_01211.png,G:\Ai-CDD\data\raw\dataset\train\NORMAL\normal_01211.png
normal,train,normal_01212.png,G:\Ai-CDD\data\raw\dataset\train\NORMAL\normal_01212.png
normal,train,normal_01213.png,G:\Ai-CDD\data\raw\dataset\train\NORMAL\normal_01213.png
normal,train,normal_01214.png,G:\Ai-CDD\data\raw\dataset\train\NORMAL\normal_01214.png
normal,train,normal_01215.png,G:\Ai-CDD\data\raw\dataset\train\NORMAL\normal_01215.png
normal,train,normal_01216.png,G:\Ai-CDD\data\raw\dataset\train\NORMAL\normal_01216.png
normal,train,normal_01217.png,G:\Ai-CDD\data\raw\dataset\train\NORMAL\normal_01217.png
normal,train,normal_01218.png,G:\Ai-CDD\data\raw\dataset\train\NORMAL\normal_01218.png
normal,train,normal_01219.png,G:\Ai-CDD\data\raw\dataset\train\NORMAL\normal_01219.png
normal,train,normal_01220.png,G:\Ai-CDD\data\raw\dataset\train\NORMAL\normal_01220.png
normal,train,normal_01221.png,G:\Ai-CDD\data\raw\dataset\train\NORMAL\normal_01221.png
normal,train,normal_01222.png,G:\Ai-CDD\data\raw\dataset\train\NORMAL\normal_01222.png
normal,train,normal_01223.png,G:\Ai-CDD\data\raw\dataset\train\NORMAL\normal_01223.png
normal,train,normal_01224.png,G:\Ai-CDD\data\raw\dataset\train\NORMAL\normal_01224.png
normal,train,normal_01225.png,G:\Ai-CDD\data\raw\dataset\train\NORMAL\normal_01225.png
normal,train,normal_01226.png,G:\Ai-CDD\data\raw\dataset\train\NORMAL\normal_01226.png
normal,train,normal_01227.png,G:\Ai-CDD\data\raw\dataset\train\NORMAL\normal_01227.png
normal,train,normal_01228.png,G:\Ai-CDD\data\raw\dataset\train\NORMAL\normal_01228.png
normal,train,normal_01229.png,G:\Ai-CDD\data\raw\dataset\train\NORMAL\normal_01229.png
normal,train,normal_01230.png,G:\Ai-CDD\data\raw\dataset\train\NORMAL\normal_01230.png
normal,train,normal_01231.png,G:\Ai-CDD\data\raw\dataset\train\NORMAL\normal_01231.png
normal,train,normal_01232.png,G:\Ai-CDD\data\raw\dataset\train\NORMAL\normal_01232.png
normal,train,normal_01233.png,G:\Ai-CDD\data\raw\dataset\train\NORMAL\normal_01233.png
normal,train,normal_01234.png,G:\Ai-CDD\data\raw\dataset\train\NORMAL\normal_01234.png
normal,train,normal_01235.png,G:\Ai-CDD\data\raw\dataset\train\NORMAL\normal_01235.png
normal,train,normal_01236.png,G:\Ai-CDD\data\raw\dataset\train\NORMAL\normal_01236.png
normal,train,normal_01237.png,G:\Ai-CDD\data\raw\dataset\train\NORMAL\normal_01237.png
normal,train,normal_01238.png,G:\Ai-CDD\data\raw\dataset\train\NORMAL\normal_01238.png
normal,train,normal_01239.png,G:\Ai-CDD\data\raw\dataset\train\NORMAL\normal_01239.png
normal,train,normal_01240.png,G:\Ai-CDD\data\raw\dataset\train\NORMAL\normal_01240.png
normal,train,normal_01241.png,G:\Ai-CDD\data\raw\dataset\train\NORMAL\normal_01241.png
normal,train,normal_01242.png,G:\Ai-CDD\data\raw\dataset\train\NORMAL\normal_01242.png
normal,train,normal_01243.png,G:\Ai-CDD\data\raw\dataset\train\NORMAL\normal_01243.png
normal,train,normal_01244.png,G:\Ai-CDD\data\raw\dataset\train\NORMAL\normal_01244.png
normal,train,normal_01245.png,G:\Ai-CDD\data\raw\dataset\train\NORMAL\normal_01245.png
normal,train,normal_01246.png,G:\Ai-CDD\data\raw\dataset\train\NORMAL\normal_01246.png
normal,train,normal_01247.png,G:\Ai-CDD\data\raw\dataset\train\NORMAL\normal_01247.png
normal,train,normal_01248.png,G:\Ai-CDD\data\raw\dataset\train\NORMAL\normal_01248.png
normal,train,normal_01249.png,G:\Ai-CDD\data\raw\dataset\train\NORMAL\normal_01249.png
normal,train,normal_01250.png,G:\Ai-CDD\data\raw\dataset\train\NORMAL\normal_01250.png
normal,train,normal_01251.png,G:\Ai-CDD\data\raw\dataset\train\NORMAL\normal_01251.png
normal,train,normal_01252.png,G:\Ai-CDD\data\raw\dataset\train\NORMAL\normal_01252.png
normal,train,normal_01253.png,G:\Ai-CDD\data\raw\dataset\train\NORMAL\normal_01253.png
normal,train,normal_01254.png,G:\Ai-CDD\data\raw\dataset\train\NORMAL\normal_01254.png
normal,train,normal_01255.png,G:\Ai-CDD\data\raw\dataset\train\NORMAL\normal_01255.png
normal,train,normal_01256.png,G:\Ai-CDD\data\raw\dataset\train\NORMAL\normal_01256.png
normal,train,normal_01257.png,G:\Ai-CDD\data\raw\dataset\train\NORMAL\normal_01257.png
normal,train,normal_01258.png,G:\Ai-CDD\data\raw\dataset\train\NORMAL\normal_01258.png
normal,train,normal_01259.png,G:\Ai-CDD\data\raw\dataset\train\NORMAL\normal_01259.png
normal,train,normal_01260.png,G:\Ai-CDD\data\raw\dataset\train\NORMAL\normal_01260.png
normal,train,normal_01261.png,G:\Ai-CDD\data\raw\dataset\train\NORMAL\normal_01261.png
normal,train,normal_01262.png,G:\Ai-CDD\data\raw\dataset\train\NORMAL\normal_01262.png
normal,train,normal_01263.png,G:\Ai-CDD\data\raw\dataset\train\NORMAL\normal_01263.png
normal,train,normal_01264.png,G:\Ai-CDD\data\raw\dataset\train\NORMAL\normal_01264.png
normal,train,normal_01265.png,G:\Ai-CDD\data\raw\dataset\train\NORMAL\normal_01265.png
normal,train,normal_01266.png,G:\Ai-CDD\data\raw\dataset\train\NORMAL\normal_01266.png
normal,train,normal_01267.png,G:\Ai-CDD\data\raw\dataset\train\NORMAL\normal_01267.png
normal,train,normal_01268.png,G:\Ai-CDD\data\raw\dataset\train\NORMAL\normal_01268.png
normal,train,normal_01269.png,G:\Ai-CDD\data\raw\dataset\train\NORMAL\normal_01269.png
normal,train,normal_01270.png,G:\Ai-CDD\data\raw\dataset\train\NORMAL\normal_01270.png
normal,train,normal_01271.png,G:\Ai-CDD\data\raw\dataset\train\NORMAL\normal_01271.png
normal,train,normal_01272.png,G:\Ai-CDD\data\raw\dataset\train\NORMAL\normal_01272.png
normal,train,normal_01273.png,G:\Ai-CDD\data\raw\dataset\train\NORMAL\normal_01273.png
normal,train,normal_01274.png,G:\Ai-CDD\data\raw\dataset\train\NORMAL\normal_01274.png
normal,train,normal_01275.png,G:\Ai-CDD\data\raw\dataset\train\NORMAL\normal_01275.png
normal,train,normal_01276.png,G:\Ai-CDD\data\raw\dataset\train\NORMAL\normal_01276.png
normal,train,normal_01277.png,G:\Ai-CDD\data\raw\dataset\train\NORMAL\normal_01277.png
normal,train,normal_01278.png,G:\Ai-CDD\data\raw\dataset\train\NORMAL\normal_01278.png
normal,train,normal_01279.png,G:\Ai-CDD\data\raw\dataset\train\NORMAL\normal_01279.png
normal,train,normal_01280.png,G:\Ai-CDD\data\raw\dataset\train\NORMAL\normal_01280.png
normal,train,normal_01281.png,G:\Ai-CDD\data\raw\dataset\train\NORMAL\normal_01281.png
normal,train,normal_01282.png,G:\Ai-CDD\data\raw\dataset\train\NORMAL\normal_01282.png
normal,train,normal_01283.png,G:\Ai-CDD\data\raw\dataset\train\NORMAL\normal_01283.png
normal,train,normal_01284.png,G:\Ai-CDD\data\raw\dataset\train\NORMAL\normal_01284.png
normal,train,normal_01285.png,G:\Ai-CDD\data\raw\dataset\train\NORMAL\normal_01285.png
normal,train,normal_01286.png,G:\Ai-CDD\data\raw\dataset\train\NORMAL\normal_01286.png
normal,train,normal_01287.png,G:\Ai-CDD\data\raw\dataset\train\NORMAL\normal_01287.png
normal,train,normal_01288.png,G:\Ai-CDD\data\raw\dataset\train\NORMAL\normal_01288.png
normal,train,normal_01289.png,G:\Ai-CDD\data\raw\dataset\train\NORMAL\normal_01289.png
normal,train,normal_01290.png,G:\Ai-CDD\data\raw\dataset\train\NORMAL\normal_01290.png
normal,train,normal_01291.png,G:\Ai-CDD\data\raw\dataset\train\NORMAL\normal_01291.png
normal,train,normal_01292.png,G:\Ai-CDD\data\raw\dataset\train\NORMAL\normal_01292.png
normal,train,normal_01293.png,G:\Ai-CDD\data\raw\dataset\train\NORMAL\normal_01293.png
normal,train,normal_01294.png,G:\Ai-CDD\data\raw\dataset\train\NORMAL\normal_01294.png
normal,train,normal_01295.png,G:\Ai-CDD\data\raw\dataset\train\NORMAL\normal_01295.png
normal,train,normal_01296.png,G:\Ai-CDD\data\raw\dataset\train\NORMAL\normal_01296.png
normal,train,normal_01297.png,G:\Ai-CDD\data\raw\dataset\train\NORMAL\normal_01297.png
normal,train,normal_01298.png,G:\Ai-CDD\data\raw\dataset\train\NORMAL\normal_01298.png
normal,train,normal_01299.png,G:\Ai-CDD\data\raw\dataset\train\NORMAL\normal_01299.png
normal,train,normal_01300.png,G:\Ai-CDD\data\raw\dataset\train\NORMAL\normal_01300.png
normal,train,normal_01301.png,G:\Ai-CDD\data\raw\dataset\train\NORMAL\normal_01301.png
normal,train,normal_01302.png,G:\Ai-CDD\data\raw\dataset\train\NORMAL\normal_01302.png
normal,train,normal_01303.png,G:\Ai-CDD\data\raw\dataset\train\NORMAL\normal_01303.png
normal,train,normal_01304.png,G:\Ai-CDD\data\raw\dataset\train\NORMAL\normal_01304.png
normal,train,normal_01305.png,G:\Ai-CDD\data\raw\dataset\train\NORMAL\normal_01305.png
normal,train,normal_01306.png,G:\Ai-CDD\data\raw\dataset\train\NORMAL\normal_01306.png
normal,train,normal_01307.png,G:\Ai-CDD\data\raw\dataset\train\NORMAL\normal_01307.png
normal,train,normal_01308.png,G:\Ai-CDD\data\raw\dataset\train\NORMAL\normal_01308.png
normal,train,normal_01309.png,G:\Ai-CDD\data\raw\dataset\train\NORMAL\normal_01309.png
normal,train,normal_01310.png,G:\Ai-CDD\data\raw\dataset\train\NORMAL\normal_01310.png
normal,train,normal_01311.png,G:\Ai-CDD\data\raw\dataset\train\NORMAL\normal_01311.png
normal,train,normal_01312.png,G:\Ai-CDD\data\raw\dataset\train\NORMAL\normal_01312.png
normal,train,normal_01313.png,G:\Ai-CDD\data\raw\dataset\train\NORMAL\normal_01313.png
normal,train,normal_01314.png,G:\Ai-CDD\data\raw\dataset\train\NORMAL\normal_01314.png
normal,train,normal_01315.png,G:\Ai-CDD\data\raw\dataset\train\NORMAL\normal_01315.png
normal,train,normal_01316.png,G:\Ai-CDD\data\raw\dataset\train\NORMAL\normal_01316.png
normal,train,normal_01317.png,G:\Ai-CDD\data\raw\dataset\train\NORMAL\normal_01317.png
normal,train,normal_01318.png,G:\Ai-CDD\data\raw\dataset\train\NORMAL\normal_01318.png
normal,train,normal_01319.png,G:\Ai-CDD\data\raw\dataset\train\NORMAL\normal_01319.png
normal,train,normal_01320.png,G:\Ai-CDD\data\raw\dataset\train\NORMAL\normal_01320.png
normal,train,normal_01321.png,G:\Ai-CDD\data\raw\dataset\train\NORMAL\normal_01321.png
normal,train,normal_01322.png,G:\Ai-CDD\data\raw\dataset\train\NORMAL\normal_01322.png
normal,train,normal_01323.png,G:\Ai-CDD\data\raw\dataset\train\NORMAL\normal_01323.png
normal,train,normal_01324.png,G:\Ai-CDD\data\raw\dataset\train\NORMAL\normal_01324.png
normal,train,normal_01325.png,G:\Ai-CDD\data\raw\dataset\train\NORMAL\normal_01325.png
normal,train,normal_01326.png,G:\Ai-CDD\data\raw\dataset\train\NORMAL\normal_01326.png
normal,train,normal_01327.png,G:\Ai-CDD\data\raw\dataset\train\NORMAL\normal_01327.png
normal,train,normal_01328.png,G:\Ai-CDD\data\raw\dataset\train\NORMAL\normal_01328.png
normal,train,normal_01329.png,G:\Ai-CDD\data\raw\dataset\train\NORMAL\normal_01329.png
normal,train,normal_01330.png,G:\Ai-CDD\data\raw\dataset\train\NORMAL\normal_01330.png
normal,train,normal_01331.png,G:\Ai-CDD\data\raw\dataset\train\NORMAL\normal_01331.png
normal,train,normal_01332.png,G:\Ai-CDD\data\raw\dataset\train\NORMAL\normal_01332.png
normal,train,normal_01333.png,G:\Ai-CDD\data\raw\dataset\train\NORMAL\normal_01333.png
normal,train,normal_01334.png,G:\Ai-CDD\data\raw\dataset\train\NORMAL\normal_01334.png
normal,train,normal_01335.png,G:\Ai-CDD\data\raw\dataset\train\NORMAL\normal_01335.png
normal,train,normal_01336.png,G:\Ai-CDD\data\raw\dataset\train\NORMAL\normal_01336.png
normal,train,normal_01337.png,G:\Ai-CDD\data\raw\dataset\train\NORMAL\normal_01337.png
normal,train,normal_01338.png,G:\Ai-CDD\data\raw\dataset\train\NORMAL\normal_01338.png
normal,train,normal_01339.png,G:\Ai-CDD\data\raw\dataset\train\NORMAL\normal_01339.png
normal,train,normal_01340.png,G:\Ai-CDD\data\raw\dataset\train\NORMAL\normal_01340.png
normal,train,normal_01341.png,G:\Ai-CDD\data\raw\dataset\train\NORMAL\normal_01341.png
normal,train,normal_01342.png,G:\Ai-CDD\data\raw\dataset\train\NORMAL\normal_01342.png
normal,train,normal_01343.png,G:\Ai-CDD\data\raw\dataset\train\NORMAL\normal_01343.png
normal,train,normal_01344.png,G:\Ai-CDD\data\raw\dataset\train\NORMAL\normal_01344.png
normal,train,normal_01345.png,G:\Ai-CDD\data\raw\dataset\train\NORMAL\normal_01345.png
normal,train,normal_01346.png,G:\Ai-CDD\data\raw\dataset\train\NORMAL\normal_01346.png
normal,train,normal_01347.png,G:\Ai-CDD\data\raw\dataset\train\NORMAL\normal_01347.png
normal,train,normal_01348.png,G:\Ai-CDD\data\raw\dataset\train\NORMAL\normal_01348.png
normal,train,normal_01349.png,G:\Ai-CDD\data\raw\dataset\train\NORMAL\normal_01349.png
normal,train,normal_01350.png,G:\Ai-CDD\data\raw\dataset\train\NORMAL\normal_01350.png
normal,train,normal_01351.png,G:\Ai-CDD\data\raw\dataset\train\NORMAL\normal_01351.png
normal,train,normal_01352.png,G:\Ai-CDD\data\raw\dataset\train\NORMAL\normal_01352.png
normal,train,normal_01353.png,G:\Ai-CDD\data\raw\dataset\train\NORMAL\normal_01353.png
normal,train,normal_01354.png,G:\Ai-CDD\data\raw\dataset\train\NORMAL\normal_01354.png
normal,train,normal_01355.png,G:\Ai-CDD\data\raw\dataset\train\NORMAL\normal_01355.png
normal,train,normal_01356.png,G:\Ai-CDD\data\raw\dataset\train\NORMAL\normal_01356.png
normal,train,normal_01357.png,G:\Ai-CDD\data\raw\dataset\train\NORMAL\normal_01357.png
normal,train,normal_01358.png,G:\Ai-CDD\data\raw\dataset\train\NORMAL\normal_01358.png
normal,train,normal_01359.png,G:\Ai-CDD\data\raw\dataset\train\NORMAL\normal_01359.png
normal,train,normal_01360.png,G:\Ai-CDD\data\raw\dataset\train\NORMAL\normal_01360.png
normal,train,normal_01361.png,G:\Ai-CDD\data\raw\dataset\train\NORMAL\normal_01361.png
normal,train,normal_01362.png,G:\Ai-CDD\data\raw\dataset\train\NORMAL\normal_01362.png
normal,train,normal_01363.png,G:\Ai-CDD\data\raw\dataset\train\NORMAL\normal_01363.png
normal,train,normal_01364.png,G:\Ai-CDD\data\raw\dataset\train\NORMAL\normal_01364.png
normal,train,normal_01365.png,G:\Ai-CDD\data\raw\dataset\train\NORMAL\normal_01365.png
normal,train,normal_01366.png,G:\Ai-CDD\data\raw\dataset\train\NORMAL\normal_01366.png
normal,train,normal_01367.png,G:\Ai-CDD\data\raw\dataset\train\NORMAL\normal_01367.png
normal,train,normal_01368.png,G:\Ai-CDD\data\raw\dataset\train\NORMAL\normal_01368.png
normal,train,normal_01369.png,G:\Ai-CDD\data\raw\dataset\train\NORMAL\normal_01369.png
normal,train,normal_01370.png,G:\Ai-CDD\data\raw\dataset\train\NORMAL\normal_01370.png
normal,train,normal_01371.png,G:\Ai-CDD\data\raw\dataset\train\NORMAL\normal_01371.png
normal,train,normal_01372.png,G:\Ai-CDD\data\raw\dataset\train\NORMAL\normal_01372.png
normal,train,normal_01373.png,G:\Ai-CDD\data\raw\dataset\train\NORMAL\normal_01373.png
normal,train,normal_01374.png,G:\Ai-CDD\data\raw\dataset\train\NORMAL\normal_01374.png
normal,train,normal_01375.png,G:\Ai-CDD\data\raw\dataset\train\NORMAL\normal_01375.png
normal,train,normal_01376.png,G:\Ai-CDD\data\raw\dataset\train\NORMAL\normal_01376.png
normal,train,normal_01377.png,G:\Ai-CDD\data\raw\dataset\train\NORMAL\normal_01377.png
normal,train,normal_01378.png,G:\Ai-CDD\data\raw\dataset\train\NORMAL\normal_01378.png
normal,train,normal_01379.png,G:\Ai-CDD\data\raw\dataset\train\NORMAL\normal_01379.png
normal,train,normal_01380.png,G:\Ai-CDD\data\raw\dataset\train\NORMAL\normal_01380.png
normal,train,normal_01381.png,G:\Ai-CDD\data\raw\dataset\train\NORMAL\normal_01381.png
normal,train,normal_01382.png,G:\Ai-CDD\data\raw\dataset\train\NORMAL\normal_01382.png
normal,train,normal_01383.png,G:\Ai-CDD\data\raw\dataset\train\NORMAL\normal_01383.png
normal,train,normal_01384.png,G:\Ai-CDD\data\raw\dataset\train\NORMAL\normal_01384.png
normal,train,normal_01385.png,G:\Ai-CDD\data\raw\dataset\train\NORMAL\normal_01385.png
normal,train,normal_01386.png,G:\Ai-CDD\data\raw\dataset\train\NORMAL\normal_01386.png
normal,train,normal_01387.png,G:\Ai-CDD\data\raw\dataset\train\NORMAL\normal_01387.png
normal,train,normal_01388.png,G:\Ai-CDD\data\raw\dataset\train\NORMAL\normal_01388.png
normal,train,normal_01389.png,G:\Ai-CDD\data\raw\dataset\train\NORMAL\normal_01389.png
normal,train,normal_01390.png,G:\Ai-CDD\data\raw\dataset\train\NORMAL\normal_01390.png
normal,train,normal_01391.png,G:\Ai-CDD\data\raw\dataset\train\NORMAL\normal_01391.png
normal,train,normal_01392.png,G:\Ai-CDD\data\raw\dataset\train\NORMAL\normal_01392.png
normal,train,normal_01393.png,G:\Ai-CDD\data\raw\dataset\train\NORMAL\normal_01393.png
normal,train,normal_01394.png,G:\Ai-CDD\data\raw\dataset\train\NORMAL\normal_01394.png
normal,train,normal_01395.png,G:\Ai-CDD\data\raw\dataset\train\NORMAL\normal_01395.png
normal,train,normal_01396.png,G:\Ai-CDD\data\raw\dataset\train\NORMAL\normal_01396.png
normal,train,normal_01397.png,G:\Ai-CDD\data\raw\dataset\train\NORMAL\normal_01397.png
normal,train,normal_01398.png,G:\Ai-CDD\data\raw\dataset\train\NORMAL\normal_01398.png
normal,train,normal_01399.png,G:\Ai-CDD\data\raw\dataset\train\NORMAL\normal_01399.png
normal,train,normal_01400.png,G:\Ai-CDD\data\raw\dataset\train\NORMAL\normal_01400.png
normal,train,normal_01401.png,G:\Ai-CDD\data\raw\dataset\train\NORMAL\normal_01401.png
normal,train,normal_01402.png,G:\Ai-CDD\data\raw\dataset\train\NORMAL\normal_01402.png
normal,train,normal_01403.png,G:\Ai-CDD\data\raw\dataset\train\NORMAL\normal_01403.png
normal,train,normal_01404.png,G:\Ai-CDD\data\raw\dataset\train\NORMAL\normal_01404.png
normal,train,normal_01405.png,G:\Ai-CDD\data\raw\dataset\train\NORMAL\normal_01405.png
normal,train,normal_01406.png,G:\Ai-CDD\data\raw\dataset\train\NORMAL\normal_01406.png
normal,train,normal_01407.png,G:\Ai-CDD\data\raw\dataset\train\NORMAL\normal_01407.png
normal,train,normal_01408.png,G:\Ai-CDD\data\raw\dataset\train\NORMAL\normal_01408.png
normal,train,normal_01409.png,G:\Ai-CDD\data\raw\dataset\train\NORMAL\normal_01409.png
normal,train,normal_01410.png,G:\Ai-CDD\data\raw\dataset\train\NORMAL\normal_01410.png
normal,train,normal_01411.png,G:\Ai-CDD\data\raw\dataset\train\NORMAL\normal_01411.png
normal,train,normal_01412.png,G:\Ai-CDD\data\raw\dataset\train\NORMAL\normal_01412.png
normal,train,normal_01413.png,G:\Ai-CDD\data\raw\dataset\train\NORMAL\normal_01413.png
normal,train,normal_01414.png,G:\Ai-CDD\data\raw\dataset\train\NORMAL\normal_01414.png
normal,train,normal_01415.png,G:\Ai-CDD\data\raw\dataset\train\NORMAL\normal_01415.png
normal,train,normal_01416.png,G:\Ai-CDD\data\raw\dataset\train\NORMAL\normal_01416.png
normal,train,normal_01417.png,G:\Ai-CDD\data\raw\dataset\train\NORMAL\normal_01417.png
normal,train,normal_01418.png,G:\Ai-CDD\data\raw\dataset\train\NORMAL\normal_01418.png
normal,train,normal_01419.png,G:\Ai-CDD\data\raw\dataset\train\NORMAL\normal_01419.png
normal,train,normal_01420.png,G:\Ai-CDD\data\raw\dataset\train\NORMAL\normal_01420.png
normal,train,normal_01421.png,G:\Ai-CDD\data\raw\dataset\train\NORMAL\normal_01421.png
normal,train,normal_01422.png,G:\Ai-CDD\data\raw\dataset\train\NORMAL\normal_01422.png
normal,train,normal_01423.png,G:\Ai-CDD\data\raw\dataset\train\NORMAL\normal_01423.png
normal,train,normal_01424.png,G:\Ai-CDD\data\raw\dataset\train\NORMAL\normal_01424.png
normal,train,normal_01425.png,G:\Ai-CDD\data\raw\dataset\train\NORMAL\normal_01425.png
normal,train,normal_01426.png,G:\Ai-CDD\data\raw\dataset\train\NORMAL\normal_01426.png
normal,train,normal_01427.png,G:\Ai-CDD\data\raw\dataset\train\NORMAL\normal_01427.png
normal,train,normal_01428.png,G:\Ai-CDD\data\raw\dataset\train\NORMAL\normal_01428.png
normal,train,normal_01429.png,G:\Ai-CDD\data\raw\dataset\train\NORMAL\normal_01429.png
normal,train,normal_01430.png,G:\Ai-CDD\data\raw\dataset\train\NORMAL\normal_01430.png
normal,train,normal_01431.png,G:\Ai-CDD\data\raw\dataset\train\NORMAL\normal_01431.png
normal,train,normal_01432.png,G:\Ai-CDD\data\raw\dataset\train\NORMAL\normal_01432.png
normal,train,normal_01433.png,G:\Ai-CDD\data\raw\dataset\train\NORMAL\normal_01433.png
normal,train,normal_01434.png,G:\Ai-CDD\data\raw\dataset\train\NORMAL\normal_01434.png
normal,train,normal_01435.png,G:\Ai-CDD\data\raw\dataset\train\NORMAL\normal_01435.png
normal,train,normal_01436.png,G:\Ai-CDD\data\raw\dataset\train\NORMAL\normal_01436.png
normal,train,normal_01437.png,G:\Ai-CDD\data\raw\dataset\train\NORMAL\normal_01437.png
normal,train,normal_01438.png,G:\Ai-CDD\data\raw\dataset\train\NORMAL\normal_01438.png
normal,train,normal_01439.png,G:\Ai-CDD\data\raw\dataset\train\NORMAL\normal_01439.png
normal,train,normal_01440.png,G:\Ai-CDD\data\raw\dataset\train\NORMAL\normal_01440.png
normal,train,normal_01441.png,G:\Ai-CDD\data\raw\dataset\train\NORMAL\normal_01441.png
normal,train,normal_01442.png,G:\Ai-CDD\data\raw\dataset\train\NORMAL\normal_01442.png
normal,train,normal_01443.png,G:\Ai-CDD\data\raw\dataset\train\NORMAL\normal_01443.png
normal,train,normal_01444.png,G:\Ai-CDD\data\raw\dataset\train\NORMAL\normal_01444.png
normal,train,normal_01445.png,G:\Ai-CDD\data\raw\dataset\train\NORMAL\normal_01445.png
normal,train,normal_01446.png,G:\Ai-CDD\data\raw\dataset\train\NORMAL\normal_01446.png
normal,train,normal_01447.png,G:\Ai-CDD\data\raw\dataset\train\NORMAL\normal_01447.png
normal,train,normal_01448.png,G:\Ai-CDD\data\raw\dataset\train\NORMAL\normal_01448.png
normal,train,normal_01449.png,G:\Ai-CDD\data\raw\dataset\train\NORMAL\normal_01449.png
normal,train,normal_01450.png,G:\Ai-CDD\data\raw\dataset\train\NORMAL\normal_01450.png
normal,train,normal_01451.png,G:\Ai-CDD\data\raw\dataset\train\NORMAL\normal_01451.png
normal,train,normal_01452.png,G:\Ai-CDD\data\raw\dataset\train\NORMAL\normal_01452.png
normal,train,normal_01453.png,G:\Ai-CDD\data\raw\dataset\train\NORMAL\normal_01453.png
normal,train,normal_01454.png,G:\Ai-CDD\data\raw\dataset\train\NORMAL\normal_01454.png
normal,train,normal_01455.png,G:\Ai-CDD\data\raw\dataset\train\NORMAL\normal_01455.png
normal,train,normal_01456.png,G:\Ai-CDD\data\raw\dataset\train\NORMAL\normal_01456.png
normal,train,normal_01457.png,G:\Ai-CDD\data\raw\dataset\train\NORMAL\normal_01457.png
normal,train,normal_01458.png,G:\Ai-CDD\data\raw\dataset\train\NORMAL\normal_01458.png
normal,train,normal_01459.png,G:\Ai-CDD\data\raw\dataset\train\NORMAL\normal_01459.png
normal,train,normal_01460.png,G:\Ai-CDD\data\raw\dataset\train\NORMAL\normal_01460.png
normal,train,normal_01461.png,G:\Ai-CDD\data\raw\dataset\train\NORMAL\normal_01461.png
normal,train,normal_01462.png,G:\Ai-CDD\data\raw\dataset\train\NORMAL\normal_01462.png
normal,train,normal_01463.png,G:\Ai-CDD\data\raw\dataset\train\NORMAL\normal_01463.png
normal,train,normal_01464.png,G:\Ai-CDD\data\raw\dataset\train\NORMAL\normal_01464.png
normal,train,normal_01465.png,G:\Ai-CDD\data\raw\dataset\train\NORMAL\normal_01465.png
normal,train,normal_01466.png,G:\Ai-CDD\data\raw\dataset\train\NORMAL\normal_01466.png
normal,train,normal_01467.png,G:\Ai-CDD\data\raw\dataset\train\NORMAL\normal_01467.png
normal,train,normal_01468.png,G:\Ai-CDD\data\raw\dataset\train\NORMAL\normal_01468.png
normal,train,normal_01469.png,G:\Ai-CDD\data\raw\dataset\train\NORMAL\normal_01469.png
normal,train,normal_01470.png,G:\Ai-CDD\data\raw\dataset\train\NORMAL\normal_01470.png
normal,train,normal_01471.png,G:\Ai-CDD\data\raw\dataset\train\NORMAL\normal_01471.png
normal,train,normal_01472.png,G:\Ai-CDD\data\raw\dataset\train\NORMAL\normal_01472.png
normal,train,normal_01473.png,G:\Ai-CDD\data\raw\dataset\train\NORMAL\normal_01473.png
normal,train,normal_01474.png,G:\Ai-CDD\data\raw\dataset\train\NORMAL\normal_01474.png
normal,train,normal_01475.png,G:\Ai-CDD\data\raw\dataset\train\NORMAL\normal_01475.png
normal,train,normal_01476.png,G:\Ai-CDD\data\raw\dataset\train\NORMAL\normal_01476.png
normal,train,normal_01477.png,G:\Ai-CDD\data\raw\dataset\train\NORMAL\normal_01477.png
normal,train,normal_01478.png,G:\Ai-CDD\data\raw\dataset\train\NORMAL\normal_01478.png
normal,train,normal_01479.png,G:\Ai-CDD\data\raw\dataset\train\NORMAL\normal_01479.png
normal,train,normal_01480.png,G:\Ai-CDD\data\raw\dataset\train\NORMAL\normal_01480.png
normal,train,normal_01481.png,G:\Ai-CDD\data\raw\dataset\train\NORMAL\normal_01481.png
normal,train,normal_01482.png,G:\Ai-CDD\data\raw\dataset\train\NORMAL\normal_01482.png
normal,train,normal_01483.png,G:\Ai-CDD\data\raw\dataset\train\NORMAL\normal_01483.png
normal,train,normal_01484.png,G:\Ai-CDD\data\raw\dataset\train\NORMAL\normal_01484.png
normal,train,normal_01485.png,G:\Ai-CDD\data\raw\dataset\train\NORMAL\normal_01485.png
normal,train,normal_01486.png,G:\Ai-CDD\data\raw\dataset\train\NORMAL\normal_01486.png
normal,train,normal_01487.png,G:\Ai-CDD\data\raw\dataset\train\NORMAL\normal_01487.png
normal,train,normal_01488.png,G:\Ai-CDD\data\raw\dataset\train\NORMAL\normal_01488.png
normal,train,normal_01489.png,G:\Ai-CDD\data\raw\dataset\train\NORMAL\normal_01489.png
normal,train,normal_01490.png,G:\Ai-CDD\data\raw\dataset\train\NORMAL\normal_01490.png
normal,train,normal_01491.png,G:\Ai-CDD\data\raw\dataset\train\NORMAL\normal_01491.png
normal,train,normal_01492.png,G:\Ai-CDD\data\raw\dataset\train\NORMAL\normal_01492.png
normal,train,normal_01493.png,G:\Ai-CDD\data\raw\dataset\train\NORMAL\normal_01493.png
normal,train,normal_01494.png,G:\Ai-CDD\data\raw\dataset\train\NORMAL\normal_01494.png
normal,train,normal_01495.png,G:\Ai-CDD\data\raw\dataset\train\NORMAL\normal_01495.png
normal,train,normal_01496.png,G:\Ai-CDD\data\raw\dataset\train\NORMAL\normal_01496.png
normal,train,normal_01497.png,G:\Ai-CDD\data\raw\dataset\train\NORMAL\normal_01497.png
normal,train,normal_01498.png,G:\Ai-CDD\data\raw\dataset\train\NORMAL\normal_01498.png
normal,train,normal_01499.png,G:\Ai-CDD\data\raw\dataset\train\NORMAL\normal_01499.png
normal,train,normal_01500.png,G:\Ai-CDD\data\raw\dataset\train\NORMAL\normal_01500.png
normal,train,normal_01501.png,G:\Ai-CDD\data\raw\dataset\train\NORMAL\normal_01501.png
normal,train,normal_01502.png,G:\Ai-CDD\data\raw\dataset\train\NORMAL\normal_01502.png
normal,train,normal_01503.png,G:\Ai-CDD\data\raw\dataset\train\NORMAL\normal_01503.png
normal,train,normal_01504.png,G:\Ai-CDD\data\raw\dataset\train\NORMAL\normal_01504.png
normal,train,normal_01505.png,G:\Ai-CDD\data\raw\dataset\train\NORMAL\normal_01505.png
normal,train,normal_01506.png,G:\Ai-CDD\data\raw\dataset\train\NORMAL\normal_01506.png
normal,train,normal_01507.png,G:\Ai-CDD\data\raw\dataset\train\NORMAL\normal_01507.png
normal,train,normal_01508.png,G:\Ai-CDD\data\raw\dataset\train\NORMAL\normal_01508.png
normal,train,normal_01509.png,G:\Ai-CDD\data\raw\dataset\train\NORMAL\normal_01509.png
normal,train,normal_01510.png,G:\Ai-CDD\data\raw\dataset\train\NORMAL\normal_01510.png
normal,train,normal_01511.png,G:\Ai-CDD\data\raw\dataset\train\NORMAL\normal_01511.png
normal,train,normal_01512.png,G:\Ai-CDD\data\raw\dataset\train\NORMAL\normal_01512.png
normal,train,normal_01513.png,G:\Ai-CDD\data\raw\dataset\train\NORMAL\normal_01513.png
normal,train,normal_01514.png,G:\Ai-CDD\data\raw\dataset\train\NORMAL\normal_01514.png
normal,train,normal_01515.png,G:\Ai-CDD\data\raw\dataset\train\NORMAL\normal_01515.png
normal,train,normal_01516.png,G:\Ai-CDD\data\raw\dataset\train\NORMAL\normal_01516.png
normal,train,normal_01517.png,G:\Ai-CDD\data\raw\dataset\train\NORMAL\normal_01517.png
normal,train,normal_01518.png,G:\Ai-CDD\data\raw\dataset\train\NORMAL\normal_01518.png
normal,train,normal_01519.png,G:\Ai-CDD\data\raw\dataset\train\NORMAL\normal_01519.png
normal,train,normal_01520.png,G:\Ai-CDD\data\raw\dataset\train\NORMAL\normal_01520.png
normal,train,normal_01521.png,G:\Ai-CDD\data\raw\dataset\train\NORMAL\normal_01521.png
normal,train,normal_01522.png,G:\Ai-CDD\data\raw\dataset\train\NORMAL\normal_01522.png
normal,train,normal_01523.png,G:\Ai-CDD\data\raw\dataset\train\NORMAL\normal_01523.png
normal,train,normal_01524.png,G:\Ai-CDD\data\raw\dataset\train\NORMAL\normal_01524.png
normal,train,normal_01525.png,G:\Ai-CDD\data\raw\dataset\train\NORMAL\normal_01525.png
normal,train,normal_01526.png,G:\Ai-CDD\data\raw\dataset\train\NORMAL\normal_01526.png
normal,train,normal_01527.png,G:\Ai-CDD\data\raw\dataset\train\NORMAL\normal_01527.png
normal,train,normal_01528.png,G:\Ai-CDD\data\raw\dataset\train\NORMAL\normal_01528.png
normal,train,normal_01529.png,G:\Ai-CDD\data\raw\dataset\train\NORMAL\normal_01529.png
normal,train,normal_01530.png,G:\Ai-CDD\data\raw\dataset\train\NORMAL\normal_01530.png
normal,train,normal_01531.png,G:\Ai-CDD\data\raw\dataset\train\NORMAL\normal_01531.png
normal,train,normal_01532.png,G:\Ai-CDD\data\raw\dataset\train\NORMAL\normal_01532.png
normal,train,normal_01533.png,G:\Ai-CDD\data\raw\dataset\train\NORMAL\normal_01533.png
normal,train,normal_01534.png,G:\Ai-CDD\data\raw\dataset\train\NORMAL\normal_01534.png
normal,train,normal_01535.png,G:\Ai-CDD\data\raw\dataset\train\NORMAL\normal_01535.png
normal,train,normal_01536.png,G:\Ai-CDD\data\raw\dataset\train\NORMAL\normal_01536.png
normal,train,normal_01537.png,G:\Ai-CDD\data\raw\dataset\train\NORMAL\normal_01537.png
normal,train,normal_01538.png,G:\Ai-CDD\data\raw\dataset\train\NORMAL\normal_01538.png
normal,train,normal_01539.png,G:\Ai-CDD\data\raw\dataset\train\NORMAL\normal_01539.png
normal,train,normal_01540.png,G:\Ai-CDD\data\raw\dataset\train\NORMAL\normal_01540.png
normal,train,normal_01541.png,G:\Ai-CDD\data\raw\dataset\train\NORMAL\normal_01541.png
normal,train,normal_01542.png,G:\Ai-CDD\data\raw\dataset\train\NORMAL\normal_01542.png
normal,train,normal_01543.png,G:\Ai-CDD\data\raw\dataset\train\NORMAL\normal_01543.png
normal,train,normal_01544.png,G:\Ai-CDD\data\raw\dataset\train\NORMAL\normal_01544.png
normal,train,normal_01545.png,G:\Ai-CDD\data\raw\dataset\train\NORMAL\normal_01545.png
normal,train,normal_01546.png,G:\Ai-CDD\data\raw\dataset\train\NORMAL\normal_01546.png
normal,train,normal_01547.png,G:\Ai-CDD\data\raw\dataset\train\NORMAL\normal_01547.png
normal,train,normal_01548.png,G:\Ai-CDD\data\raw\dataset\train\NORMAL\normal_01548.png
normal,train,normal_01549.png,G:\Ai-CDD\data\raw\dataset\train\NORMAL\normal_01549.png
normal,train,normal_01550.png,G:\Ai-CDD\data\raw\dataset\train\NORMAL\normal_01550.png
normal,train,normal_01551.png,G:\Ai-CDD\data\raw\dataset\train\NORMAL\normal_01551.png
normal,train,normal_01552.png,G:\Ai-CDD\data\raw\dataset\train\NORMAL\normal_01552.png
normal,train,normal_01553.png,G:\Ai-CDD\data\raw\dataset\train\NORMAL\normal_01553.png
normal,train,normal_01554.png,G:\Ai-CDD\data\raw\dataset\train\NORMAL\normal_01554.png
normal,train,normal_01555.png,G:\Ai-CDD\data\raw\dataset\train\NORMAL\normal_01555.png
normal,train,normal_01556.png,G:\Ai-CDD\data\raw\dataset\train\NORMAL\normal_01556.png
normal,train,normal_01557.png,G:\Ai-CDD\data\raw\dataset\train\NORMAL\normal_01557.png
normal,train,normal_01558.png,G:\Ai-CDD\data\raw\dataset\train\NORMAL\normal_01558.png
normal,train,normal_01559.png,G:\Ai-CDD\data\raw\dataset\train\NORMAL\normal_01559.png
normal,train,normal_01560.png,G:\Ai-CDD\data\raw\dataset\train\NORMAL\normal_01560.png
normal,train,normal_01561.png,G:\Ai-CDD\data\raw\dataset\train\NORMAL\normal_01561.png
normal,train,normal_01562.png,G:\Ai-CDD\data\raw\dataset\train\NORMAL\normal_01562.png
normal,train,normal_01563.png,G:\Ai-CDD\data\raw\dataset\train\NORMAL\normal_01563.png
normal,train,normal_01564.png,G:\Ai-CDD\data\raw\dataset\train\NORMAL\normal_01564.png
normal,train,normal_01565.png,G:\Ai-CDD\data\raw\dataset\train\NORMAL\normal_01565.png
normal,train,normal_01566.png,G:\Ai-CDD\data\raw\dataset\train\NORMAL\normal_01566.png
normal,train,normal_01567.png,G:\Ai-CDD\data\raw\dataset\train\NORMAL\normal_01567.png
normal,train,normal_01568.png,G:\Ai-CDD\data\raw\dataset\train\NORMAL\normal_01568.png
normal,train,normal_01569.png,G:\Ai-CDD\data\raw\dataset\train\NORMAL\normal_01569.png
normal,train,normal_01570.png,G:\Ai-CDD\data\raw\dataset\train\NORMAL\normal_01570.png
normal,train,normal_01571.png,G:\Ai-CDD\data\raw\dataset\train\NORMAL\normal_01571.png
normal,train,normal_01572.png,G:\Ai-CDD\data\raw\dataset\train\NORMAL\normal_01572.png
normal,train,normal_01573.png,G:\Ai-CDD\data\raw\dataset\train\NORMAL\normal_01573.png
normal,train,normal_01574.png,G:\Ai-CDD\data\raw\dataset\train\NORMAL\normal_01574.png
normal,train,normal_01575.png,G:\Ai-CDD\data\raw\dataset\train\NORMAL\normal_01575.png
normal,train,normal_01576.png,G:\Ai-CDD\data\raw\dataset\train\NORMAL\normal_01576.png
normal,train,normal_01577.png,G:\Ai-CDD\data\raw\dataset\train\NORMAL\normal_01577.png
normal,train,normal_01578.png,G:\Ai-CDD\data\raw\dataset\train\NORMAL\normal_01578.png
normal,train,normal_01579.png,G:\Ai-CDD\data\raw\dataset\train\NORMAL\normal_01579.png
normal,train,normal_01580.png,G:\Ai-CDD\data\raw\dataset\train\NORMAL\normal_01580.png
normal,train,normal_01581.png,G:\Ai-CDD\data\raw\dataset\train\NORMAL\normal_01581.png
normal,train,normal_01582.png,G:\Ai-CDD\data\raw\dataset\train\NORMAL\normal_01582.png
normal,train,normal_01583.png,G:\Ai-CDD\data\raw\dataset\train\NORMAL\normal_01583.png
normal,train,normal_01584.png,G:\Ai-CDD\data\raw\dataset\train\NORMAL\normal_01584.png
normal,train,normal_01585.png,G:\Ai-CDD\data\raw\dataset\train\NORMAL\normal_01585.png
normal,train,normal_01586.png,G:\Ai-CDD\data\raw\dataset\train\NORMAL\normal_01586.png
normal,train,normal_01587.png,G:\Ai-CDD\data\raw\dataset\train\NORMAL\normal_01587.png
normal,train,normal_01588.png,G:\Ai-CDD\data\raw\dataset\train\NORMAL\normal_01588.png
normal,train,normal_01589.png,G:\Ai-CDD\data\raw\dataset\train\NORMAL\normal_01589.png
normal,train,normal_01590.png,G:\Ai-CDD\data\raw\dataset\train\NORMAL\normal_01590.png
normal,train,normal_01591.png,G:\Ai-CDD\data\raw\dataset\train\NORMAL\normal_01591.png
normal,train,normal_01592.png,G:\Ai-CDD\data\raw\dataset\train\NORMAL\normal_01592.png
normal,train,normal_01593.png,G:\Ai-CDD\data\raw\dataset\train\NORMAL\normal_01593.png
normal,train,normal_01594.png,G:\Ai-CDD\data\raw\dataset\train\NORMAL\normal_01594.png
normal,train,normal_01595.png,G:\Ai-CDD\data\raw\dataset\train\NORMAL\normal_01595.png
normal,train,normal_01596.png,G:\Ai-CDD\data\raw\dataset\train\NORMAL\normal_01596.png
normal,train,normal_01597.png,G:\Ai-CDD\data\raw\dataset\train\NORMAL\normal_01597.png
normal,train,normal_01598.png,G:\Ai-CDD\data\raw\dataset\train\NORMAL\normal_01598.png
normal,train,normal_01599.png,G:\Ai-CDD\data\raw\dataset\train\NORMAL\normal_01599.png
normal,train,normal_01600.png,G:\Ai-CDD\data\raw\dataset\train\NORMAL\normal_01600.png
normal,train,normal_01601.png,G:\Ai-CDD\data\raw\dataset\train\NORMAL\normal_01601.png
normal,train,normal_01602.png,G:\Ai-CDD\data\raw\dataset\train\NORMAL\normal_01602.png
normal,train,normal_01603.png,G:\Ai-CDD\data\raw\dataset\train\NORMAL\normal_01603.png
normal,train,normal_01604.png,G:\Ai-CDD\data\raw\dataset\train\NORMAL\normal_01604.png
normal,train,normal_01605.png,G:\Ai-CDD\data\raw\dataset\train\NORMAL\normal_01605.png
normal,train,normal_01606.png,G:\Ai-CDD\data\raw\dataset\train\NORMAL\normal_01606.png
normal,train,normal_01607.png,G:\Ai-CDD\data\raw\dataset\train\NORMAL\normal_01607.png
normal,train,normal_01608.png,G:\Ai-CDD\data\raw\dataset\train\NORMAL\normal_01608.png
normal,train,normal_01609.png,G:\Ai-CDD\data\raw\dataset\train\NORMAL\normal_01609.png
normal,train,normal_01610.png,G:\Ai-CDD\data\raw\dataset\train\NORMAL\normal_01610.png
normal,train,normal_01611.png,G:\Ai-CDD\data\raw\dataset\train\NORMAL\normal_01611.png
normal,train,normal_01612.png,G:\Ai-CDD\data\raw\dataset\train\NORMAL\normal_01612.png
normal,train,normal_01613.png,G:\Ai-CDD\data\raw\dataset\train\NORMAL\normal_01613.png
normal,train,normal_01614.png,G:\Ai-CDD\data\raw\dataset\train\NORMAL\normal_01614.png
normal,train,normal_01615.png,G:\Ai-CDD\data\raw\dataset\train\NORMAL\normal_01615.png
normal,train,normal_01616.png,G:\Ai-CDD\data\raw\dataset\train\NORMAL\normal_01616.png
normal,train,normal_01617.png,G:\Ai-CDD\data\raw\dataset\train\NORMAL\normal_01617.png
normal,train,normal_01618.png,G:\Ai-CDD\data\raw\dataset\train\NORMAL\normal_01618.png
normal,train,normal_01619.png,G:\Ai-CDD\data\raw\dataset\train\NORMAL\normal_01619.png
normal,train,normal_01620.png,G:\Ai-CDD\data\raw\dataset\train\NORMAL\normal_01620.png
normal,train,normal_01621.png,G:\Ai-CDD\data\raw\dataset\train\NORMAL\normal_01621.png
normal,train,normal_01622.png,G:\Ai-CDD\data\raw\dataset\train\NORMAL\normal_01622.png
normal,train,normal_01623.png,G:\Ai-CDD\data\raw\dataset\train\NORMAL\normal_01623.png
normal,train,normal_01624.png,G:\Ai-CDD\data\raw\dataset\train\NORMAL\normal_01624.png
normal,train,normal_01625.png,G:\Ai-CDD\data\raw\dataset\train\NORMAL\normal_01625.png
normal,train,normal_01626.png,G:\Ai-CDD\data\raw\dataset\train\NORMAL\normal_01626.png
normal,train,normal_01627.png,G:\Ai-CDD\data\raw\dataset\train\NORMAL\normal_01627.png
normal,train,normal_01628.png,G:\Ai-CDD\data\raw\dataset\train\NORMAL\normal_01628.png
normal,train,normal_01629.png,G:\Ai-CDD\data\raw\dataset\train\NORMAL\normal_01629.png
normal,train,normal_01630.png,G:\Ai-CDD\data\raw\dataset\train\NORMAL\normal_01630.png
normal,train,normal_01631.png,G:\Ai-CDD\data\raw\dataset\train\NORMAL\normal_01631.png
normal,train,normal_01632.png,G:\Ai-CDD\data\raw\dataset\train\NORMAL\normal_01632.png
normal,train,normal_01633.png,G:\Ai-CDD\data\raw\dataset\train\NORMAL\normal_01633.png
normal,train,normal_01634.png,G:\Ai-CDD\data\raw\dataset\train\NORMAL\normal_01634.png
normal,train,normal_01635.png,G:\Ai-CDD\data\raw\dataset\train\NORMAL\normal_01635.png
normal,train,normal_01636.png,G:\Ai-CDD\data\raw\dataset\train\NORMAL\normal_01636.png
normal,train,normal_01637.png,G:\Ai-CDD\data\raw\dataset\train\NORMAL\normal_01637.png
normal,train,normal_01638.png,G:\Ai-CDD\data\raw\dataset\train\NORMAL\normal_01638.png
normal,train,normal_01639.png,G:\Ai-CDD\data\raw\dataset\train\NORMAL\normal_01639.png
normal,train,normal_01640.png,G:\Ai-CDD\data\raw\dataset\train\NORMAL\normal_01640.png
normal,train,normal_01641.png,G:\Ai-CDD\data\raw\dataset\train\NORMAL\normal_01641.png
normal,train,normal_01642.png,G:\Ai-CDD\data\raw\dataset\train\NORMAL\normal_01642.png
normal,train,normal_01643.png,G:\Ai-CDD\data\raw\dataset\train\NORMAL\normal_01643.png
normal,train,normal_01644.png,G:\Ai-CDD\data\raw\dataset\train\NORMAL\normal_01644.png
normal,train,normal_01645.png,G:\Ai-CDD\data\raw\dataset\train\NORMAL\normal_01645.png
normal,train,normal_01646.png,G:\Ai-CDD\data\raw\dataset\train\NORMAL\normal_01646.png
normal,train,normal_01647.png,G:\Ai-CDD\data\raw\dataset\train\NORMAL\normal_01647.png
normal,train,normal_01648.png,G:\Ai-CDD\data\raw\dataset\train\NORMAL\normal_01648.png
normal,train,normal_01649.png,G:\Ai-CDD\data\raw\dataset\train\NORMAL\normal_01649.png
normal,train,normal_01650.png,G:\Ai-CDD\data\raw\dataset\train\NORMAL\normal_01650.png
normal,train,normal_01651.png,G:\Ai-CDD\data\raw\dataset\train\NORMAL\normal_01651.png
normal,train,normal_01652.png,G:\Ai-CDD\data\raw\dataset\train\NORMAL\normal_01652.png
normal,train,normal_01653.png,G:\Ai-CDD\data\raw\dataset\train\NORMAL\normal_01653.png
normal,train,normal_01654.png,G:\Ai-CDD\data\raw\dataset\train\NORMAL\normal_01654.png
normal,train,normal_01655.png,G:\Ai-CDD\data\raw\dataset\train\NORMAL\normal_01655.png
normal,train,normal_01656.png,G:\Ai-CDD\data\raw\dataset\train\NORMAL\normal_01656.png
normal,train,normal_01657.png,G:\Ai-CDD\data\raw\dataset\train\NORMAL\normal_01657.png
normal,train,normal_01658.png,G:\Ai-CDD\data\raw\dataset\train\NORMAL\normal_01658.png
normal,train,normal_01659.png,G:\Ai-CDD\data\raw\dataset\train\NORMAL\normal_01659.png
normal,train,normal_01660.png,G:\Ai-CDD\data\raw\dataset\train\NORMAL\normal_01660.png
normal,train,normal_01661.png,G:\Ai-CDD\data\raw\dataset\train\NORMAL\normal_01661.png
normal,train,normal_01662.png,G:\Ai-CDD\data\raw\dataset\train\NORMAL\normal_01662.png
normal,train,normal_01663.png,G:\Ai-CDD\data\raw\dataset\train\NORMAL\normal_01663.png
normal,train,normal_01664.png,G:\Ai-CDD\data\raw\dataset\train\NORMAL\normal_01664.png
normal,train,normal_01665.png,G:\Ai-CDD\data\raw\dataset\train\NORMAL\normal_01665.png
normal,train,normal_01666.png,G:\Ai-CDD\data\raw\dataset\train\NORMAL\normal_01666.png
normal,train,normal_01667.png,G:\Ai-CDD\data\raw\dataset\train\NORMAL\normal_01667.png
normal,train,normal_01668.png,G:\Ai-CDD\data\raw\dataset\train\NORMAL\normal_01668.png
normal,train,normal_01669.png,G:\Ai-CDD\data\raw\dataset\train\NORMAL\normal_01669.png
normal,train,normal_01670.png,G:\Ai-CDD\data\raw\dataset\train\NORMAL\normal_01670.png
normal,train,normal_01671.png,G:\Ai-CDD\data\raw\dataset\train\NORMAL\normal_01671.png
normal,train,normal_01672.png,G:\Ai-CDD\data\raw\dataset\train\NORMAL\normal_01672.png
normal,train,normal_01673.png,G:\Ai-CDD\data\raw\dataset\train\NORMAL\normal_01673.png
normal,train,normal_01674.png,G:\Ai-CDD\data\raw\dataset\train\NORMAL\normal_01674.png
normal,train,normal_01675.png,G:\Ai-CDD\data\raw\dataset\train\NORMAL\normal_01675.png
normal,train,normal_01676.png,G:\Ai-CDD\data\raw\dataset\train\NORMAL\normal_01676.png
normal,train,normal_01677.png,G:\Ai-CDD\data\raw\dataset\train\NORMAL\normal_01677.png
normal,train,normal_01678.png,G:\Ai-CDD\data\raw\dataset\train\NORMAL\normal_01678.png
normal,train,normal_01679.png,G:\Ai-CDD\data\raw\dataset\train\NORMAL\normal_01679.png
normal,train,normal_01680.png,G:\Ai-CDD\data\raw\dataset\train\NORMAL\normal_01680.png
normal,train,normal_01681.png,G:\Ai-CDD\data\raw\dataset\train\NORMAL\normal_01681.png
normal,train,normal_01682.png,G:\Ai-CDD\data\raw\dataset\train\NORMAL\normal_01682.png
normal,train,normal_01683.png,G:\Ai-CDD\data\raw\dataset\train\NORMAL\normal_01683.png
normal,train,normal_01684.png,G:\Ai-CDD\data\raw\dataset\train\NORMAL\normal_01684.png
normal,train,normal_01685.png,G:\Ai-CDD\data\raw\dataset\train\NORMAL\normal_01685.png
normal,train,normal_01686.png,G:\Ai-CDD\data\raw\dataset\train\NORMAL\normal_01686.png
normal,train,normal_01687.png,G:\Ai-CDD\data\raw\dataset\train\NORMAL\normal_01687.png
normal,train,normal_01688.png,G:\Ai-CDD\data\raw\dataset\train\NORMAL\normal_01688.png
normal,train,normal_01689.png,G:\Ai-CDD\data\raw\dataset\train\NORMAL\normal_01689.png
normal,train,normal_01690.png,G:\Ai-CDD\data\raw\dataset\train\NORMAL\normal_01690.png
normal,train,normal_01691.png,G:\Ai-CDD\data\raw\dataset\train\NORMAL\normal_01691.png
normal,train,normal_01692.png,G:\Ai-CDD\data\raw\dataset\train\NORMAL\normal_01692.png
normal,train,normal_01693.png,G:\Ai-CDD\data\raw\dataset\train\NORMAL\normal_01693.png
normal,train,normal_01694.png,G:\Ai-CDD\data\raw\dataset\train\NORMAL\normal_01694.png
normal,train,normal_01695.png,G:\Ai-CDD\data\raw\dataset\train\NORMAL\normal_01695.png
normal,train,normal_01696.png,G:\Ai-CDD\data\raw\dataset\train\NORMAL\normal_01696.png
normal,train,normal_01697.png,G:\Ai-CDD\data\raw\dataset\train\NORMAL\normal_01697.png
normal,train,normal_01698.png,G:\Ai-CDD\data\raw\dataset\train\NORMAL\normal_01698.png
normal,train,normal_01699.png,G:\Ai-CDD\data\raw\dataset\train\NORMAL\normal_01699.png
normal,train,normal_01700.png,G:\Ai-CDD\data\raw\dataset\train\NORMAL\normal_01700.png
normal,train,normal_01701.png,G:\Ai-CDD\data\raw\dataset\train\NORMAL\normal_01701.png
normal,train,normal_01702.png,G:\Ai-CDD\data\raw\dataset\train\NORMAL\normal_01702.png
normal,train,normal_01703.png,G:\Ai-CDD\data\raw\dataset\train\NORMAL\normal_01703.png
normal,train,normal_01704.png,G:\Ai-CDD\data\raw\dataset\train\NORMAL\normal_01704.png
normal,train,normal_01705.png,G:\Ai-CDD\data\raw\dataset\train\NORMAL\normal_01705.png
normal,train,normal_01706.png,G:\Ai-CDD\data\raw\dataset\train\NORMAL\normal_01706.png
normal,train,normal_01707.png,G:\Ai-CDD\data\raw\dataset\train\NORMAL\normal_01707.png
normal,train,normal_01708.png,G:\Ai-CDD\data\raw\dataset\train\NORMAL\normal_01708.png
normal,train,normal_01709.png,G:\Ai-CDD\data\raw\dataset\train\NORMAL\normal_01709.png
normal,train,normal_01710.png,G:\Ai-CDD\data\raw\dataset\train\NORMAL\normal_01710.png
normal,train,normal_01711.png,G:\Ai-CDD\data\raw\dataset\train\NORMAL\normal_01711.png
normal,train,normal_01712.png,G:\Ai-CDD\data\raw\dataset\train\NORMAL\normal_01712.png
normal,train,normal_01713.png,G:\Ai-CDD\data\raw\dataset\train\NORMAL\normal_01713.png
normal,train,normal_01714.png,G:\Ai-CDD\data\raw\dataset\train\NORMAL\normal_01714.png
normal,train,normal_01715.png,G:\Ai-CDD\data\raw\dataset\train\NORMAL\normal_01715.png
normal,train,normal_01716.png,G:\Ai-CDD\data\raw\dataset\train\NORMAL\normal_01716.png
normal,train,normal_01717.png,G:\Ai-CDD\data\raw\dataset\train\NORMAL\normal_01717.png
normal,train,normal_01718.png,G:\Ai-CDD\data\raw\dataset\train\NORMAL\normal_01718.png
normal,train,normal_01719.png,G:\Ai-CDD\data\raw\dataset\train\NORMAL\normal_01719.png
normal,train,normal_01720.png,G:\Ai-CDD\data\raw\dataset\train\NORMAL\normal_01720.png
normal,train,normal_01721.png,G:\Ai-CDD\data\raw\dataset\train\NORMAL\normal_01721.png
normal,train,normal_01722.png,G:\Ai-CDD\data\raw\dataset\train\NORMAL\normal_01722.png
normal,train,normal_01723.png,G:\Ai-CDD\data\raw\dataset\train\NORMAL\normal_01723.png
normal,train,normal_01724.png,G:\Ai-CDD\data\raw\dataset\train\NORMAL\normal_01724.png
normal,train,normal_01725.png,G:\Ai-CDD\data\raw\dataset\train\NORMAL\normal_01725.png
normal,train,normal_01726.png,G:\Ai-CDD\data\raw\dataset\train\NORMAL\normal_01726.png
normal,train,normal_01727.png,G:\Ai-CDD\data\raw\dataset\train\NORMAL\normal_01727.png
normal,train,normal_01728.png,G:\Ai-CDD\data\raw\dataset\train\NORMAL\normal_01728.png
normal,train,normal_01729.png,G:\Ai-CDD\data\raw\dataset\train\NORMAL\normal_01729.png
normal,train,normal_01730.png,G:\Ai-CDD\data\raw\dataset\train\NORMAL\normal_01730.png
normal,train,normal_01731.png,G:\Ai-CDD\data\raw\dataset\train\NORMAL\normal_01731.png
normal,train,normal_01732.png,G:\Ai-CDD\data\raw\dataset\train\NORMAL\normal_01732.png
normal,train,normal_01733.png,G:\Ai-CDD\data\raw\dataset\train\NORMAL\normal_01733.png
normal,train,normal_01734.png,G:\Ai-CDD\data\raw\dataset\train\NORMAL\normal_01734.png
normal,train,normal_01735.png,G:\Ai-CDD\data\raw\dataset\train\NORMAL\normal_01735.png
normal,train,normal_01736.png,G:\Ai-CDD\data\raw\dataset\train\NORMAL\normal_01736.png
normal,train,normal_01737.png,G:\Ai-CDD\data\raw\dataset\train\NORMAL\normal_01737.png
normal,train,normal_01738.png,G:\Ai-CDD\data\raw\dataset\train\NORMAL\normal_01738.png
normal,train,normal_01739.png,G:\Ai-CDD\data\raw\dataset\train\NORMAL\normal_01739.png
normal,train,normal_01740.png,G:\Ai-CDD\data\raw\dataset\train\NORMAL\normal_01740.png
normal,train,normal_01741.png,G:\Ai-CDD\data\raw\dataset\train\NORMAL\normal_01741.png
normal,train,normal_01742.png,G:\Ai-CDD\data\raw\dataset\train\NORMAL\normal_01742.png
normal,train,normal_01743.png,G:\Ai-CDD\data\raw\dataset\train\NORMAL\normal_01743.png
normal,train,normal_01744.png,G:\Ai-CDD\data\raw\dataset\train\NORMAL\normal_01744.png
normal,train,normal_01745.png,G:\Ai-CDD\data\raw\dataset\train\NORMAL\normal_01745.png
normal,train,normal_01746.png,G:\Ai-CDD\data\raw\dataset\train\NORMAL\normal_01746.png
normal,train,normal_01747.png,G:\Ai-CDD\data\raw\dataset\train\NORMAL\normal_01747.png
normal,train,normal_01748.png,G:\Ai-CDD\data\raw\dataset\train\NORMAL\normal_01748.png
normal,train,normal_01749.png,G:\Ai-CDD\data\raw\dataset\train\NORMAL\normal_01749.png
normal,train,normal_01750.png,G:\Ai-CDD\data\raw\dataset\train\NORMAL\normal_01750.png
normal,train,normal_01751.png,G:\Ai-CDD\data\raw\dataset\train\NORMAL\normal_01751.png
normal,train,normal_01752.png,G:\Ai-CDD\data\raw\dataset\train\NORMAL\normal_01752.png
normal,train,normal_01753.png,G:\Ai-CDD\data\raw\dataset\train\NORMAL\normal_01753.png
normal,train,normal_01754.png,G:\Ai-CDD\data\raw\dataset\train\NORMAL\normal_01754.png
normal,train,normal_01755.png,G:\Ai-CDD\data\raw\dataset\train\NORMAL\normal_01755.png
normal,train,normal_01756.png,G:\Ai-CDD\data\raw\dataset\train\NORMAL\normal_01756.png
normal,train,normal_01757.png,G:\Ai-CDD\data\raw\dataset\train\NORMAL\normal_01757.png
normal,train,normal_01758.png,G:\Ai-CDD\data\raw\dataset\train\NORMAL\normal_01758.png
normal,train,normal_01759.png,G:\Ai-CDD\data\raw\dataset\train\NORMAL\normal_01759.png
normal,train,normal_01760.png,G:\Ai-CDD\data\raw\dataset\train\NORMAL\normal_01760.png
normal,train,normal_01761.png,G:\Ai-CDD\data\raw\dataset\train\NORMAL\normal_01761.png
normal,train,normal_01762.png,G:\Ai-CDD\data\raw\dataset\train\NORMAL\normal_01762.png
normal,train,normal_01763.png,G:\Ai-CDD\data\raw\dataset\train\NORMAL\normal_01763.png
normal,train,normal_01764.png,G:\Ai-CDD\data\raw\dataset\train\NORMAL\normal_01764.png
normal,train,normal_01765.png,G:\Ai-CDD\data\raw\dataset\train\NORMAL\normal_01765.png
normal,train,normal_01766.png,G:\Ai-CDD\data\raw\dataset\train\NORMAL\normal_01766.png
normal,train,normal_01767.png,G:\Ai-CDD\data\raw\dataset\train\NORMAL\normal_01767.png
normal,train,normal_01768.png,G:\Ai-CDD\data\raw\dataset\train\NORMAL\normal_01768.png
normal,train,normal_01769.png,G:\Ai-CDD\data\raw\dataset\train\NORMAL\normal_01769.png
normal,train,normal_01770.png,G:\Ai-CDD\data\raw\dataset\train\NORMAL\normal_01770.png
normal,train,normal_01771.png,G:\Ai-CDD\data\raw\dataset\train\NORMAL\normal_01771.png
normal,train,normal_01772.png,G:\Ai-CDD\data\raw\dataset\train\NORMAL\normal_01772.png
normal,train,normal_01773.png,G:\Ai-CDD\data\raw\dataset\train\NORMAL\normal_01773.png
normal,train,normal_01774.png,G:\Ai-CDD\data\raw\dataset\train\NORMAL\normal_01774.png
normal,train,normal_01775.png,G:\Ai-CDD\data\raw\dataset\train\NORMAL\normal_01775.png
normal,train,normal_01776.png,G:\Ai-CDD\data\raw\dataset\train\NORMAL\normal_01776.png
normal,train,normal_01777.png,G:\Ai-CDD\data\raw\dataset\train\NORMAL\normal_01777.png
normal,train,normal_01778.png,G:\Ai-CDD\data\raw\dataset\train\NORMAL\normal_01778.png
normal,train,normal_01779.png,G:\Ai-CDD\data\raw\dataset\train\NORMAL\normal_01779.png
normal,train,normal_01780.png,G:\Ai-CDD\data\raw\dataset\train\NORMAL\normal_01780.png
normal,train,normal_01781.png,G:\Ai-CDD\data\raw\dataset\train\NORMAL\normal_01781.png
normal,train,normal_01782.png,G:\Ai-CDD\data\raw\dataset\train\NORMAL\normal_01782.png
normal,train,normal_01783.png,G:\Ai-CDD\data\raw\dataset\train\NORMAL\normal_01783.png
normal,train,normal_01784.png,G:\Ai-CDD\data\raw\dataset\train\NORMAL\normal_01784.png
normal,train,normal_01785.png,G:\Ai-CDD\data\raw\dataset\train\NORMAL\normal_01785.png
normal,train,normal_01786.png,G:\Ai-CDD\data\raw\dataset\train\NORMAL\normal_01786.png
normal,train,normal_01787.png,G:\Ai-CDD\data\raw\dataset\train\NORMAL\normal_01787.png
normal,train,normal_01788.png,G:\Ai-CDD\data\raw\dataset\train\NORMAL\normal_01788.png
normal,train,normal_01789.png,G:\Ai-CDD\data\raw\dataset\train\NORMAL\normal_01789.png
normal,train,normal_01790.png,G:\Ai-CDD\data\raw\dataset\train\NORMAL\normal_01790.png
normal,train,normal_01791.png,G:\Ai-CDD\data\raw\dataset\train\NORMAL\normal_01791.png
normal,train,normal_01792.png,G:\Ai-CDD\data\raw\dataset\train\NORMAL\normal_01792.png
normal,train,normal_01793.png,G:\Ai-CDD\data\raw\dataset\train\NORMAL\normal_01793.png
normal,train,normal_01794.png,G:\Ai-CDD\data\raw\dataset\train\NORMAL\normal_01794.png
normal,train,normal_01795.png,G:\Ai-CDD\data\raw\dataset\train\NORMAL\normal_01795.png
normal,train,normal_01796.png,G:\Ai-CDD\data\raw\dataset\train\NORMAL\normal_01796.png
normal,train,normal_01797.png,G:\Ai-CDD\data\raw\dataset\train\NORMAL\normal_01797.png
normal,train,normal_01798.png,G:\Ai-CDD\data\raw\dataset\train\NORMAL\normal_01798.png
normal,train,normal_01799.png,G:\Ai-CDD\data\raw\dataset\train\NORMAL\normal_01799.png
normal,train,normal_01800.png,G:\Ai-CDD\data\raw\dataset\train\NORMAL\normal_01800.png
normal,train,normal_01801.png,G:\Ai-CDD\data\raw\dataset\train\NORMAL\normal_01801.png
normal,train,normal_01802.png,G:\Ai-CDD\data\raw\dataset\train\NORMAL\normal_01802.png
normal,train,normal_01803.png,G:\Ai-CDD\data\raw\dataset\train\NORMAL\normal_01803.png
normal,train,normal_01804.png,G:\Ai-CDD\data\raw\dataset\train\NORMAL\normal_01804.png
normal,train,normal_01805.png,G:\Ai-CDD\data\raw\dataset\train\NORMAL\normal_01805.png
normal,train,normal_01806.png,G:\Ai-CDD\data\raw\dataset\train\NORMAL\normal_01806.png
normal,train,normal_01807.png,G:\Ai-CDD\data\raw\dataset\train\NORMAL\normal_01807.png
normal,train,normal_01808.png,G:\Ai-CDD\data\raw\dataset\train\NORMAL\normal_01808.png
normal,train,normal_01809.png,G:\Ai-CDD\data\raw\dataset\train\NORMAL\normal_01809.png
normal,train,normal_01810.png,G:\Ai-CDD\data\raw\dataset\train\NORMAL\normal_01810.png
normal,train,normal_01811.png,G:\Ai-CDD\data\raw\dataset\train\NORMAL\normal_01811.png
normal,train,normal_01812.png,G:\Ai-CDD\data\raw\dataset\train\NORMAL\normal_01812.png
normal,train,normal_01813.png,G:\Ai-CDD\data\raw\dataset\train\NORMAL\normal_01813.png
normal,train,normal_01814.png,G:\Ai-CDD\data\raw\dataset\train\NORMAL\normal_01814.png
normal,train,normal_01815.png,G:\Ai-CDD\data\raw\dataset\train\NORMAL\normal_01815.png
normal,train,normal_01816.png,G:\Ai-CDD\data\raw\dataset\train\NORMAL\normal_01816.png
normal,train,normal_01817.png,G:\Ai-CDD\data\raw\dataset\train\NORMAL\normal_01817.png
normal,train,normal_01818.png,G:\Ai-CDD\data\raw\dataset\train\NORMAL\normal_01818.png
normal,train,normal_01819.png,G:\Ai-CDD\data\raw\dataset\train\NORMAL\normal_01819.png
normal,train,normal_01820.png,G:\Ai-CDD\data\raw\dataset\train\NORMAL\normal_01820.png
normal,train,normal_01821.png,G:\Ai-CDD\data\raw\dataset\train\NORMAL\normal_01821.png
normal,train,normal_01822.png,G:\Ai-CDD\data\raw\dataset\train\NORMAL\normal_01822.png
normal,train,normal_01823.png,G:\Ai-CDD\data\raw\dataset\train\NORMAL\normal_01823.png
normal,train,normal_01824.png,G:\Ai-CDD\data\raw\dataset\train\NORMAL\normal_01824.png
normal,train,normal_01825.png,G:\Ai-CDD\data\raw\dataset\train\NORMAL\normal_01825.png
normal,train,normal_01826.png,G:\Ai-CDD\data\raw\dataset\train\NORMAL\normal_01826.png
normal,train,normal_01827.png,G:\Ai-CDD\data\raw\dataset\train\NORMAL\normal_01827.png
normal,train,normal_01828.png,G:\Ai-CDD\data\raw\dataset\train\NORMAL\normal_01828.png
normal,train,normal_01829.png,G:\Ai-CDD\data\raw\dataset\train\NORMAL\normal_01829.png
normal,train,normal_01830.png,G:\Ai-CDD\data\raw\dataset\train\NORMAL\normal_01830.png
normal,train,normal_01831.png,G:\Ai-CDD\data\raw\dataset\train\NORMAL\normal_01831.png
normal,train,normal_01832.png,G:\Ai-CDD\data\raw\dataset\train\NORMAL\normal_01832.png
normal,train,normal_01833.png,G:\Ai-CDD\data\raw\dataset\train\NORMAL\normal_01833.png
normal,train,normal_01834.png,G:\Ai-CDD\data\raw\dataset\train\NORMAL\normal_01834.png
normal,train,normal_01835.png,G:\Ai-CDD\data\raw\dataset\train\NORMAL\normal_01835.png
normal,train,normal_01836.png,G:\Ai-CDD\data\raw\dataset\train\NORMAL\normal_01836.png
normal,train,normal_01837.png,G:\Ai-CDD\data\raw\dataset\train\NORMAL\normal_01837.png
normal,train,normal_01838.png,G:\Ai-CDD\data\raw\dataset\train\NORMAL\normal_01838.png
normal,train,normal_01839.png,G:\Ai-CDD\data\raw\dataset\train\NORMAL\normal_01839.png
normal,train,normal_01840.png,G:\Ai-CDD\data\raw\dataset\train\NORMAL\normal_01840.png
normal,train,normal_01841.png,G:\Ai-CDD\data\raw\dataset\train\NORMAL\normal_01841.png
normal,train,normal_01842.png,G:\Ai-CDD\data\raw\dataset\train\NORMAL\normal_01842.png
normal,train,normal_01843.png,G:\Ai-CDD\data\raw\dataset\train\NORMAL\normal_01843.png
normal,train,normal_01844.png,G:\Ai-CDD\data\raw\dataset\train\NORMAL\normal_01844.png
normal,train,normal_01845.png,G:\Ai-CDD\data\raw\dataset\train\NORMAL\normal_01845.png
normal,train,normal_01846.png,G:\Ai-CDD\data\raw\dataset\train\NORMAL\normal_01846.png
normal,train,normal_01847.png,G:\Ai-CDD\data\raw\dataset\train\NORMAL\normal_01847.png
normal,train,normal_01848.png,G:\Ai-CDD\data\raw\dataset\train\NORMAL\normal_01848.png
normal,train,normal_01849.png,G:\Ai-CDD\data\raw\dataset\train\NORMAL\normal_01849.png
normal,train,normal_01850.png,G:\Ai-CDD\data\raw\dataset\train\NORMAL\normal_01850.png
normal,train,normal_01851.png,G:\Ai-CDD\data\raw\dataset\train\NORMAL\normal_01851.png
normal,train,normal_01852.png,G:\Ai-CDD\data\raw\dataset\train\NORMAL\normal_01852.png
normal,train,normal_01853.png,G:\Ai-CDD\data\raw\dataset\train\NORMAL\normal_01853.png
normal,train,normal_01854.png,G:\Ai-CDD\data\raw\dataset\train\NORMAL\normal_01854.png
normal,train,normal_01855.png,G:\Ai-CDD\data\raw\dataset\train\NORMAL\normal_01855.png
normal,train,normal_01856.png,G:\Ai-CDD\data\raw\dataset\train\NORMAL\normal_01856.png
normal,train,normal_01857.png,G:\Ai-CDD\data\raw\dataset\train\NORMAL\normal_01857.png
normal,train,normal_01858.png,G:\Ai-CDD\data\raw\dataset\train\NORMAL\normal_01858.png
normal,train,normal_01859.png,G:\Ai-CDD\data\raw\dataset\train\NORMAL\normal_01859.png
normal,train,normal_01860.png,G:\Ai-CDD\data\raw\dataset\train\NORMAL\normal_01860.png
normal,train,normal_01861.png,G:\Ai-CDD\data\raw\dataset\train\NORMAL\normal_01861.png
normal,train,normal_01862.png,G:\Ai-CDD\data\raw\dataset\train\NORMAL\normal_01862.png
normal,train,normal_01863.png,G:\Ai-CDD\data\raw\dataset\train\NORMAL\normal_01863.png
normal,train,normal_01864.png,G:\Ai-CDD\data\raw\dataset\train\NORMAL\normal_01864.png
normal,train,normal_01865.png,G:\Ai-CDD\data\raw\dataset\train\NORMAL\normal_01865.png
normal,train,normal_01866.png,G:\Ai-CDD\data\raw\dataset\train\NORMAL\normal_01866.png
normal,train,normal_01867.png,G:\Ai-CDD\data\raw\dataset\train\NORMAL\normal_01867.png
normal,train,normal_01868.png,G:\Ai-CDD\data\raw\dataset\train\NORMAL\normal_01868.png
normal,train,normal_01869.png,G:\Ai-CDD\data\raw\dataset\train\NORMAL\normal_01869.png
normal,train,normal_01870.png,G:\Ai-CDD\data\raw\dataset\train\NORMAL\normal_01870.png
normal,train,normal_01871.png,G:\Ai-CDD\data\raw\dataset\train\NORMAL\normal_01871.png
normal,train,normal_01872.png,G:\Ai-CDD\data\raw\dataset\train\NORMAL\normal_01872.png
normal,train,normal_01873.png,G:\Ai-CDD\data\raw\dataset\train\NORMAL\normal_01873.png
normal,train,normal_01874.png,G:\Ai-CDD\data\raw\dataset\train\NORMAL\normal_01874.png
normal,train,normal_01875.png,G:\Ai-CDD\data\raw\dataset\train\NORMAL\normal_01875.png
normal,train,normal_01876.png,G:\Ai-CDD\data\raw\dataset\train\NORMAL\normal_01876.png
normal,train,normal_01877.png,G:\Ai-CDD\data\raw\dataset\train\NORMAL\normal_01877.png
normal,train,normal_01878.png,G:\Ai-CDD\data\raw\dataset\train\NORMAL\normal_01878.png
normal,train,normal_01879.png,G:\Ai-CDD\data\raw\dataset\train\NORMAL\normal_01879.png
normal,train,normal_01880.png,G:\Ai-CDD\data\raw\dataset\train\NORMAL\normal_01880.png
normal,train,normal_01881.png,G:\Ai-CDD\data\raw\dataset\train\NORMAL\normal_01881.png
normal,train,normal_01882.png,G:\Ai-CDD\data\raw\dataset\train\NORMAL\normal_01882.png
normal,train,normal_01883.png,G:\Ai-CDD\data\raw\dataset\train\NORMAL\normal_01883.png
normal,train,normal_01884.png,G:\Ai-CDD\data\raw\dataset\train\NORMAL\normal_01884.png
normal,train,normal_01885.png,G:\Ai-CDD\data\raw\dataset\train\NORMAL\normal_01885.png
normal,train,normal_01886.png,G:\Ai-CDD\data\raw\dataset\train\NORMAL\normal_01886.png
normal,train,normal_01887.png,G:\Ai-CDD\data\raw\dataset\train\NORMAL\normal_01887.png
normal,train,normal_01888.png,G:\Ai-CDD\data\raw\dataset\train\NORMAL\normal_01888.png
normal,train,normal_01889.png,G:\Ai-CDD\data\raw\dataset\train\NORMAL\normal_01889.png
normal,train,normal_01890.png,G:\Ai-CDD\data\raw\dataset\train\NORMAL\normal_01890.png
normal,train,normal_01891.png,G:\Ai-CDD\data\raw\dataset\train\NORMAL\normal_01891.png
normal,train,normal_01892.png,G:\Ai-CDD\data\raw\dataset\train\NORMAL\normal_01892.png
normal,train,normal_01893.png,G:\Ai-CDD\data\raw\dataset\train\NORMAL\normal_01893.png
normal,train,normal_01894.png,G:\Ai-CDD\data\raw\dataset\train\NORMAL\normal_01894.png
normal,train,normal_01895.png,G:\Ai-CDD\data\raw\dataset\train\NORMAL\normal_01895.png
normal,train,normal_01896.png,G:\Ai-CDD\data\raw\dataset\train\NORMAL\normal_01896.png
normal,train,normal_01897.png,G:\Ai-CDD\data\raw\dataset\train\NORMAL\normal_01897.png
normal,train,normal_01898.png,G:\Ai-CDD\data\raw\dataset\train\NORMAL\normal_01898.png
normal,train,normal_01899.png,G:\Ai-CDD\data\raw\dataset\train\NORMAL\normal_01899.png
normal,train,normal_01900.png,G:\Ai-CDD\data\raw\dataset\train\NORMAL\normal_01900.png
normal,train,normal_01901.png,G:\Ai-CDD\data\raw\dataset\train\NORMAL\normal_01901.png
normal,train,normal_01902.png,G:\Ai-CDD\data\raw\dataset\train\NORMAL\normal_01902.png
normal,train,normal_01903.png,G:\Ai-CDD\data\raw\dataset\train\NORMAL\normal_01903.png
normal,train,normal_01904.png,G:\Ai-CDD\data\raw\dataset\train\NORMAL\normal_01904.png
normal,train,normal_01905.png,G:\Ai-CDD\data\raw\dataset\train\NORMAL\normal_01905.png
normal,train,normal_01906.png,G:\Ai-CDD\data\raw\dataset\train\NORMAL\normal_01906.png
normal,train,normal_01907.png,G:\Ai-CDD\data\raw\dataset\train\NORMAL\normal_01907.png
normal,train,normal_01908.png,G:\Ai-CDD\data\raw\dataset\train\NORMAL\normal_01908.png
normal,train,normal_01909.png,G:\Ai-CDD\data\raw\dataset\train\NORMAL\normal_01909.png
normal,train,normal_01910.png,G:\Ai-CDD\data\raw\dataset\train\NORMAL\normal_01910.png
normal,train,normal_01911.png,G:\Ai-CDD\data\raw\dataset\train\NORMAL\normal_01911.png
normal,train,normal_01912.png,G:\Ai-CDD\data\raw\dataset\train\NORMAL\normal_01912.png
normal,train,normal_01913.png,G:\Ai-CDD\data\raw\dataset\train\NORMAL\normal_01913.png
normal,train,normal_01914.png,G:\Ai-CDD\data\raw\dataset\train\NORMAL\normal_01914.png
normal,train,normal_01915.png,G:\Ai-CDD\data\raw\dataset\train\NORMAL\normal_01915.png
normal,train,normal_01916.png,G:\Ai-CDD\data\raw\dataset\train\NORMAL\normal_01916.png
normal,train,normal_01917.png,G:\Ai-CDD\data\raw\dataset\train\NORMAL\normal_01917.png
normal,train,normal_01918.png,G:\Ai-CDD\data\raw\dataset\train\NORMAL\normal_01918.png
normal,train,normal_01919.png,G:\Ai-CDD\data\raw\dataset\train\NORMAL\normal_01919.png
normal,train,normal_01920.png,G:\Ai-CDD\data\raw\dataset\train\NORMAL\normal_01920.png
normal,train,normal_01921.png,G:\Ai-CDD\data\raw\dataset\train\NORMAL\normal_01921.png
normal,train,normal_01922.png,G:\Ai-CDD\data\raw\dataset\train\NORMAL\normal_01922.png
normal,train,normal_01923.png,G:\Ai-CDD\data\raw\dataset\train\NORMAL\normal_01923.png
normal,train,normal_01924.png,G:\Ai-CDD\data\raw\dataset\train\NORMAL\normal_01924.png
normal,train,normal_01925.png,G:\Ai-CDD\data\raw\dataset\train\NORMAL\normal_01925.png
normal,train,normal_01926.png,G:\Ai-CDD\data\raw\dataset\train\NORMAL\normal_01926.png
normal,train,normal_01927.png,G:\Ai-CDD\data\raw\dataset\train\NORMAL\normal_01927.png
normal,train,normal_01928.png,G:\Ai-CDD\data\raw\dataset\train\NORMAL\normal_01928.png
normal,train,normal_01929.png,G:\Ai-CDD\data\raw\dataset\train\NORMAL\normal_01929.png
normal,train,normal_01930.png,G:\Ai-CDD\data\raw\dataset\train\NORMAL\normal_01930.png
normal,train,normal_01931.png,G:\Ai-CDD\data\raw\dataset\train\NORMAL\normal_01931.png
normal,train,normal_01932.png,G:\Ai-CDD\data\raw\dataset\train\NORMAL\normal_01932.png
normal,train,normal_01933.png,G:\Ai-CDD\data\raw\dataset\train\NORMAL\normal_01933.png
normal,train,normal_01934.png,G:\Ai-CDD\data\raw\dataset\train\NORMAL\normal_01934.png
normal,train,normal_01935.png,G:\Ai-CDD\data\raw\dataset\train\NORMAL\normal_01935.png
normal,train,normal_01936.png,G:\Ai-CDD\data\raw\dataset\train\NORMAL\normal_01936.png
normal,train,normal_01937.png,G:\Ai-CDD\data\raw\dataset\train\NORMAL\normal_01937.png
normal,train,normal_01938.png,G:\Ai-CDD\data\raw\dataset\train\NORMAL\normal_01938.png
normal,train,normal_01939.png,G:\Ai-CDD\data\raw\dataset\train\NORMAL\normal_01939.png
normal,train,normal_01940.png,G:\Ai-CDD\data\raw\dataset\train\NORMAL\normal_01940.png
normal,train,normal_01941.png,G:\Ai-CDD\data\raw\dataset\train\NORMAL\normal_01941.png
normal,train,normal_01942.png,G:\Ai-CDD\data\raw\dataset\train\NORMAL\normal_01942.png
normal,train,normal_01943.png,G:\Ai-CDD\data\raw\dataset\train\NORMAL\normal_01943.png
normal,train,normal_01944.png,G:\Ai-CDD\data\raw\dataset\train\NORMAL\normal_01944.png
normal,train,normal_01945.png,G:\Ai-CDD\data\raw\dataset\train\NORMAL\normal_01945.png
normal,train,normal_01946.png,G:\Ai-CDD\data\raw\dataset\train\NORMAL\normal_01946.png
normal,train,normal_01947.png,G:\Ai-CDD\data\raw\dataset\train\NORMAL\normal_01947.png
normal,train,normal_01948.png,G:\Ai-CDD\data\raw\dataset\train\NORMAL\normal_01948.png
normal,train,normal_01949.png,G:\Ai-CDD\data\raw\dataset\train\NORMAL\normal_01949.png
normal,train,normal_01950.png,G:\Ai-CDD\data\raw\dataset\train\NORMAL\normal_01950.png
normal,train,normal_01951.png,G:\Ai-CDD\data\raw\dataset\train\NORMAL\normal_01951.png
normal,train,normal_01952.png,G:\Ai-CDD\data\raw\dataset\train\NORMAL\normal_01952.png
normal,train,normal_01953.png,G:\Ai-CDD\data\raw\dataset\train\NORMAL\normal_01953.png
normal,train,normal_01954.png,G:\Ai-CDD\data\raw\dataset\train\NORMAL\normal_01954.png
normal,train,normal_01955.png,G:\Ai-CDD\data\raw\dataset\train\NORMAL\normal_01955.png
normal,train,normal_01956.png,G:\Ai-CDD\data\raw\dataset\train\NORMAL\normal_01956.png
normal,train,normal_01957.png,G:\Ai-CDD\data\raw\dataset\train\NORMAL\normal_01957.png
normal,train,normal_01958.png,G:\Ai-CDD\data\raw\dataset\train\NORMAL\normal_01958.png
normal,train,normal_01959.png,G:\Ai-CDD\data\raw\dataset\train\NORMAL\normal_01959.png
normal,train,normal_01960.png,G:\Ai-CDD\data\raw\dataset\train\NORMAL\normal_01960.png
normal,train,normal_01961.png,G:\Ai-CDD\data\raw\dataset\train\NORMAL\normal_01961.png
normal,train,normal_01962.png,G:\Ai-CDD\data\raw\dataset\train\NORMAL\normal_01962.png
normal,train,normal_01963.png,G:\Ai-CDD\data\raw\dataset\train\NORMAL\normal_01963.png
normal,train,normal_01964.png,G:\Ai-CDD\data\raw\dataset\train\NORMAL\normal_01964.png
normal,train,normal_01965.png,G:\Ai-CDD\data\raw\dataset\train\NORMAL\normal_01965.png
normal,train,normal_01966.png,G:\Ai-CDD\data\raw\dataset\train\NORMAL\normal_01966.png
normal,train,normal_01967.png,G:\Ai-CDD\data\raw\dataset\train\NORMAL\normal_01967.png
normal,train,normal_01968.png,G:\Ai-CDD\data\raw\dataset\train\NORMAL\normal_01968.png
normal,train,normal_01969.png,G:\Ai-CDD\data\raw\dataset\train\NORMAL\normal_01969.png
normal,train,normal_01970.png,G:\Ai-CDD\data\raw\dataset\train\NORMAL\normal_01970.png
normal,train,normal_01971.png,G:\Ai-CDD\data\raw\dataset\train\NORMAL\normal_01971.png
normal,train,normal_01972.png,G:\Ai-CDD\data\raw\dataset\train\NORMAL\normal_01972.png
normal,train,normal_01973.png,G:\Ai-CDD\data\raw\dataset\train\NORMAL\normal_01973.png
normal,train,normal_01974.png,G:\Ai-CDD\data\raw\dataset\train\NORMAL\normal_01974.png
normal,train,normal_01975.png,G:\Ai-CDD\data\raw\dataset\train\NORMAL\normal_01975.png
normal,train,normal_01976.png,G:\Ai-CDD\data\raw\dataset\train\NORMAL\normal_01976.png
normal,train,normal_01977.png,G:\Ai-CDD\data\raw\dataset\train\NORMAL\normal_01977.png
normal,train,normal_01978.png,G:\Ai-CDD\data\raw\dataset\train\NORMAL\normal_01978.png
normal,train,normal_01979.png,G:\Ai-CDD\data\raw\dataset\train\NORMAL\normal_01979.png
normal,train,normal_01980.png,G:\Ai-CDD\data\raw\dataset\train\NORMAL\normal_01980.png
normal,train,normal_01981.png,G:\Ai-CDD\data\raw\dataset\train\NORMAL\normal_01981.png
normal,train,normal_01982.png,G:\Ai-CDD\data\raw\dataset\train\NORMAL\normal_01982.png
normal,train,normal_01983.png,G:\Ai-CDD\data\raw\dataset\train\NORMAL\normal_01983.png
normal,train,normal_01984.png,G:\Ai-CDD\data\raw\dataset\train\NORMAL\normal_01984.png
normal,train,normal_01985.png,G:\Ai-CDD\data\raw\dataset\train\NORMAL\normal_01985.png
normal,train,normal_01986.png,G:\Ai-CDD\data\raw\dataset\train\NORMAL\normal_01986.png
normal,train,normal_01987.png,G:\Ai-CDD\data\raw\dataset\train\NORMAL\normal_01987.png
normal,train,normal_01988.png,G:\Ai-CDD\data\raw\dataset\train\NORMAL\normal_01988.png
normal,train,normal_01989.png,G:\Ai-CDD\data\raw\dataset\train\NORMAL\normal_01989.png
normal,train,normal_01990.png,G:\Ai-CDD\data\raw\dataset\train\NORMAL\normal_01990.png
normal,train,normal_01991.png,G:\Ai-CDD\data\raw\dataset\train\NORMAL\normal_01991.png
normal,train,normal_01992.png,G:\Ai-CDD\data\raw\dataset\train\NORMAL\normal_01992.png
normal,train,normal_01993.png,G:\Ai-CDD\data\raw\dataset\train\NORMAL\normal_01993.png
normal,train,normal_01994.png,G:\Ai-CDD\data\raw\dataset\train\NORMAL\normal_01994.png
normal,train,normal_01995.png,G:\Ai-CDD\data\raw\dataset\train\NORMAL\normal_01995.png
normal,train,normal_01996.png,G:\Ai-CDD\data\raw\dataset\train\NORMAL\normal_01996.png
normal,train,normal_01997.png,G:\Ai-CDD\data\raw\dataset\train\NORMAL\normal_01997.png
normal,train,normal_01998.png,G:\Ai-CDD\data\raw\dataset\train\NORMAL\normal_01998.png
normal,train,normal_01999.png,G:\Ai-CDD\data\raw\dataset\train\NORMAL\normal_01999.png
normal,val,normal_00926.png,G:\Ai-CDD\data\raw\dataset\val\NORMAL\normal_00926.png
normal,val,normal_00927.png,G:\Ai-CDD\data\raw\dataset\val\NORMAL\normal_00927.png
normal,val,normal_00928.png,G:\Ai-CDD\data\raw\dataset\val\NORMAL\normal_00928.png
normal,val,normal_00929.png,G:\Ai-CDD\data\raw\dataset\val\NORMAL\normal_00929.png
normal,val,normal_00930.png,G:\Ai-CDD\data\raw\dataset\val\NORMAL\normal_00930.png
normal,val,normal_00931.png,G:\Ai-CDD\data\raw\dataset\val\NORMAL\normal_00931.png
normal,val,normal_00932.png,G:\Ai-CDD\data\raw\dataset\val\NORMAL\normal_00932.png
normal,val,normal_00933.png,G:\Ai-CDD\data\raw\dataset\val\NORMAL\normal_00933.png
normal,val,normal_00934.png,G:\Ai-CDD\data\raw\dataset\val\NORMAL\normal_00934.png
normal,val,normal_00935.png,G:\Ai-CDD\data\raw\dataset\val\NORMAL\normal_00935.png
normal,train,normal_02001.png,G:\Ai-CDD\data\raw\dataset\train\NORMAL\normal_02001.png
normal,train,normal_02002.png,G:\Ai-CDD\data\raw\dataset\train\NORMAL\normal_02002.png
normal,train,normal_02003.png,G:\Ai-CDD\data\raw\dataset\train\NORMAL\normal_02003.png
normal,train,normal_02004.png,G:\Ai-CDD\data\raw\dataset\train\NORMAL\normal_02004.png
normal,train,normal_02005.png,G:\Ai-CDD\data\raw\dataset\train\NORMAL\normal_02005.png
normal,train,normal_02006.png,G:\Ai-CDD\data\raw\dataset\train\NORMAL\normal_02006.png
normal,train,normal_02007.png,G:\Ai-CDD\data\raw\dataset\train\NORMAL\normal_02007.png
normal,train,normal_02008.png,G:\Ai-CDD\data\raw\dataset\train\NORMAL\normal_02008.png
normal,train,normal_02009.png,G:\Ai-CDD\data\raw\dataset\train\NORMAL\normal_02009.png
normal,train,normal_02010.png,G:\Ai-CDD\data\raw\dataset\train\NORMAL\normal_02010.png
normal,train,normal_02011.png,G:\Ai-CDD\data\raw\dataset\train\NORMAL\normal_02011.png
normal,train,normal_02012.png,G:\Ai-CDD\data\raw\dataset\train\NORMAL\normal_02012.png
normal,train,normal_02013.png,G:\Ai-CDD\data\raw\dataset\train\NORMAL\normal_02013.png
normal,train,normal_02014.png,G:\Ai-CDD\data\raw\dataset\train\NORMAL\normal_02014.png
normal,train,normal_02015.png,G:\Ai-CDD\data\raw\dataset\train\NORMAL\normal_02015.png
normal,train,normal_02016.png,G:\Ai-CDD\data\raw\dataset\train\NORMAL\normal_02016.png
normal,train,normal_02017.png,G:\Ai-CDD\data\raw\dataset\train\NORMAL\normal_02017.png
normal,train,normal_02018.png,G:\Ai-CDD\data\raw\dataset\train\NORMAL\normal_02018.png
normal,train,normal_02019.png,G:\Ai-CDD\data\raw\dataset\train\NORMAL\normal_02019.png
normal,train,normal_02020.png,G:\Ai-CDD\data\raw\dataset\train\NORMAL\normal_02020.png
normal,train,normal_02021.png,G:\Ai-CDD\data\raw\dataset\train\NORMAL\normal_02021.png
normal,train,normal_02022.png,G:\Ai-CDD\data\raw\dataset\train\NORMAL\normal_02022.png
normal,train,normal_02023.png,G:\Ai-CDD\data\raw\dataset\train\NORMAL\normal_02023.png
normal,train,normal_02024.png,G:\Ai-CDD\data\raw\dataset\train\NORMAL\normal_02024.png
normal,train,normal_02025.png,G:\Ai-CDD\data\raw\dataset\train\NORMAL\normal_02025.png
normal,train,normal_02026.png,G:\Ai-CDD\data\raw\dataset\train\NORMAL\normal_02026.png
normal,train,normal_02027.png,G:\Ai-CDD\data\raw\dataset\train\NORMAL\normal_02027.png
normal,train,normal_02028.png,G:\Ai-CDD\data\raw\dataset\train\NORMAL\normal_02028.png
normal,train,normal_02029.png,G:\Ai-CDD\data\raw\dataset\train\NORMAL\normal_02029.png
normal,train,normal_02030.png,G:\Ai-CDD\data\raw\dataset\train\NORMAL\normal_02030.png
normal,train,normal_02031.png,G:\Ai-CDD\data\raw\dataset\train\NORMAL\normal_02031.png
normal,train,normal_02032.png,G:\Ai-CDD\data\raw\dataset\train\NORMAL\normal_02032.png
normal,train,normal_02033.png,G:\Ai-CDD\data\raw\dataset\train\NORMAL\normal_02033.png
normal,train,normal_02034.png,G:\Ai-CDD\data\raw\dataset\train\NORMAL\normal_02034.png
normal,train,normal_02035.png,G:\Ai-CDD\data\raw\dataset\train\NORMAL\normal_02035.png
normal,train,normal_02036.png,G:\Ai-CDD\data\raw\dataset\train\NORMAL\normal_02036.png
normal,train,normal_02037.png,G:\Ai-CDD\data\raw\dataset\train\NORMAL\normal_02037.png
normal,train,normal_02038.png,G:\Ai-CDD\data\raw\dataset\train\NORMAL\normal_02038.png
normal,train,normal_02039.png,G:\Ai-CDD\data\raw\dataset\train\NORMAL\normal_02039.png
normal,train,normal_02040.png,G:\Ai-CDD\data\raw\dataset\train\NORMAL\normal_02040.png
normal,train,normal_02041.png,G:\Ai-CDD\data\raw\dataset\train\NORMAL\normal_02041.png
normal,train,normal_02042.png,G:\Ai-CDD\data\raw\dataset\train\NORMAL\normal_02042.png
normal,train,normal_02043.png,G:\Ai-CDD\data\raw\dataset\train\NORMAL\normal_02043.png
normal,train,normal_02044.png,G:\Ai-CDD\data\raw\dataset\train\NORMAL\normal_02044.png
normal,train,normal_02045.png,G:\Ai-CDD\data\raw\dataset\train\NORMAL\normal_02045.png
normal,train,normal_02046.png,G:\Ai-CDD\data\raw\dataset\train\NORMAL\normal_02046.png
normal,train,normal_02047.png,G:\Ai-CDD\data\raw\dataset\train\NORMAL\normal_02047.png
normal,train,normal_02048.png,G:\Ai-CDD\data\raw\dataset\train\NORMAL\normal_02048.png
normal,train,normal_02049.png,G:\Ai-CDD\data\raw\dataset\train\NORMAL\normal_02049.png
normal,train,normal_02050.png,G:\Ai-CDD\data\raw\dataset\train\NORMAL\normal_02050.png
normal,train,normal_02051.png,G:\Ai-CDD\data\raw\dataset\train\NORMAL\normal_02051.png
normal,train,normal_02052.png,G:\Ai-CDD\data\raw\dataset\train\NORMAL\normal_02052.png
normal,train,normal_02053.png,G:\Ai-CDD\data\raw\dataset\train\NORMAL\normal_02053.png
normal,train,normal_02054.png,G:\Ai-CDD\data\raw\dataset\train\NORMAL\normal_02054.png
normal,train,normal_02055.png,G:\Ai-CDD\data\raw\dataset\train\NORMAL\normal_02055.png
normal,train,normal_02056.png,G:\Ai-CDD\data\raw\dataset\train\NORMAL\normal_02056.png
normal,train,normal_02057.png,G:\Ai-CDD\data\raw\dataset\train\NORMAL\normal_02057.png
normal,train,normal_02058.png,G:\Ai-CDD\data\raw\dataset\train\NORMAL\normal_02058.png
normal,train,normal_02059.png,G:\Ai-CDD\data\raw\dataset\train\NORMAL\normal_02059.png
normal,train,normal_02060.png,G:\Ai-CDD\data\raw\dataset\train\NORMAL\normal_02060.png
normal,train,normal_02061.png,G:\Ai-CDD\data\raw\dataset\train\NORMAL\normal_02061.png
normal,train,normal_02062.png,G:\Ai-CDD\data\raw\dataset\train\NORMAL\normal_02062.png
normal,train,normal_02063.png,G:\Ai-CDD\data\raw\dataset\train\NORMAL\normal_02063.png
normal,train,normal_02064.png,G:\Ai-CDD\data\raw\dataset\train\NORMAL\normal_02064.png
normal,train,normal_02065.png,G:\Ai-CDD\data\raw\dataset\train\NORMAL\normal_02065.png
normal,train,normal_02066.png,G:\Ai-CDD\data\raw\dataset\train\NORMAL\normal_02066.png
normal,train,normal_02067.png,G:\Ai-CDD\data\raw\dataset\train\NORMAL\normal_02067.png
normal,train,normal_02068.png,G:\Ai-CDD\data\raw\dataset\train\NORMAL\normal_02068.png
normal,train,normal_02069.png,G:\Ai-CDD\data\raw\dataset\train\NORMAL\normal_02069.png
normal,train,normal_02070.png,G:\Ai-CDD\data\raw\dataset\train\NORMAL\normal_02070.png
normal,train,normal_02071.png,G:\Ai-CDD\data\raw\dataset\train\NORMAL\normal_02071.png
normal,train,normal_02072.png,G:\Ai-CDD\data\raw\dataset\train\NORMAL\normal_02072.png
normal,train,normal_02073.png,G:\Ai-CDD\data\raw\dataset\train\NORMAL\normal_02073.png
normal,train,normal_02074.png,G:\Ai-CDD\data\raw\dataset\train\NORMAL\normal_02074.png
normal,train,normal_02075.png,G:\Ai-CDD\data\raw\dataset\train\NORMAL\normal_02075.png
normal,train,normal_02076.png,G:\Ai-CDD\data\raw\dataset\train\NORMAL\normal_02076.png
normal,train,normal_02077.png,G:\Ai-CDD\data\raw\dataset\train\NORMAL\normal_02077.png
normal,train,normal_02078.png,G:\Ai-CDD\data\raw\dataset\train\NORMAL\normal_02078.png
normal,train,normal_02079.png,G:\Ai-CDD\data\raw\dataset\train\NORMAL\normal_02079.png
normal,train,normal_02080.png,G:\Ai-CDD\data\raw\dataset\train\NORMAL\normal_02080.png
normal,train,normal_02081.png,G:\Ai-CDD\data\raw\dataset\train\NORMAL\normal_02081.png
normal,train,normal_02082.png,G:\Ai-CDD\data\raw\dataset\train\NORMAL\normal_02082.png
normal,train,normal_02083.png,G:\Ai-CDD\data\raw\dataset\train\NORMAL\normal_02083.png
normal,train,normal_02084.png,G:\Ai-CDD\data\raw\dataset\train\NORMAL\normal_02084.png
normal,train,normal_02085.png,G:\Ai-CDD\data\raw\dataset\train\NORMAL\normal_02085.png
normal,train,normal_02086.png,G:\Ai-CDD\data\raw\dataset\train\NORMAL\normal_02086.png
normal,train,normal_02087.png,G:\Ai-CDD\data\raw\dataset\train\NORMAL\normal_02087.png
normal,train,normal_02088.png,G:\Ai-CDD\data\raw\dataset\train\NORMAL\normal_02088.png
normal,train,normal_02089.png,G:\Ai-CDD\data\raw\dataset\train\NORMAL\normal_02089.png
normal,train,normal_02090.png,G:\Ai-CDD\data\raw\dataset\train\NORMAL\normal_02090.png
normal,train,normal_02091.png,G:\Ai-CDD\data\raw\dataset\train\NORMAL\normal_02091.png
normal,train,normal_02092.png,G:\Ai-CDD\data\raw\dataset\train\NORMAL\normal_02092.png
normal,train,normal_02093.png,G:\Ai-CDD\data\raw\dataset\train\NORMAL\normal_02093.png
normal,train,normal_02094.png,G:\Ai-CDD\data\raw\dataset\train\NORMAL\normal_02094.png
normal,train,normal_02095.png,G:\Ai-CDD\data\raw\dataset\train\NORMAL\normal_02095.png
normal,train,normal_02096.png,G:\Ai-CDD\data\raw\dataset\train\NORMAL\normal_02096.png
normal,train,normal_02097.png,G:\Ai-CDD\data\raw\dataset\train\NORMAL\normal_02097.png
normal,train,normal_02098.png,G:\Ai-CDD\data\raw\dataset\train\NORMAL\normal_02098.png
normal,train,normal_02099.png,G:\Ai-CDD\data\raw\dataset\train\NORMAL\normal_02099.png
normal,train,normal_02100.png,G:\Ai-CDD\data\raw\dataset\train\NORMAL\normal_02100.png
normal,train,normal_02101.png,G:\Ai-CDD\data\raw\dataset\train\NORMAL\normal_02101.png
normal,train,normal_02102.png,G:\Ai-CDD\data\raw\dataset\train\NORMAL\normal_02102.png
normal,train,normal_02103.png,G:\Ai-CDD\data\raw\dataset\train\NORMAL\normal_02103.png
normal,train,normal_02104.png,G:\Ai-CDD\data\raw\dataset\train\NORMAL\normal_02104.png
normal,train,normal_02105.png,G:\Ai-CDD\data\raw\dataset\train\NORMAL\normal_02105.png
normal,train,normal_02106.png,G:\Ai-CDD\data\raw\dataset\train\NORMAL\normal_02106.png
normal,train,normal_02107.png,G:\Ai-CDD\data\raw\dataset\train\NORMAL\normal_02107.png
normal,train,normal_02108.png,G:\Ai-CDD\data\raw\dataset\train\NORMAL\normal_02108.png
normal,train,normal_02109.png,G:\Ai-CDD\data\raw\dataset\train\NORMAL\normal_02109.png
normal,train,normal_02110.png,G:\Ai-CDD\data\raw\dataset\train\NORMAL\normal_02110.png
normal,train,normal_02111.png,G:\Ai-CDD\data\raw\dataset\train\NORMAL\normal_02111.png
normal,train,normal_02112.png,G:\Ai-CDD\data\raw\dataset\train\NORMAL\normal_02112.png
normal,train,normal_02113.png,G:\Ai-CDD\data\raw\dataset\train\NORMAL\normal_02113.png
normal,train,normal_02114.png,G:\Ai-CDD\data\raw\dataset\train\NORMAL\normal_02114.png
normal,train,normal_02115.png,G:\Ai-CDD\data\raw\dataset\train\NORMAL\normal_02115.png
normal,train,normal_02116.png,G:\Ai-CDD\data\raw\dataset\train\NORMAL\normal_02116.png
normal,train,normal_02117.png,G:\Ai-CDD\data\raw\dataset\train\NORMAL\normal_02117.png
normal,train,normal_02118.png,G:\Ai-CDD\data\raw\dataset\train\NORMAL\normal_02118.png
normal,train,normal_02119.png,G:\Ai-CDD\data\raw\dataset\train\NORMAL\normal_02119.png
normal,train,normal_02120.png,G:\Ai-CDD\data\raw\dataset\train\NORMAL\normal_02120.png
normal,train,normal_02121.png,G:\Ai-CDD\data\raw\dataset\train\NORMAL\normal_02121.png
normal,train,normal_02122.png,G:\Ai-CDD\data\raw\dataset\train\NORMAL\normal_02122.png
normal,train,normal_02123.png,G:\Ai-CDD\data\raw\dataset\train\NORMAL\normal_02123.png
normal,train,normal_02124.png,G:\Ai-CDD\data\raw\dataset\train\NORMAL\normal_02124.png
normal,train,normal_02125.png,G:\Ai-CDD\data\raw\dataset\train\NORMAL\normal_02125.png
normal,train,normal_02126.png,G:\Ai-CDD\data\raw\dataset\train\NORMAL\normal_02126.png
normal,train,normal_02127.png,G:\Ai-CDD\data\raw\dataset\train\NORMAL\normal_02127.png
normal,train,normal_02128.png,G:\Ai-CDD\data\raw\dataset\train\NORMAL\normal_02128.png
normal,train,normal_02129.png,G:\Ai-CDD\data\raw\dataset\train\NORMAL\normal_02129.png
normal,train,normal_02130.png,G:\Ai-CDD\data\raw\dataset\train\NORMAL\normal_02130.png
normal,train,normal_02131.png,G:\Ai-CDD\data\raw\dataset\train\NORMAL\normal_02131.png
normal,train,normal_02132.png,G:\Ai-CDD\data\raw\dataset\train\NORMAL\normal_02132.png
normal,train,normal_02133.png,G:\Ai-CDD\data\raw\dataset\train\NORMAL\normal_02133.png
normal,train,normal_02134.png,G:\Ai-CDD\data\raw\dataset\train\NORMAL\normal_02134.png
normal,train,normal_02135.png,G:\Ai-CDD\data\raw\dataset\train\NORMAL\normal_02135.png
normal,train,normal_02136.png,G:\Ai-CDD\data\raw\dataset\train\NORMAL\normal_02136.png
normal,train,normal_02137.png,G:\Ai-CDD\data\raw\dataset\train\NORMAL\normal_02137.png
normal,train,normal_02138.png,G:\Ai-CDD\data\raw\dataset\train\NORMAL\normal_02138.png
normal,train,normal_02139.png,G:\Ai-CDD\data\raw\dataset\train\NORMAL\normal_02139.png
normal,train,normal_02140.png,G:\Ai-CDD\data\raw\dataset\train\NORMAL\normal_02140.png
normal,train,normal_02141.png,G:\Ai-CDD\data\raw\dataset\train\NORMAL\normal_02141.png
normal,train,normal_02142.png,G:\Ai-CDD\data\raw\dataset\train\NORMAL\normal_02142.png
normal,train,normal_02143.png,G:\Ai-CDD\data\raw\dataset\train\NORMAL\normal_02143.png
normal,train,normal_02144.png,G:\Ai-CDD\data\raw\dataset\train\NORMAL\normal_02144.png
normal,train,normal_02145.png,G:\Ai-CDD\data\raw\dataset\train\NORMAL\normal_02145.png
normal,train,normal_02146.png,G:\Ai-CDD\data\raw\dataset\train\NORMAL\normal_02146.png
normal,train,normal_02147.png,G:\Ai-CDD\data\raw\dataset\train\NORMAL\normal_02147.png
normal,train,normal_02148.png,G:\Ai-CDD\data\raw\dataset\train\NORMAL\normal_02148.png
normal,train,normal_02149.png,G:\Ai-CDD\data\raw\dataset\train\NORMAL\normal_02149.png
normal,train,normal_02150.png,G:\Ai-CDD\data\raw\dataset\train\NORMAL\normal_02150.png
normal,train,normal_02151.png,G:\Ai-CDD\data\raw\dataset\train\NORMAL\normal_02151.png
normal,train,normal_02152.png,G:\Ai-CDD\data\raw\dataset\train\NORMAL\normal_02152.png
normal,train,normal_02153.png,G:\Ai-CDD\data\raw\dataset\train\NORMAL\normal_02153.png
normal,train,normal_02154.png,G:\Ai-CDD\data\raw\dataset\train\NORMAL\normal_02154.png
normal,train,normal_02155.png,G:\Ai-CDD\data\raw\dataset\train\NORMAL\normal_02155.png
normal,train,normal_02156.png,G:\Ai-CDD\data\raw\dataset\train\NORMAL\normal_02156.png
normal,train,normal_02157.png,G:\Ai-CDD\data\raw\dataset\train\NORMAL\normal_02157.png
normal,train,normal_02158.png,G:\Ai-CDD\data\raw\dataset\train\NORMAL\normal_02158.png
normal,train,normal_02159.png,G:\Ai-CDD\data\raw\dataset\train\NORMAL\normal_02159.png
normal,train,normal_02160.png,G:\Ai-CDD\data\raw\dataset\train\NORMAL\normal_02160.png
normal,train,normal_02161.png,G:\Ai-CDD\data\raw\dataset\train\NORMAL\normal_02161.png
normal,train,normal_02162.png,G:\Ai-CDD\data\raw\dataset\train\NORMAL\normal_02162.png
normal,train,normal_02163.png,G:\Ai-CDD\data\raw\dataset\train\NORMAL\normal_02163.png
normal,train,normal_02164.png,G:\Ai-CDD\data\raw\dataset\train\NORMAL\normal_02164.png
normal,train,normal_02165.png,G:\Ai-CDD\data\raw\dataset\train\NORMAL\normal_02165.png
normal,train,normal_02166.png,G:\Ai-CDD\data\raw\dataset\train\NORMAL\normal_02166.png
normal,train,normal_02167.png,G:\Ai-CDD\data\raw\dataset\train\NORMAL\normal_02167.png
normal,train,normal_02168.png,G:\Ai-CDD\data\raw\dataset\train\NORMAL\normal_02168.png
normal,train,normal_02169.png,G:\Ai-CDD\data\raw\dataset\train\NORMAL\normal_02169.png
normal,train,normal_02170.png,G:\Ai-CDD\data\raw\dataset\train\NORMAL\normal_02170.png
normal,train,normal_02171.png,G:\Ai-CDD\data\raw\dataset\train\NORMAL\normal_02171.png
normal,train,normal_02172.png,G:\Ai-CDD\data\raw\dataset\train\NORMAL\normal_02172.png
normal,train,normal_02173.png,G:\Ai-CDD\data\raw\dataset\train\NORMAL\normal_02173.png
normal,train,normal_02174.png,G:\Ai-CDD\data\raw\dataset\train\NORMAL\normal_02174.png
normal,train,normal_02175.png,G:\Ai-CDD\data\raw\dataset\train\NORMAL\normal_02175.png
normal,train,normal_02176.png,G:\Ai-CDD\data\raw\dataset\train\NORMAL\normal_02176.png
normal,train,normal_02177.png,G:\Ai-CDD\data\raw\dataset\train\NORMAL\normal_02177.png
normal,train,normal_02178.png,G:\Ai-CDD\data\raw\dataset\train\NORMAL\normal_02178.png
normal,train,normal_02179.png,G:\Ai-CDD\data\raw\dataset\train\NORMAL\normal_02179.png
normal,train,normal_02180.png,G:\Ai-CDD\data\raw\dataset\train\NORMAL\normal_02180.png
normal,train,normal_02181.png,G:\Ai-CDD\data\raw\dataset\train\NORMAL\normal_02181.png
normal,train,normal_02182.png,G:\Ai-CDD\data\raw\dataset\train\NORMAL\normal_02182.png
normal,train,normal_02183.png,G:\Ai-CDD\data\raw\dataset\train\NORMAL\normal_02183.png
normal,train,normal_02184.png,G:\Ai-CDD\data\raw\dataset\train\NORMAL\normal_02184.png
normal,train,normal_02185.png,G:\Ai-CDD\data\raw\dataset\train\NORMAL\normal_02185.png
normal,train,normal_02186.png,G:\Ai-CDD\data\raw\dataset\train\NORMAL\normal_02186.png
normal,train,normal_02187.png,G:\Ai-CDD\data\raw\dataset\train\NORMAL\normal_02187.png
normal,train,normal_02188.png,G:\Ai-CDD\data\raw\dataset\train\NORMAL\normal_02188.png
normal,train,normal_02189.png,G:\Ai-CDD\data\raw\dataset\train\NORMAL\normal_02189.png
normal,train,normal_02190.png,G:\Ai-CDD\data\raw\dataset\train\NORMAL\normal_02190.png
normal,train,normal_02191.png,G:\Ai-CDD\data\raw\dataset\train\NORMAL\normal_02191.png
normal,train,normal_02192.png,G:\Ai-CDD\data\raw\dataset\train\NORMAL\normal_02192.png
normal,train,normal_02193.png,G:\Ai-CDD\data\raw\dataset\train\NORMAL\normal_02193.png
normal,train,normal_02194.png,G:\Ai-CDD\data\raw\dataset\train\NORMAL\normal_02194.png
normal,train,normal_02195.png,G:\Ai-CDD\data\raw\dataset\train\NORMAL\normal_02195.png
normal,train,normal_02196.png,G:\Ai-CDD\data\raw\dataset\train\NORMAL\normal_02196.png
normal,train,normal_02197.png,G:\Ai-CDD\data\raw\dataset\train\NORMAL\normal_02197.png
normal,train,normal_02198.png,G:\Ai-CDD\data\raw\dataset\train\NORMAL\normal_02198.png
normal,train,normal_02199.png,G:\Ai-CDD\data\raw\dataset\train\NORMAL\normal_02199.png
normal,train,normal_02200.png,G:\Ai-CDD\data\raw\dataset\train\NORMAL\normal_02200.png
normal,train,normal_02201.png,G:\Ai-CDD\data\raw\dataset\train\NORMAL\normal_02201.png
normal,train,normal_02202.png,G:\Ai-CDD\data\raw\dataset\train\NORMAL\normal_02202.png
normal,train,normal_02203.png,G:\Ai-CDD\data\raw\dataset\train\NORMAL\normal_02203.png
normal,train,normal_02204.png,G:\Ai-CDD\data\raw\dataset\train\NORMAL\normal_02204.png
normal,train,normal_02205.png,G:\Ai-CDD\data\raw\dataset\train\NORMAL\normal_02205.png
normal,train,normal_02206.png,G:\Ai-CDD\data\raw\dataset\train\NORMAL\normal_02206.png
normal,train,normal_02207.png,G:\Ai-CDD\data\raw\dataset\train\NORMAL\normal_02207.png
normal,train,normal_02208.png,G:\Ai-CDD\data\raw\dataset\train\NORMAL\normal_02208.png
normal,train,normal_02209.png,G:\Ai-CDD\data\raw\dataset\train\NORMAL\normal_02209.png
normal,train,normal_02210.png,G:\Ai-CDD\data\raw\dataset\train\NORMAL\normal_02210.png
normal,train,normal_02211.png,G:\Ai-CDD\data\raw\dataset\train\NORMAL\normal_02211.png
normal,train,normal_02212.png,G:\Ai-CDD\data\raw\dataset\train\NORMAL\normal_02212.png
normal,train,normal_02213.png,G:\Ai-CDD\data\raw\dataset\train\NORMAL\normal_02213.png
normal,train,normal_02214.png,G:\Ai-CDD\data\raw\dataset\train\NORMAL\normal_02214.png
normal,train,normal_02215.png,G:\Ai-CDD\data\raw\dataset\train\NORMAL\normal_02215.png
normal,train,normal_02216.png,G:\Ai-CDD\data\raw\dataset\train\NORMAL\normal_02216.png
normal,train,normal_02217.png,G:\Ai-CDD\data\raw\dataset\train\NORMAL\normal_02217.png
normal,train,normal_02218.png,G:\Ai-CDD\data\raw\dataset\train\NORMAL\normal_02218.png
normal,train,normal_02219.png,G:\Ai-CDD\data\raw\dataset\train\NORMAL\normal_02219.png
normal,train,normal_02220.png,G:\Ai-CDD\data\raw\dataset\train\NORMAL\normal_02220.png
normal,train,normal_02221.png,G:\Ai-CDD\data\raw\dataset\train\NORMAL\normal_02221.png
normal,train,normal_02222.png,G:\Ai-CDD\data\raw\dataset\train\NORMAL\normal_02222.png
normal,train,normal_02223.png,G:\Ai-CDD\data\raw\dataset\train\NORMAL\normal_02223.png
normal,train,normal_02224.png,G:\Ai-CDD\data\raw\dataset\train\NORMAL\normal_02224.png
normal,train,normal_02225.png,G:\Ai-CDD\data\raw\dataset\train\NORMAL\normal_02225.png
normal,train,normal_02226.png,G:\Ai-CDD\data\raw\dataset\train\NORMAL\normal_02226.png
normal,train,normal_02227.png,G:\Ai-CDD\data\raw\dataset\train\NORMAL\normal_02227.png
normal,train,normal_02228.png,G:\Ai-CDD\data\raw\dataset\train\NORMAL\normal_02228.png
normal,train,normal_02229.png,G:\Ai-CDD\data\raw\dataset\train\NORMAL\normal_02229.png
normal,train,normal_02230.png,G:\Ai-CDD\data\raw\dataset\train\NORMAL\normal_02230.png
normal,train,normal_02231.png,G:\Ai-CDD\data\raw\dataset\train\NORMAL\normal_02231.png
normal,train,normal_02232.png,G:\Ai-CDD\data\raw\dataset\train\NORMAL\normal_02232.png
normal,train,normal_02233.png,G:\Ai-CDD\data\raw\dataset\train\NORMAL\normal_02233.png
normal,train,normal_02234.png,G:\Ai-CDD\data\raw\dataset\train\NORMAL\normal_02234.png
normal,train,normal_02235.png,G:\Ai-CDD\data\raw\dataset\train\NORMAL\normal_02235.png
normal,train,normal_02236.png,G:\Ai-CDD\data\raw\dataset\train\NORMAL\normal_02236.png
normal,train,normal_02237.png,G:\Ai-CDD\data\raw\dataset\train\NORMAL\normal_02237.png
normal,train,normal_02238.png,G:\Ai-CDD\data\raw\dataset\train\NORMAL\normal_02238.png
normal,train,normal_02239.png,G:\Ai-CDD\data\raw\dataset\train\NORMAL\normal_02239.png
normal,train,normal_02240.png,G:\Ai-CDD\data\raw\dataset\train\NORMAL\normal_02240.png
normal,train,normal_02241.png,G:\Ai-CDD\data\raw\dataset\train\NORMAL\normal_02241.png
normal,train,normal_02242.png,G:\Ai-CDD\data\raw\dataset\train\NORMAL\normal_02242.png
normal,train,normal_02243.png,G:\Ai-CDD\data\raw\dataset\train\NORMAL\normal_02243.png
normal,train,normal_02244.png,G:\Ai-CDD\data\raw\dataset\train\NORMAL\normal_02244.png
normal,train,normal_02245.png,G:\Ai-CDD\data\raw\dataset\train\NORMAL\normal_02245.png
normal,train,normal_02246.png,G:\Ai-CDD\data\raw\dataset\train\NORMAL\normal_02246.png
normal,train,normal_02247.png,G:\Ai-CDD\data\raw\dataset\train\NORMAL\normal_02247.png
normal,train,normal_02248.png,G:\Ai-CDD\data\raw\dataset\train\NORMAL\normal_02248.png
normal,train,normal_02249.png,G:\Ai-CDD\data\raw\dataset\train\NORMAL\normal_02249.png
normal,train,normal_02250.png,G:\Ai-CDD\data\raw\dataset\train\NORMAL\normal_02250.png
normal,train,normal_02251.png,G:\Ai-CDD\data\raw\dataset\train\NORMAL\normal_02251.png
normal,train,normal_02252.png,G:\Ai-CDD\data\raw\dataset\train\NORMAL\normal_02252.png
normal,train,normal_02253.png,G:\Ai-CDD\data\raw\dataset\train\NORMAL\normal_02253.png
normal,train,normal_02254.png,G:\Ai-CDD\data\raw\dataset\train\NORMAL\normal_02254.png
normal,train,normal_02255.png,G:\Ai-CDD\data\raw\dataset\train\NORMAL\normal_02255.png
normal,train,normal_02256.png,G:\Ai-CDD\data\raw\dataset\train\NORMAL\normal_02256.png
normal,train,normal_02257.png,G:\Ai-CDD\data\raw\dataset\train\NORMAL\normal_02257.png
normal,train,normal_02258.png,G:\Ai-CDD\data\raw\dataset\train\NORMAL\normal_02258.png
normal,train,normal_02259.png,G:\Ai-CDD\data\raw\dataset\train\NORMAL\normal_02259.png
normal,train,normal_02260.png,G:\Ai-CDD\data\raw\dataset\train\NORMAL\normal_02260.png
normal,train,normal_02261.png,G:\Ai-CDD\data\raw\dataset\train\NORMAL\normal_02261.png
normal,train,normal_02262.png,G:\Ai-CDD\data\raw\dataset\train\NORMAL\normal_02262.png
normal,train,normal_02263.png,G:\Ai-CDD\data\raw\dataset\train\NORMAL\normal_02263.png
normal,train,normal_02264.png,G:\Ai-CDD\data\raw\dataset\train\NORMAL\normal_02264.png
normal,train,normal_02265.png,G:\Ai-CDD\data\raw\dataset\train\NORMAL\normal_02265.png
normal,train,normal_02266.png,G:\Ai-CDD\data\raw\dataset\train\NORMAL\normal_02266.png
normal,train,normal_02267.png,G:\Ai-CDD\data\raw\dataset\train\NORMAL\normal_02267.png
normal,train,normal_02268.png,G:\Ai-CDD\data\raw\dataset\train\NORMAL\normal_02268.png
normal,train,normal_02269.png,G:\Ai-CDD\data\raw\dataset\train\NORMAL\normal_02269.png
normal,train,normal_02270.png,G:\Ai-CDD\data\raw\dataset\train\NORMAL\normal_02270.png
normal,train,normal_02271.png,G:\Ai-CDD\data\raw\dataset\train\NORMAL\normal_02271.png
normal,train,normal_02272.png,G:\Ai-CDD\data\raw\dataset\train\NORMAL\normal_02272.png
normal,train,normal_02273.png,G:\Ai-CDD\data\raw\dataset\train\NORMAL\normal_02273.png
normal,train,normal_02274.png,G:\Ai-CDD\data\raw\dataset\train\NORMAL\normal_02274.png
normal,train,normal_02275.png,G:\Ai-CDD\data\raw\dataset\train\NORMAL\normal_02275.png
normal,train,normal_02276.png,G:\Ai-CDD\data\raw\dataset\train\NORMAL\normal_02276.png
normal,train,normal_02277.png,G:\Ai-CDD\data\raw\dataset\train\NORMAL\normal_02277.png
normal,train,normal_02278.png,G:\Ai-CDD\data\raw\dataset\train\NORMAL\normal_02278.png
normal,train,normal_02279.png,G:\Ai-CDD\data\raw\dataset\train\NORMAL\normal_02279.png
normal,train,normal_02280.png,G:\Ai-CDD\data\raw\dataset\train\NORMAL\normal_02280.png
normal,train,normal_02281.png,G:\Ai-CDD\data\raw\dataset\train\NORMAL\normal_02281.png
normal,train,normal_02282.png,G:\Ai-CDD\data\raw\dataset\train\NORMAL\normal_02282.png
normal,train,normal_02283.png,G:\Ai-CDD\data\raw\dataset\train\NORMAL\normal_02283.png
normal,train,normal_02284.png,G:\Ai-CDD\data\raw\dataset\train\NORMAL\normal_02284.png
normal,train,normal_02285.png,G:\Ai-CDD\data\raw\dataset\train\NORMAL\normal_02285.png
normal,train,normal_02286.png,G:\Ai-CDD\data\raw\dataset\train\NORMAL\normal_02286.png
normal,train,normal_02287.png,G:\Ai-CDD\data\raw\dataset\train\NORMAL\normal_02287.png
normal,train,normal_02288.png,G:\Ai-CDD\data\raw\dataset\train\NORMAL\normal_02288.png
normal,train,normal_02289.png,G:\Ai-CDD\data\raw\dataset\train\NORMAL\normal_02289.png
normal,train,normal_02290.png,G:\Ai-CDD\data\raw\dataset\train\NORMAL\normal_02290.png
normal,train,normal_02291.png,G:\Ai-CDD\data\raw\dataset\train\NORMAL\normal_02291.png
normal,train,normal_02292.png,G:\Ai-CDD\data\raw\dataset\train\NORMAL\normal_02292.png
normal,train,normal_02293.png,G:\Ai-CDD\data\raw\dataset\train\NORMAL\normal_02293.png
normal,train,normal_02294.png,G:\Ai-CDD\data\raw\dataset\train\NORMAL\normal_02294.png
normal,train,normal_02295.png,G:\Ai-CDD\data\raw\dataset\train\NORMAL\normal_02295.png
normal,train,normal_02296.png,G:\Ai-CDD\data\raw\dataset\train\NORMAL\normal_02296.png
normal,train,normal_02297.png,G:\Ai-CDD\data\raw\dataset\train\NORMAL\normal_02297.png
normal,train,normal_02298.png,G:\Ai-CDD\data\raw\dataset\train\NORMAL\normal_02298.png
normal,train,normal_02299.png,G:\Ai-CDD\data\raw\dataset\train\NORMAL\normal_02299.png
normal,train,normal_02300.png,G:\Ai-CDD\data\raw\dataset\train\NORMAL\normal_02300.png
normal,train,normal_02301.png,G:\Ai-CDD\data\raw\dataset\train\NORMAL\normal_02301.png
normal,train,normal_02302.png,G:\Ai-CDD\data\raw\dataset\train\NORMAL\normal_02302.png
normal,train,normal_02303.png,G:\Ai-CDD\data\raw\dataset\train\NORMAL\normal_02303.png
normal,train,normal_02304.png,G:\Ai-CDD\data\raw\dataset\train\NORMAL\normal_02304.png
normal,train,normal_02305.png,G:\Ai-CDD\data\raw\dataset\train\NORMAL\normal_02305.png
normal,train,normal_02306.png,G:\Ai-CDD\data\raw\dataset\train\NORMAL\normal_02306.png
normal,train,normal_02307.png,G:\Ai-CDD\data\raw\dataset\train\NORMAL\normal_02307.png
normal,train,normal_02308.png,G:\Ai-CDD\data\raw\dataset\train\NORMAL\normal_02308.png
normal,train,normal_02309.png,G:\Ai-CDD\data\raw\dataset\train\NORMAL\normal_02309.png
normal,train,normal_02310.png,G:\Ai-CDD\data\raw\dataset\train\NORMAL\normal_02310.png
normal,train,normal_02311.png,G:\Ai-CDD\data\raw\dataset\train\NORMAL\normal_02311.png
normal,train,normal_02312.png,G:\Ai-CDD\data\raw\dataset\train\NORMAL\normal_02312.png
normal,train,normal_02313.png,G:\Ai-CDD\data\raw\dataset\train\NORMAL\normal_02313.png
normal,train,normal_02314.png,G:\Ai-CDD\data\raw\dataset\train\NORMAL\normal_02314.png
normal,train,normal_02315.png,G:\Ai-CDD\data\raw\dataset\train\NORMAL\normal_02315.png
normal,train,normal_02316.png,G:\Ai-CDD\data\raw\dataset\train\NORMAL\normal_02316.png
normal,train,normal_02317.png,G:\Ai-CDD\data\raw\dataset\train\NORMAL\normal_02317.png
normal,train,normal_02318.png,G:\Ai-CDD\data\raw\dataset\train\NORMAL\normal_02318.png
normal,train,normal_02319.png,G:\Ai-CDD\data\raw\dataset\train\NORMAL\normal_02319.png
normal,train,normal_02320.png,G:\Ai-CDD\data\raw\dataset\train\NORMAL\normal_02320.png
normal,train,normal_02321.png,G:\Ai-CDD\data\raw\dataset\train\NORMAL\normal_02321.png
normal,train,normal_02322.png,G:\Ai-CDD\data\raw\dataset\train\NORMAL\normal_02322.png
normal,train,normal_02323.png,G:\Ai-CDD\data\raw\dataset\train\NORMAL\normal_02323.png
normal,train,normal_02324.png,G:\Ai-CDD\data\raw\dataset\train\NORMAL\normal_02324.png
normal,train,normal_02325.png,G:\Ai-CDD\data\raw\dataset\train\NORMAL\normal_02325.png
normal,train,normal_02326.png,G:\Ai-CDD\data\raw\dataset\train\NORMAL\normal_02326.png
normal,train,normal_02327.png,G:\Ai-CDD\data\raw\dataset\train\NORMAL\normal_02327.png
normal,train,normal_02328.png,G:\Ai-CDD\data\raw\dataset\train\NORMAL\normal_02328.png
normal,train,normal_02329.png,G:\Ai-CDD\data\raw\dataset\train\NORMAL\normal_02329.png
normal,train,normal_02330.png,G:\Ai-CDD\data\raw\dataset\train\NORMAL\normal_02330.png
normal,train,normal_02331.png,G:\Ai-CDD\data\raw\dataset\train\NORMAL\normal_02331.png
normal,train,normal_02332.png,G:\Ai-CDD\data\raw\dataset\train\NORMAL\normal_02332.png
normal,train,normal_02333.png,G:\Ai-CDD\data\raw\dataset\train\NORMAL\normal_02333.png
normal,train,normal_02334.png,G:\Ai-CDD\data\raw\dataset\train\NORMAL\normal_02334.png
normal,train,normal_02335.png,G:\Ai-CDD\data\raw\dataset\train\NORMAL\normal_02335.png
normal,train,normal_02336.png,G:\Ai-CDD\data\raw\dataset\train\NORMAL\normal_02336.png
normal,train,normal_02337.png,G:\Ai-CDD\data\raw\dataset\train\NORMAL\normal_02337.png
normal,train,normal_02338.png,G:\Ai-CDD\data\raw\dataset\train\NORMAL\normal_02338.png
normal,train,normal_02339.png,G:\Ai-CDD\data\raw\dataset\train\NORMAL\normal_02339.png
normal,train,normal_02340.png,G:\Ai-CDD\data\raw\dataset\train\NORMAL\normal_02340.png
normal,train,normal_02341.png,G:\Ai-CDD\data\raw\dataset\train\NORMAL\normal_02341.png
normal,train,normal_02342.png,G:\Ai-CDD\data\raw\dataset\train\NORMAL\normal_02342.png
normal,train,normal_02343.png,G:\Ai-CDD\data\raw\dataset\train\NORMAL\normal_02343.png
normal,train,normal_02344.png,G:\Ai-CDD\data\raw\dataset\train\NORMAL\normal_02344.png
normal,train,normal_02345.png,G:\Ai-CDD\data\raw\dataset\train\NORMAL\normal_02345.png
normal,train,normal_02346.png,G:\Ai-CDD\data\raw\dataset\train\NORMAL\normal_02346.png
normal,train,normal_02347.png,G:\Ai-CDD\data\raw\dataset\train\NORMAL\normal_02347.png
normal,train,normal_02348.png,G:\Ai-CDD\data\raw\dataset\train\NORMAL\normal_02348.png
normal,train,normal_02349.png,G:\Ai-CDD\data\raw\dataset\train\NORMAL\normal_02349.png
normal,train,normal_02350.png,G:\Ai-CDD\data\raw\dataset\train\NORMAL\normal_02350.png
normal,train,normal_02351.png,G:\Ai-CDD\data\raw\dataset\train\NORMAL\normal_02351.png
normal,train,normal_02352.png,G:\Ai-CDD\data\raw\dataset\train\NORMAL\normal_02352.png
normal,train,normal_02353.png,G:\Ai-CDD\data\raw\dataset\train\NORMAL\normal_02353.png
normal,train,normal_02354.png,G:\Ai-CDD\data\raw\dataset\train\NORMAL\normal_02354.png
normal,train,normal_02355.png,G:\Ai-CDD\data\raw\dataset\train\NORMAL\normal_02355.png
normal,train,normal_02356.png,G:\Ai-CDD\data\raw\dataset\train\NORMAL\normal_02356.png
normal,train,normal_02357.png,G:\Ai-CDD\data\raw\dataset\train\NORMAL\normal_02357.png
normal,train,normal_02358.png,G:\Ai-CDD\data\raw\dataset\train\NORMAL\normal_02358.png
normal,train,normal_02359.png,G:\Ai-CDD\data\raw\dataset\train\NORMAL\normal_02359.png
normal,train,normal_02360.png,G:\Ai-CDD\data\raw\dataset\train\NORMAL\normal_02360.png
normal,train,normal_02361.png,G:\Ai-CDD\data\raw\dataset\train\NORMAL\normal_02361.png
normal,train,normal_02362.png,G:\Ai-CDD\data\raw\dataset\train\NORMAL\normal_02362.png
normal,train,normal_02363.png,G:\Ai-CDD\data\raw\dataset\train\NORMAL\normal_02363.png
normal,train,normal_02364.png,G:\Ai-CDD\data\raw\dataset\train\NORMAL\normal_02364.png
normal,train,normal_02365.png,G:\Ai-CDD\data\raw\dataset\train\NORMAL\normal_02365.png
normal,train,normal_02366.png,G:\Ai-CDD\data\raw\dataset\train\NORMAL\normal_02366.png
normal,train,normal_02367.png,G:\Ai-CDD\data\raw\dataset\train\NORMAL\normal_02367.png
normal,train,normal_02368.png,G:\Ai-CDD\data\raw\dataset\train\NORMAL\normal_02368.png
normal,train,normal_02369.png,G:\Ai-CDD\data\raw\dataset\train\NORMAL\normal_02369.png
normal,train,normal_02370.png,G:\Ai-CDD\data\raw\dataset\train\NORMAL\normal_02370.png
normal,train,normal_02371.png,G:\Ai-CDD\data\raw\dataset\train\NORMAL\normal_02371.png
normal,train,normal_02372.png,G:\Ai-CDD\data\raw\dataset\train\NORMAL\normal_02372.png
normal,train,normal_02373.png,G:\Ai-CDD\data\raw\dataset\train\NORMAL\normal_02373.png
normal,train,normal_02374.png,G:\Ai-CDD\data\raw\dataset\train\NORMAL\normal_02374.png
normal,train,normal_02375.png,G:\Ai-CDD\data\raw\dataset\train\NORMAL\normal_02375.png
normal,train,normal_02376.png,G:\Ai-CDD\data\raw\dataset\train\NORMAL\normal_02376.png
normal,train,normal_02377.png,G:\Ai-CDD\data\raw\dataset\train\NORMAL\normal_02377.png
normal,train,normal_02378.png,G:\Ai-CDD\data\raw\dataset\train\NORMAL\normal_02378.png
normal,train,normal_02379.png,G:\Ai-CDD\data\raw\dataset\train\NORMAL\normal_02379.png
normal,train,normal_02380.png,G:\Ai-CDD\data\raw\dataset\train\NORMAL\normal_02380.png
normal,train,normal_02381.png,G:\Ai-CDD\data\raw\dataset\train\NORMAL\normal_02381.png
normal,train,normal_02382.png,G:\Ai-CDD\data\raw\dataset\train\NORMAL\normal_02382.png
normal,train,normal_02383.png,G:\Ai-CDD\data\raw\dataset\train\NORMAL\normal_02383.png
normal,train,normal_02384.png,G:\Ai-CDD\data\raw\dataset\train\NORMAL\normal_02384.png
normal,train,normal_02385.png,G:\Ai-CDD\data\raw\dataset\train\NORMAL\normal_02385.png
normal,train,normal_02386.png,G:\Ai-CDD\data\raw\dataset\train\NORMAL\normal_02386.png
normal,train,normal_02387.png,G:\Ai-CDD\data\raw\dataset\train\NORMAL\normal_02387.png
normal,train,normal_02388.png,G:\Ai-CDD\data\raw\dataset\train\NORMAL\normal_02388.png
normal,train,normal_02389.png,G:\Ai-CDD\data\raw\dataset\train\NORMAL\normal_02389.png
normal,train,normal_02390.png,G:\Ai-CDD\data\raw\dataset\train\NORMAL\normal_02390.png
normal,train,normal_02391.png,G:\Ai-CDD\data\raw\dataset\train\NORMAL\normal_02391.png
normal,train,normal_02392.png,G:\Ai-CDD\data\raw\dataset\train\NORMAL\normal_02392.png
normal,train,normal_02393.png,G:\Ai-CDD\data\raw\dataset\train\NORMAL\normal_02393.png
normal,train,normal_02394.png,G:\Ai-CDD\data\raw\dataset\train\NORMAL\normal_02394.png
normal,train,normal_02395.png,G:\Ai-CDD\data\raw\dataset\train\NORMAL\normal_02395.png
normal,train,normal_02396.png,G:\Ai-CDD\data\raw\dataset\train\NORMAL\normal_02396.png
normal,train,normal_02397.png,G:\Ai-CDD\data\raw\dataset\train\NORMAL\normal_02397.png
normal,train,normal_02398.png,G:\Ai-CDD\data\raw\dataset\train\NORMAL\normal_02398.png
normal,train,normal_02399.png,G:\Ai-CDD\data\raw\dataset\train\NORMAL\normal_02399.png
normal,train,normal_02400.png,G:\Ai-CDD\data\raw\dataset\train\NORMAL\normal_02400.png
normal,train,normal_02401.png,G:\Ai-CDD\data\raw\dataset\train\NORMAL\normal_02401.png
normal,train,normal_02402.png,G:\Ai-CDD\data\raw\dataset\train\NORMAL\normal_02402.png
normal,train,normal_02403.png,G:\Ai-CDD\data\raw\dataset\train\NORMAL\normal_02403.png
normal,train,normal_02404.png,G:\Ai-CDD\data\raw\dataset\train\NORMAL\normal_02404.png
normal,train,normal_02405.png,G:\Ai-CDD\data\raw\dataset\train\NORMAL\normal_02405.png
normal,train,normal_02406.png,G:\Ai-CDD\data\raw\dataset\train\NORMAL\normal_02406.png
normal,train,normal_02407.png,G:\Ai-CDD\data\raw\dataset\train\NORMAL\normal_02407.png
normal,train,normal_02408.png,G:\Ai-CDD\data\raw\dataset\train\NORMAL\normal_02408.png
normal,train,normal_02409.png,G:\Ai-CDD\data\raw\dataset\train\NORMAL\normal_02409.png
normal,train,normal_02410.png,G:\Ai-CDD\data\raw\dataset\train\NORMAL\normal_02410.png
normal,train,normal_02411.png,G:\Ai-CDD\data\raw\dataset\train\NORMAL\normal_02411.png
normal,train,normal_02412.png,G:\Ai-CDD\data\raw\dataset\train\NORMAL\normal_02412.png
normal,train,normal_02413.png,G:\Ai-CDD\data\raw\dataset\train\NORMAL\normal_02413.png
normal,train,normal_02414.png,G:\Ai-CDD\data\raw\dataset\train\NORMAL\normal_02414.png
normal,train,normal_02415.png,G:\Ai-CDD\data\raw\dataset\train\NORMAL\normal_02415.png
normal,train,normal_02416.png,G:\Ai-CDD\data\raw\dataset\train\NORMAL\normal_02416.png
normal,train,normal_02417.png,G:\Ai-CDD\data\raw\dataset\train\NORMAL\normal_02417.png
normal,train,normal_02418.png,G:\Ai-CDD\data\raw\dataset\train\NORMAL\normal_02418.png
normal,train,normal_02419.png,G:\Ai-CDD\data\raw\dataset\train\NORMAL\normal_02419.png
normal,train,normal_02420.png,G:\Ai-CDD\data\raw\dataset\train\NORMAL\normal_02420.png
normal,train,normal_02421.png,G:\Ai-CDD\data\raw\dataset\train\NORMAL\normal_02421.png
normal,train,normal_02422.png,G:\Ai-CDD\data\raw\dataset\train\NORMAL\normal_02422.png
normal,train,normal_02423.png,G:\Ai-CDD\data\raw\dataset\train\NORMAL\normal_02423.png
normal,train,normal_02424.png,G:\Ai-CDD\data\raw\dataset\train\NORMAL\normal_02424.png
normal,train,normal_02425.png,G:\Ai-CDD\data\raw\dataset\train\NORMAL\normal_02425.png
normal,train,normal_02426.png,G:\Ai-CDD\data\raw\dataset\train\NORMAL\normal_02426.png
normal,train,normal_02427.png,G:\Ai-CDD\data\raw\dataset\train\NORMAL\normal_02427.png
normal,train,normal_02428.png,G:\Ai-CDD\data\raw\dataset\train\NORMAL\normal_02428.png
normal,train,normal_02429.png,G:\Ai-CDD\data\raw\dataset\train\NORMAL\normal_02429.png
normal,train,normal_02430.png,G:\Ai-CDD\data\raw\dataset\train\NORMAL\normal_02430.png
normal,train,normal_02431.png,G:\Ai-CDD\data\raw\dataset\train\NORMAL\normal_02431.png
normal,train,normal_02432.png,G:\Ai-CDD\data\raw\dataset\train\NORMAL\normal_02432.png
normal,train,normal_02433.png,G:\Ai-CDD\data\raw\dataset\train\NORMAL\normal_02433.png
normal,train,normal_02434.png,G:\Ai-CDD\data\raw\dataset\train\NORMAL\normal_02434.png
normal,train,normal_02435.png,G:\Ai-CDD\data\raw\dataset\train\NORMAL\normal_02435.png
normal,train,normal_02436.png,G:\Ai-CDD\data\raw\dataset\train\NORMAL\normal_02436.png
normal,train,normal_02437.png,G:\Ai-CDD\data\raw\dataset\train\NORMAL\normal_02437.png
normal,train,normal_02438.png,G:\Ai-CDD\data\raw\dataset\train\NORMAL\normal_02438.png
normal,train,normal_02439.png,G:\Ai-CDD\data\raw\dataset\train\NORMAL\normal_02439.png
normal,train,normal_02440.png,G:\Ai-CDD\data\raw\dataset\train\NORMAL\normal_02440.png
normal,train,normal_02441.png,G:\Ai-CDD\data\raw\dataset\train\NORMAL\normal_02441.png
normal,train,normal_02442.png,G:\Ai-CDD\data\raw\dataset\train\NORMAL\normal_02442.png
normal,train,normal_02443.png,G:\Ai-CDD\data\raw\dataset\train\NORMAL\normal_02443.png
normal,train,normal_02444.png,G:\Ai-CDD\data\raw\dataset\train\NORMAL\normal_02444.png
normal,train,normal_02445.png,G:\Ai-CDD\data\raw\dataset\train\NORMAL\normal_02445.png
normal,train,normal_02446.png,G:\Ai-CDD\data\raw\dataset\train\NORMAL\normal_02446.png
normal,train,normal_02447.png,G:\Ai-CDD\data\raw\dataset\train\NORMAL\normal_02447.png
normal,train,normal_02448.png,G:\Ai-CDD\data\raw\dataset\train\NORMAL\normal_02448.png
normal,train,normal_02449.png,G:\Ai-CDD\data\raw\dataset\train\NORMAL\normal_02449.png
normal,train,normal_02450.png,G:\Ai-CDD\data\raw\dataset\train\NORMAL\normal_02450.png
normal,train,normal_02451.png,G:\Ai-CDD\data\raw\dataset\train\NORMAL\normal_02451.png
normal,train,normal_02452.png,G:\Ai-CDD\data\raw\dataset\train\NORMAL\normal_02452.png
normal,train,normal_02453.png,G:\Ai-CDD\data\raw\dataset\train\NORMAL\normal_02453.png
normal,train,normal_02454.png,G:\Ai-CDD\data\raw\dataset\train\NORMAL\normal_02454.png
normal,train,normal_02455.png,G:\Ai-CDD\data\raw\dataset\train\NORMAL\normal_02455.png
normal,train,normal_02456.png,G:\Ai-CDD\data\raw\dataset\train\NORMAL\normal_02456.png
normal,train,normal_02457.png,G:\Ai-CDD\data\raw\dataset\train\NORMAL\normal_02457.png
normal,train,normal_02458.png,G:\Ai-CDD\data\raw\dataset\train\NORMAL\normal_02458.png
normal,train,normal_02459.png,G:\Ai-CDD\data\raw\dataset\train\NORMAL\normal_02459.png
normal,train,normal_02460.png,G:\Ai-CDD\data\raw\dataset\train\NORMAL\normal_02460.png
normal,train,normal_02461.png,G:\Ai-CDD\data\raw\dataset\train\NORMAL\normal_02461.png
normal,train,normal_02462.png,G:\Ai-CDD\data\raw\dataset\train\NORMAL\normal_02462.png
normal,train,normal_02463.png,G:\Ai-CDD\data\raw\dataset\train\NORMAL\normal_02463.png
normal,train,normal_02464.png,G:\Ai-CDD\data\raw\dataset\train\NORMAL\normal_02464.png
normal,train,normal_02465.png,G:\Ai-CDD\data\raw\dataset\train\NORMAL\normal_02465.png
normal,train,normal_02466.png,G:\Ai-CDD\data\raw\dataset\train\NORMAL\normal_02466.png
normal,train,normal_02467.png,G:\Ai-CDD\data\raw\dataset\train\NORMAL\normal_02467.png
normal,train,normal_02468.png,G:\Ai-CDD\data\raw\dataset\train\NORMAL\normal_02468.png
normal,train,normal_02469.png,G:\Ai-CDD\data\raw\dataset\train\NORMAL\normal_02469.png
normal,train,normal_02470.png,G:\Ai-CDD\data\raw\dataset\train\NORMAL\normal_02470.png
normal,train,normal_02471.png,G:\Ai-CDD\data\raw\dataset\train\NORMAL\normal_02471.png
normal,train,normal_02472.png,G:\Ai-CDD\data\raw\dataset\train\NORMAL\normal_02472.png
normal,train,normal_02473.png,G:\Ai-CDD\data\raw\dataset\train\NORMAL\normal_02473.png
normal,train,normal_02474.png,G:\Ai-CDD\data\raw\dataset\train\NORMAL\normal_02474.png
normal,train,normal_02475.png,G:\Ai-CDD\data\raw\dataset\train\NORMAL\normal_02475.png
normal,train,normal_02476.png,G:\Ai-CDD\data\raw\dataset\train\NORMAL\normal_02476.png
normal,train,normal_02477.png,G:\Ai-CDD\data\raw\dataset\train\NORMAL\normal_02477.png
normal,train,normal_02478.png,G:\Ai-CDD\data\raw\dataset\train\NORMAL\normal_02478.png
normal,train,normal_02479.png,G:\Ai-CDD\data\raw\dataset\train\NORMAL\normal_02479.png
normal,train,normal_02480.png,G:\Ai-CDD\data\raw\dataset\train\NORMAL\normal_02480.png
normal,train,normal_02481.png,G:\Ai-CDD\data\raw\dataset\train\NORMAL\normal_02481.png
normal,train,normal_02482.png,G:\Ai-CDD\data\raw\dataset\train\NORMAL\normal_02482.png
normal,train,normal_02483.png,G:\Ai-CDD\data\raw\dataset\train\NORMAL\normal_02483.png
normal,train,normal_02484.png,G:\Ai-CDD\data\raw\dataset\train\NORMAL\normal_02484.png
normal,train,normal_02485.png,G:\Ai-CDD\data\raw\dataset\train\NORMAL\normal_02485.png
normal,train,normal_02486.png,G:\Ai-CDD\data\raw\dataset\train\NORMAL\normal_02486.png
normal,train,normal_02487.png,G:\Ai-CDD\data\raw\dataset\train\NORMAL\normal_02487.png
normal,train,normal_02488.png,G:\Ai-CDD\data\raw\dataset\train\NORMAL\normal_02488.png
normal,train,normal_02489.png,G:\Ai-CDD\data\raw\dataset\train\NORMAL\normal_02489.png
normal,train,normal_02490.png,G:\Ai-CDD\data\raw\dataset\train\NORMAL\normal_02490.png
normal,train,normal_02491.png,G:\Ai-CDD\data\raw\dataset\train\NORMAL\normal_02491.png
normal,train,normal_02492.png,G:\Ai-CDD\data\raw\dataset\train\NORMAL\normal_02492.png
normal,train,normal_02493.png,G:\Ai-CDD\data\raw\dataset\train\NORMAL\normal_02493.png
normal,train,normal_02494.png,G:\Ai-CDD\data\raw\dataset\train\NORMAL\normal_02494.png
normal,train,normal_02495.png,G:\Ai-CDD\data\raw\dataset\train\NORMAL\normal_02495.png
normal,train,normal_02496.png,G:\Ai-CDD\data\raw\dataset\train\NORMAL\normal_02496.png
normal,train,normal_02497.png,G:\Ai-CDD\data\raw\dataset\train\NORMAL\normal_02497.png
normal,train,normal_02498.png,G:\Ai-CDD\data\raw\dataset\train\NORMAL\normal_02498.png
normal,train,normal_02499.png,G:\Ai-CDD\data\raw\dataset\train\NORMAL\normal_02499.png
normal,train,normal_02500.png,G:\Ai-CDD\data\raw\dataset\train\NORMAL\normal_02500.png
normal,train,normal_02501.png,G:\Ai-CDD\data\raw\dataset\train\NORMAL\normal_02501.png
normal,train,normal_02502.png,G:\Ai-CDD\data\raw\dataset\train\NORMAL\normal_02502.png
normal,train,normal_02503.png,G:\Ai-CDD\data\raw\dataset\train\NORMAL\normal_02503.png
normal,train,normal_02504.png,G:\Ai-CDD\data\raw\dataset\train\NORMAL\normal_02504.png
normal,train,normal_02505.png,G:\Ai-CDD\data\raw\dataset\train\NORMAL\normal_02505.png
normal,train,normal_02506.png,G:\Ai-CDD\data\raw\dataset\train\NORMAL\normal_02506.png
normal,train,normal_02507.png,G:\Ai-CDD\data\raw\dataset\train\NORMAL\normal_02507.png
normal,train,normal_02508.png,G:\Ai-CDD\data\raw\dataset\train\NORMAL\normal_02508.png
normal,train,normal_02509.png,G:\Ai-CDD\data\raw\dataset\train\NORMAL\normal_02509.png
normal,train,normal_02510.png,G:\Ai-CDD\data\raw\dataset\train\NORMAL\normal_02510.png
normal,train,normal_02511.png,G:\Ai-CDD\data\raw\dataset\train\NORMAL\normal_02511.png
normal,train,normal_02512.png,G:\Ai-CDD\data\raw\dataset\train\NORMAL\normal_02512.png
normal,train,normal_02513.png,G:\Ai-CDD\data\raw\dataset\train\NORMAL\normal_02513.png
normal,train,normal_02514.png,G:\Ai-CDD\data\raw\dataset\train\NORMAL\normal_02514.png
normal,train,normal_02515.png,G:\Ai-CDD\data\raw\dataset\train\NORMAL\normal_02515.png
normal,train,normal_02516.png,G:\Ai-CDD\data\raw\dataset\train\NORMAL\normal_02516.png
normal,train,normal_02517.png,G:\Ai-CDD\data\raw\dataset\train\NORMAL\normal_02517.png
normal,train,normal_02518.png,G:\Ai-CDD\data\raw\dataset\train\NORMAL\normal_02518.png
normal,train,normal_02519.png,G:\Ai-CDD\data\raw\dataset\train\NORMAL\normal_02519.png
normal,train,normal_02520.png,G:\Ai-CDD\data\raw\dataset\train\NORMAL\normal_02520.png
normal,train,normal_02521.png,G:\Ai-CDD\data\raw\dataset\train\NORMAL\normal_02521.png
normal,train,normal_02522.png,G:\Ai-CDD\data\raw\dataset\train\NORMAL\normal_02522.png
normal,train,normal_02523.png,G:\Ai-CDD\data\raw\dataset\train\NORMAL\normal_02523.png
normal,train,normal_02524.png,G:\Ai-CDD\data\raw\dataset\train\NORMAL\normal_02524.png
normal,train,normal_02525.png,G:\Ai-CDD\data\raw\dataset\train\NORMAL\normal_02525.png
normal,train,normal_02526.png,G:\Ai-CDD\data\raw\dataset\train\NORMAL\normal_02526.png
normal,train,normal_02527.png,G:\Ai-CDD\data\raw\dataset\train\NORMAL\normal_02527.png
normal,train,normal_02528.png,G:\Ai-CDD\data\raw\dataset\train\NORMAL\normal_02528.png
normal,train,normal_02529.png,G:\Ai-CDD\data\raw\dataset\train\NORMAL\normal_02529.png
normal,train,normal_02530.png,G:\Ai-CDD\data\raw\dataset\train\NORMAL\normal_02530.png
normal,train,normal_02531.png,G:\Ai-CDD\data\raw\dataset\train\NORMAL\normal_02531.png
normal,train,normal_02532.png,G:\Ai-CDD\data\raw\dataset\train\NORMAL\normal_02532.png
normal,train,normal_02533.png,G:\Ai-CDD\data\raw\dataset\train\NORMAL\normal_02533.png
normal,train,normal_02534.png,G:\Ai-CDD\data\raw\dataset\train\NORMAL\normal_02534.png
normal,train,normal_02535.png,G:\Ai-CDD\data\raw\dataset\train\NORMAL\normal_02535.png
normal,train,normal_02536.png,G:\Ai-CDD\data\raw\dataset\train\NORMAL\normal_02536.png
normal,train,normal_02537.png,G:\Ai-CDD\data\raw\dataset\train\NORMAL\normal_02537.png
normal,train,normal_02538.png,G:\Ai-CDD\data\raw\dataset\train\NORMAL\normal_02538.png
normal,train,normal_02539.png,G:\Ai-CDD\data\raw\dataset\train\NORMAL\normal_02539.png
normal,train,normal_02540.png,G:\Ai-CDD\data\raw\dataset\train\NORMAL\normal_02540.png
normal,train,normal_02541.png,G:\Ai-CDD\data\raw\dataset\train\NORMAL\normal_02541.png
normal,train,normal_02542.png,G:\Ai-CDD\data\raw\dataset\train\NORMAL\normal_02542.png
normal,train,normal_02543.png,G:\Ai-CDD\data\raw\dataset\train\NORMAL\normal_02543.png
normal,train,normal_02544.png,G:\Ai-CDD\data\raw\dataset\train\NORMAL\normal_02544.png
normal,train,normal_02545.png,G:\Ai-CDD\data\raw\dataset\train\NORMAL\normal_02545.png
normal,train,normal_02546.png,G:\Ai-CDD\data\raw\dataset\train\NORMAL\normal_02546.png
normal,train,normal_02547.png,G:\Ai-CDD\data\raw\dataset\train\NORMAL\normal_02547.png
normal,train,normal_02548.png,G:\Ai-CDD\data\raw\dataset\train\NORMAL\normal_02548.png
normal,train,normal_02549.png,G:\Ai-CDD\data\raw\dataset\train\NORMAL\normal_02549.png
normal,train,normal_02550.png,G:\Ai-CDD\data\raw\dataset\train\NORMAL\normal_02550.png
normal,train,normal_02551.png,G:\Ai-CDD\data\raw\dataset\train\NORMAL\normal_02551.png
normal,train,normal_02552.png,G:\Ai-CDD\data\raw\dataset\train\NORMAL\normal_02552.png
normal,train,normal_02553.png,G:\Ai-CDD\data\raw\dataset\train\NORMAL\normal_02553.png
normal,train,normal_02554.png,G:\Ai-CDD\data\raw\dataset\train\NORMAL\normal_02554.png
normal,train,normal_02555.png,G:\Ai-CDD\data\raw\dataset\train\NORMAL\normal_02555.png
normal,train,normal_02556.png,G:\Ai-CDD\data\raw\dataset\train\NORMAL\normal_02556.png
normal,train,normal_02557.png,G:\Ai-CDD\data\raw\dataset\train\NORMAL\normal_02557.png
normal,train,normal_02558.png,G:\Ai-CDD\data\raw\dataset\train\NORMAL\normal_02558.png
normal,train,normal_02559.png,G:\Ai-CDD\data\raw\dataset\train\NORMAL\normal_02559.png
normal,train,normal_02560.png,G:\Ai-CDD\data\raw\dataset\train\NORMAL\normal_02560.png
normal,train,normal_02561.png,G:\Ai-CDD\data\raw\dataset\train\NORMAL\normal_02561.png
normal,train,normal_02562.png,G:\Ai-CDD\data\raw\dataset\train\NORMAL\normal_02562.png
normal,train,normal_02563.png,G:\Ai-CDD\data\raw\dataset\train\NORMAL\normal_02563.png
normal,train,normal_02564.png,G:\Ai-CDD\data\raw\dataset\train\NORMAL\normal_02564.png
normal,train,normal_02565.png,G:\Ai-CDD\data\raw\dataset\train\NORMAL\normal_02565.png
normal,train,normal_02566.png,G:\Ai-CDD\data\raw\dataset\train\NORMAL\normal_02566.png
normal,train,normal_02567.png,G:\Ai-CDD\data\raw\dataset\train\NORMAL\normal_02567.png
normal,train,normal_02568.png,G:\Ai-CDD\data\raw\dataset\train\NORMAL\normal_02568.png
normal,train,normal_02569.png,G:\Ai-CDD\data\raw\dataset\train\NORMAL\normal_02569.png
normal,train,normal_02570.png,G:\Ai-CDD\data\raw\dataset\train\NORMAL\normal_02570.png
normal,train,normal_02571.png,G:\Ai-CDD\data\raw\dataset\train\NORMAL\normal_02571.png
normal,train,normal_02572.png,G:\Ai-CDD\data\raw\dataset\train\NORMAL\normal_02572.png
normal,train,normal_02573.png,G:\Ai-CDD\data\raw\dataset\train\NORMAL\normal_02573.png
normal,train,normal_02574.png,G:\Ai-CDD\data\raw\dataset\train\NORMAL\normal_02574.png
normal,train,normal_02575.png,G:\Ai-CDD\data\raw\dataset\train\NORMAL\normal_02575.png
normal,train,normal_02576.png,G:\Ai-CDD\data\raw\dataset\train\NORMAL\normal_02576.png
normal,train,normal_02577.png,G:\Ai-CDD\data\raw\dataset\train\NORMAL\normal_02577.png
normal,train,normal_02578.png,G:\Ai-CDD\data\raw\dataset\train\NORMAL\normal_02578.png
normal,train,normal_02579.png,G:\Ai-CDD\data\raw\dataset\train\NORMAL\normal_02579.png
normal,train,normal_02580.png,G:\Ai-CDD\data\raw\dataset\train\NORMAL\normal_02580.png
normal,train,normal_02581.png,G:\Ai-CDD\data\raw\dataset\train\NORMAL\normal_02581.png
normal,train,normal_02582.png,G:\Ai-CDD\data\raw\dataset\train\NORMAL\normal_02582.png
normal,train,normal_02583.png,G:\Ai-CDD\data\raw\dataset\train\NORMAL\normal_02583.png
normal,train,normal_02584.png,G:\Ai-CDD\data\raw\dataset\train\NORMAL\normal_02584.png
normal,train,normal_02585.png,G:\Ai-CDD\data\raw\dataset\train\NORMAL\normal_02585.png
normal,train,normal_02586.png,G:\Ai-CDD\data\raw\dataset\train\NORMAL\normal_02586.png
normal,train,normal_02587.png,G:\Ai-CDD\data\raw\dataset\train\NORMAL\normal_02587.png
normal,train,normal_02588.png,G:\Ai-CDD\data\raw\dataset\train\NORMAL\normal_02588.png
normal,train,normal_02589.png,G:\Ai-CDD\data\raw\dataset\train\NORMAL\normal_02589.png
normal,train,normal_02590.png,G:\Ai-CDD\data\raw\dataset\train\NORMAL\normal_02590.png
normal,train,normal_02591.png,G:\Ai-CDD\data\raw\dataset\train\NORMAL\normal_02591.png
normal,train,normal_02592.png,G:\Ai-CDD\data\raw\dataset\train\NORMAL\normal_02592.png
normal,train,normal_02593.png,G:\Ai-CDD\data\raw\dataset\train\NORMAL\normal_02593.png
normal,train,normal_02594.png,G:\Ai-CDD\data\raw\dataset\train\NORMAL\normal_02594.png
normal,train,normal_02595.png,G:\Ai-CDD\data\raw\dataset\train\NORMAL\normal_02595.png
normal,train,normal_02596.png,G:\Ai-CDD\data\raw\dataset\train\NORMAL\normal_02596.png
normal,train,normal_02597.png,G:\Ai-CDD\data\raw\dataset\train\NORMAL\normal_02597.png
normal,train,normal_02598.png,G:\Ai-CDD\data\raw\dataset\train\NORMAL\normal_02598.png
normal,train,normal_02599.png,G:\Ai-CDD\data\raw\dataset\train\NORMAL\normal_02599.png
normal,train,normal_02600.png,G:\Ai-CDD\data\raw\dataset\train\NORMAL\normal_02600.png
normal,train,normal_02601.png,G:\Ai-CDD\data\raw\dataset\train\NORMAL\normal_02601.png
normal,train,normal_02602.png,G:\Ai-CDD\data\raw\dataset\train\NORMAL\normal_02602.png
normal,train,normal_02603.png,G:\Ai-CDD\data\raw\dataset\train\NORMAL\normal_02603.png
normal,train,normal_02604.png,G:\Ai-CDD\data\raw\dataset\train\NORMAL\normal_02604.png
normal,train,normal_02605.png,G:\Ai-CDD\data\raw\dataset\train\NORMAL\normal_02605.png
normal,train,normal_02606.png,G:\Ai-CDD\data\raw\dataset\train\NORMAL\normal_02606.png
normal,train,normal_02607.png,G:\Ai-CDD\data\raw\dataset\train\NORMAL\normal_02607.png
normal,train,normal_02608.png,G:\Ai-CDD\data\raw\dataset\train\NORMAL\normal_02608.png
normal,train,normal_02609.png,G:\Ai-CDD\data\raw\dataset\train\NORMAL\normal_02609.png
normal,train,normal_02610.png,G:\Ai-CDD\data\raw\dataset\train\NORMAL\normal_02610.png
normal,train,normal_02611.png,G:\Ai-CDD\data\raw\dataset\train\NORMAL\normal_02611.png
normal,train,normal_02612.png,G:\Ai-CDD\data\raw\dataset\train\NORMAL\normal_02612.png
normal,train,normal_02613.png,G:\Ai-CDD\data\raw\dataset\train\NORMAL\normal_02613.png
normal,train,normal_02614.png,G:\Ai-CDD\data\raw\dataset\train\NORMAL\normal_02614.png
normal,train,normal_02615.png,G:\Ai-CDD\data\raw\dataset\train\NORMAL\normal_02615.png
normal,train,normal_02616.png,G:\Ai-CDD\data\raw\dataset\train\NORMAL\normal_02616.png
normal,train,normal_02617.png,G:\Ai-CDD\data\raw\dataset\train\NORMAL\normal_02617.png
normal,train,normal_02618.png,G:\Ai-CDD\data\raw\dataset\train\NORMAL\normal_02618.png
normal,train,normal_02619.png,G:\Ai-CDD\data\raw\dataset\train\NORMAL\normal_02619.png
normal,train,normal_02620.png,G:\Ai-CDD\data\raw\dataset\train\NORMAL\normal_02620.png
normal,train,normal_02621.png,G:\Ai-CDD\data\raw\dataset\train\NORMAL\normal_02621.png
normal,train,normal_02622.png,G:\Ai-CDD\data\raw\dataset\train\NORMAL\normal_02622.png
normal,train,normal_02623.png,G:\Ai-CDD\data\raw\dataset\train\NORMAL\normal_02623.png
normal,train,normal_02624.png,G:\Ai-CDD\data\raw\dataset\train\NORMAL\normal_02624.png
normal,train,normal_02625.png,G:\Ai-CDD\data\raw\dataset\train\NORMAL\normal_02625.png
normal,train,normal_02626.png,G:\Ai-CDD\data\raw\dataset\train\NORMAL\normal_02626.png
normal,train,normal_02627.png,G:\Ai-CDD\data\raw\dataset\train\NORMAL\normal_02627.png
normal,train,normal_02628.png,G:\Ai-CDD\data\raw\dataset\train\NORMAL\normal_02628.png
normal,train,normal_02629.png,G:\Ai-CDD\data\raw\dataset\train\NORMAL\normal_02629.png
normal,train,normal_02630.png,G:\Ai-CDD\data\raw\dataset\train\NORMAL\normal_02630.png
normal,train,normal_02631.png,G:\Ai-CDD\data\raw\dataset\train\NORMAL\normal_02631.png
normal,train,normal_02632.png,G:\Ai-CDD\data\raw\dataset\train\NORMAL\normal_02632.png
normal,train,normal_02633.png,G:\Ai-CDD\data\raw\dataset\train\NORMAL\normal_02633.png
normal,train,normal_02634.png,G:\Ai-CDD\data\raw\dataset\train\NORMAL\normal_02634.png
normal,train,normal_02635.png,G:\Ai-CDD\data\raw\dataset\train\NORMAL\normal_02635.png
normal,train,normal_02636.png,G:\Ai-CDD\data\raw\dataset\train\NORMAL\normal_02636.png
normal,train,normal_02637.png,G:\Ai-CDD\data\raw\dataset\train\NORMAL\normal_02637.png
normal,train,normal_02638.png,G:\Ai-CDD\data\raw\dataset\train\NORMAL\normal_02638.png
normal,train,normal_02639.png,G:\Ai-CDD\data\raw\dataset\train\NORMAL\normal_02639.png
normal,train,normal_02640.png,G:\Ai-CDD\data\raw\dataset\train\NORMAL\normal_02640.png
normal,train,normal_02641.png,G:\Ai-CDD\data\raw\dataset\train\NORMAL\normal_02641.png
normal,train,normal_02642.png,G:\Ai-CDD\data\raw\dataset\train\NORMAL\normal_02642.png
normal,train,normal_02643.png,G:\Ai-CDD\data\raw\dataset\train\NORMAL\normal_02643.png
normal,train,normal_02644.png,G:\Ai-CDD\data\raw\dataset\train\NORMAL\normal_02644.png
normal,train,normal_02645.png,G:\Ai-CDD\data\raw\dataset\train\NORMAL\normal_02645.png
normal,train,normal_02646.png,G:\Ai-CDD\data\raw\dataset\train\NORMAL\normal_02646.png
normal,train,normal_02647.png,G:\Ai-CDD\data\raw\dataset\train\NORMAL\normal_02647.png
normal,train,normal_02648.png,G:\Ai-CDD\data\raw\dataset\train\NORMAL\normal_02648.png
normal,train,normal_02649.png,G:\Ai-CDD\data\raw\dataset\train\NORMAL\normal_02649.png
normal,train,normal_02650.png,G:\Ai-CDD\data\raw\dataset\train\NORMAL\normal_02650.png
normal,train,normal_02651.png,G:\Ai-CDD\data\raw\dataset\train\NORMAL\normal_02651.png
normal,train,normal_02652.png,G:\Ai-CDD\data\raw\dataset\train\NORMAL\normal_02652.png
normal,train,normal_02653.png,G:\Ai-CDD\data\raw\dataset\train\NORMAL\normal_02653.png
normal,train,normal_02654.png,G:\Ai-CDD\data\raw\dataset\train\NORMAL\normal_02654.png
normal,train,normal_02655.png,G:\Ai-CDD\data\raw\dataset\train\NORMAL\normal_02655.png
normal,train,normal_02656.png,G:\Ai-CDD\data\raw\dataset\train\NORMAL\normal_02656.png
normal,train,normal_02657.png,G:\Ai-CDD\data\raw\dataset\train\NORMAL\normal_02657.png
normal,train,normal_02658.png,G:\Ai-CDD\data\raw\dataset\train\NORMAL\normal_02658.png
normal,train,normal_02659.png,G:\Ai-CDD\data\raw\dataset\train\NORMAL\normal_02659.png
normal,train,normal_02660.png,G:\Ai-CDD\data\raw\dataset\train\NORMAL\normal_02660.png
normal,train,normal_02661.png,G:\Ai-CDD\data\raw\dataset\train\NORMAL\normal_02661.png
normal,train,normal_02662.png,G:\Ai-CDD\data\raw\dataset\train\NORMAL\normal_02662.png
normal,train,normal_02663.png,G:\Ai-CDD\data\raw\dataset\train\NORMAL\normal_02663.png
normal,train,normal_02664.png,G:\Ai-CDD\data\raw\dataset\train\NORMAL\normal_02664.png
normal,train,normal_02665.png,G:\Ai-CDD\data\raw\dataset\train\NORMAL\normal_02665.png
normal,train,normal_02666.png,G:\Ai-CDD\data\raw\dataset\train\NORMAL\normal_02666.png
normal,train,normal_02667.png,G:\Ai-CDD\data\raw\dataset\train\NORMAL\normal_02667.png
normal,train,normal_02668.png,G:\Ai-CDD\data\raw\dataset\train\NORMAL\normal_02668.png
normal,train,normal_02669.png,G:\Ai-CDD\data\raw\dataset\train\NORMAL\normal_02669.png
normal,train,normal_02670.png,G:\Ai-CDD\data\raw\dataset\train\NORMAL\normal_02670.png
normal,train,normal_02671.png,G:\Ai-CDD\data\raw\dataset\train\NORMAL\normal_02671.png
normal,train,normal_02672.png,G:\Ai-CDD\data\raw\dataset\train\NORMAL\normal_02672.png
normal,train,normal_02673.png,G:\Ai-CDD\data\raw\dataset\train\NORMAL\normal_02673.png
normal,train,normal_02674.png,G:\Ai-CDD\data\raw\dataset\train\NORMAL\normal_02674.png
normal,train,normal_02675.png,G:\Ai-CDD\data\raw\dataset\train\NORMAL\normal_02675.png
normal,train,normal_02676.png,G:\Ai-CDD\data\raw\dataset\train\NORMAL\normal_02676.png
normal,train,normal_02677.png,G:\Ai-CDD\data\raw\dataset\train\NORMAL\normal_02677.png
normal,train,normal_02678.png,G:\Ai-CDD\data\raw\dataset\train\NORMAL\normal_02678.png
normal,train,normal_02679.png,G:\Ai-CDD\data\raw\dataset\train\NORMAL\normal_02679.png
normal,train,normal_02680.png,G:\Ai-CDD\data\raw\dataset\train\NORMAL\normal_02680.png
normal,train,normal_02681.png,G:\Ai-CDD\data\raw\dataset\train\NORMAL\normal_02681.png
normal,train,normal_02682.png,G:\Ai-CDD\data\raw\dataset\train\NORMAL\normal_02682.png
normal,train,normal_02683.png,G:\Ai-CDD\data\raw\dataset\train\NORMAL\normal_02683.png
normal,train,normal_02684.png,G:\Ai-CDD\data\raw\dataset\train\NORMAL\normal_02684.png
normal,train,normal_02685.png,G:\Ai-CDD\data\raw\dataset\train\NORMAL\normal_02685.png
normal,train,normal_02686.png,G:\Ai-CDD\data\raw\dataset\train\NORMAL\normal_02686.png
normal,train,normal_02687.png,G:\Ai-CDD\data\raw\dataset\train\NORMAL\normal_02687.png
normal,train,normal_02688.png,G:\Ai-CDD\data\raw\dataset\train\NORMAL\normal_02688.png
normal,train,normal_02689.png,G:\Ai-CDD\data\raw\dataset\train\NORMAL\normal_02689.png
normal,train,normal_02690.png,G:\Ai-CDD\data\raw\dataset\train\NORMAL\normal_02690.png
normal,train,normal_02691.png,G:\Ai-CDD\data\raw\dataset\train\NORMAL\normal_02691.png
normal,train,normal_02692.png,G:\Ai-CDD\data\raw\dataset\train\NORMAL\normal_02692.png
normal,train,normal_02693.png,G:\Ai-CDD\data\raw\dataset\train\NORMAL\normal_02693.png
normal,train,normal_02694.png,G:\Ai-CDD\data\raw\dataset\train\NORMAL\normal_02694.png
normal,train,normal_02695.png,G:\Ai-CDD\data\raw\dataset\train\NORMAL\normal_02695.png
normal,train,normal_02696.png,G:\Ai-CDD\data\raw\dataset\train\NORMAL\normal_02696.png
normal,train,normal_02697.png,G:\Ai-CDD\data\raw\dataset\train\NORMAL\normal_02697.png
normal,train,normal_02698.png,G:\Ai-CDD\data\raw\dataset\train\NORMAL\normal_02698.png
normal,train,normal_02699.png,G:\Ai-CDD\data\raw\dataset\train\NORMAL\normal_02699.png
normal,train,normal_02700.png,G:\Ai-CDD\data\raw\dataset\train\NORMAL\normal_02700.png
normal,train,normal_02701.png,G:\Ai-CDD\data\raw\dataset\train\NORMAL\normal_02701.png
normal,train,normal_02702.png,G:\Ai-CDD\data\raw\dataset\train\NORMAL\normal_02702.png
normal,train,normal_02703.png,G:\Ai-CDD\data\raw\dataset\train\NORMAL\normal_02703.png
normal,train,normal_02704.png,G:\Ai-CDD\data\raw\dataset\train\NORMAL\normal_02704.png
normal,train,normal_02705.png,G:\Ai-CDD\data\raw\dataset\train\NORMAL\normal_02705.png
normal,train,normal_02706.png,G:\Ai-CDD\data\raw\dataset\train\NORMAL\normal_02706.png
normal,train,normal_02707.png,G:\Ai-CDD\data\raw\dataset\train\NORMAL\normal_02707.png
normal,train,normal_02708.png,G:\Ai-CDD\data\raw\dataset\train\NORMAL\normal_02708.png
normal,train,normal_02709.png,G:\Ai-CDD\data\raw\dataset\train\NORMAL\normal_02709.png
normal,train,normal_02710.png,G:\Ai-CDD\data\raw\dataset\train\NORMAL\normal_02710.png
normal,train,normal_02711.png,G:\Ai-CDD\data\raw\dataset\train\NORMAL\normal_02711.png
normal,train,normal_02712.png,G:\Ai-CDD\data\raw\dataset\train\NORMAL\normal_02712.png
normal,train,normal_02713.png,G:\Ai-CDD\data\raw\dataset\train\NORMAL\normal_02713.png
normal,train,normal_02714.png,G:\Ai-CDD\data\raw\dataset\train\NORMAL\normal_02714.png
normal,train,normal_02715.png,G:\Ai-CDD\data\raw\dataset\train\NORMAL\normal_02715.png
normal,train,normal_02716.png,G:\Ai-CDD\data\raw\dataset\train\NORMAL\normal_02716.png
normal,train,normal_02717.png,G:\Ai-CDD\data\raw\dataset\train\NORMAL\normal_02717.png
normal,train,normal_02718.png,G:\Ai-CDD\data\raw\dataset\train\NORMAL\normal_02718.png
normal,train,normal_02719.png,G:\Ai-CDD\data\raw\dataset\train\NORMAL\normal_02719.png
normal,train,normal_02720.png,G:\Ai-CDD\data\raw\dataset\train\NORMAL\normal_02720.png
normal,train,normal_02721.png,G:\Ai-CDD\data\raw\dataset\train\NORMAL\normal_02721.png
normal,train,normal_02722.png,G:\Ai-CDD\data\raw\dataset\train\NORMAL\normal_02722.png
normal,train,normal_02723.png,G:\Ai-CDD\data\raw\dataset\train\NORMAL\normal_02723.png
normal,train,normal_02724.png,G:\Ai-CDD\data\raw\dataset\train\NORMAL\normal_02724.png
normal,train,normal_02725.png,G:\Ai-CDD\data\raw\dataset\train\NORMAL\normal_02725.png
normal,train,normal_02726.png,G:\Ai-CDD\data\raw\dataset\train\NORMAL\normal_02726.png
normal,train,normal_02727.png,G:\Ai-CDD\data\raw\dataset\train\NORMAL\normal_02727.png
normal,train,normal_02728.png,G:\Ai-CDD\data\raw\dataset\train\NORMAL\normal_02728.png
normal,train,normal_02729.png,G:\Ai-CDD\data\raw\dataset\train\NORMAL\normal_02729.png
normal,train,normal_02730.png,G:\Ai-CDD\data\raw\dataset\train\NORMAL\normal_02730.png
normal,train,normal_02731.png,G:\Ai-CDD\data\raw\dataset\train\NORMAL\normal_02731.png
normal,train,normal_02732.png,G:\Ai-CDD\data\raw\dataset\train\NORMAL\normal_02732.png
normal,train,normal_02733.png,G:\Ai-CDD\data\raw\dataset\train\NORMAL\normal_02733.png
normal,train,normal_02734.png,G:\Ai-CDD\data\raw\dataset\train\NORMAL\normal_02734.png
normal,train,normal_02735.png,G:\Ai-CDD\data\raw\dataset\train\NORMAL\normal_02735.png
normal,train,normal_02736.png,G:\Ai-CDD\data\raw\dataset\train\NORMAL\normal_02736.png
normal,train,normal_02737.png,G:\Ai-CDD\data\raw\dataset\train\NORMAL\normal_02737.png
normal,train,normal_02738.png,G:\Ai-CDD\data\raw\dataset\train\NORMAL\normal_02738.png
normal,train,normal_02739.png,G:\Ai-CDD\data\raw\dataset\train\NORMAL\normal_02739.png
normal,train,normal_02740.png,G:\Ai-CDD\data\raw\dataset\train\NORMAL\normal_02740.png
normal,train,normal_02741.png,G:\Ai-CDD\data\raw\dataset\train\NORMAL\normal_02741.png
normal,train,normal_02742.png,G:\Ai-CDD\data\raw\dataset\train\NORMAL\normal_02742.png
normal,train,normal_02743.png,G:\Ai-CDD\data\raw\dataset\train\NORMAL\normal_02743.png
normal,train,normal_02744.png,G:\Ai-CDD\data\raw\dataset\train\NORMAL\normal_02744.png
normal,train,normal_02745.png,G:\Ai-CDD\data\raw\dataset\train\NORMAL\normal_02745.png
normal,train,normal_02746.png,G:\Ai-CDD\data\raw\dataset\train\NORMAL\normal_02746.png
normal,train,normal_02747.png,G:\Ai-CDD\data\raw\dataset\train\NORMAL\normal_02747.png
normal,train,normal_02748.png,G:\Ai-CDD\data\raw\dataset\train\NORMAL\normal_02748.png
normal,train,normal_02749.png,G:\Ai-CDD\data\raw\dataset\train\NORMAL\normal_02749.png
normal,train,normal_02750.png,G:\Ai-CDD\data\raw\dataset\train\NORMAL\normal_02750.png
normal,train,normal_02751.png,G:\Ai-CDD\data\raw\dataset\train\NORMAL\normal_02751.png
normal,train,normal_02752.png,G:\Ai-CDD\data\raw\dataset\train\NORMAL\normal_02752.png
normal,train,normal_02753.png,G:\Ai-CDD\data\raw\dataset\train\NORMAL\normal_02753.png
normal,train,normal_02754.png,G:\Ai-CDD\data\raw\dataset\train\NORMAL\normal_02754.png
normal,train,normal_02755.png,G:\Ai-CDD\data\raw\dataset\train\NORMAL\normal_02755.png
normal,train,normal_02756.png,G:\Ai-CDD\data\raw\dataset\train\NORMAL\normal_02756.png
normal,train,normal_02757.png,G:\Ai-CDD\data\raw\dataset\train\NORMAL\normal_02757.png
normal,train,normal_02758.png,G:\Ai-CDD\data\raw\dataset\train\NORMAL\normal_02758.png
normal,train,normal_02759.png,G:\Ai-CDD\data\raw\dataset\train\NORMAL\normal_02759.png
normal,train,normal_02760.png,G:\Ai-CDD\data\raw\dataset\train\NORMAL\normal_02760.png
normal,train,normal_02761.png,G:\Ai-CDD\data\raw\dataset\train\NORMAL\normal_02761.png
normal,train,normal_02762.png,G:\Ai-CDD\data\raw\dataset\train\NORMAL\normal_02762.png
normal,train,normal_02763.png,G:\Ai-CDD\data\raw\dataset\train\NORMAL\normal_02763.png
normal,train,normal_02764.png,G:\Ai-CDD\data\raw\dataset\train\NORMAL\normal_02764.png
normal,train,normal_02765.png,G:\Ai-CDD\data\raw\dataset\train\NORMAL\normal_02765.png
normal,train,normal_02766.png,G:\Ai-CDD\data\raw\dataset\train\NORMAL\normal_02766.png
normal,train,normal_02767.png,G:\Ai-CDD\data\raw\dataset\train\NORMAL\normal_02767.png
normal,train,normal_02768.png,G:\Ai-CDD\data\raw\dataset\train\NORMAL\normal_02768.png
normal,train,normal_02769.png,G:\Ai-CDD\data\raw\dataset\train\NORMAL\normal_02769.png
normal,train,normal_02770.png,G:\Ai-CDD\data\raw\dataset\train\NORMAL\normal_02770.png
normal,train,normal_02771.png,G:\Ai-CDD\data\raw\dataset\train\NORMAL\normal_02771.png
normal,train,normal_02772.png,G:\Ai-CDD\data\raw\dataset\train\NORMAL\normal_02772.png
normal,train,normal_02773.png,G:\Ai-CDD\data\raw\dataset\train\NORMAL\normal_02773.png
normal,train,normal_02774.png,G:\Ai-CDD\data\raw\dataset\train\NORMAL\normal_02774.png
normal,train,normal_02775.png,G:\Ai-CDD\data\raw\dataset\train\NORMAL\normal_02775.png
normal,train,normal_02776.png,G:\Ai-CDD\data\raw\dataset\train\NORMAL\normal_02776.png
normal,train,normal_02777.png,G:\Ai-CDD\data\raw\dataset\train\NORMAL\normal_02777.png
normal,train,normal_02778.png,G:\Ai-CDD\data\raw\dataset\train\NORMAL\normal_02778.png
normal,train,normal_02779.png,G:\Ai-CDD\data\raw\dataset\train\NORMAL\normal_02779.png
normal,train,normal_02780.png,G:\Ai-CDD\data\raw\dataset\train\NORMAL\normal_02780.png
normal,train,normal_02781.png,G:\Ai-CDD\data\raw\dataset\train\NORMAL\normal_02781.png
normal,train,normal_02782.png,G:\Ai-CDD\data\raw\dataset\train\NORMAL\normal_02782.png
normal,train,normal_02783.png,G:\Ai-CDD\data\raw\dataset\train\NORMAL\normal_02783.png
normal,train,normal_02784.png,G:\Ai-CDD\data\raw\dataset\train\NORMAL\normal_02784.png
normal,train,normal_02785.png,G:\Ai-CDD\data\raw\dataset\train\NORMAL\normal_02785.png
normal,train,normal_02786.png,G:\Ai-CDD\data\raw\dataset\train\NORMAL\normal_02786.png
normal,train,normal_02787.png,G:\Ai-CDD\data\raw\dataset\train\NORMAL\normal_02787.png
normal,train,normal_02788.png,G:\Ai-CDD\data\raw\dataset\train\NORMAL\normal_02788.png
normal,train,normal_02789.png,G:\Ai-CDD\data\raw\dataset\train\NORMAL\normal_02789.png
normal,train,normal_02790.png,G:\Ai-CDD\data\raw\dataset\train\NORMAL\normal_02790.png
normal,train,normal_02791.png,G:\Ai-CDD\data\raw\dataset\train\NORMAL\normal_02791.png
normal,train,normal_02792.png,G:\Ai-CDD\data\raw\dataset\train\NORMAL\normal_02792.png
normal,train,normal_02793.png,G:\Ai-CDD\data\raw\dataset\train\NORMAL\normal_02793.png
normal,train,normal_02794.png,G:\Ai-CDD\data\raw\dataset\train\NORMAL\normal_02794.png
normal,train,normal_02795.png,G:\Ai-CDD\data\raw\dataset\train\NORMAL\normal_02795.png
normal,train,normal_02796.png,G:\Ai-CDD\data\raw\dataset\train\NORMAL\normal_02796.png
normal,train,normal_02797.png,G:\Ai-CDD\data\raw\dataset\train\NORMAL\normal_02797.png
normal,train,normal_02798.png,G:\Ai-CDD\data\raw\dataset\train\NORMAL\normal_02798.png
normal,train,normal_02799.png,G:\Ai-CDD\data\raw\dataset\train\NORMAL\normal_02799.png
normal,train,normal_02800.png,G:\Ai-CDD\data\raw\dataset\train\NORMAL\normal_02800.png
normal,train,normal_02801.png,G:\Ai-CDD\data\raw\dataset\train\NORMAL\normal_02801.png
normal,train,normal_02802.png,G:\Ai-CDD\data\raw\dataset\train\NORMAL\normal_02802.png
normal,train,normal_02803.png,G:\Ai-CDD\data\raw\dataset\train\NORMAL\normal_02803.png
normal,train,normal_02804.png,G:\Ai-CDD\data\raw\dataset\train\NORMAL\normal_02804.png
normal,train,normal_02805.png,G:\Ai-CDD\data\raw\dataset\train\NORMAL\normal_02805.png
normal,train,normal_02806.png,G:\Ai-CDD\data\raw\dataset\train\NORMAL\normal_02806.png
normal,train,normal_02807.png,G:\Ai-CDD\data\raw\dataset\train\NORMAL\normal_02807.png
normal,train,normal_02808.png,G:\Ai-CDD\data\raw\dataset\train\NORMAL\normal_02808.png
normal,train,normal_02809.png,G:\Ai-CDD\data\raw\dataset\train\NORMAL\normal_02809.png
normal,train,normal_02810.png,G:\Ai-CDD\data\raw\dataset\train\NORMAL\normal_02810.png
normal,train,normal_02811.png,G:\Ai-CDD\data\raw\dataset\train\NORMAL\normal_02811.png
normal,train,normal_02812.png,G:\Ai-CDD\data\raw\dataset\train\NORMAL\normal_02812.png
normal,train,normal_02813.png,G:\Ai-CDD\data\raw\dataset\train\NORMAL\normal_02813.png
normal,train,normal_02814.png,G:\Ai-CDD\data\raw\dataset\train\NORMAL\normal_02814.png
normal,train,normal_02815.png,G:\Ai-CDD\data\raw\dataset\train\NORMAL\normal_02815.png
normal,train,normal_02816.png,G:\Ai-CDD\data\raw\dataset\train\NORMAL\normal_02816.png
normal,train,normal_02817.png,G:\Ai-CDD\data\raw\dataset\train\NORMAL\normal_02817.png
normal,train,normal_02818.png,G:\Ai-CDD\data\raw\dataset\train\NORMAL\normal_02818.png
normal,train,normal_02819.png,G:\Ai-CDD\data\raw\dataset\train\NORMAL\normal_02819.png
normal,train,normal_02820.png,G:\Ai-CDD\data\raw\dataset\train\NORMAL\normal_02820.png
normal,train,normal_02821.png,G:\Ai-CDD\data\raw\dataset\train\NORMAL\normal_02821.png
normal,train,normal_02822.png,G:\Ai-CDD\data\raw\dataset\train\NORMAL\normal_02822.png
normal,train,normal_02823.png,G:\Ai-CDD\data\raw\dataset\train\NORMAL\normal_02823.png
normal,train,normal_02824.png,G:\Ai-CDD\data\raw\dataset\train\NORMAL\normal_02824.png
normal,train,normal_02825.png,G:\Ai-CDD\data\raw\dataset\train\NORMAL\normal_02825.png
normal,train,normal_02826.png,G:\Ai-CDD\data\raw\dataset\train\NORMAL\normal_02826.png
normal,train,normal_02827.png,G:\Ai-CDD\data\raw\dataset\train\NORMAL\normal_02827.png
normal,train,normal_02828.png,G:\Ai-CDD\data\raw\dataset\train\NORMAL\normal_02828.png
normal,train,normal_02829.png,G:\Ai-CDD\data\raw\dataset\train\NORMAL\normal_02829.png
normal,train,normal_02830.png,G:\Ai-CDD\data\raw\dataset\train\NORMAL\normal_02830.png
normal,train,normal_02831.png,G:\Ai-CDD\data\raw\dataset\train\NORMAL\normal_02831.png
normal,train,normal_02832.png,G:\Ai-CDD\data\raw\dataset\train\NORMAL\normal_02832.png
normal,train,normal_02833.png,G:\Ai-CDD\data\raw\dataset\train\NORMAL\normal_02833.png
normal,train,normal_02834.png,G:\Ai-CDD\data\raw\dataset\train\NORMAL\normal_02834.png
normal,train,normal_02835.png,G:\Ai-CDD\data\raw\dataset\train\NORMAL\normal_02835.png
normal,train,normal_02836.png,G:\Ai-CDD\data\raw\dataset\train\NORMAL\normal_02836.png
normal,train,normal_02837.png,G:\Ai-CDD\data\raw\dataset\train\NORMAL\normal_02837.png
normal,train,normal_02838.png,G:\Ai-CDD\data\raw\dataset\train\NORMAL\normal_02838.png
normal,train,normal_02839.png,G:\Ai-CDD\data\raw\dataset\train\NORMAL\normal_02839.png
normal,train,normal_02840.png,G:\Ai-CDD\data\raw\dataset\train\NORMAL\normal_02840.png
normal,train,normal_02841.png,G:\Ai-CDD\data\raw\dataset\train\NORMAL\normal_02841.png
normal,train,normal_02842.png,G:\Ai-CDD\data\raw\dataset\train\NORMAL\normal_02842.png
normal,train,normal_02843.png,G:\Ai-CDD\data\raw\dataset\train\NORMAL\normal_02843.png
normal,train,normal_02844.png,G:\Ai-CDD\data\raw\dataset\train\NORMAL\normal_02844.png
normal,train,normal_02845.png,G:\Ai-CDD\data\raw\dataset\train\NORMAL\normal_02845.png
normal,train,normal_02846.png,G:\Ai-CDD\data\raw\dataset\train\NORMAL\normal_02846.png
normal,train,normal_02847.png,G:\Ai-CDD\data\raw\dataset\train\NORMAL\normal_02847.png
normal,train,normal_02848.png,G:\Ai-CDD\data\raw\dataset\train\NORMAL\normal_02848.png
normal,train,normal_02849.png,G:\Ai-CDD\data\raw\dataset\train\NORMAL\normal_02849.png
normal,train,normal_02850.png,G:\Ai-CDD\data\raw\dataset\train\NORMAL\normal_02850.png
normal,train,normal_02851.png,G:\Ai-CDD\data\raw\dataset\train\NORMAL\normal_02851.png
normal,train,normal_02852.png,G:\Ai-CDD\data\raw\dataset\train\NORMAL\normal_02852.png
normal,train,normal_02853.png,G:\Ai-CDD\data\raw\dataset\train\NORMAL\normal_02853.png
normal,train,normal_02854.png,G:\Ai-CDD\data\raw\dataset\train\NORMAL\normal_02854.png
normal,train,normal_02855.png,G:\Ai-CDD\data\raw\dataset\train\NORMAL\normal_02855.png
normal,train,normal_02856.png,G:\Ai-CDD\data\raw\dataset\train\NORMAL\normal_02856.png
normal,train,normal_02857.png,G:\Ai-CDD\data\raw\dataset\train\NORMAL\normal_02857.png
normal,train,normal_02858.png,G:\Ai-CDD\data\raw\dataset\train\NORMAL\normal_02858.png
normal,train,normal_02859.png,G:\Ai-CDD\data\raw\dataset\train\NORMAL\normal_02859.png
normal,train,normal_02860.png,G:\Ai-CDD\data\raw\dataset\train\NORMAL\normal_02860.png
normal,train,normal_02861.png,G:\Ai-CDD\data\raw\dataset\train\NORMAL\normal_02861.png
normal,train,normal_02862.png,G:\Ai-CDD\data\raw\dataset\train\NORMAL\normal_02862.png
normal,train,normal_02863.png,G:\Ai-CDD\data\raw\dataset\train\NORMAL\normal_02863.png
normal,train,normal_02864.png,G:\Ai-CDD\data\raw\dataset\train\NORMAL\normal_02864.png
normal,train,normal_02865.png,G:\Ai-CDD\data\raw\dataset\train\NORMAL\normal_02865.png
normal,train,normal_02866.png,G:\Ai-CDD\data\raw\dataset\train\NORMAL\normal_02866.png
normal,train,normal_02867.png,G:\Ai-CDD\data\raw\dataset\train\NORMAL\normal_02867.png
normal,train,normal_02868.png,G:\Ai-CDD\data\raw\dataset\train\NORMAL\normal_02868.png
normal,train,normal_02869.png,G:\Ai-CDD\data\raw\dataset\train\NORMAL\normal_02869.png
normal,train,normal_02870.png,G:\Ai-CDD\data\raw\dataset\train\NORMAL\normal_02870.png
normal,train,normal_02871.png,G:\Ai-CDD\data\raw\dataset\train\NORMAL\normal_02871.png
normal,train,normal_02872.png,G:\Ai-CDD\data\raw\dataset\train\NORMAL\normal_02872.png
normal,train,normal_02873.png,G:\Ai-CDD\data\raw\dataset\train\NORMAL\normal_02873.png
normal,train,normal_02874.png,G:\Ai-CDD\data\raw\dataset\train\NORMAL\normal_02874.png
normal,train,normal_02875.png,G:\Ai-CDD\data\raw\dataset\train\NORMAL\normal_02875.png
normal,train,normal_02876.png,G:\Ai-CDD\data\raw\dataset\train\NORMAL\normal_02876.png
normal,train,normal_02877.png,G:\Ai-CDD\data\raw\dataset\train\NORMAL\normal_02877.png
normal,train,normal_02878.png,G:\Ai-CDD\data\raw\dataset\train\NORMAL\normal_02878.png
normal,train,normal_02879.png,G:\Ai-CDD\data\raw\dataset\train\NORMAL\normal_02879.png
normal,train,normal_02880.png,G:\Ai-CDD\data\raw\dataset\train\NORMAL\normal_02880.png
normal,train,normal_02881.png,G:\Ai-CDD\data\raw\dataset\train\NORMAL\normal_02881.png
normal,train,normal_02882.png,G:\Ai-CDD\data\raw\dataset\train\NORMAL\normal_02882.png
normal,train,normal_02883.png,G:\Ai-CDD\data\raw\dataset\train\NORMAL\normal_02883.png
normal,train,normal_02884.png,G:\Ai-CDD\data\raw\dataset\train\NORMAL\normal_02884.png
normal,train,normal_02885.png,G:\Ai-CDD\data\raw\dataset\train\NORMAL\normal_02885.png
normal,train,normal_02886.png,G:\Ai-CDD\data\raw\dataset\train\NORMAL\normal_02886.png
normal,train,normal_02887.png,G:\Ai-CDD\data\raw\dataset\train\NORMAL\normal_02887.png
normal,train,normal_02888.png,G:\Ai-CDD\data\raw\dataset\train\NORMAL\normal_02888.png
normal,train,normal_02889.png,G:\Ai-CDD\data\raw\dataset\train\NORMAL\normal_02889.png
normal,train,normal_02890.png,G:\Ai-CDD\data\raw\dataset\train\NORMAL\normal_02890.png
normal,train,normal_02891.png,G:\Ai-CDD\data\raw\dataset\train\NORMAL\normal_02891.png
normal,train,normal_02892.png,G:\Ai-CDD\data\raw\dataset\train\NORMAL\normal_02892.png
normal,train,normal_02893.png,G:\Ai-CDD\data\raw\dataset\train\NORMAL\normal_02893.png
normal,train,normal_02894.png,G:\Ai-CDD\data\raw\dataset\train\NORMAL\normal_02894.png
normal,train,normal_02895.png,G:\Ai-CDD\data\raw\dataset\train\NORMAL\normal_02895.png
normal,train,normal_02896.png,G:\Ai-CDD\data\raw\dataset\train\NORMAL\normal_02896.png
normal,train,normal_02897.png,G:\Ai-CDD\data\raw\dataset\train\NORMAL\normal_02897.png
normal,train,normal_02898.png,G:\Ai-CDD\data\raw\dataset\train\NORMAL\normal_02898.png
normal,train,normal_02899.png,G:\Ai-CDD\data\raw\dataset\train\NORMAL\normal_02899.png
normal,train,normal_02900.png,G:\Ai-CDD\data\raw\dataset\train\NORMAL\normal_02900.png
normal,train,normal_02901.png,G:\Ai-CDD\data\raw\dataset\train\NORMAL\normal_02901.png
normal,train,normal_02902.png,G:\Ai-CDD\data\raw\dataset\train\NORMAL\normal_02902.png
normal,train,normal_02903.png,G:\Ai-CDD\data\raw\dataset\train\NORMAL\normal_02903.png
normal,train,normal_02904.png,G:\Ai-CDD\data\raw\dataset\train\NORMAL\normal_02904.png
normal,train,normal_02905.png,G:\Ai-CDD\data\raw\dataset\train\NORMAL\normal_02905.png
normal,train,normal_02906.png,G:\Ai-CDD\data\raw\dataset\train\NORMAL\normal_02906.png
normal,train,normal_02907.png,G:\Ai-CDD\data\raw\dataset\train\NORMAL\normal_02907.png
normal,train,normal_02908.png,G:\Ai-CDD\data\raw\dataset\train\NORMAL\normal_02908.png
normal,train,normal_02909.png,G:\Ai-CDD\data\raw\dataset\train\NORMAL\normal_02909.png
normal,train,normal_02910.png,G:\Ai-CDD\data\raw\dataset\train\NORMAL\normal_02910.png
normal,train,normal_02911.png,G:\Ai-CDD\data\raw\dataset\train\NORMAL\normal_02911.png
normal,train,normal_02912.png,G:\Ai-CDD\data\raw\dataset\train\NORMAL\normal_02912.png
normal,train,normal_02913.png,G:\Ai-CDD\data\raw\dataset\train\NORMAL\normal_02913.png
normal,train,normal_02914.png,G:\Ai-CDD\data\raw\dataset\train\NORMAL\normal_02914.png
normal,train,normal_02915.png,G:\Ai-CDD\data\raw\dataset\train\NORMAL\normal_02915.png
normal,train,normal_02916.png,G:\Ai-CDD\data\raw\dataset\train\NORMAL\normal_02916.png
normal,train,normal_02917.png,G:\Ai-CDD\data\raw\dataset\train\NORMAL\normal_02917.png
normal,train,normal_02918.png,G:\Ai-CDD\data\raw\dataset\train\NORMAL\normal_02918.png
normal,train,normal_02919.png,G:\Ai-CDD\data\raw\dataset\train\NORMAL\normal_02919.png
normal,train,normal_02920.png,G:\Ai-CDD\data\raw\dataset\train\NORMAL\normal_02920.png
normal,train,normal_02921.png,G:\Ai-CDD\data\raw\dataset\train\NORMAL\normal_02921.png
normal,train,normal_02922.png,G:\Ai-CDD\data\raw\dataset\train\NORMAL\normal_02922.png
normal,train,normal_02923.png,G:\Ai-CDD\data\raw\dataset\train\NORMAL\normal_02923.png
normal,train,normal_02924.png,G:\Ai-CDD\data\raw\dataset\train\NORMAL\normal_02924.png
normal,train,normal_02925.png,G:\Ai-CDD\data\raw\dataset\train\NORMAL\normal_02925.png
normal,train,normal_02926.png,G:\Ai-CDD\data\raw\dataset\train\NORMAL\normal_02926.png
normal,train,normal_02927.png,G:\Ai-CDD\data\raw\dataset\train\NORMAL\normal_02927.png
normal,train,normal_02928.png,G:\Ai-CDD\data\raw\dataset\train\NORMAL\normal_02928.png
normal,train,normal_02929.png,G:\Ai-CDD\data\raw\dataset\train\NORMAL\normal_02929.png
normal,train,normal_02930.png,G:\Ai-CDD\data\raw\dataset\train\NORMAL\normal_02930.png
normal,train,normal_02931.png,G:\Ai-CDD\data\raw\dataset\train\NORMAL\normal_02931.png
normal,train,normal_02932.png,G:\Ai-CDD\data\raw\dataset\train\NORMAL\normal_02932.png
normal,train,normal_02933.png,G:\Ai-CDD\data\raw\dataset\train\NORMAL\normal_02933.png
normal,train,normal_02934.png,G:\Ai-CDD\data\raw\dataset\train\NORMAL\normal_02934.png
normal,train,normal_02935.png,G:\Ai-CDD\data\raw\dataset\train\NORMAL\normal_02935.png
normal,train,normal_02936.png,G:\Ai-CDD\data\raw\dataset\train\NORMAL\normal_02936.png
normal,train,normal_02937.png,G:\Ai-CDD\data\raw\dataset\train\NORMAL\normal_02937.png
normal,train,normal_02938.png,G:\Ai-CDD\data\raw\dataset\train\NORMAL\normal_02938.png
normal,train,normal_02939.png,G:\Ai-CDD\data\raw\dataset\train\NORMAL\normal_02939.png
normal,train,normal_02940.png,G:\Ai-CDD\data\raw\dataset\train\NORMAL\normal_02940.png
normal,train,normal_02941.png,G:\Ai-CDD\data\raw\dataset\train\NORMAL\normal_02941.png
normal,train,normal_02942.png,G:\Ai-CDD\data\raw\dataset\train\NORMAL\normal_02942.png
normal,train,normal_02943.png,G:\Ai-CDD\data\raw\dataset\train\NORMAL\normal_02943.png
normal,train,normal_02944.png,G:\Ai-CDD\data\raw\dataset\train\NORMAL\normal_02944.png
normal,train,normal_02945.png,G:\Ai-CDD\data\raw\dataset\train\NORMAL\normal_02945.png
normal,train,normal_02946.png,G:\Ai-CDD\data\raw\dataset\train\NORMAL\normal_02946.png
normal,train,normal_02947.png,G:\Ai-CDD\data\raw\dataset\train\NORMAL\normal_02947.png
normal,train,normal_02948.png,G:\Ai-CDD\data\raw\dataset\train\NORMAL\normal_02948.png
normal,train,normal_02949.png,G:\Ai-CDD\data\raw\dataset\train\NORMAL\normal_02949.png
normal,train,normal_02950.png,G:\Ai-CDD\data\raw\dataset\train\NORMAL\normal_02950.png
normal,train,normal_02951.png,G:\Ai-CDD\data\raw\dataset\train\NORMAL\normal_02951.png
normal,train,normal_02952.png,G:\Ai-CDD\data\raw\dataset\train\NORMAL\normal_02952.png
normal,train,normal_02953.png,G:\Ai-CDD\data\raw\dataset\train\NORMAL\normal_02953.png
normal,train,normal_02954.png,G:\Ai-CDD\data\raw\dataset\train\NORMAL\normal_02954.png
normal,train,normal_02955.png,G:\Ai-CDD\data\raw\dataset\train\NORMAL\normal_02955.png
normal,train,normal_02956.png,G:\Ai-CDD\data\raw\dataset\train\NORMAL\normal_02956.png
normal,train,normal_02957.png,G:\Ai-CDD\data\raw\dataset\train\NORMAL\normal_02957.png
normal,train,normal_02958.png,G:\Ai-CDD\data\raw\dataset\train\NORMAL\normal_02958.png
normal,train,normal_02959.png,G:\Ai-CDD\data\raw\dataset\train\NORMAL\normal_02959.png
normal,train,normal_02960.png,G:\Ai-CDD\data\raw\dataset\train\NORMAL\normal_02960.png
normal,train,normal_02961.png,G:\Ai-CDD\data\raw\dataset\train\NORMAL\normal_02961.png
normal,train,normal_02962.png,G:\Ai-CDD\data\raw\dataset\train\NORMAL\normal_02962.png
normal,train,normal_02963.png,G:\Ai-CDD\data\raw\dataset\train\NORMAL\normal_02963.png
normal,train,normal_02964.png,G:\Ai-CDD\data\raw\dataset\train\NORMAL\normal_02964.png
normal,train,normal_02965.png,G:\Ai-CDD\data\raw\dataset\train\NORMAL\normal_02965.png
normal,train,normal_02966.png,G:\Ai-CDD\data\raw\dataset\train\NORMAL\normal_02966.png
normal,train,normal_02967.png,G:\Ai-CDD\data\raw\dataset\train\NORMAL\normal_02967.png
normal,train,normal_02968.png,G:\Ai-CDD\data\raw\dataset\train\NORMAL\normal_02968.png
normal,train,normal_02969.png,G:\Ai-CDD\data\raw\dataset\train\NORMAL\normal_02969.png
normal,train,normal_02970.png,G:\Ai-CDD\data\raw\dataset\train\NORMAL\normal_02970.png
normal,train,normal_02971.png,G:\Ai-CDD\data\raw\dataset\train\NORMAL\normal_02971.png
normal,train,normal_02972.png,G:\Ai-CDD\data\raw\dataset\train\NORMAL\normal_02972.png
normal,train,normal_02973.png,G:\Ai-CDD\data\raw\dataset\train\NORMAL\normal_02973.png
normal,train,normal_02974.png,G:\Ai-CDD\data\raw\dataset\train\NORMAL\normal_02974.png
normal,train,normal_02975.png,G:\Ai-CDD\data\raw\dataset\train\NORMAL\normal_02975.png
normal,train,normal_02976.png,G:\Ai-CDD\data\raw\dataset\train\NORMAL\normal_02976.png
normal,train,normal_02977.png,G:\Ai-CDD\data\raw\dataset\train\NORMAL\normal_02977.png
normal,train,normal_02978.png,G:\Ai-CDD\data\raw\dataset\train\NORMAL\normal_02978.png
normal,train,normal_02979.png,G:\Ai-CDD\data\raw\dataset\train\NORMAL\normal_02979.png
normal,train,normal_02980.png,G:\Ai-CDD\data\raw\dataset\train\NORMAL\normal_02980.png
normal,train,normal_02981.png,G:\Ai-CDD\data\raw\dataset\train\NORMAL\normal_02981.png
normal,train,normal_02982.png,G:\Ai-CDD\data\raw\dataset\train\NORMAL\normal_02982.png
normal,train,normal_02983.png,G:\Ai-CDD\data\raw\dataset\train\NORMAL\normal_02983.png
normal,train,normal_02984.png,G:\Ai-CDD\data\raw\dataset\train\NORMAL\normal_02984.png
normal,train,normal_02985.png,G:\Ai-CDD\data\raw\dataset\train\NORMAL\normal_02985.png
normal,train,normal_02986.png,G:\Ai-CDD\data\raw\dataset\train\NORMAL\normal_02986.png
normal,train,normal_02987.png,G:\Ai-CDD\data\raw\dataset\train\NORMAL\normal_02987.png
normal,train,normal_02988.png,G:\Ai-CDD\data\raw\dataset\train\NORMAL\normal_02988.png
normal,train,normal_02989.png,G:\Ai-CDD\data\raw\dataset\train\NORMAL\normal_02989.png
normal,train,normal_02990.png,G:\Ai-CDD\data\raw\dataset\train\NORMAL\normal_02990.png
normal,train,normal_02991.png,G:\Ai-CDD\data\raw\dataset\train\NORMAL\normal_02991.png
normal,train,normal_02992.png,G:\Ai-CDD\data\raw\dataset\train\NORMAL\normal_02992.png
normal,train,normal_02993.png,G:\Ai-CDD\data\raw\dataset\train\NORMAL\normal_02993.png
normal,train,normal_02994.png,G:\Ai-CDD\data\raw\dataset\train\NORMAL\normal_02994.png
normal,train,normal_02995.png,G:\Ai-CDD\data\raw\dataset\train\NORMAL\normal_02995.png
normal,train,normal_02996.png,G:\Ai-CDD\data\raw\dataset\train\NORMAL\normal_02996.png
normal,train,normal_02997.png,G:\Ai-CDD\data\raw\dataset\train\NORMAL\normal_02997.png
normal,train,normal_02998.png,G:\Ai-CDD\data\raw\dataset\train\NORMAL\normal_02998.png
normal,train,normal_02999.png,G:\Ai-CDD\data\raw\dataset\train\NORMAL\normal_02999.png
normal,train,normal_03000.png,G:\Ai-CDD\data\raw\dataset\train\NORMAL\normal_03000.png
normal,train,normal_03001.png,G:\Ai-CDD\data\raw\dataset\train\NORMAL\normal_03001.png
normal,train,normal_03002.png,G:\Ai-CDD\data\raw\dataset\train\NORMAL\normal_03002.png
normal,train,normal_03003.png,G:\Ai-CDD\data\raw\dataset\train\NORMAL\normal_03003.png
normal,train,normal_03004.png,G:\Ai-CDD\data\raw\dataset\train\NORMAL\normal_03004.png
normal,train,normal_03005.png,G:\Ai-CDD\data\raw\dataset\train\NORMAL\normal_03005.png
normal,train,normal_03006.png,G:\Ai-CDD\data\raw\dataset\train\NORMAL\normal_03006.png
normal,train,normal_03007.png,G:\Ai-CDD\data\raw\dataset\train\NORMAL\normal_03007.png
normal,train,normal_03008.png,G:\Ai-CDD\data\raw\dataset\train\NORMAL\normal_03008.png
normal,train,normal_03009.png,G:\Ai-CDD\data\raw\dataset\train\NORMAL\normal_03009.png
normal,train,normal_03010.png,G:\Ai-CDD\data\raw\dataset\train\NORMAL\normal_03010.png
normal,train,normal_03011.png,G:\Ai-CDD\data\raw\dataset\train\NORMAL\normal_03011.png
normal,train,normal_03012.png,G:\Ai-CDD\data\raw\dataset\train\NORMAL\normal_03012.png
normal,train,normal_03013.png,G:\Ai-CDD\data\raw\dataset\train\NORMAL\normal_03013.png
normal,train,normal_03014.png,G:\Ai-CDD\data\raw\dataset\train\NORMAL\normal_03014.png
normal,train,normal_03015.png,G:\Ai-CDD\data\raw\dataset\train\NORMAL\normal_03015.png
normal,train,normal_03016.png,G:\Ai-CDD\data\raw\dataset\train\NORMAL\normal_03016.png
normal,train,normal_03017.png,G:\Ai-CDD\data\raw\dataset\train\NORMAL\normal_03017.png
normal,train,normal_03018.png,G:\Ai-CDD\data\raw\dataset\train\NORMAL\normal_03018.png
normal,train,normal_03019.png,G:\Ai-CDD\data\raw\dataset\train\NORMAL\normal_03019.png
normal,train,normal_03020.png,G:\Ai-CDD\data\raw\dataset\train\NORMAL\normal_03020.png
normal,train,normal_03021.png,G:\Ai-CDD\data\raw\dataset\train\NORMAL\normal_03021.png
normal,train,normal_03022.png,G:\Ai-CDD\data\raw\dataset\train\NORMAL\normal_03022.png
normal,train,normal_03023.png,G:\Ai-CDD\data\raw\dataset\train\NORMAL\normal_03023.png
normal,train,normal_03024.png,G:\Ai-CDD\data\raw\dataset\train\NORMAL\normal_03024.png
normal,train,normal_03025.png,G:\Ai-CDD\data\raw\dataset\train\NORMAL\normal_03025.png
normal,train,normal_03026.png,G:\Ai-CDD\data\raw\dataset\train\NORMAL\normal_03026.png
normal,train,normal_03027.png,G:\Ai-CDD\data\raw\dataset\train\NORMAL\normal_03027.png
normal,train,normal_03028.png,G:\Ai-CDD\data\raw\dataset\train\NORMAL\normal_03028.png
normal,train,normal_03029.png,G:\Ai-CDD\data\raw\dataset\train\NORMAL\normal_03029.png
normal,train,normal_03030.png,G:\Ai-CDD\data\raw\dataset\train\NORMAL\normal_03030.png
normal,train,normal_03031.png,G:\Ai-CDD\data\raw\dataset\train\NORMAL\normal_03031.png
normal,train,normal_03032.png,G:\Ai-CDD\data\raw\dataset\train\NORMAL\normal_03032.png
normal,train,normal_03033.png,G:\Ai-CDD\data\raw\dataset\train\NORMAL\normal_03033.png
normal,train,normal_03034.png,G:\Ai-CDD\data\raw\dataset\train\NORMAL\normal_03034.png
normal,train,normal_03035.png,G:\Ai-CDD\data\raw\dataset\train\NORMAL\normal_03035.png
normal,train,normal_03036.png,G:\Ai-CDD\data\raw\dataset\train\NORMAL\normal_03036.png
normal,train,normal_03037.png,G:\Ai-CDD\data\raw\dataset\train\NORMAL\normal_03037.png
normal,train,normal_03038.png,G:\Ai-CDD\data\raw\dataset\train\NORMAL\normal_03038.png
normal,train,normal_03039.png,G:\Ai-CDD\data\raw\dataset\train\NORMAL\normal_03039.png
normal,train,normal_03040.png,G:\Ai-CDD\data\raw\dataset\train\NORMAL\normal_03040.png
normal,train,normal_03041.png,G:\Ai-CDD\data\raw\dataset\train\NORMAL\normal_03041.png
normal,train,normal_03042.png,G:\Ai-CDD\data\raw\dataset\train\NORMAL\normal_03042.png
normal,train,normal_03043.png,G:\Ai-CDD\data\raw\dataset\train\NORMAL\normal_03043.png
normal,train,normal_03044.png,G:\Ai-CDD\data\raw\dataset\train\NORMAL\normal_03044.png
normal,train,normal_03045.png,G:\Ai-CDD\data\raw\dataset\train\NORMAL\normal_03045.png
normal,train,normal_03046.png,G:\Ai-CDD\data\raw\dataset\train\NORMAL\normal_03046.png
normal,train,normal_03047.png,G:\Ai-CDD\data\raw\dataset\train\NORMAL\normal_03047.png
normal,train,normal_03048.png,G:\Ai-CDD\data\raw\dataset\train\NORMAL\normal_03048.png
normal,train,normal_03049.png,G:\Ai-CDD\data\raw\dataset\train\NORMAL\normal_03049.png
normal,train,normal_03050.png,G:\Ai-CDD\data\raw\dataset\train\NORMAL\normal_03050.png
normal,train,normal_03051.png,G:\Ai-CDD\data\raw\dataset\train\NORMAL\normal_03051.png
normal,train,normal_03052.png,G:\Ai-CDD\data\raw\dataset\train\NORMAL\normal_03052.png
normal,train,normal_03053.png,G:\Ai-CDD\data\raw\dataset\train\NORMAL\normal_03053.png
normal,train,normal_03054.png,G:\Ai-CDD\data\raw\dataset\train\NORMAL\normal_03054.png
normal,train,normal_03055.png,G:\Ai-CDD\data\raw\dataset\train\NORMAL\normal_03055.png
normal,train,normal_03056.png,G:\Ai-CDD\data\raw\dataset\train\NORMAL\normal_03056.png
normal,train,normal_03057.png,G:\Ai-CDD\data\raw\dataset\train\NORMAL\normal_03057.png
normal,train,normal_03058.png,G:\Ai-CDD\data\raw\dataset\train\NORMAL\normal_03058.png
normal,train,normal_03059.png,G:\Ai-CDD\data\raw\dataset\train\NORMAL\normal_03059.png
normal,train,normal_03060.png,G:\Ai-CDD\data\raw\dataset\train\NORMAL\normal_03060.png
normal,train,normal_03061.png,G:\Ai-CDD\data\raw\dataset\train\NORMAL\normal_03061.png
normal,train,normal_03062.png,G:\Ai-CDD\data\raw\dataset\train\NORMAL\normal_03062.png
normal,train,normal_03063.png,G:\Ai-CDD\data\raw\dataset\train\NORMAL\normal_03063.png
normal,train,normal_03064.png,G:\Ai-CDD\data\raw\dataset\train\NORMAL\normal_03064.png
normal,train,normal_03065.png,G:\Ai-CDD\data\raw\dataset\train\NORMAL\normal_03065.png
normal,train,normal_03066.png,G:\Ai-CDD\data\raw\dataset\train\NORMAL\normal_03066.png
normal,train,normal_03067.png,G:\Ai-CDD\data\raw\dataset\train\NORMAL\normal_03067.png
normal,train,normal_03068.png,G:\Ai-CDD\data\raw\dataset\train\NORMAL\normal_03068.png
normal,train,normal_03069.png,G:\Ai-CDD\data\raw\dataset\train\NORMAL\normal_03069.png
normal,train,normal_03070.png,G:\Ai-CDD\data\raw\dataset\train\NORMAL\normal_03070.png
normal,train,normal_03071.png,G:\Ai-CDD\data\raw\dataset\train\NORMAL\normal_03071.png
normal,train,normal_03072.png,G:\Ai-CDD\data\raw\dataset\train\NORMAL\normal_03072.png
normal,train,normal_03073.png,G:\Ai-CDD\data\raw\dataset\train\NORMAL\normal_03073.png
normal,train,normal_03074.png,G:\Ai-CDD\data\raw\dataset\train\NORMAL\normal_03074.png
normal,train,normal_03075.png,G:\Ai-CDD\data\raw\dataset\train\NORMAL\normal_03075.png
normal,train,normal_03076.png,G:\Ai-CDD\data\raw\dataset\train\NORMAL\normal_03076.png
normal,train,normal_03077.png,G:\Ai-CDD\data\raw\dataset\train\NORMAL\normal_03077.png
normal,train,normal_03078.png,G:\Ai-CDD\data\raw\dataset\train\NORMAL\normal_03078.png
normal,train,normal_03079.png,G:\Ai-CDD\data\raw\dataset\train\NORMAL\normal_03079.png
normal,train,normal_03080.png,G:\Ai-CDD\data\raw\dataset\train\NORMAL\normal_03080.png
normal,train,normal_03081.png,G:\Ai-CDD\data\raw\dataset\train\NORMAL\normal_03081.png
normal,train,normal_03082.png,G:\Ai-CDD\data\raw\dataset\train\NORMAL\normal_03082.png
normal,train,normal_03083.png,G:\Ai-CDD\data\raw\dataset\train\NORMAL\normal_03083.png
normal,train,normal_03084.png,G:\Ai-CDD\data\raw\dataset\train\NORMAL\normal_03084.png
normal,train,normal_03085.png,G:\Ai-CDD\data\raw\dataset\train\NORMAL\normal_03085.png
normal,train,normal_03086.png,G:\Ai-CDD\data\raw\dataset\train\NORMAL\normal_03086.png
normal,train,normal_03087.png,G:\Ai-CDD\data\raw\dataset\train\NORMAL\normal_03087.png
normal,train,normal_03088.png,G:\Ai-CDD\data\raw\dataset\train\NORMAL\normal_03088.png
normal,train,normal_03089.png,G:\Ai-CDD\data\raw\dataset\train\NORMAL\normal_03089.png
normal,train,normal_03090.png,G:\Ai-CDD\data\raw\dataset\train\NORMAL\normal_03090.png
normal,train,normal_03091.png,G:\Ai-CDD\data\raw\dataset\train\NORMAL\normal_03091.png
normal,train,normal_03092.png,G:\Ai-CDD\data\raw\dataset\train\NORMAL\normal_03092.png
normal,train,normal_03093.png,G:\Ai-CDD\data\raw\dataset\train\NORMAL\normal_03093.png
normal,train,normal_03094.png,G:\Ai-CDD\data\raw\dataset\train\NORMAL\normal_03094.png
normal,train,normal_03095.png,G:\Ai-CDD\data\raw\dataset\train\NORMAL\normal_03095.png
normal,train,normal_03096.png,G:\Ai-CDD\data\raw\dataset\train\NORMAL\normal_03096.png
normal,train,normal_03097.png,G:\Ai-CDD\data\raw\dataset\train\NORMAL\normal_03097.png
normal,train,normal_03098.png,G:\Ai-CDD\data\raw\dataset\train\NORMAL\normal_03098.png
normal,train,normal_03099.png,G:\Ai-CDD\data\raw\dataset\train\NORMAL\normal_03099.png
normal,train,normal_03100.png,G:\Ai-CDD\data\raw\dataset\train\NORMAL\normal_03100.png
normal,train,normal_03101.png,G:\Ai-CDD\data\raw\dataset\train\NORMAL\normal_03101.png
normal,train,normal_03102.png,G:\Ai-CDD\data\raw\dataset\train\NORMAL\normal_03102.png
normal,train,normal_03103.png,G:\Ai-CDD\data\raw\dataset\train\NORMAL\normal_03103.png
normal,train,normal_03104.png,G:\Ai-CDD\data\raw\dataset\train\NORMAL\normal_03104.png
normal,train,normal_03105.png,G:\Ai-CDD\data\raw\dataset\train\NORMAL\normal_03105.png
normal,train,normal_03106.png,G:\Ai-CDD\data\raw\dataset\train\NORMAL\normal_03106.png
normal,train,normal_03107.png,G:\Ai-CDD\data\raw\dataset\train\NORMAL\normal_03107.png
normal,train,normal_03108.png,G:\Ai-CDD\data\raw\dataset\train\NORMAL\normal_03108.png
normal,train,normal_03109.png,G:\Ai-CDD\data\raw\dataset\train\NORMAL\normal_03109.png
normal,train,normal_03110.png,G:\Ai-CDD\data\raw\dataset\train\NORMAL\normal_03110.png
normal,train,normal_03111.png,G:\Ai-CDD\data\raw\dataset\train\NORMAL\normal_03111.png
normal,train,normal_03112.png,G:\Ai-CDD\data\raw\dataset\train\NORMAL\normal_03112.png
normal,train,normal_03113.png,G:\Ai-CDD\data\raw\dataset\train\NORMAL\normal_03113.png
normal,train,normal_03114.png,G:\Ai-CDD\data\raw\dataset\train\NORMAL\normal_03114.png
normal,train,normal_03115.png,G:\Ai-CDD\data\raw\dataset\train\NORMAL\normal_03115.png
normal,train,normal_03116.png,G:\Ai-CDD\data\raw\dataset\train\NORMAL\normal_03116.png
normal,train,normal_03117.png,G:\Ai-CDD\data\raw\dataset\train\NORMAL\normal_03117.png
normal,train,normal_03118.png,G:\Ai-CDD\data\raw\dataset\train\NORMAL\normal_03118.png
normal,train,normal_03119.png,G:\Ai-CDD\data\raw\dataset\train\NORMAL\normal_03119.png
normal,train,normal_03120.png,G:\Ai-CDD\data\raw\dataset\train\NORMAL\normal_03120.png
normal,train,normal_03121.png,G:\Ai-CDD\data\raw\dataset\train\NORMAL\normal_03121.png
normal,train,normal_03122.png,G:\Ai-CDD\data\raw\dataset\train\NORMAL\normal_03122.png
normal,train,normal_03123.png,G:\Ai-CDD\data\raw\dataset\train\NORMAL\normal_03123.png
normal,train,normal_03124.png,G:\Ai-CDD\data\raw\dataset\train\NORMAL\normal_03124.png
normal,train,normal_03125.png,G:\Ai-CDD\data\raw\dataset\train\NORMAL\normal_03125.png
normal,train,normal_03126.png,G:\Ai-CDD\data\raw\dataset\train\NORMAL\normal_03126.png
normal,train,normal_03127.png,G:\Ai-CDD\data\raw\dataset\train\NORMAL\normal_03127.png
normal,train,normal_03128.png,G:\Ai-CDD\data\raw\dataset\train\NORMAL\normal_03128.png
normal,train,normal_03129.png,G:\Ai-CDD\data\raw\dataset\train\NORMAL\normal_03129.png
normal,train,normal_03130.png,G:\Ai-CDD\data\raw\dataset\train\NORMAL\normal_03130.png
normal,train,normal_03131.png,G:\Ai-CDD\data\raw\dataset\train\NORMAL\normal_03131.png
normal,train,normal_03132.png,G:\Ai-CDD\data\raw\dataset\train\NORMAL\normal_03132.png
normal,train,normal_03133.png,G:\Ai-CDD\data\raw\dataset\train\NORMAL\normal_03133.png
normal,train,normal_03134.png,G:\Ai-CDD\data\raw\dataset\train\NORMAL\normal_03134.png
normal,train,normal_03135.png,G:\Ai-CDD\data\raw\dataset\train\NORMAL\normal_03135.png
normal,train,normal_03136.png,G:\Ai-CDD\data\raw\dataset\train\NORMAL\normal_03136.png
normal,train,normal_03137.png,G:\Ai-CDD\data\raw\dataset\train\NORMAL\normal_03137.png
normal,train,normal_03138.png,G:\Ai-CDD\data\raw\dataset\train\NORMAL\normal_03138.png
normal,train,normal_03139.png,G:\Ai-CDD\data\raw\dataset\train\NORMAL\normal_03139.png
normal,train,normal_03140.png,G:\Ai-CDD\data\raw\dataset\train\NORMAL\normal_03140.png
normal,train,normal_03141.png,G:\Ai-CDD\data\raw\dataset\train\NORMAL\normal_03141.png
normal,train,normal_03142.png,G:\Ai-CDD\data\raw\dataset\train\NORMAL\normal_03142.png
normal,train,normal_03143.png,G:\Ai-CDD\data\raw\dataset\train\NORMAL\normal_03143.png
normal,train,normal_03144.png,G:\Ai-CDD\data\raw\dataset\train\NORMAL\normal_03144.png
normal,train,normal_03145.png,G:\Ai-CDD\data\raw\dataset\train\NORMAL\normal_03145.png
normal,train,normal_03146.png,G:\Ai-CDD\data\raw\dataset\train\NORMAL\normal_03146.png
normal,train,normal_03147.png,G:\Ai-CDD\data\raw\dataset\train\NORMAL\normal_03147.png
normal,train,normal_03148.png,G:\Ai-CDD\data\raw\dataset\train\NORMAL\normal_03148.png
normal,train,normal_03149.png,G:\Ai-CDD\data\raw\dataset\train\NORMAL\normal_03149.png
normal,train,normal_03150.png,G:\Ai-CDD\data\raw\dataset\train\NORMAL\normal_03150.png
normal,train,normal_03151.png,G:\Ai-CDD\data\raw\dataset\train\NORMAL\normal_03151.png
normal,train,normal_03152.png,G:\Ai-CDD\data\raw\dataset\train\NORMAL\normal_03152.png
normal,train,normal_03153.png,G:\Ai-CDD\data\raw\dataset\train\NORMAL\normal_03153.png
normal,train,normal_03154.png,G:\Ai-CDD\data\raw\dataset\train\NORMAL\normal_03154.png
normal,train,normal_03155.png,G:\Ai-CDD\data\raw\dataset\train\NORMAL\normal_03155.png
normal,train,normal_03156.png,G:\Ai-CDD\data\raw\dataset\train\NORMAL\normal_03156.png
normal,train,normal_03157.png,G:\Ai-CDD\data\raw\dataset\train\NORMAL\normal_03157.png
normal,train,normal_03158.png,G:\Ai-CDD\data\raw\dataset\train\NORMAL\normal_03158.png
normal,train,normal_03159.png,G:\Ai-CDD\data\raw\dataset\train\NORMAL\normal_03159.png
normal,train,normal_03160.png,G:\Ai-CDD\data\raw\dataset\train\NORMAL\normal_03160.png
normal,train,normal_03161.png,G:\Ai-CDD\data\raw\dataset\train\NORMAL\normal_03161.png
normal,train,normal_03162.png,G:\Ai-CDD\data\raw\dataset\train\NORMAL\normal_03162.png
normal,train,normal_03163.png,G:\Ai-CDD\data\raw\dataset\train\NORMAL\normal_03163.png
normal,train,normal_03164.png,G:\Ai-CDD\data\raw\dataset\train\NORMAL\normal_03164.png
normal,train,normal_03165.png,G:\Ai-CDD\data\raw\dataset\train\NORMAL\normal_03165.png
normal,train,normal_03166.png,G:\Ai-CDD\data\raw\dataset\train\NORMAL\normal_03166.png
normal,train,normal_03167.png,G:\Ai-CDD\data\raw\dataset\train\NORMAL\normal_03167.png
normal,train,normal_03168.png,G:\Ai-CDD\data\raw\dataset\train\NORMAL\normal_03168.png
normal,train,normal_03169.png,G:\Ai-CDD\data\raw\dataset\train\NORMAL\normal_03169.png
normal,train,normal_03170.png,G:\Ai-CDD\data\raw\dataset\train\NORMAL\normal_03170.png
normal,train,normal_03171.png,G:\Ai-CDD\data\raw\dataset\train\NORMAL\normal_03171.png
normal,train,normal_03172.png,G:\Ai-CDD\data\raw\dataset\train\NORMAL\normal_03172.png
normal,train,normal_03173.png,G:\Ai-CDD\data\raw\dataset\train\NORMAL\normal_03173.png
normal,train,normal_03174.png,G:\Ai-CDD\data\raw\dataset\train\NORMAL\normal_03174.png
normal,train,normal_03175.png,G:\Ai-CDD\data\raw\dataset\train\NORMAL\normal_03175.png
normal,train,normal_03176.png,G:\Ai-CDD\data\raw\dataset\train\NORMAL\normal_03176.png
normal,train,normal_03177.png,G:\Ai-CDD\data\raw\dataset\train\NORMAL\normal_03177.png
normal,train,normal_03178.png,G:\Ai-CDD\data\raw\dataset\train\NORMAL\normal_03178.png
normal,train,normal_03179.png,G:\Ai-CDD\data\raw\dataset\train\NORMAL\normal_03179.png
normal,train,normal_03180.png,G:\Ai-CDD\data\raw\dataset\train\NORMAL\normal_03180.png
normal,train,normal_03181.png,G:\Ai-CDD\data\raw\dataset\train\NORMAL\normal_03181.png
normal,train,normal_03182.png,G:\Ai-CDD\data\raw\dataset\train\NORMAL\normal_03182.png
normal,train,normal_03183.png,G:\Ai-CDD\data\raw\dataset\train\NORMAL\normal_03183.png
normal,train,normal_03184.png,G:\Ai-CDD\data\raw\dataset\train\NORMAL\normal_03184.png
normal,train,normal_03185.png,G:\Ai-CDD\data\raw\dataset\train\NORMAL\normal_03185.png
normal,train,normal_03186.png,G:\Ai-CDD\data\raw\dataset\train\NORMAL\normal_03186.png
normal,train,normal_03187.png,G:\Ai-CDD\data\raw\dataset\train\NORMAL\normal_03187.png
normal,train,normal_03188.png,G:\Ai-CDD\data\raw\dataset\train\NORMAL\normal_03188.png
normal,train,normal_03189.png,G:\Ai-CDD\data\raw\dataset\train\NORMAL\normal_03189.png
normal,train,normal_03190.png,G:\Ai-CDD\data\raw\dataset\train\NORMAL\normal_03190.png
normal,train,normal_03191.png,G:\Ai-CDD\data\raw\dataset\train\NORMAL\normal_03191.png
normal,train,normal_03192.png,G:\Ai-CDD\data\raw\dataset\train\NORMAL\normal_03192.png
normal,train,normal_03193.png,G:\Ai-CDD\data\raw\dataset\train\NORMAL\normal_03193.png
normal,train,normal_03194.png,G:\Ai-CDD\data\raw\dataset\train\NORMAL\normal_03194.png
normal,train,normal_03195.png,G:\Ai-CDD\data\raw\dataset\train\NORMAL\normal_03195.png
normal,train,normal_03196.png,G:\Ai-CDD\data\raw\dataset\train\NORMAL\normal_03196.png
normal,train,normal_03197.png,G:\Ai-CDD\data\raw\dataset\train\NORMAL\normal_03197.png
normal,train,normal_03198.png,G:\Ai-CDD\data\raw\dataset\train\NORMAL\normal_03198.png
normal,train,normal_03199.png,G:\Ai-CDD\data\raw\dataset\train\NORMAL\normal_03199.png
normal,train,normal_03200.png,G:\Ai-CDD\data\raw\dataset\train\NORMAL\normal_03200.png
normal,train,normal_03201.png,G:\Ai-CDD\data\raw\dataset\train\NORMAL\normal_03201.png
normal,train,normal_03202.png,G:\Ai-CDD\data\raw\dataset\train\NORMAL\normal_03202.png
normal,train,normal_03203.png,G:\Ai-CDD\data\raw\dataset\train\NORMAL\normal_03203.png
normal,train,normal_03204.png,G:\Ai-CDD\data\raw\dataset\train\NORMAL\normal_03204.png
normal,train,normal_03205.png,G:\Ai-CDD\data\raw\dataset\train\NORMAL\normal_03205.png
normal,train,normal_03206.png,G:\Ai-CDD\data\raw\dataset\train\NORMAL\normal_03206.png
normal,train,normal_03207.png,G:\Ai-CDD\data\raw\dataset\train\NORMAL\normal_03207.png
normal,train,normal_03208.png,G:\Ai-CDD\data\raw\dataset\train\NORMAL\normal_03208.png
normal,train,normal_03209.png,G:\Ai-CDD\data\raw\dataset\train\NORMAL\normal_03209.png
normal,train,normal_03210.png,G:\Ai-CDD\data\raw\dataset\train\NORMAL\normal_03210.png
normal,train,normal_03211.png,G:\Ai-CDD\data\raw\dataset\train\NORMAL\normal_03211.png
normal,train,normal_03212.png,G:\Ai-CDD\data\raw\dataset\train\NORMAL\normal_03212.png
normal,train,normal_03213.png,G:\Ai-CDD\data\raw\dataset\train\NORMAL\normal_03213.png
normal,train,normal_03214.png,G:\Ai-CDD\data\raw\dataset\train\NORMAL\normal_03214.png
normal,train,normal_03215.png,G:\Ai-CDD\data\raw\dataset\train\NORMAL\normal_03215.png
normal,train,normal_03216.png,G:\Ai-CDD\data\raw\dataset\train\NORMAL\normal_03216.png
normal,train,normal_03217.png,G:\Ai-CDD\data\raw\dataset\train\NORMAL\normal_03217.png
normal,train,normal_03218.png,G:\Ai-CDD\data\raw\dataset\train\NORMAL\normal_03218.png
normal,train,normal_03219.png,G:\Ai-CDD\data\raw\dataset\train\NORMAL\normal_03219.png
normal,train,normal_03220.png,G:\Ai-CDD\data\raw\dataset\train\NORMAL\normal_03220.png
normal,train,normal_03221.png,G:\Ai-CDD\data\raw\dataset\train\NORMAL\normal_03221.png
normal,train,normal_03222.png,G:\Ai-CDD\data\raw\dataset\train\NORMAL\normal_03222.png
normal,train,normal_03223.png,G:\Ai-CDD\data\raw\dataset\train\NORMAL\normal_03223.png
normal,train,normal_03224.png,G:\Ai-CDD\data\raw\dataset\train\NORMAL\normal_03224.png
normal,train,normal_03225.png,G:\Ai-CDD\data\raw\dataset\train\NORMAL\normal_03225.png
normal,train,normal_03226.png,G:\Ai-CDD\data\raw\dataset\train\NORMAL\normal_03226.png
normal,train,normal_03227.png,G:\Ai-CDD\data\raw\dataset\train\NORMAL\normal_03227.png
normal,train,normal_03228.png,G:\Ai-CDD\data\raw\dataset\train\NORMAL\normal_03228.png
normal,train,normal_03229.png,G:\Ai-CDD\data\raw\dataset\train\NORMAL\normal_03229.png
normal,train,normal_03230.png,G:\Ai-CDD\data\raw\dataset\train\NORMAL\normal_03230.png
normal,train,normal_03231.png,G:\Ai-CDD\data\raw\dataset\train\NORMAL\normal_03231.png
normal,train,normal_03232.png,G:\Ai-CDD\data\raw\dataset\train\NORMAL\normal_03232.png
normal,train,normal_03233.png,G:\Ai-CDD\data\raw\dataset\train\NORMAL\normal_03233.png
normal,train,normal_03234.png,G:\Ai-CDD\data\raw\dataset\train\NORMAL\normal_03234.png
normal,train,normal_03235.png,G:\Ai-CDD\data\raw\dataset\train\NORMAL\normal_03235.png
normal,train,normal_03236.png,G:\Ai-CDD\data\raw\dataset\train\NORMAL\normal_03236.png
normal,train,normal_03237.png,G:\Ai-CDD\data\raw\dataset\train\NORMAL\normal_03237.png
normal,train,normal_03238.png,G:\Ai-CDD\data\raw\dataset\train\NORMAL\normal_03238.png
normal,train,normal_03239.png,G:\Ai-CDD\data\raw\dataset\train\NORMAL\normal_03239.png
normal,train,normal_03240.png,G:\Ai-CDD\data\raw\dataset\train\NORMAL\normal_03240.png
normal,train,normal_03241.png,G:\Ai-CDD\data\raw\dataset\train\NORMAL\normal_03241.png
normal,train,normal_03242.png,G:\Ai-CDD\data\raw\dataset\train\NORMAL\normal_03242.png
normal,train,normal_03243.png,G:\Ai-CDD\data\raw\dataset\train\NORMAL\normal_03243.png
normal,train,normal_03244.png,G:\Ai-CDD\data\raw\dataset\train\NORMAL\normal_03244.png
normal,train,normal_03245.png,G:\Ai-CDD\data\raw\dataset\train\NORMAL\normal_03245.png
normal,train,normal_03246.png,G:\Ai-CDD\data\raw\dataset\train\NORMAL\normal_03246.png
normal,train,normal_03247.png,G:\Ai-CDD\data\raw\dataset\train\NORMAL\normal_03247.png
normal,train,normal_03248.png,G:\Ai-CDD\data\raw\dataset\train\NORMAL\normal_03248.png
normal,train,normal_03249.png,G:\Ai-CDD\data\raw\dataset\train\NORMAL\normal_03249.png
normal,train,normal_03250.png,G:\Ai-CDD\data\raw\dataset\train\NORMAL\normal_03250.png
normal,train,normal_03251.png,G:\Ai-CDD\data\raw\dataset\train\NORMAL\normal_03251.png
normal,train,normal_03252.png,G:\Ai-CDD\data\raw\dataset\train\NORMAL\normal_03252.png
normal,train,normal_03253.png,G:\Ai-CDD\data\raw\dataset\train\NORMAL\normal_03253.png
normal,train,normal_03254.png,G:\Ai-CDD\data\raw\dataset\train\NORMAL\normal_03254.png
normal,train,normal_03255.png,G:\Ai-CDD\data\raw\dataset\train\NORMAL\normal_03255.png
normal,train,normal_03256.png,G:\Ai-CDD\data\raw\dataset\train\NORMAL\normal_03256.png
normal,train,normal_03257.png,G:\Ai-CDD\data\raw\dataset\train\NORMAL\normal_03257.png
normal,train,normal_03258.png,G:\Ai-CDD\data\raw\dataset\train\NORMAL\normal_03258.png
normal,train,normal_03259.png,G:\Ai-CDD\data\raw\dataset\train\NORMAL\normal_03259.png
normal,train,normal_03260.png,G:\Ai-CDD\data\raw\dataset\train\NORMAL\normal_03260.png
normal,train,normal_03261.png,G:\Ai-CDD\data\raw\dataset\train\NORMAL\normal_03261.png
normal,train,normal_03262.png,G:\Ai-CDD\data\raw\dataset\train\NORMAL\normal_03262.png
normal,train,normal_03263.png,G:\Ai-CDD\data\raw\dataset\train\NORMAL\normal_03263.png
normal,train,normal_03264.png,G:\Ai-CDD\data\raw\dataset\train\NORMAL\normal_03264.png
normal,train,normal_03265.png,G:\Ai-CDD\data\raw\dataset\train\NORMAL\normal_03265.png
normal,train,normal_03266.png,G:\Ai-CDD\data\raw\dataset\train\NORMAL\normal_03266.png
normal,train,normal_03267.png,G:\Ai-CDD\data\raw\dataset\train\NORMAL\normal_03267.png
normal,train,normal_03268.png,G:\Ai-CDD\data\raw\dataset\train\NORMAL\normal_03268.png
normal,train,normal_03269.png,G:\Ai-CDD\data\raw\dataset\train\NORMAL\normal_03269.png
normal,train,normal_03270.png,G:\Ai-CDD\data\raw\dataset\train\NORMAL\normal_03270.png
normal,train,normal_03271.png,G:\Ai-CDD\data\raw\dataset\train\NORMAL\normal_03271.png
normal,train,normal_03272.png,G:\Ai-CDD\data\raw\dataset\train\NORMAL\normal_03272.png
normal,train,normal_03273.png,G:\Ai-CDD\data\raw\dataset\train\NORMAL\normal_03273.png
normal,train,normal_03274.png,G:\Ai-CDD\data\raw\dataset\train\NORMAL\normal_03274.png
normal,train,normal_03275.png,G:\Ai-CDD\data\raw\dataset\train\NORMAL\normal_03275.png
normal,train,normal_03276.png,G:\Ai-CDD\data\raw\dataset\train\NORMAL\normal_03276.png
normal,train,normal_03277.png,G:\Ai-CDD\data\raw\dataset\train\NORMAL\normal_03277.png
normal,train,normal_03278.png,G:\Ai-CDD\data\raw\dataset\train\NORMAL\normal_03278.png
normal,train,normal_03279.png,G:\Ai-CDD\data\raw\dataset\train\NORMAL\normal_03279.png
normal,train,normal_03280.png,G:\Ai-CDD\data\raw\dataset\train\NORMAL\normal_03280.png
normal,train,normal_03281.png,G:\Ai-CDD\data\raw\dataset\train\NORMAL\normal_03281.png
normal,train,normal_03282.png,G:\Ai-CDD\data\raw\dataset\train\NORMAL\normal_03282.png
normal,train,normal_03283.png,G:\Ai-CDD\data\raw\dataset\train\NORMAL\normal_03283.png
normal,train,normal_03284.png,G:\Ai-CDD\data\raw\dataset\train\NORMAL\normal_03284.png
normal,train,normal_03285.png,G:\Ai-CDD\data\raw\dataset\train\NORMAL\normal_03285.png
normal,train,normal_03286.png,G:\Ai-CDD\data\raw\dataset\train\NORMAL\normal_03286.png
normal,train,normal_03287.png,G:\Ai-CDD\data\raw\dataset\train\NORMAL\normal_03287.png
normal,train,normal_03288.png,G:\Ai-CDD\data\raw\dataset\train\NORMAL\normal_03288.png
normal,train,normal_03289.png,G:\Ai-CDD\data\raw\dataset\train\NORMAL\normal_03289.png
normal,train,normal_03290.png,G:\Ai-CDD\data\raw\dataset\train\NORMAL\normal_03290.png
normal,train,normal_03291.png,G:\Ai-CDD\data\raw\dataset\train\NORMAL\normal_03291.png
normal,train,normal_03292.png,G:\Ai-CDD\data\raw\dataset\train\NORMAL\normal_03292.png
normal,train,normal_03293.png,G:\Ai-CDD\data\raw\dataset\train\NORMAL\normal_03293.png
normal,train,normal_03294.png,G:\Ai-CDD\data\raw\dataset\train\NORMAL\normal_03294.png
normal,train,normal_03295.png,G:\Ai-CDD\data\raw\dataset\train\NORMAL\normal_03295.png
normal,train,normal_03296.png,G:\Ai-CDD\data\raw\dataset\train\NORMAL\normal_03296.png
normal,train,normal_03297.png,G:\Ai-CDD\data\raw\dataset\train\NORMAL\normal_03297.png
normal,train,normal_03298.png,G:\Ai-CDD\data\raw\dataset\train\NORMAL\normal_03298.png
normal,train,normal_03299.png,G:\Ai-CDD\data\raw\dataset\train\NORMAL\normal_03299.png
normal,train,normal_03300.png,G:\Ai-CDD\data\raw\dataset\train\NORMAL\normal_03300.png
normal,train,normal_03301.png,G:\Ai-CDD\data\raw\dataset\train\NORMAL\normal_03301.png
normal,train,normal_03302.png,G:\Ai-CDD\data\raw\dataset\train\NORMAL\normal_03302.png
normal,train,normal_03303.png,G:\Ai-CDD\data\raw\dataset\train\NORMAL\normal_03303.png
normal,train,normal_03304.png,G:\Ai-CDD\data\raw\dataset\train\NORMAL\normal_03304.png
normal,train,normal_03305.png,G:\Ai-CDD\data\raw\dataset\train\NORMAL\normal_03305.png
normal,train,normal_03306.png,G:\Ai-CDD\data\raw\dataset\train\NORMAL\normal_03306.png
normal,train,normal_03307.png,G:\Ai-CDD\data\raw\dataset\train\NORMAL\normal_03307.png
normal,train,normal_03308.png,G:\Ai-CDD\data\raw\dataset\train\NORMAL\normal_03308.png
normal,train,normal_03309.png,G:\Ai-CDD\data\raw\dataset\train\NORMAL\normal_03309.png
normal,train,normal_03310.png,G:\Ai-CDD\data\raw\dataset\train\NORMAL\normal_03310.png
normal,train,normal_03311.png,G:\Ai-CDD\data\raw\dataset\train\NORMAL\normal_03311.png
normal,train,normal_03312.png,G:\Ai-CDD\data\raw\dataset\train\NORMAL\normal_03312.png
normal,train,normal_03313.png,G:\Ai-CDD\data\raw\dataset\train\NORMAL\normal_03313.png
normal,train,normal_03314.png,G:\Ai-CDD\data\raw\dataset\train\NORMAL\normal_03314.png
normal,train,normal_03315.png,G:\Ai-CDD\data\raw\dataset\train\NORMAL\normal_03315.png
normal,train,normal_03316.png,G:\Ai-CDD\data\raw\dataset\train\NORMAL\normal_03316.png
normal,train,normal_03317.png,G:\Ai-CDD\data\raw\dataset\train\NORMAL\normal_03317.png
normal,train,normal_03318.png,G:\Ai-CDD\data\raw\dataset\train\NORMAL\normal_03318.png
normal,train,normal_03319.png,G:\Ai-CDD\data\raw\dataset\train\NORMAL\normal_03319.png
normal,train,normal_03320.png,G:\Ai-CDD\data\raw\dataset\train\NORMAL\normal_03320.png
normal,train,normal_03321.png,G:\Ai-CDD\data\raw\dataset\train\NORMAL\normal_03321.png
normal,train,normal_03322.png,G:\Ai-CDD\data\raw\dataset\train\NORMAL\normal_03322.png
normal,train,normal_03323.png,G:\Ai-CDD\data\raw\dataset\train\NORMAL\normal_03323.png
normal,train,normal_03324.png,G:\Ai-CDD\data\raw\dataset\train\NORMAL\normal_03324.png
normal,train,normal_03325.png,G:\Ai-CDD\data\raw\dataset\train\NORMAL\normal_03325.png
normal,train,normal_03326.png,G:\Ai-CDD\data\raw\dataset\train\NORMAL\normal_03326.png
normal,train,normal_03327.png,G:\Ai-CDD\data\raw\dataset\train\NORMAL\normal_03327.png
normal,train,normal_03328.png,G:\Ai-CDD\data\raw\dataset\train\NORMAL\normal_03328.png
normal,train,normal_03329.png,G:\Ai-CDD\data\raw\dataset\train\NORMAL\normal_03329.png
normal,train,normal_03330.png,G:\Ai-CDD\data\raw\dataset\train\NORMAL\normal_03330.png
normal,train,normal_03331.png,G:\Ai-CDD\data\raw\dataset\train\NORMAL\normal_03331.png
normal,train,normal_03332.png,G:\Ai-CDD\data\raw\dataset\train\NORMAL\normal_03332.png
normal,train,normal_03333.png,G:\Ai-CDD\data\raw\dataset\train\NORMAL\normal_03333.png
normal,train,normal_03334.png,G:\Ai-CDD\data\raw\dataset\train\NORMAL\normal_03334.png
normal,train,normal_03335.png,G:\Ai-CDD\data\raw\dataset\train\NORMAL\normal_03335.png
normal,train,normal_03336.png,G:\Ai-CDD\data\raw\dataset\train\NORMAL\normal_03336.png
normal,train,normal_03337.png,G:\Ai-CDD\data\raw\dataset\train\NORMAL\normal_03337.png
normal,train,normal_03338.png,G:\Ai-CDD\data\raw\dataset\train\NORMAL\normal_03338.png
normal,train,normal_03339.png,G:\Ai-CDD\data\raw\dataset\train\NORMAL\normal_03339.png
normal,train,normal_03340.png,G:\Ai-CDD\data\raw\dataset\train\NORMAL\normal_03340.png
normal,train,normal_03341.png,G:\Ai-CDD\data\raw\dataset\train\NORMAL\normal_03341.png
normal,train,normal_03342.png,G:\Ai-CDD\data\raw\dataset\train\NORMAL\normal_03342.png
normal,train,normal_03343.png,G:\Ai-CDD\data\raw\dataset\train\NORMAL\normal_03343.png
normal,train,normal_03344.png,G:\Ai-CDD\data\raw\dataset\train\NORMAL\normal_03344.png
normal,train,normal_03345.png,G:\Ai-CDD\data\raw\dataset\train\NORMAL\normal_03345.png
normal,train,normal_03346.png,G:\Ai-CDD\data\raw\dataset\train\NORMAL\normal_03346.png
normal,train,normal_03347.png,G:\Ai-CDD\data\raw\dataset\train\NORMAL\normal_03347.png
normal,train,normal_03348.png,G:\Ai-CDD\data\raw\dataset\train\NORMAL\normal_03348.png
normal,train,normal_03349.png,G:\Ai-CDD\data\raw\dataset\train\NORMAL\normal_03349.png
normal,train,normal_03350.png,G:\Ai-CDD\data\raw\dataset\train\NORMAL\normal_03350.png
normal,train,normal_03351.png,G:\Ai-CDD\data\raw\dataset\train\NORMAL\normal_03351.png
normal,train,normal_03352.png,G:\Ai-CDD\data\raw\dataset\train\NORMAL\normal_03352.png
normal,train,normal_03353.png,G:\Ai-CDD\data\raw\dataset\train\NORMAL\normal_03353.png
normal,train,normal_03354.png,G:\Ai-CDD\data\raw\dataset\train\NORMAL\normal_03354.png
normal,train,normal_03355.png,G:\Ai-CDD\data\raw\dataset\train\NORMAL\normal_03355.png
normal,train,normal_03356.png,G:\Ai-CDD\data\raw\dataset\train\NORMAL\normal_03356.png
normal,train,normal_03357.png,G:\Ai-CDD\data\raw\dataset\train\NORMAL\normal_03357.png
normal,train,normal_03358.png,G:\Ai-CDD\data\raw\dataset\train\NORMAL\normal_03358.png
normal,train,normal_03359.png,G:\Ai-CDD\data\raw\dataset\train\NORMAL\normal_03359.png
normal,train,normal_03360.png,G:\Ai-CDD\data\raw\dataset\train\NORMAL\normal_03360.png
normal,train,normal_03361.png,G:\Ai-CDD\data\raw\dataset\train\NORMAL\normal_03361.png
normal,train,normal_03362.png,G:\Ai-CDD\data\raw\dataset\train\NORMAL\normal_03362.png
normal,train,normal_03363.png,G:\Ai-CDD\data\raw\dataset\train\NORMAL\normal_03363.png
normal,train,normal_03364.png,G:\Ai-CDD\data\raw\dataset\train\NORMAL\normal_03364.png
normal,train,normal_03365.png,G:\Ai-CDD\data\raw\dataset\train\NORMAL\normal_03365.png
normal,train,normal_03366.png,G:\Ai-CDD\data\raw\dataset\train\NORMAL\normal_03366.png
normal,train,normal_03367.png,G:\Ai-CDD\data\raw\dataset\train\NORMAL\normal_03367.png
normal,train,normal_03368.png,G:\Ai-CDD\data\raw\dataset\train\NORMAL\normal_03368.png
normal,train,normal_03369.png,G:\Ai-CDD\data\raw\dataset\train\NORMAL\normal_03369.png
normal,train,normal_03370.png,G:\Ai-CDD\data\raw\dataset\train\NORMAL\normal_03370.png
normal,train,normal_03371.png,G:\Ai-CDD\data\raw\dataset\train\NORMAL\normal_03371.png
normal,train,normal_03372.png,G:\Ai-CDD\data\raw\dataset\train\NORMAL\normal_03372.png
normal,train,normal_03373.png,G:\Ai-CDD\data\raw\dataset\train\NORMAL\normal_03373.png
normal,train,normal_03374.png,G:\Ai-CDD\data\raw\dataset\train\NORMAL\normal_03374.png
normal,train,normal_03375.png,G:\Ai-CDD\data\raw\dataset\train\NORMAL\normal_03375.png
normal,train,normal_03376.png,G:\Ai-CDD\data\raw\dataset\train\NORMAL\normal_03376.png
normal,train,normal_03377.png,G:\Ai-CDD\data\raw\dataset\train\NORMAL\normal_03377.png
normal,train,normal_03378.png,G:\Ai-CDD\data\raw\dataset\train\NORMAL\normal_03378.png
normal,train,normal_03379.png,G:\Ai-CDD\data\raw\dataset\train\NORMAL\normal_03379.png
normal,train,normal_03380.png,G:\Ai-CDD\data\raw\dataset\train\NORMAL\normal_03380.png
normal,train,normal_03381.png,G:\Ai-CDD\data\raw\dataset\train\NORMAL\normal_03381.png
normal,train,normal_03382.png,G:\Ai-CDD\data\raw\dataset\train\NORMAL\normal_03382.png
normal,train,normal_03383.png,G:\Ai-CDD\data\raw\dataset\train\NORMAL\normal_03383.png
normal,train,normal_03384.png,G:\Ai-CDD\data\raw\dataset\train\NORMAL\normal_03384.png
normal,train,normal_03385.png,G:\Ai-CDD\data\raw\dataset\train\NORMAL\normal_03385.png
normal,train,normal_03386.png,G:\Ai-CDD\data\raw\dataset\train\NORMAL\normal_03386.png
normal,train,normal_03387.png,G:\Ai-CDD\data\raw\dataset\train\NORMAL\normal_03387.png
normal,train,normal_03388.png,G:\Ai-CDD\data\raw\dataset\train\NORMAL\normal_03388.png
normal,train,normal_03389.png,G:\Ai-CDD\data\raw\dataset\train\NORMAL\normal_03389.png
normal,train,normal_03390.png,G:\Ai-CDD\data\raw\dataset\train\NORMAL\normal_03390.png
normal,train,normal_03391.png,G:\Ai-CDD\data\raw\dataset\train\NORMAL\normal_03391.png
normal,train,normal_03392.png,G:\Ai-CDD\data\raw\dataset\train\NORMAL\normal_03392.png
normal,train,normal_03393.png,G:\Ai-CDD\data\raw\dataset\train\NORMAL\normal_03393.png
normal,train,normal_03394.png,G:\Ai-CDD\data\raw\dataset\train\NORMAL\normal_03394.png
normal,train,normal_03395.png,G:\Ai-CDD\data\raw\dataset\train\NORMAL\normal_03395.png
normal,train,normal_03396.png,G:\Ai-CDD\data\raw\dataset\train\NORMAL\normal_03396.png
normal,train,normal_03397.png,G:\Ai-CDD\data\raw\dataset\train\NORMAL\normal_03397.png
normal,train,normal_03398.png,G:\Ai-CDD\data\raw\dataset\train\NORMAL\normal_03398.png
normal,train,normal_03399.png,G:\Ai-CDD\data\raw\dataset\train\NORMAL\normal_03399.png
normal,train,normal_03400.png,G:\Ai-CDD\data\raw\dataset\train\NORMAL\normal_03400.png
normal,train,normal_03401.png,G:\Ai-CDD\data\raw\dataset\train\NORMAL\normal_03401.png
normal,train,normal_03402.png,G:\Ai-CDD\data\raw\dataset\train\NORMAL\normal_03402.png
normal,train,normal_03403.png,G:\Ai-CDD\data\raw\dataset\train\NORMAL\normal_03403.png
normal,train,normal_03404.png,G:\Ai-CDD\data\raw\dataset\train\NORMAL\normal_03404.png
normal,train,normal_03405.png,G:\Ai-CDD\data\raw\dataset\train\NORMAL\normal_03405.png
normal,train,normal_03406.png,G:\Ai-CDD\data\raw\dataset\train\NORMAL\normal_03406.png
normal,train,normal_03407.png,G:\Ai-CDD\data\raw\dataset\train\NORMAL\normal_03407.png
normal,train,normal_03408.png,G:\Ai-CDD\data\raw\dataset\train\NORMAL\normal_03408.png
normal,train,normal_03409.png,G:\Ai-CDD\data\raw\dataset\train\NORMAL\normal_03409.png
normal,train,normal_03410.png,G:\Ai-CDD\data\raw\dataset\train\NORMAL\normal_03410.png
normal,train,normal_03411.png,G:\Ai-CDD\data\raw\dataset\train\NORMAL\normal_03411.png
normal,train,normal_03412.png,G:\Ai-CDD\data\raw\dataset\train\NORMAL\normal_03412.png
normal,train,normal_03413.png,G:\Ai-CDD\data\raw\dataset\train\NORMAL\normal_03413.png
normal,train,normal_03414.png,G:\Ai-CDD\data\raw\dataset\train\NORMAL\normal_03414.png
normal,train,normal_03415.png,G:\Ai-CDD\data\raw\dataset\train\NORMAL\normal_03415.png
normal,train,normal_03416.png,G:\Ai-CDD\data\raw\dataset\train\NORMAL\normal_03416.png
normal,train,normal_03417.png,G:\Ai-CDD\data\raw\dataset\train\NORMAL\normal_03417.png
normal,train,normal_03418.png,G:\Ai-CDD\data\raw\dataset\train\NORMAL\normal_03418.png
normal,train,normal_03419.png,G:\Ai-CDD\data\raw\dataset\train\NORMAL\normal_03419.png
normal,train,normal_03420.png,G:\Ai-CDD\data\raw\dataset\train\NORMAL\normal_03420.png
normal,train,normal_03421.png,G:\Ai-CDD\data\raw\dataset\train\NORMAL\normal_03421.png
normal,train,normal_03422.png,G:\Ai-CDD\data\raw\dataset\train\NORMAL\normal_03422.png
normal,train,normal_03423.png,G:\Ai-CDD\data\raw\dataset\train\NORMAL\normal_03423.png
normal,train,normal_03424.png,G:\Ai-CDD\data\raw\dataset\train\NORMAL\normal_03424.png
normal,train,normal_03425.png,G:\Ai-CDD\data\raw\dataset\train\NORMAL\normal_03425.png
normal,train,normal_03426.png,G:\Ai-CDD\data\raw\dataset\train\NORMAL\normal_03426.png
normal,train,normal_03427.png,G:\Ai-CDD\data\raw\dataset\train\NORMAL\normal_03427.png
normal,train,normal_03428.png,G:\Ai-CDD\data\raw\dataset\train\NORMAL\normal_03428.png
normal,train,normal_03429.png,G:\Ai-CDD\data\raw\dataset\train\NORMAL\normal_03429.png
normal,train,normal_03430.png,G:\Ai-CDD\data\raw\dataset\train\NORMAL\normal_03430.png
normal,train,normal_03431.png,G:\Ai-CDD\data\raw\dataset\train\NORMAL\normal_03431.png
normal,train,normal_03432.png,G:\Ai-CDD\data\raw\dataset\train\NORMAL\normal_03432.png
normal,train,normal_03433.png,G:\Ai-CDD\data\raw\dataset\train\NORMAL\normal_03433.png
normal,train,normal_03434.png,G:\Ai-CDD\data\raw\dataset\train\NORMAL\normal_03434.png
normal,train,normal_03435.png,G:\Ai-CDD\data\raw\dataset\train\NORMAL\normal_03435.png
normal,train,normal_03436.png,G:\Ai-CDD\data\raw\dataset\train\NORMAL\normal_03436.png
normal,train,normal_03437.png,G:\Ai-CDD\data\raw\dataset\train\NORMAL\normal_03437.png
normal,train,normal_03438.png,G:\Ai-CDD\data\raw\dataset\train\NORMAL\normal_03438.png
normal,train,normal_03439.png,G:\Ai-CDD\data\raw\dataset\train\NORMAL\normal_03439.png
normal,train,normal_03440.png,G:\Ai-CDD\data\raw\dataset\train\NORMAL\normal_03440.png
normal,train,normal_03441.png,G:\Ai-CDD\data\raw\dataset\train\NORMAL\normal_03441.png
normal,train,normal_03442.png,G:\Ai-CDD\data\raw\dataset\train\NORMAL\normal_03442.png
normal,train,normal_03443.png,G:\Ai-CDD\data\raw\dataset\train\NORMAL\normal_03443.png
normal,train,normal_03444.png,G:\Ai-CDD\data\raw\dataset\train\NORMAL\normal_03444.png
normal,train,normal_03445.png,G:\Ai-CDD\data\raw\dataset\train\NORMAL\normal_03445.png
normal,train,normal_03446.png,G:\Ai-CDD\data\raw\dataset\train\NORMAL\normal_03446.png
normal,train,normal_03447.png,G:\Ai-CDD\data\raw\dataset\train\NORMAL\normal_03447.png
normal,train,normal_03448.png,G:\Ai-CDD\data\raw\dataset\train\NORMAL\normal_03448.png
normal,train,normal_03449.png,G:\Ai-CDD\data\raw\dataset\train\NORMAL\normal_03449.png
normal,train,normal_03450.png,G:\Ai-CDD\data\raw\dataset\train\NORMAL\normal_03450.png
normal,train,normal_03451.png,G:\Ai-CDD\data\raw\dataset\train\NORMAL\normal_03451.png
normal,train,normal_03452.png,G:\Ai-CDD\data\raw\dataset\train\NORMAL\normal_03452.png
normal,train,normal_03453.png,G:\Ai-CDD\data\raw\dataset\train\NORMAL\normal_03453.png
normal,train,normal_03454.png,G:\Ai-CDD\data\raw\dataset\train\NORMAL\normal_03454.png
normal,train,normal_03455.png,G:\Ai-CDD\data\raw\dataset\train\NORMAL\normal_03455.png
normal,train,normal_03456.png,G:\Ai-CDD\data\raw\dataset\train\NORMAL\normal_03456.png
normal,train,normal_03457.png,G:\Ai-CDD\data\raw\dataset\train\NORMAL\normal_03457.png
normal,train,normal_03458.png,G:\Ai-CDD\data\raw\dataset\train\NORMAL\normal_03458.png
normal,train,normal_03459.png,G:\Ai-CDD\data\raw\dataset\train\NORMAL\normal_03459.png
normal,train,normal_03460.png,G:\Ai-CDD\data\raw\dataset\train\NORMAL\normal_03460.png
normal,train,normal_03461.png,G:\Ai-CDD\data\raw\dataset\train\NORMAL\normal_03461.png
normal,train,normal_03462.png,G:\Ai-CDD\data\raw\dataset\train\NORMAL\normal_03462.png
normal,train,normal_03463.png,G:\Ai-CDD\data\raw\dataset\train\NORMAL\normal_03463.png
normal,train,normal_03464.png,G:\Ai-CDD\data\raw\dataset\train\NORMAL\normal_03464.png
normal,train,normal_03465.png,G:\Ai-CDD\data\raw\dataset\train\NORMAL\normal_03465.png
normal,train,normal_03466.png,G:\Ai-CDD\data\raw\dataset\train\NORMAL\normal_03466.png
normal,train,normal_03467.png,G:\Ai-CDD\data\raw\dataset\train\NORMAL\normal_03467.png
normal,train,normal_03468.png,G:\Ai-CDD\data\raw\dataset\train\NORMAL\normal_03468.png
normal,train,normal_03469.png,G:\Ai-CDD\data\raw\dataset\train\NORMAL\normal_03469.png
normal,train,normal_03470.png,G:\Ai-CDD\data\raw\dataset\train\NORMAL\normal_03470.png
normal,train,normal_03471.png,G:\Ai-CDD\data\raw\dataset\train\NORMAL\normal_03471.png
normal,train,normal_03472.png,G:\Ai-CDD\data\raw\dataset\train\NORMAL\normal_03472.png
normal,train,normal_03473.png,G:\Ai-CDD\data\raw\dataset\train\NORMAL\normal_03473.png
normal,train,normal_03474.png,G:\Ai-CDD\data\raw\dataset\train\NORMAL\normal_03474.png
normal,train,normal_03475.png,G:\Ai-CDD\data\raw\dataset\train\NORMAL\normal_03475.png
normal,train,normal_03476.png,G:\Ai-CDD\data\raw\dataset\train\NORMAL\normal_03476.png
normal,train,normal_03477.png,G:\Ai-CDD\data\raw\dataset\train\NORMAL\normal_03477.png
normal,train,normal_03478.png,G:\Ai-CDD\data\raw\dataset\train\NORMAL\normal_03478.png
normal,train,normal_03479.png,G:\Ai-CDD\data\raw\dataset\train\NORMAL\normal_03479.png
normal,train,normal_03480.png,G:\Ai-CDD\data\raw\dataset\train\NORMAL\normal_03480.png
normal,train,normal_03481.png,G:\Ai-CDD\data\raw\dataset\train\NORMAL\normal_03481.png
normal,train,normal_03482.png,G:\Ai-CDD\data\raw\dataset\train\NORMAL\normal_03482.png
normal,train,normal_03483.png,G:\Ai-CDD\data\raw\dataset\train\NORMAL\normal_03483.png
normal,train,normal_03484.png,G:\Ai-CDD\data\raw\dataset\train\NORMAL\normal_03484.png
normal,train,normal_03485.png,G:\Ai-CDD\data\raw\dataset\train\NORMAL\normal_03485.png
normal,train,normal_03486.png,G:\Ai-CDD\data\raw\dataset\train\NORMAL\normal_03486.png
normal,train,normal_03487.png,G:\Ai-CDD\data\raw\dataset\train\NORMAL\normal_03487.png
normal,train,normal_03488.png,G:\Ai-CDD\data\raw\dataset\train\NORMAL\normal_03488.png
normal,train,normal_03489.png,G:\Ai-CDD\data\raw\dataset\train\NORMAL\normal_03489.png
normal,train,normal_03490.png,G:\Ai-CDD\data\raw\dataset\train\NORMAL\normal_03490.png
normal,train,normal_03491.png,G:\Ai-CDD\data\raw\dataset\train\NORMAL\normal_03491.png
normal,train,normal_03492.png,G:\Ai-CDD\data\raw\dataset\train\NORMAL\normal_03492.png
normal,train,normal_03493.png,G:\Ai-CDD\data\raw\dataset\train\NORMAL\normal_03493.png
normal,train,normal_03494.png,G:\Ai-CDD\data\raw\dataset\train\NORMAL\normal_03494.png
normal,train,normal_03495.png,G:\Ai-CDD\data\raw\dataset\train\NORMAL\normal_03495.png
normal,train,normal_03496.png,G:\Ai-CDD\data\raw\dataset\train\NORMAL\normal_03496.png
normal,train,normal_03497.png,G:\Ai-CDD\data\raw\dataset\train\NORMAL\normal_03497.png
normal,train,normal_03498.png,G:\Ai-CDD\data\raw\dataset\train\NORMAL\normal_03498.png
normal,train,normal_03499.png,G:\Ai-CDD\data\raw\dataset\train\NORMAL\normal_03499.png
normal,train,normal_03500.png,G:\Ai-CDD\data\raw\dataset\train\NORMAL\normal_03500.png
normal,train,normal_03501.png,G:\Ai-CDD\data\raw\dataset\train\NORMAL\normal_03501.png
normal,train,normal_03502.png,G:\Ai-CDD\data\raw\dataset\train\NORMAL\normal_03502.png
normal,train,normal_03503.png,G:\Ai-CDD\data\raw\dataset\train\NORMAL\normal_03503.png
normal,train,normal_03504.png,G:\Ai-CDD\data\raw\dataset\train\NORMAL\normal_03504.png
normal,train,normal_03505.png,G:\Ai-CDD\data\raw\dataset\train\NORMAL\normal_03505.png
normal,train,normal_03506.png,G:\Ai-CDD\data\raw\dataset\train\NORMAL\normal_03506.png
normal,train,normal_03507.png,G:\Ai-CDD\data\raw\dataset\train\NORMAL\normal_03507.png
normal,train,normal_03508.png,G:\Ai-CDD\data\raw\dataset\train\NORMAL\normal_03508.png
normal,train,normal_03509.png,G:\Ai-CDD\data\raw\dataset\train\NORMAL\normal_03509.png
normal,train,normal_03510.png,G:\Ai-CDD\data\raw\dataset\train\NORMAL\normal_03510.png
normal,train,normal_03511.png,G:\Ai-CDD\data\raw\dataset\train\NORMAL\normal_03511.png
normal,train,normal_03512.png,G:\Ai-CDD\data\raw\dataset\train\NORMAL\normal_03512.png
normal,train,normal_03513.png,G:\Ai-CDD\data\raw\dataset\train\NORMAL\normal_03513.png
normal,train,normal_03514.png,G:\Ai-CDD\data\raw\dataset\train\NORMAL\normal_03514.png
normal,train,normal_03515.png,G:\Ai-CDD\data\raw\dataset\train\NORMAL\normal_03515.png
normal,train,normal_03516.png,G:\Ai-CDD\data\raw\dataset\train\NORMAL\normal_03516.png
normal,train,normal_03517.png,G:\Ai-CDD\data\raw\dataset\train\NORMAL\normal_03517.png
normal,train,normal_03518.png,G:\Ai-CDD\data\raw\dataset\train\NORMAL\normal_03518.png
normal,train,normal_03519.png,G:\Ai-CDD\data\raw\dataset\train\NORMAL\normal_03519.png
normal,train,normal_03520.png,G:\Ai-CDD\data\raw\dataset\train\NORMAL\normal_03520.png
normal,train,normal_03521.png,G:\Ai-CDD\data\raw\dataset\train\NORMAL\normal_03521.png
normal,train,normal_03522.png,G:\Ai-CDD\data\raw\dataset\train\NORMAL\normal_03522.png
normal,train,normal_03523.png,G:\Ai-CDD\data\raw\dataset\train\NORMAL\normal_03523.png
normal,train,normal_03524.png,G:\Ai-CDD\data\raw\dataset\train\NORMAL\normal_03524.png
normal,train,normal_03525.png,G:\Ai-CDD\data\raw\dataset\train\NORMAL\normal_03525.png
normal,train,normal_03526.png,G:\Ai-CDD\data\raw\dataset\train\NORMAL\normal_03526.png
normal,train,normal_03527.png,G:\Ai-CDD\data\raw\dataset\train\NORMAL\normal_03527.png
normal,train,normal_03528.png,G:\Ai-CDD\data\raw\dataset\train\NORMAL\normal_03528.png
normal,train,normal_03529.png,G:\Ai-CDD\data\raw\dataset\train\NORMAL\normal_03529.png
normal,train,normal_03530.png,G:\Ai-CDD\data\raw\dataset\train\NORMAL\normal_03530.png
normal,train,normal_03531.png,G:\Ai-CDD\data\raw\dataset\train\NORMAL\normal_03531.png
normal,train,normal_03532.png,G:\Ai-CDD\data\raw\dataset\train\NORMAL\normal_03532.png
normal,train,normal_03533.png,G:\Ai-CDD\data\raw\dataset\train\NORMAL\normal_03533.png
normal,train,normal_03534.png,G:\Ai-CDD\data\raw\dataset\train\NORMAL\normal_03534.png
normal,train,normal_03535.png,G:\Ai-CDD\data\raw\dataset\train\NORMAL\normal_03535.png
normal,train,normal_03536.png,G:\Ai-CDD\data\raw\dataset\train\NORMAL\normal_03536.png
normal,train,normal_03537.png,G:\Ai-CDD\data\raw\dataset\train\NORMAL\normal_03537.png
normal,train,normal_03538.png,G:\Ai-CDD\data\raw\dataset\train\NORMAL\normal_03538.png
normal,train,normal_03539.png,G:\Ai-CDD\data\raw\dataset\train\NORMAL\normal_03539.png
normal,train,normal_03540.png,G:\Ai-CDD\data\raw\dataset\train\NORMAL\normal_03540.png
normal,train,normal_03541.png,G:\Ai-CDD\data\raw\dataset\train\NORMAL\normal_03541.png
normal,train,normal_03542.png,G:\Ai-CDD\data\raw\dataset\train\NORMAL\normal_03542.png
normal,train,normal_03543.png,G:\Ai-CDD\data\raw\dataset\train\NORMAL\normal_03543.png
normal,train,normal_03544.png,G:\Ai-CDD\data\raw\dataset\train\NORMAL\normal_03544.png
normal,train,normal_03545.png,G:\Ai-CDD\data\raw\dataset\train\NORMAL\normal_03545.png
normal,train,normal_03546.png,G:\Ai-CDD\data\raw\dataset\train\NORMAL\normal_03546.png
normal,train,normal_03547.png,G:\Ai-CDD\data\raw\dataset\train\NORMAL\normal_03547.png
normal,train,normal_03548.png,G:\Ai-CDD\data\raw\dataset\train\NORMAL\normal_03548.png
normal,train,normal_03549.png,G:\Ai-CDD\data\raw\dataset\train\NORMAL\normal_03549.png
normal,train,normal_03550.png,G:\Ai-CDD\data\raw\dataset\train\NORMAL\normal_03550.png
normal,train,normal_03551.png,G:\Ai-CDD\data\raw\dataset\train\NORMAL\normal_03551.png
normal,train,normal_03552.png,G:\Ai-CDD\data\raw\dataset\train\NORMAL\normal_03552.png
normal,train,normal_03553.png,G:\Ai-CDD\data\raw\dataset\train\NORMAL\normal_03553.png
normal,train,normal_03554.png,G:\Ai-CDD\data\raw\dataset\train\NORMAL\normal_03554.png
normal,train,normal_03555.png,G:\Ai-CDD\data\raw\dataset\train\NORMAL\normal_03555.png
normal,train,normal_03556.png,G:\Ai-CDD\data\raw\dataset\train\NORMAL\normal_03556.png
normal,train,normal_03557.png,G:\Ai-CDD\data\raw\dataset\train\NORMAL\normal_03557.png
normal,train,normal_03558.png,G:\Ai-CDD\data\raw\dataset\train\NORMAL\normal_03558.png
normal,train,normal_03559.png,G:\Ai-CDD\data\raw\dataset\train\NORMAL\normal_03559.png
normal,train,normal_03560.png,G:\Ai-CDD\data\raw\dataset\train\NORMAL\normal_03560.png
normal,train,normal_03561.png,G:\Ai-CDD\data\raw\dataset\train\NORMAL\normal_03561.png
normal,train,normal_03562.png,G:\Ai-CDD\data\raw\dataset\train\NORMAL\normal_03562.png
normal,train,normal_03563.png,G:\Ai-CDD\data\raw\dataset\train\NORMAL\normal_03563.png
normal,train,normal_03564.png,G:\Ai-CDD\data\raw\dataset\train\NORMAL\normal_03564.png
normal,train,normal_03565.png,G:\Ai-CDD\data\raw\dataset\train\NORMAL\normal_03565.png
normal,train,normal_03566.png,G:\Ai-CDD\data\raw\dataset\train\NORMAL\normal_03566.png
normal,train,normal_03567.png,G:\Ai-CDD\data\raw\dataset\train\NORMAL\normal_03567.png
normal,train,normal_03568.png,G:\Ai-CDD\data\raw\dataset\train\NORMAL\normal_03568.png
normal,train,normal_03569.png,G:\Ai-CDD\data\raw\dataset\train\NORMAL\normal_03569.png
normal,train,normal_03570.png,G:\Ai-CDD\data\raw\dataset\train\NORMAL\normal_03570.png
normal,train,normal_03571.png,G:\Ai-CDD\data\raw\dataset\train\NORMAL\normal_03571.png
normal,train,normal_03572.png,G:\Ai-CDD\data\raw\dataset\train\NORMAL\normal_03572.png
normal,train,normal_03573.png,G:\Ai-CDD\data\raw\dataset\train\NORMAL\normal_03573.png
normal,train,normal_03574.png,G:\Ai-CDD\data\raw\dataset\train\NORMAL\normal_03574.png
normal,train,normal_03575.png,G:\Ai-CDD\data\raw\dataset\train\NORMAL\normal_03575.png
normal,train,normal_03576.png,G:\Ai-CDD\data\raw\dataset\train\NORMAL\normal_03576.png
normal,train,normal_03577.png,G:\Ai-CDD\data\raw\dataset\train\NORMAL\normal_03577.png
normal,train,normal_03578.png,G:\Ai-CDD\data\raw\dataset\train\NORMAL\normal_03578.png
normal,train,normal_03579.png,G:\Ai-CDD\data\raw\dataset\train\NORMAL\normal_03579.png
normal,train,normal_03580.png,G:\Ai-CDD\data\raw\dataset\train\NORMAL\normal_03580.png
normal,train,normal_03581.png,G:\Ai-CDD\data\raw\dataset\train\NORMAL\normal_03581.png
normal,train,normal_03582.png,G:\Ai-CDD\data\raw\dataset\train\NORMAL\normal_03582.png
normal,train,normal_03583.png,G:\Ai-CDD\data\raw\dataset\train\NORMAL\normal_03583.png
normal,train,normal_03584.png,G:\Ai-CDD\data\raw\dataset\train\NORMAL\normal_03584.png
normal,train,normal_03585.png,G:\Ai-CDD\data\raw\dataset\train\NORMAL\normal_03585.png
normal,train,normal_03586.png,G:\Ai-CDD\data\raw\dataset\train\NORMAL\normal_03586.png
normal,train,normal_03587.png,G:\Ai-CDD\data\raw\dataset\train\NORMAL\normal_03587.png
normal,train,normal_03588.png,G:\Ai-CDD\data\raw\dataset\train\NORMAL\normal_03588.png
normal,train,normal_03589.png,G:\Ai-CDD\data\raw\dataset\train\NORMAL\normal_03589.png
normal,train,normal_03590.png,G:\Ai-CDD\data\raw\dataset\train\NORMAL\normal_03590.png
normal,train,normal_03591.png,G:\Ai-CDD\data\raw\dataset\train\NORMAL\normal_03591.png
normal,train,normal_03592.png,G:\Ai-CDD\data\raw\dataset\train\NORMAL\normal_03592.png
normal,train,normal_03593.png,G:\Ai-CDD\data\raw\dataset\train\NORMAL\normal_03593.png
normal,train,normal_03594.png,G:\Ai-CDD\data\raw\dataset\train\NORMAL\normal_03594.png
normal,train,normal_03595.png,G:\Ai-CDD\data\raw\dataset\train\NORMAL\normal_03595.png
normal,train,normal_03596.png,G:\Ai-CDD\data\raw\dataset\train\NORMAL\normal_03596.png
normal,train,normal_03597.png,G:\Ai-CDD\data\raw\dataset\train\NORMAL\normal_03597.png
normal,train,normal_03598.png,G:\Ai-CDD\data\raw\dataset\train\NORMAL\normal_03598.png
normal,train,normal_03599.png,G:\Ai-CDD\data\raw\dataset\train\NORMAL\normal_03599.png
normal,train,normal_03600.png,G:\Ai-CDD\data\raw\dataset\train\NORMAL\normal_03600.png
normal,train,normal_03601.png,G:\Ai-CDD\data\raw\dataset\train\NORMAL\normal_03601.png
normal,train,normal_03602.png,G:\Ai-CDD\data\raw\dataset\train\NORMAL\normal_03602.png
normal,train,normal_03603.png,G:\Ai-CDD\data\raw\dataset\train\NORMAL\normal_03603.png
normal,train,normal_03604.png,G:\Ai-CDD\data\raw\dataset\train\NORMAL\normal_03604.png
normal,train,normal_03605.png,G:\Ai-CDD\data\raw\dataset\train\NORMAL\normal_03605.png
normal,train,normal_03606.png,G:\Ai-CDD\data\raw\dataset\train\NORMAL\normal_03606.png
normal,train,normal_03607.png,G:\Ai-CDD\data\raw\dataset\train\NORMAL\normal_03607.png
normal,train,normal_03608.png,G:\Ai-CDD\data\raw\dataset\train\NORMAL\normal_03608.png
normal,train,normal_03609.png,G:\Ai-CDD\data\raw\dataset\train\NORMAL\normal_03609.png
normal,train,normal_03610.png,G:\Ai-CDD\data\raw\dataset\train\NORMAL\normal_03610.png
normal,train,normal_03611.png,G:\Ai-CDD\data\raw\dataset\train\NORMAL\normal_03611.png
normal,train,normal_03612.png,G:\Ai-CDD\data\raw\dataset\train\NORMAL\normal_03612.png
normal,train,normal_03613.png,G:\Ai-CDD\data\raw\dataset\train\NORMAL\normal_03613.png
normal,train,normal_03614.png,G:\Ai-CDD\data\raw\dataset\train\NORMAL\normal_03614.png
normal,train,normal_03615.png,G:\Ai-CDD\data\raw\dataset\train\NORMAL\normal_03615.png
normal,train,normal_03616.png,G:\Ai-CDD\data\raw\dataset\train\NORMAL\normal_03616.png
normal,train,normal_03617.png,G:\Ai-CDD\data\raw\dataset\train\NORMAL\normal_03617.png
normal,train,normal_03618.png,G:\Ai-CDD\data\raw\dataset\train\NORMAL\normal_03618.png
normal,train,normal_03619.png,G:\Ai-CDD\data\raw\dataset\train\NORMAL\normal_03619.png
normal,train,normal_03620.png,G:\Ai-CDD\data\raw\dataset\train\NORMAL\normal_03620.png
normal,train,normal_03621.png,G:\Ai-CDD\data\raw\dataset\train\NORMAL\normal_03621.png
normal,train,normal_03622.png,G:\Ai-CDD\data\raw\dataset\train\NORMAL\normal_03622.png
normal,train,normal_03623.png,G:\Ai-CDD\data\raw\dataset\train\NORMAL\normal_03623.png
normal,train,normal_03624.png,G:\Ai-CDD\data\raw\dataset\train\NORMAL\normal_03624.png
normal,train,normal_03625.png,G:\Ai-CDD\data\raw\dataset\train\NORMAL\normal_03625.png
normal,train,normal_03626.png,G:\Ai-CDD\data\raw\dataset\train\NORMAL\normal_03626.png
normal,train,normal_03627.png,G:\Ai-CDD\data\raw\dataset\train\NORMAL\normal_03627.png
normal,train,normal_03628.png,G:\Ai-CDD\data\raw\dataset\train\NORMAL\normal_03628.png
normal,train,normal_03629.png,G:\Ai-CDD\data\raw\dataset\train\NORMAL\normal_03629.png
normal,train,normal_03630.png,G:\Ai-CDD\data\raw\dataset\train\NORMAL\normal_03630.png
normal,train,normal_03631.png,G:\Ai-CDD\data\raw\dataset\train\NORMAL\normal_03631.png
normal,train,normal_03632.png,G:\Ai-CDD\data\raw\dataset\train\NORMAL\normal_03632.png
normal,train,normal_03633.png,G:\Ai-CDD\data\raw\dataset\train\NORMAL\normal_03633.png
normal,train,normal_03634.png,G:\Ai-CDD\data\raw\dataset\train\NORMAL\normal_03634.png
normal,train,normal_03635.png,G:\Ai-CDD\data\raw\dataset\train\NORMAL\normal_03635.png
normal,train,normal_03636.png,G:\Ai-CDD\data\raw\dataset\train\NORMAL\normal_03636.png
normal,train,normal_03637.png,G:\Ai-CDD\data\raw\dataset\train\NORMAL\normal_03637.png
normal,train,normal_03638.png,G:\Ai-CDD\data\raw\dataset\train\NORMAL\normal_03638.png
normal,train,normal_03639.png,G:\Ai-CDD\data\raw\dataset\train\NORMAL\normal_03639.png
normal,train,normal_03640.png,G:\Ai-CDD\data\raw\dataset\train\NORMAL\normal_03640.png
normal,train,normal_03641.png,G:\Ai-CDD\data\raw\dataset\train\NORMAL\normal_03641.png
normal,train,normal_03642.png,G:\Ai-CDD\data\raw\dataset\train\NORMAL\normal_03642.png
normal,train,normal_03643.png,G:\Ai-CDD\data\raw\dataset\train\NORMAL\normal_03643.png
normal,train,normal_03644.png,G:\Ai-CDD\data\raw\dataset\train\NORMAL\normal_03644.png
normal,train,normal_03645.png,G:\Ai-CDD\data\raw\dataset\train\NORMAL\normal_03645.png
normal,train,normal_03646.png,G:\Ai-CDD\data\raw\dataset\train\NORMAL\normal_03646.png
normal,train,normal_03647.png,G:\Ai-CDD\data\raw\dataset\train\NORMAL\normal_03647.png
normal,train,normal_03648.png,G:\Ai-CDD\data\raw\dataset\train\NORMAL\normal_03648.png
normal,train,normal_03649.png,G:\Ai-CDD\data\raw\dataset\train\NORMAL\normal_03649.png
normal,train,normal_03650.png,G:\Ai-CDD\data\raw\dataset\train\NORMAL\normal_03650.png
normal,train,normal_03651.png,G:\Ai-CDD\data\raw\dataset\train\NORMAL\normal_03651.png
normal,train,normal_03652.png,G:\Ai-CDD\data\raw\dataset\train\NORMAL\normal_03652.png
normal,train,normal_03653.png,G:\Ai-CDD\data\raw\dataset\train\NORMAL\normal_03653.png
normal,train,normal_03654.png,G:\Ai-CDD\data\raw\dataset\train\NORMAL\normal_03654.png
normal,train,normal_03655.png,G:\Ai-CDD\data\raw\dataset\train\NORMAL\normal_03655.png
normal,train,normal_03656.png,G:\Ai-CDD\data\raw\dataset\train\NORMAL\normal_03656.png
normal,train,normal_03657.png,G:\Ai-CDD\data\raw\dataset\train\NORMAL\normal_03657.png
normal,train,normal_03658.png,G:\Ai-CDD\data\raw\dataset\train\NORMAL\normal_03658.png
normal,train,normal_03659.png,G:\Ai-CDD\data\raw\dataset\train\NORMAL\normal_03659.png
normal,train,normal_03660.png,G:\Ai-CDD\data\raw\dataset\train\NORMAL\normal_03660.png
normal,train,normal_03661.png,G:\Ai-CDD\data\raw\dataset\train\NORMAL\normal_03661.png
normal,train,normal_03662.png,G:\Ai-CDD\data\raw\dataset\train\NORMAL\normal_03662.png
normal,train,normal_03663.png,G:\Ai-CDD\data\raw\dataset\train\NORMAL\normal_03663.png
normal,train,normal_03664.png,G:\Ai-CDD\data\raw\dataset\train\NORMAL\normal_03664.png
normal,train,normal_03665.png,G:\Ai-CDD\data\raw\dataset\train\NORMAL\normal_03665.png
normal,train,normal_03666.png,G:\Ai-CDD\data\raw\dataset\train\NORMAL\normal_03666.png
normal,train,normal_03667.png,G:\Ai-CDD\data\raw\dataset\train\NORMAL\normal_03667.png
normal,train,normal_03668.png,G:\Ai-CDD\data\raw\dataset\train\NORMAL\normal_03668.png
normal,train,normal_03669.png,G:\Ai-CDD\data\raw\dataset\train\NORMAL\normal_03669.png
normal,train,normal_03670.png,G:\Ai-CDD\data\raw\dataset\train\NORMAL\normal_03670.png
normal,train,normal_03671.png,G:\Ai-CDD\data\raw\dataset\train\NORMAL\normal_03671.png
normal,train,normal_03672.png,G:\Ai-CDD\data\raw\dataset\train\NORMAL\normal_03672.png
normal,train,normal_03673.png,G:\Ai-CDD\data\raw\dataset\train\NORMAL\normal_03673.png
normal,train,normal_03674.png,G:\Ai-CDD\data\raw\dataset\train\NORMAL\normal_03674.png
normal,train,normal_03675.png,G:\Ai-CDD\data\raw\dataset\train\NORMAL\normal_03675.png
normal,train,normal_03676.png,G:\Ai-CDD\data\raw\dataset\train\NORMAL\normal_03676.png
normal,train,normal_03677.png,G:\Ai-CDD\data\raw\dataset\train\NORMAL\normal_03677.png
normal,train,normal_03678.png,G:\Ai-CDD\data\raw\dataset\train\NORMAL\normal_03678.png
normal,train,normal_03679.png,G:\Ai-CDD\data\raw\dataset\train\NORMAL\normal_03679.png
normal,train,normal_03680.png,G:\Ai-CDD\data\raw\dataset\train\NORMAL\normal_03680.png
normal,train,normal_03681.png,G:\Ai-CDD\data\raw\dataset\train\NORMAL\normal_03681.png
normal,train,normal_03682.png,G:\Ai-CDD\data\raw\dataset\train\NORMAL\normal_03682.png
normal,train,normal_03683.png,G:\Ai-CDD\data\raw\dataset\train\NORMAL\normal_03683.png
normal,train,normal_03684.png,G:\Ai-CDD\data\raw\dataset\train\NORMAL\normal_03684.png
normal,train,normal_03685.png,G:\Ai-CDD\data\raw\dataset\train\NORMAL\normal_03685.png
normal,train,normal_03686.png,G:\Ai-CDD\data\raw\dataset\train\NORMAL\normal_03686.png
normal,train,normal_03687.png,G:\Ai-CDD\data\raw\dataset\train\NORMAL\normal_03687.png
normal,train,normal_03688.png,G:\Ai-CDD\data\raw\dataset\train\NORMAL\normal_03688.png
normal,train,normal_03689.png,G:\Ai-CDD\data\raw\dataset\train\NORMAL\normal_03689.png
normal,train,normal_03690.png,G:\Ai-CDD\data\raw\dataset\train\NORMAL\normal_03690.png
normal,train,normal_03691.png,G:\Ai-CDD\data\raw\dataset\train\NORMAL\normal_03691.png
normal,train,normal_03692.png,G:\Ai-CDD\data\raw\dataset\train\NORMAL\normal_03692.png
normal,train,normal_03693.png,G:\Ai-CDD\data\raw\dataset\train\NORMAL\normal_03693.png
normal,train,normal_03694.png,G:\Ai-CDD\data\raw\dataset\train\NORMAL\normal_03694.png
normal,train,normal_03695.png,G:\Ai-CDD\data\raw\dataset\train\NORMAL\normal_03695.png
normal,train,normal_03696.png,G:\Ai-CDD\data\raw\dataset\train\NORMAL\normal_03696.png
normal,train,normal_03697.png,G:\Ai-CDD\data\raw\dataset\train\NORMAL\normal_03697.png
normal,train,normal_03698.png,G:\Ai-CDD\data\raw\dataset\train\NORMAL\normal_03698.png
normal,train,normal_03699.png,G:\Ai-CDD\data\raw\dataset\train\NORMAL\normal_03699.png
normal,train,normal_03700.png,G:\Ai-CDD\data\raw\dataset\train\NORMAL\normal_03700.png
normal,train,normal_03701.png,G:\Ai-CDD\data\raw\dataset\train\NORMAL\normal_03701.png
normal,train,normal_03702.png,G:\Ai-CDD\data\raw\dataset\train\NORMAL\normal_03702.png
normal,train,normal_03703.png,G:\Ai-CDD\data\raw\dataset\train\NORMAL\normal_03703.png
normal,train,normal_03704.png,G:\Ai-CDD\data\raw\dataset\train\NORMAL\normal_03704.png
normal,train,normal_03705.png,G:\Ai-CDD\data\raw\dataset\train\NORMAL\normal_03705.png
normal,train,normal_03706.png,G:\Ai-CDD\data\raw\dataset\train\NORMAL\normal_03706.png
normal,train,normal_03707.png,G:\Ai-CDD\data\raw\dataset\train\NORMAL\normal_03707.png
normal,train,normal_03708.png,G:\Ai-CDD\data\raw\dataset\train\NORMAL\normal_03708.png
normal,train,normal_03709.png,G:\Ai-CDD\data\raw\dataset\train\NORMAL\normal_03709.png
normal,train,normal_03710.png,G:\Ai-CDD\data\raw\dataset\train\NORMAL\normal_03710.png
normal,train,normal_03711.png,G:\Ai-CDD\data\raw\dataset\train\NORMAL\normal_03711.png
normal,train,normal_03712.png,G:\Ai-CDD\data\raw\dataset\train\NORMAL\normal_03712.png
normal,train,normal_03713.png,G:\Ai-CDD\data\raw\dataset\train\NORMAL\normal_03713.png
normal,train,normal_03714.png,G:\Ai-CDD\data\raw\dataset\train\NORMAL\normal_03714.png
normal,train,normal_03715.png,G:\Ai-CDD\data\raw\dataset\train\NORMAL\normal_03715.png
normal,train,normal_03716.png,G:\Ai-CDD\data\raw\dataset\train\NORMAL\normal_03716.png
normal,train,normal_03717.png,G:\Ai-CDD\data\raw\dataset\train\NORMAL\normal_03717.png
normal,train,normal_03718.png,G:\Ai-CDD\data\raw\dataset\train\NORMAL\normal_03718.png
normal,train,normal_03719.png,G:\Ai-CDD\data\raw\dataset\train\NORMAL\normal_03719.png
normal,train,normal_03720.png,G:\Ai-CDD\data\raw\dataset\train\NORMAL\normal_03720.png
normal,train,normal_03721.png,G:\Ai-CDD\data\raw\dataset\train\NORMAL\normal_03721.png
normal,train,normal_03722.png,G:\Ai-CDD\data\raw\dataset\train\NORMAL\normal_03722.png
normal,train,normal_03723.png,G:\Ai-CDD\data\raw\dataset\train\NORMAL\normal_03723.png
normal,train,normal_03724.png,G:\Ai-CDD\data\raw\dataset\train\NORMAL\normal_03724.png
normal,train,normal_03725.png,G:\Ai-CDD\data\raw\dataset\train\NORMAL\normal_03725.png
normal,train,normal_03726.png,G:\Ai-CDD\data\raw\dataset\train\NORMAL\normal_03726.png
normal,train,normal_03727.png,G:\Ai-CDD\data\raw\dataset\train\NORMAL\normal_03727.png
normal,train,normal_03728.png,G:\Ai-CDD\data\raw\dataset\train\NORMAL\normal_03728.png
normal,train,normal_03729.png,G:\Ai-CDD\data\raw\dataset\train\NORMAL\normal_03729.png
normal,train,normal_03730.png,G:\Ai-CDD\data\raw\dataset\train\NORMAL\normal_03730.png
normal,train,normal_03731.png,G:\Ai-CDD\data\raw\dataset\train\NORMAL\normal_03731.png
normal,train,normal_03732.png,G:\Ai-CDD\data\raw\dataset\train\NORMAL\normal_03732.png
normal,train,normal_03733.png,G:\Ai-CDD\data\raw\dataset\train\NORMAL\normal_03733.png
normal,train,normal_03734.png,G:\Ai-CDD\data\raw\dataset\train\NORMAL\normal_03734.png
normal,train,normal_03735.png,G:\Ai-CDD\data\raw\dataset\train\NORMAL\normal_03735.png
normal,train,normal_03736.png,G:\Ai-CDD\data\raw\dataset\train\NORMAL\normal_03736.png
normal,train,normal_03737.png,G:\Ai-CDD\data\raw\dataset\train\NORMAL\normal_03737.png
normal,train,normal_03738.png,G:\Ai-CDD\data\raw\dataset\train\NORMAL\normal_03738.png
normal,train,normal_03739.png,G:\Ai-CDD\data\raw\dataset\train\NORMAL\normal_03739.png
normal,train,normal_03740.png,G:\Ai-CDD\data\raw\dataset\train\NORMAL\normal_03740.png
normal,train,normal_03741.png,G:\Ai-CDD\data\raw\dataset\train\NORMAL\normal_03741.png
normal,train,normal_03742.png,G:\Ai-CDD\data\raw\dataset\train\NORMAL\normal_03742.png
normal,train,normal_03743.png,G:\Ai-CDD\data\raw\dataset\train\NORMAL\normal_03743.png
normal,train,normal_03744.png,G:\Ai-CDD\data\raw\dataset\train\NORMAL\normal_03744.png
normal,train,normal_03745.png,G:\Ai-CDD\data\raw\dataset\train\NORMAL\normal_03745.png
normal,train,normal_03746.png,G:\Ai-CDD\data\raw\dataset\train\NORMAL\normal_03746.png
normal,train,normal_03747.png,G:\Ai-CDD\data\raw\dataset\train\NORMAL\normal_03747.png
normal,train,normal_03748.png,G:\Ai-CDD\data\raw\dataset\train\NORMAL\normal_03748.png
normal,train,normal_03749.png,G:\Ai-CDD\data\raw\dataset\train\NORMAL\normal_03749.png
normal,train,normal_03750.png,G:\Ai-CDD\data\raw\dataset\train\NORMAL\normal_03750.png
normal,train,normal_03751.png,G:\Ai-CDD\data\raw\dataset\train\NORMAL\normal_03751.png
normal,train,normal_03752.png,G:\Ai-CDD\data\raw\dataset\train\NORMAL\normal_03752.png
normal,train,normal_03753.png,G:\Ai-CDD\data\raw\dataset\train\NORMAL\normal_03753.png
normal,train,normal_03754.png,G:\Ai-CDD\data\raw\dataset\train\NORMAL\normal_03754.png
normal,train,normal_03755.png,G:\Ai-CDD\data\raw\dataset\train\NORMAL\normal_03755.png
normal,train,normal_03756.png,G:\Ai-CDD\data\raw\dataset\train\NORMAL\normal_03756.png
normal,train,normal_03757.png,G:\Ai-CDD\data\raw\dataset\train\NORMAL\normal_03757.png
normal,train,normal_03758.png,G:\Ai-CDD\data\raw\dataset\train\NORMAL\normal_03758.png
normal,train,normal_03759.png,G:\Ai-CDD\data\raw\dataset\train\NORMAL\normal_03759.png
normal,train,normal_03760.png,G:\Ai-CDD\data\raw\dataset\train\NORMAL\normal_03760.png
normal,train,normal_03761.png,G:\Ai-CDD\data\raw\dataset\train\NORMAL\normal_03761.png
normal,train,normal_03762.png,G:\Ai-CDD\data\raw\dataset\train\NORMAL\normal_03762.png
normal,train,normal_03763.png,G:\Ai-CDD\data\raw\dataset\train\NORMAL\normal_03763.png
normal,train,normal_03764.png,G:\Ai-CDD\data\raw\dataset\train\NORMAL\normal_03764.png
normal,train,normal_03765.png,G:\Ai-CDD\data\raw\dataset\train\NORMAL\normal_03765.png
normal,train,normal_03766.png,G:\Ai-CDD\data\raw\dataset\train\NORMAL\normal_03766.png
normal,train,normal_03767.png,G:\Ai-CDD\data\raw\dataset\train\NORMAL\normal_03767.png
normal,train,normal_03768.png,G:\Ai-CDD\data\raw\dataset\train\NORMAL\normal_03768.png
normal,train,normal_03769.png,G:\Ai-CDD\data\raw\dataset\train\NORMAL\normal_03769.png
normal,train,normal_03770.png,G:\Ai-CDD\data\raw\dataset\train\NORMAL\normal_03770.png
normal,train,normal_03771.png,G:\Ai-CDD\data\raw\dataset\train\NORMAL\normal_03771.png
normal,train,normal_03772.png,G:\Ai-CDD\data\raw\dataset\train\NORMAL\normal_03772.png
normal,train,normal_03773.png,G:\Ai-CDD\data\raw\dataset\train\NORMAL\normal_03773.png
normal,train,normal_03774.png,G:\Ai-CDD\data\raw\dataset\train\NORMAL\normal_03774.png
normal,train,normal_03775.png,G:\Ai-CDD\data\raw\dataset\train\NORMAL\normal_03775.png
normal,train,normal_03776.png,G:\Ai-CDD\data\raw\dataset\train\NORMAL\normal_03776.png
normal,train,normal_03777.png,G:\Ai-CDD\data\raw\dataset\train\NORMAL\normal_03777.png
normal,train,normal_03778.png,G:\Ai-CDD\data\raw\dataset\train\NORMAL\normal_03778.png
normal,train,normal_03779.png,G:\Ai-CDD\data\raw\dataset\train\NORMAL\normal_03779.png
normal,train,normal_03780.png,G:\Ai-CDD\data\raw\dataset\train\NORMAL\normal_03780.png
normal,train,normal_03781.png,G:\Ai-CDD\data\raw\dataset\train\NORMAL\normal_03781.png
normal,train,normal_03782.png,G:\Ai-CDD\data\raw\dataset\train\NORMAL\normal_03782.png
normal,train,normal_03783.png,G:\Ai-CDD\data\raw\dataset\train\NORMAL\normal_03783.png
normal,train,normal_03784.png,G:\Ai-CDD\data\raw\dataset\train\NORMAL\normal_03784.png
normal,train,normal_03785.png,G:\Ai-CDD\data\raw\dataset\train\NORMAL\normal_03785.png
normal,train,normal_03786.png,G:\Ai-CDD\data\raw\dataset\train\NORMAL\normal_03786.png
normal,train,normal_03787.png,G:\Ai-CDD\data\raw\dataset\train\NORMAL\normal_03787.png
normal,train,normal_03788.png,G:\Ai-CDD\data\raw\dataset\train\NORMAL\normal_03788.png
normal,train,normal_03789.png,G:\Ai-CDD\data\raw\dataset\train\NORMAL\normal_03789.png
normal,train,normal_03790.png,G:\Ai-CDD\data\raw\dataset\train\NORMAL\normal_03790.png
normal,train,normal_03791.png,G:\Ai-CDD\data\raw\dataset\train\NORMAL\normal_03791.png
normal,train,normal_03792.png,G:\Ai-CDD\data\raw\dataset\train\NORMAL\normal_03792.png
normal,train,normal_03793.png,G:\Ai-CDD\data\raw\dataset\train\NORMAL\normal_03793.png
normal,train,normal_03794.png,G:\Ai-CDD\data\raw\dataset\train\NORMAL\normal_03794.png
normal,train,normal_03795.png,G:\Ai-CDD\data\raw\dataset\train\NORMAL\normal_03795.png
normal,train,normal_03796.png,G:\Ai-CDD\data\raw\dataset\train\NORMAL\normal_03796.png
normal,train,normal_03797.png,G:\Ai-CDD\data\raw\dataset\train\NORMAL\normal_03797.png
normal,train,normal_03798.png,G:\Ai-CDD\data\raw\dataset\train\NORMAL\normal_03798.png
normal,train,normal_03799.png,G:\Ai-CDD\data\raw\dataset\train\NORMAL\normal_03799.png
normal,train,normal_03800.png,G:\Ai-CDD\data\raw\dataset\train\NORMAL\normal_03800.png
normal,train,normal_03801.png,G:\Ai-CDD\data\raw\dataset\train\NORMAL\normal_03801.png
normal,train,normal_03802.png,G:\Ai-CDD\data\raw\dataset\train\NORMAL\normal_03802.png
normal,train,normal_03803.png,G:\Ai-CDD\data\raw\dataset\train\NORMAL\normal_03803.png
normal,train,normal_03804.png,G:\Ai-CDD\data\raw\dataset\train\NORMAL\normal_03804.png
normal,train,normal_03805.png,G:\Ai-CDD\data\raw\dataset\train\NORMAL\normal_03805.png
normal,train,normal_03806.png,G:\Ai-CDD\data\raw\dataset\train\NORMAL\normal_03806.png
normal,train,normal_03807.png,G:\Ai-CDD\data\raw\dataset\train\NORMAL\normal_03807.png
normal,train,normal_03808.png,G:\Ai-CDD\data\raw\dataset\train\NORMAL\normal_03808.png
normal,train,normal_03809.png,G:\Ai-CDD\data\raw\dataset\train\NORMAL\normal_03809.png
normal,train,normal_03810.png,G:\Ai-CDD\data\raw\dataset\train\NORMAL\normal_03810.png
normal,train,normal_03811.png,G:\Ai-CDD\data\raw\dataset\train\NORMAL\normal_03811.png
normal,train,normal_03812.png,G:\Ai-CDD\data\raw\dataset\train\NORMAL\normal_03812.png
normal,train,normal_03813.png,G:\Ai-CDD\data\raw\dataset\train\NORMAL\normal_03813.png
normal,train,normal_03814.png,G:\Ai-CDD\data\raw\dataset\train\NORMAL\normal_03814.png
normal,train,normal_03815.png,G:\Ai-CDD\data\raw\dataset\train\NORMAL\normal_03815.png
normal,train,normal_03816.png,G:\Ai-CDD\data\raw\dataset\train\NORMAL\normal_03816.png
normal,train,normal_03817.png,G:\Ai-CDD\data\raw\dataset\train\NORMAL\normal_03817.png
normal,train,normal_03818.png,G:\Ai-CDD\data\raw\dataset\train\NORMAL\normal_03818.png
normal,train,normal_03819.png,G:\Ai-CDD\data\raw\dataset\train\NORMAL\normal_03819.png
normal,train,normal_03820.png,G:\Ai-CDD\data\raw\dataset\train\NORMAL\normal_03820.png
normal,train,normal_03821.png,G:\Ai-CDD\data\raw\dataset\train\NORMAL\normal_03821.png
normal,train,normal_03822.png,G:\Ai-CDD\data\raw\dataset\train\NORMAL\normal_03822.png
normal,train,normal_03823.png,G:\Ai-CDD\data\raw\dataset\train\NORMAL\normal_03823.png
normal,train,normal_03824.png,G:\Ai-CDD\data\raw\dataset\train\NORMAL\normal_03824.png
normal,train,normal_03825.png,G:\Ai-CDD\data\raw\dataset\train\NORMAL\normal_03825.png
normal,train,normal_03826.png,G:\Ai-CDD\data\raw\dataset\train\NORMAL\normal_03826.png
normal,train,normal_03827.png,G:\Ai-CDD\data\raw\dataset\train\NORMAL\normal_03827.png
normal,train,normal_03828.png,G:\Ai-CDD\data\raw\dataset\train\NORMAL\normal_03828.png
normal,train,normal_03829.png,G:\Ai-CDD\data\raw\dataset\train\NORMAL\normal_03829.png
normal,train,normal_03830.png,G:\Ai-CDD\data\raw\dataset\train\NORMAL\normal_03830.png
normal,train,normal_03831.png,G:\Ai-CDD\data\raw\dataset\train\NORMAL\normal_03831.png
normal,train,normal_03832.png,G:\Ai-CDD\data\raw\dataset\train\NORMAL\normal_03832.png
normal,train,normal_03833.png,G:\Ai-CDD\data\raw\dataset\train\NORMAL\normal_03833.png
normal,train,normal_03834.png,G:\Ai-CDD\data\raw\dataset\train\NORMAL\normal_03834.png
normal,train,normal_03835.png,G:\Ai-CDD\data\raw\dataset\train\NORMAL\normal_03835.png
normal,train,normal_03836.png,G:\Ai-CDD\data\raw\dataset\train\NORMAL\normal_03836.png
normal,train,normal_03837.png,G:\Ai-CDD\data\raw\dataset\train\NORMAL\normal_03837.png
normal,train,normal_03838.png,G:\Ai-CDD\data\raw\dataset\train\NORMAL\normal_03838.png
normal,train,normal_03839.png,G:\Ai-CDD\data\raw\dataset\train\NORMAL\normal_03839.png
normal,train,normal_03840.png,G:\Ai-CDD\data\raw\dataset\train\NORMAL\normal_03840.png
normal,train,normal_03841.png,G:\Ai-CDD\data\raw\dataset\train\NORMAL\normal_03841.png
normal,train,normal_03842.png,G:\Ai-CDD\data\raw\dataset\train\NORMAL\normal_03842.png
normal,train,normal_03843.png,G:\Ai-CDD\data\raw\dataset\train\NORMAL\normal_03843.png
normal,train,normal_03844.png,G:\Ai-CDD\data\raw\dataset\train\NORMAL\normal_03844.png
normal,train,normal_03845.png,G:\Ai-CDD\data\raw\dataset\train\NORMAL\normal_03845.png
normal,train,normal_03846.png,G:\Ai-CDD\data\raw\dataset\train\NORMAL\normal_03846.png
normal,train,normal_03847.png,G:\Ai-CDD\data\raw\dataset\train\NORMAL\normal_03847.png
normal,train,normal_03848.png,G:\Ai-CDD\data\raw\dataset\train\NORMAL\normal_03848.png
normal,train,normal_03849.png,G:\Ai-CDD\data\raw\dataset\train\NORMAL\normal_03849.png
normal,train,normal_03850.png,G:\Ai-CDD\data\raw\dataset\train\NORMAL\normal_03850.png
normal,train,normal_03851.png,G:\Ai-CDD\data\raw\dataset\train\NORMAL\normal_03851.png
normal,train,normal_03852.png,G:\Ai-CDD\data\raw\dataset\train\NORMAL\normal_03852.png
normal,train,normal_03853.png,G:\Ai-CDD\data\raw\dataset\train\NORMAL\normal_03853.png
normal,train,normal_03854.png,G:\Ai-CDD\data\raw\dataset\train\NORMAL\normal_03854.png
normal,train,normal_03855.png,G:\Ai-CDD\data\raw\dataset\train\NORMAL\normal_03855.png
normal,train,normal_03856.png,G:\Ai-CDD\data\raw\dataset\train\NORMAL\normal_03856.png
normal,train,normal_03857.png,G:\Ai-CDD\data\raw\dataset\train\NORMAL\normal_03857.png
normal,train,normal_03858.png,G:\Ai-CDD\data\raw\dataset\train\NORMAL\normal_03858.png
normal,train,normal_03859.png,G:\Ai-CDD\data\raw\dataset\train\NORMAL\normal_03859.png
normal,train,normal_03860.png,G:\Ai-CDD\data\raw\dataset\train\NORMAL\normal_03860.png
normal,train,normal_03861.png,G:\Ai-CDD\data\raw\dataset\train\NORMAL\normal_03861.png
normal,train,normal_03862.png,G:\Ai-CDD\data\raw\dataset\train\NORMAL\normal_03862.png
normal,train,normal_03863.png,G:\Ai-CDD\data\raw\dataset\train\NORMAL\normal_03863.png
normal,train,normal_03864.png,G:\Ai-CDD\data\raw\dataset\train\NORMAL\normal_03864.png
normal,train,normal_03865.png,G:\Ai-CDD\data\raw\dataset\train\NORMAL\normal_03865.png
normal,train,normal_03866.png,G:\Ai-CDD\data\raw\dataset\train\NORMAL\normal_03866.png
normal,train,normal_03867.png,G:\Ai-CDD\data\raw\dataset\train\NORMAL\normal_03867.png
normal,train,normal_03868.png,G:\Ai-CDD\data\raw\dataset\train\NORMAL\normal_03868.png
normal,train,normal_03869.png,G:\Ai-CDD\data\raw\dataset\train\NORMAL\normal_03869.png
normal,train,normal_03870.png,G:\Ai-CDD\data\raw\dataset\train\NORMAL\normal_03870.png
normal,train,normal_03871.png,G:\Ai-CDD\data\raw\dataset\train\NORMAL\normal_03871.png
normal,train,normal_03872.png,G:\Ai-CDD\data\raw\dataset\train\NORMAL\normal_03872.png
normal,train,normal_03873.png,G:\Ai-CDD\data\raw\dataset\train\NORMAL\normal_03873.png
normal,train,normal_03874.png,G:\Ai-CDD\data\raw\dataset\train\NORMAL\normal_03874.png
normal,train,normal_03875.png,G:\Ai-CDD\data\raw\dataset\train\NORMAL\normal_03875.png
normal,train,normal_03876.png,G:\Ai-CDD\data\raw\dataset\train\NORMAL\normal_03876.png
normal,train,normal_03877.png,G:\Ai-CDD\data\raw\dataset\train\NORMAL\normal_03877.png
normal,train,normal_03878.png,G:\Ai-CDD\data\raw\dataset\train\NORMAL\normal_03878.png
normal,train,normal_03879.png,G:\Ai-CDD\data\raw\dataset\train\NORMAL\normal_03879.png
normal,train,normal_03880.png,G:\Ai-CDD\data\raw\dataset\train\NORMAL\normal_03880.png
normal,train,normal_03881.png,G:\Ai-CDD\data\raw\dataset\train\NORMAL\normal_03881.png
normal,train,normal_03882.png,G:\Ai-CDD\data\raw\dataset\train\NORMAL\normal_03882.png
normal,train,normal_03883.png,G:\Ai-CDD\data\raw\dataset\train\NORMAL\normal_03883.png
normal,train,normal_03884.png,G:\Ai-CDD\data\raw\dataset\train\NORMAL\normal_03884.png
normal,train,normal_03885.png,G:\Ai-CDD\data\raw\dataset\train\NORMAL\normal_03885.png
normal,train,normal_03886.png,G:\Ai-CDD\data\raw\dataset\train\NORMAL\normal_03886.png
normal,train,normal_03887.png,G:\Ai-CDD\data\raw\dataset\train\NORMAL\normal_03887.png
normal,train,normal_03888.png,G:\Ai-CDD\data\raw\dataset\train\NORMAL\normal_03888.png
normal,train,normal_03889.png,G:\Ai-CDD\data\raw\dataset\train\NORMAL\normal_03889.png
normal,train,normal_03890.png,G:\Ai-CDD\data\raw\dataset\train\NORMAL\normal_03890.png
normal,train,normal_03891.png,G:\Ai-CDD\data\raw\dataset\train\NORMAL\normal_03891.png
normal,train,normal_03892.png,G:\Ai-CDD\data\raw\dataset\train\NORMAL\normal_03892.png
normal,train,normal_03893.png,G:\Ai-CDD\data\raw\dataset\train\NORMAL\normal_03893.png
normal,train,normal_03894.png,G:\Ai-CDD\data\raw\dataset\train\NORMAL\normal_03894.png
normal,train,normal_03895.png,G:\Ai-CDD\data\raw\dataset\train\NORMAL\normal_03895.png
normal,train,normal_03896.png,G:\Ai-CDD\data\raw\dataset\train\NORMAL\normal_03896.png
normal,train,normal_03897.png,G:\Ai-CDD\data\raw\dataset\train\NORMAL\normal_03897.png
normal,train,normal_03898.png,G:\Ai-CDD\data\raw\dataset\train\NORMAL\normal_03898.png
normal,train,normal_03899.png,G:\Ai-CDD\data\raw\dataset\train\NORMAL\normal_03899.png
normal,train,normal_03900.png,G:\Ai-CDD\data\raw\dataset\train\NORMAL\normal_03900.png
normal,train,normal_03901.png,G:\Ai-CDD\data\raw\dataset\train\NORMAL\normal_03901.png
normal,train,normal_03902.png,G:\Ai-CDD\data\raw\dataset\train\NORMAL\normal_03902.png
normal,train,normal_03903.png,G:\Ai-CDD\data\raw\dataset\train\NORMAL\normal_03903.png
normal,train,normal_03904.png,G:\Ai-CDD\data\raw\dataset\train\NORMAL\normal_03904.png
normal,train,normal_03905.png,G:\Ai-CDD\data\raw\dataset\train\NORMAL\normal_03905.png
normal,train,normal_03906.png,G:\Ai-CDD\data\raw\dataset\train\NORMAL\normal_03906.png
normal,train,normal_03907.png,G:\Ai-CDD\data\raw\dataset\train\NORMAL\normal_03907.png
normal,train,normal_03908.png,G:\Ai-CDD\data\raw\dataset\train\NORMAL\normal_03908.png
normal,train,normal_03909.png,G:\Ai-CDD\data\raw\dataset\train\NORMAL\normal_03909.png
normal,train,normal_03910.png,G:\Ai-CDD\data\raw\dataset\train\NORMAL\normal_03910.png
normal,train,normal_03911.png,G:\Ai-CDD\data\raw\dataset\train\NORMAL\normal_03911.png
normal,train,normal_03912.png,G:\Ai-CDD\data\raw\dataset\train\NORMAL\normal_03912.png
normal,train,normal_03913.png,G:\Ai-CDD\data\raw\dataset\train\NORMAL\normal_03913.png
normal,train,normal_03914.png,G:\Ai-CDD\data\raw\dataset\train\NORMAL\normal_03914.png
normal,train,normal_03915.png,G:\Ai-CDD\data\raw\dataset\train\NORMAL\normal_03915.png
normal,train,normal_03916.png,G:\Ai-CDD\data\raw\dataset\train\NORMAL\normal_03916.png
normal,train,normal_03917.png,G:\Ai-CDD\data\raw\dataset\train\NORMAL\normal_03917.png
normal,train,normal_03918.png,G:\Ai-CDD\data\raw\dataset\train\NORMAL\normal_03918.png
normal,train,normal_03919.png,G:\Ai-CDD\data\raw\dataset\train\NORMAL\normal_03919.png
normal,train,normal_03920.png,G:\Ai-CDD\data\raw\dataset\train\NORMAL\normal_03920.png
normal,train,normal_03921.png,G:\Ai-CDD\data\raw\dataset\train\NORMAL\normal_03921.png
normal,train,normal_03922.png,G:\Ai-CDD\data\raw\dataset\train\NORMAL\normal_03922.png
normal,train,normal_03923.png,G:\Ai-CDD\data\raw\dataset\train\NORMAL\normal_03923.png
normal,train,normal_03924.png,G:\Ai-CDD\data\raw\dataset\train\NORMAL\normal_03924.png
normal,train,normal_03925.png,G:\Ai-CDD\data\raw\dataset\train\NORMAL\normal_03925.png
normal,train,normal_03926.png,G:\Ai-CDD\data\raw\dataset\train\NORMAL\normal_03926.png
normal,train,normal_03927.png,G:\Ai-CDD\data\raw\dataset\train\NORMAL\normal_03927.png
normal,train,normal_03928.png,G:\Ai-CDD\data\raw\dataset\train\NORMAL\normal_03928.png
normal,train,normal_03929.png,G:\Ai-CDD\data\raw\dataset\train\NORMAL\normal_03929.png
normal,train,normal_03930.png,G:\Ai-CDD\data\raw\dataset\train\NORMAL\normal_03930.png
normal,train,normal_03931.png,G:\Ai-CDD\data\raw\dataset\train\NORMAL\normal_03931.png
normal,train,normal_03932.png,G:\Ai-CDD\data\raw\dataset\train\NORMAL\normal_03932.png
normal,train,normal_03933.png,G:\Ai-CDD\data\raw\dataset\train\NORMAL\normal_03933.png
normal,train,normal_03934.png,G:\Ai-CDD\data\raw\dataset\train\NORMAL\normal_03934.png
normal,train,normal_03935.png,G:\Ai-CDD\data\raw\dataset\train\NORMAL\normal_03935.png
normal,train,normal_03936.png,G:\Ai-CDD\data\raw\dataset\train\NORMAL\normal_03936.png
normal,train,normal_03937.png,G:\Ai-CDD\data\raw\dataset\train\NORMAL\normal_03937.png
normal,train,normal_03938.png,G:\Ai-CDD\data\raw\dataset\train\NORMAL\normal_03938.png
normal,train,normal_03939.png,G:\Ai-CDD\data\raw\dataset\train\NORMAL\normal_03939.png
normal,train,normal_03940.png,G:\Ai-CDD\data\raw\dataset\train\NORMAL\normal_03940.png
normal,train,normal_03941.png,G:\Ai-CDD\data\raw\dataset\train\NORMAL\normal_03941.png
normal,train,normal_03942.png,G:\Ai-CDD\data\raw\dataset\train\NORMAL\normal_03942.png
normal,train,normal_03943.png,G:\Ai-CDD\data\raw\dataset\train\NORMAL\normal_03943.png
normal,train,normal_03944.png,G:\Ai-CDD\data\raw\dataset\train\NORMAL\normal_03944.png
normal,train,normal_03945.png,G:\Ai-CDD\data\raw\dataset\train\NORMAL\normal_03945.png
normal,train,normal_03946.png,G:\Ai-CDD\data\raw\dataset\train\NORMAL\normal_03946.png
normal,train,normal_03947.png,G:\Ai-CDD\data\raw\dataset\train\NORMAL\normal_03947.png
normal,train,normal_03948.png,G:\Ai-CDD\data\raw\dataset\train\NORMAL\normal_03948.png
normal,train,normal_03949.png,G:\Ai-CDD\data\raw\dataset\train\NORMAL\normal_03949.png
normal,train,normal_03950.png,G:\Ai-CDD\data\raw\dataset\train\NORMAL\normal_03950.png
normal,train,normal_03951.png,G:\Ai-CDD\data\raw\dataset\train\NORMAL\normal_03951.png
normal,train,normal_03952.png,G:\Ai-CDD\data\raw\dataset\train\NORMAL\normal_03952.png
normal,train,normal_03953.png,G:\Ai-CDD\data\raw\dataset\train\NORMAL\normal_03953.png
normal,train,normal_03954.png,G:\Ai-CDD\data\raw\dataset\train\NORMAL\normal_03954.png
normal,train,normal_03955.png,G:\Ai-CDD\data\raw\dataset\train\NORMAL\normal_03955.png
normal,train,normal_03956.png,G:\Ai-CDD\data\raw\dataset\train\NORMAL\normal_03956.png
normal,train,normal_03957.png,G:\Ai-CDD\data\raw\dataset\train\NORMAL\normal_03957.png
normal,train,normal_03958.png,G:\Ai-CDD\data\raw\dataset\train\NORMAL\normal_03958.png
normal,train,normal_03959.png,G:\Ai-CDD\data\raw\dataset\train\NORMAL\normal_03959.png
normal,train,normal_03960.png,G:\Ai-CDD\data\raw\dataset\train\NORMAL\normal_03960.png
normal,train,normal_03961.png,G:\Ai-CDD\data\raw\dataset\train\NORMAL\normal_03961.png
normal,train,normal_03962.png,G:\Ai-CDD\data\raw\dataset\train\NORMAL\normal_03962.png
normal,train,normal_03963.png,G:\Ai-CDD\data\raw\dataset\train\NORMAL\normal_03963.png
normal,train,normal_03964.png,G:\Ai-CDD\data\raw\dataset\train\NORMAL\normal_03964.png
normal,train,normal_03965.png,G:\Ai-CDD\data\raw\dataset\train\NORMAL\normal_03965.png
normal,train,normal_03966.png,G:\Ai-CDD\data\raw\dataset\train\NORMAL\normal_03966.png
normal,train,normal_03967.png,G:\Ai-CDD\data\raw\dataset\train\NORMAL\normal_03967.png
normal,train,normal_03968.png,G:\Ai-CDD\data\raw\dataset\train\NORMAL\normal_03968.png
normal,train,normal_03969.png,G:\Ai-CDD\data\raw\dataset\train\NORMAL\normal_03969.png
normal,train,normal_03970.png,G:\Ai-CDD\data\raw\dataset\train\NORMAL\normal_03970.png
normal,train,normal_03971.png,G:\Ai-CDD\data\raw\dataset\train\NORMAL\normal_03971.png
normal,train,normal_03972.png,G:\Ai-CDD\data\raw\dataset\train\NORMAL\normal_03972.png
normal,train,normal_03973.png,G:\Ai-CDD\data\raw\dataset\train\NORMAL\normal_03973.png
normal,train,normal_03974.png,G:\Ai-CDD\data\raw\dataset\train\NORMAL\normal_03974.png
normal,train,normal_03975.png,G:\Ai-CDD\data\raw\dataset\train\NORMAL\normal_03975.png
normal,train,normal_03976.png,G:\Ai-CDD\data\raw\dataset\train\NORMAL\normal_03976.png
normal,train,normal_03977.png,G:\Ai-CDD\data\raw\dataset\train\NORMAL\normal_03977.png
normal,train,normal_03978.png,G:\Ai-CDD\data\raw\dataset\train\NORMAL\normal_03978.png
normal,train,normal_03979.png,G:\Ai-CDD\data\raw\dataset\train\NORMAL\normal_03979.png
normal,train,normal_03980.png,G:\Ai-CDD\data\raw\dataset\train\NORMAL\normal_03980.png
normal,train,normal_03981.png,G:\Ai-CDD\data\raw\dataset\train\NORMAL\normal_03981.png
normal,train,normal_03982.png,G:\Ai-CDD\data\raw\dataset\train\NORMAL\normal_03982.png
normal,train,normal_03983.png,G:\Ai-CDD\data\raw\dataset\train\NORMAL\normal_03983.png
normal,train,normal_03984.png,G:\Ai-CDD\data\raw\dataset\train\NORMAL\normal_03984.png
normal,train,normal_03985.png,G:\Ai-CDD\data\raw\dataset\train\NORMAL\normal_03985.png
normal,train,normal_03986.png,G:\Ai-CDD\data\raw\dataset\train\NORMAL\normal_03986.png
normal,train,normal_03987.png,G:\Ai-CDD\data\raw\dataset\train\NORMAL\normal_03987.png
normal,train,normal_03988.png,G:\Ai-CDD\data\raw\dataset\train\NORMAL\normal_03988.png
normal,train,normal_03989.png,G:\Ai-CDD\data\raw\dataset\train\NORMAL\normal_03989.png
normal,train,normal_03990.png,G:\Ai-CDD\data\raw\dataset\train\NORMAL\normal_03990.png
normal,train,normal_03991.png,G:\Ai-CDD\data\raw\dataset\train\NORMAL\normal_03991.png
normal,train,normal_03992.png,G:\Ai-CDD\data\raw\dataset\train\NORMAL\normal_03992.png
normal,train,normal_03993.png,G:\Ai-CDD\data\raw\dataset\train\NORMAL\normal_03993.png
normal,train,normal_03994.png,G:\Ai-CDD\data\raw\dataset\train\NORMAL\normal_03994.png
normal,train,normal_03995.png,G:\Ai-CDD\data\raw\dataset\train\NORMAL\normal_03995.png
normal,train,normal_03996.png,G:\Ai-CDD\data\raw\dataset\train\NORMAL\normal_03996.png
normal,train,normal_03997.png,G:\Ai-CDD\data\raw\dataset\train\NORMAL\normal_03997.png
normal,train,normal_03998.png,G:\Ai-CDD\data\raw\dataset\train\NORMAL\normal_03998.png
normal,train,normal_03999.png,G:\Ai-CDD\data\raw\dataset\train\NORMAL\normal_03999.png
normal,train,normal_04001.png,G:\Ai-CDD\data\raw\dataset\train\NORMAL\normal_04001.png
normal,train,normal_04002.png,G:\Ai-CDD\data\raw\dataset\train\NORMAL\normal_04002.png
normal,train,normal_04003.png,G:\Ai-CDD\data\raw\dataset\train\NORMAL\normal_04003.png
normal,train,normal_04004.png,G:\Ai-CDD\data\raw\dataset\train\NORMAL\normal_04004.png
normal,train,normal_04005.png,G:\Ai-CDD\data\raw\dataset\train\NORMAL\normal_04005.png
normal,train,normal_04006.png,G:\Ai-CDD\data\raw\dataset\train\NORMAL\normal_04006.png
normal,train,normal_04007.png,G:\Ai-CDD\data\raw\dataset\train\NORMAL\normal_04007.png
normal,train,normal_04008.png,G:\Ai-CDD\data\raw\dataset\train\NORMAL\normal_04008.png
normal,train,normal_04009.png,G:\Ai-CDD\data\raw\dataset\train\NORMAL\normal_04009.png
normal,train,normal_04010.png,G:\Ai-CDD\data\raw\dataset\train\NORMAL\normal_04010.png
normal,train,normal_04011.png,G:\Ai-CDD\data\raw\dataset\train\NORMAL\normal_04011.png
normal,train,normal_04012.png,G:\Ai-CDD\data\raw\dataset\train\NORMAL\normal_04012.png
normal,train,normal_04013.png,G:\Ai-CDD\data\raw\dataset\train\NORMAL\normal_04013.png
normal,train,normal_04014.png,G:\Ai-CDD\data\raw\dataset\train\NORMAL\normal_04014.png
normal,train,normal_04015.png,G:\Ai-CDD\data\raw\dataset\train\NORMAL\normal_04015.png
normal,train,normal_04016.png,G:\Ai-CDD\data\raw\dataset\train\NORMAL\normal_04016.png
normal,train,normal_04017.png,G:\Ai-CDD\data\raw\dataset\train\NORMAL\normal_04017.png
normal,train,normal_04018.png,G:\Ai-CDD\data\raw\dataset\train\NORMAL\normal_04018.png
normal,train,normal_04019.png,G:\Ai-CDD\data\raw\dataset\train\NORMAL\normal_04019.png
normal,train,normal_04020.png,G:\Ai-CDD\data\raw\dataset\train\NORMAL\normal_04020.png
normal,train,normal_04021.png,G:\Ai-CDD\data\raw\dataset\train\NORMAL\normal_04021.png
normal,train,normal_04022.png,G:\Ai-CDD\data\raw\dataset\train\NORMAL\normal_04022.png
normal,train,normal_04023.png,G:\Ai-CDD\data\raw\dataset\train\NORMAL\normal_04023.png
normal,train,normal_04024.png,G:\Ai-CDD\data\raw\dataset\train\NORMAL\normal_04024.png
normal,train,normal_04025.png,G:\Ai-CDD\data\raw\dataset\train\NORMAL\normal_04025.png
normal,train,normal_04026.png,G:\Ai-CDD\data\raw\dataset\train\NORMAL\normal_04026.png
normal,train,normal_04027.png,G:\Ai-CDD\data\raw\dataset\train\NORMAL\normal_04027.png
normal,train,normal_04028.png,G:\Ai-CDD\data\raw\dataset\train\NORMAL\normal_04028.png
normal,train,normal_04029.png,G:\Ai-CDD\data\raw\dataset\train\NORMAL\normal_04029.png
normal,train,normal_04030.png,G:\Ai-CDD\data\raw\dataset\train\NORMAL\normal_04030.png
normal,train,normal_04031.png,G:\Ai-CDD\data\raw\dataset\train\NORMAL\normal_04031.png
normal,train,normal_04032.png,G:\Ai-CDD\data\raw\dataset\train\NORMAL\normal_04032.png
normal,train,normal_04033.png,G:\Ai-CDD\data\raw\dataset\train\NORMAL\normal_04033.png
normal,train,normal_04034.png,G:\Ai-CDD\data\raw\dataset\train\NORMAL\normal_04034.png
normal,train,normal_04035.png,G:\Ai-CDD\data\raw\dataset\train\NORMAL\normal_04035.png
normal,train,normal_04036.png,G:\Ai-CDD\data\raw\dataset\train\NORMAL\normal_04036.png
normal,train,normal_04037.png,G:\Ai-CDD\data\raw\dataset\train\NORMAL\normal_04037.png
normal,train,normal_04038.png,G:\Ai-CDD\data\raw\dataset\train\NORMAL\normal_04038.png
normal,train,normal_04039.png,G:\Ai-CDD\data\raw\dataset\train\NORMAL\normal_04039.png
normal,train,normal_04040.png,G:\Ai-CDD\data\raw\dataset\train\NORMAL\normal_04040.png
normal,train,normal_04041.png,G:\Ai-CDD\data\raw\dataset\train\NORMAL\normal_04041.png
normal,train,normal_04042.png,G:\Ai-CDD\data\raw\dataset\train\NORMAL\normal_04042.png
normal,train,normal_04043.png,G:\Ai-CDD\data\raw\dataset\train\NORMAL\normal_04043.png
normal,train,normal_04044.png,G:\Ai-CDD\data\raw\dataset\train\NORMAL\normal_04044.png
normal,train,normal_04045.png,G:\Ai-CDD\data\raw\dataset\train\NORMAL\normal_04045.png
normal,train,normal_04046.png,G:\Ai-CDD\data\raw\dataset\train\NORMAL\normal_04046.png
normal,train,normal_04047.png,G:\Ai-CDD\data\raw\dataset\train\NORMAL\normal_04047.png
normal,train,normal_04048.png,G:\Ai-CDD\data\raw\dataset\train\NORMAL\normal_04048.png
normal,train,normal_04049.png,G:\Ai-CDD\data\raw\dataset\train\NORMAL\normal_04049.png
normal,train,normal_04050.png,G:\Ai-CDD\data\raw\dataset\train\NORMAL\normal_04050.png
normal,train,normal_04051.png,G:\Ai-CDD\data\raw\dataset\train\NORMAL\normal_04051.png
normal,train,normal_04052.png,G:\Ai-CDD\data\raw\dataset\train\NORMAL\normal_04052.png
normal,train,normal_04053.png,G:\Ai-CDD\data\raw\dataset\train\NORMAL\normal_04053.png
normal,train,normal_04054.png,G:\Ai-CDD\data\raw\dataset\train\NORMAL\normal_04054.png
normal,train,normal_04055.png,G:\Ai-CDD\data\raw\dataset\train\NORMAL\normal_04055.png
normal,train,normal_04056.png,G:\Ai-CDD\data\raw\dataset\train\NORMAL\normal_04056.png
normal,train,normal_04057.png,G:\Ai-CDD\data\raw\dataset\train\NORMAL\normal_04057.png
normal,train,normal_04058.png,G:\Ai-CDD\data\raw\dataset\train\NORMAL\normal_04058.png
normal,train,normal_04059.png,G:\Ai-CDD\data\raw\dataset\train\NORMAL\normal_04059.png
normal,train,normal_04060.png,G:\Ai-CDD\data\raw\dataset\train\NORMAL\normal_04060.png
normal,train,normal_04061.png,G:\Ai-CDD\data\raw\dataset\train\NORMAL\normal_04061.png
normal,train,normal_04062.png,G:\Ai-CDD\data\raw\dataset\train\NORMAL\normal_04062.png
normal,train,normal_04063.png,G:\Ai-CDD\data\raw\dataset\train\NORMAL\normal_04063.png
normal,train,normal_04064.png,G:\Ai-CDD\data\raw\dataset\train\NORMAL\normal_04064.png
normal,train,normal_04065.png,G:\Ai-CDD\data\raw\dataset\train\NORMAL\normal_04065.png
normal,train,normal_04066.png,G:\Ai-CDD\data\raw\dataset\train\NORMAL\normal_04066.png
normal,train,normal_04067.png,G:\Ai-CDD\data\raw\dataset\train\NORMAL\normal_04067.png
normal,train,normal_04068.png,G:\Ai-CDD\data\raw\dataset\train\NORMAL\normal_04068.png
normal,train,normal_04069.png,G:\Ai-CDD\data\raw\dataset\train\NORMAL\normal_04069.png
normal,train,normal_04070.png,G:\Ai-CDD\data\raw\dataset\train\NORMAL\normal_04070.png
normal,train,normal_04071.png,G:\Ai-CDD\data\raw\dataset\train\NORMAL\normal_04071.png
normal,train,normal_04072.png,G:\Ai-CDD\data\raw\dataset\train\NORMAL\normal_04072.png
normal,train,normal_04073.png,G:\Ai-CDD\data\raw\dataset\train\NORMAL\normal_04073.png
normal,train,normal_04074.png,G:\Ai-CDD\data\raw\dataset\train\NORMAL\normal_04074.png
normal,train,normal_04075.png,G:\Ai-CDD\data\raw\dataset\train\NORMAL\normal_04075.png
normal,train,normal_04076.png,G:\Ai-CDD\data\raw\dataset\train\NORMAL\normal_04076.png
normal,train,normal_04077.png,G:\Ai-CDD\data\raw\dataset\train\NORMAL\normal_04077.png
normal,train,normal_04078.png,G:\Ai-CDD\data\raw\dataset\train\NORMAL\normal_04078.png
normal,train,normal_04079.png,G:\Ai-CDD\data\raw\dataset\train\NORMAL\normal_04079.png
normal,train,normal_04080.png,G:\Ai-CDD\data\raw\dataset\train\NORMAL\normal_04080.png
normal,train,normal_04081.png,G:\Ai-CDD\data\raw\dataset\train\NORMAL\normal_04081.png
normal,train,normal_04082.png,G:\Ai-CDD\data\raw\dataset\train\NORMAL\normal_04082.png
normal,train,normal_04083.png,G:\Ai-CDD\data\raw\dataset\train\NORMAL\normal_04083.png
normal,train,normal_04084.png,G:\Ai-CDD\data\raw\dataset\train\NORMAL\normal_04084.png
normal,train,normal_04085.png,G:\Ai-CDD\data\raw\dataset\train\NORMAL\normal_04085.png
normal,train,normal_04086.png,G:\Ai-CDD\data\raw\dataset\train\NORMAL\normal_04086.png
normal,train,normal_04087.png,G:\Ai-CDD\data\raw\dataset\train\NORMAL\normal_04087.png
normal,train,normal_04088.png,G:\Ai-CDD\data\raw\dataset\train\NORMAL\normal_04088.png
normal,train,normal_04089.png,G:\Ai-CDD\data\raw\dataset\train\NORMAL\normal_04089.png
normal,train,normal_04090.png,G:\Ai-CDD\data\raw\dataset\train\NORMAL\normal_04090.png
normal,train,normal_04091.png,G:\Ai-CDD\data\raw\dataset\train\NORMAL\normal_04091.png
normal,train,normal_04092.png,G:\Ai-CDD\data\raw\dataset\train\NORMAL\normal_04092.png
normal,train,normal_04093.png,G:\Ai-CDD\data\raw\dataset\train\NORMAL\normal_04093.png
normal,train,normal_04094.png,G:\Ai-CDD\data\raw\dataset\train\NORMAL\normal_04094.png
normal,train,normal_04095.png,G:\Ai-CDD\data\raw\dataset\train\NORMAL\normal_04095.png
normal,train,normal_04096.png,G:\Ai-CDD\data\raw\dataset\train\NORMAL\normal_04096.png
normal,train,normal_04097.png,G:\Ai-CDD\data\raw\dataset\train\NORMAL\normal_04097.png
normal,train,normal_04098.png,G:\Ai-CDD\data\raw\dataset\train\NORMAL\normal_04098.png
normal,train,normal_04099.png,G:\Ai-CDD\data\raw\dataset\train\NORMAL\normal_04099.png
normal,train,normal_04100.png,G:\Ai-CDD\data\raw\dataset\train\NORMAL\normal_04100.png
normal,train,normal_04101.png,G:\Ai-CDD\data\raw\dataset\train\NORMAL\normal_04101.png
normal,train,normal_04102.png,G:\Ai-CDD\data\raw\dataset\train\NORMAL\normal_04102.png
normal,train,normal_04103.png,G:\Ai-CDD\data\raw\dataset\train\NORMAL\normal_04103.png
normal,train,normal_04104.png,G:\Ai-CDD\data\raw\dataset\train\NORMAL\normal_04104.png
normal,train,normal_04105.png,G:\Ai-CDD\data\raw\dataset\train\NORMAL\normal_04105.png
normal,train,normal_04106.png,G:\Ai-CDD\data\raw\dataset\train\NORMAL\normal_04106.png
normal,train,normal_04107.png,G:\Ai-CDD\data\raw\dataset\train\NORMAL\normal_04107.png
normal,train,normal_04108.png,G:\Ai-CDD\data\raw\dataset\train\NORMAL\normal_04108.png
normal,train,normal_04109.png,G:\Ai-CDD\data\raw\dataset\train\NORMAL\normal_04109.png
normal,train,normal_04110.png,G:\Ai-CDD\data\raw\dataset\train\NORMAL\normal_04110.png
normal,train,normal_04111.png,G:\Ai-CDD\data\raw\dataset\train\NORMAL\normal_04111.png
normal,train,normal_04112.png,G:\Ai-CDD\data\raw\dataset\train\NORMAL\normal_04112.png
normal,train,normal_04113.png,G:\Ai-CDD\data\raw\dataset\train\NORMAL\normal_04113.png
normal,train,normal_04114.png,G:\Ai-CDD\data\raw\dataset\train\NORMAL\normal_04114.png
normal,train,normal_04115.png,G:\Ai-CDD\data\raw\dataset\train\NORMAL\normal_04115.png
normal,train,normal_04116.png,G:\Ai-CDD\data\raw\dataset\train\NORMAL\normal_04116.png
normal,train,normal_04117.png,G:\Ai-CDD\data\raw\dataset\train\NORMAL\normal_04117.png
normal,train,normal_04118.png,G:\Ai-CDD\data\raw\dataset\train\NORMAL\normal_04118.png
normal,train,normal_04119.png,G:\Ai-CDD\data\raw\dataset\train\NORMAL\normal_04119.png
normal,train,normal_04120.png,G:\Ai-CDD\data\raw\dataset\train\NORMAL\normal_04120.png
normal,train,normal_04121.png,G:\Ai-CDD\data\raw\dataset\train\NORMAL\normal_04121.png
normal,train,normal_04122.png,G:\Ai-CDD\data\raw\dataset\train\NORMAL\normal_04122.png
normal,train,normal_04123.png,G:\Ai-CDD\data\raw\dataset\train\NORMAL\normal_04123.png
normal,train,normal_04124.png,G:\Ai-CDD\data\raw\dataset\train\NORMAL\normal_04124.png
normal,train,normal_04125.png,G:\Ai-CDD\data\raw\dataset\train\NORMAL\normal_04125.png
normal,train,normal_04126.png,G:\Ai-CDD\data\raw\dataset\train\NORMAL\normal_04126.png
normal,train,normal_04127.png,G:\Ai-CDD\data\raw\dataset\train\NORMAL\normal_04127.png
normal,train,normal_04128.png,G:\Ai-CDD\data\raw\dataset\train\NORMAL\normal_04128.png
normal,train,normal_04129.png,G:\Ai-CDD\data\raw\dataset\train\NORMAL\normal_04129.png
normal,train,normal_04130.png,G:\Ai-CDD\data\raw\dataset\train\NORMAL\normal_04130.png
normal,train,normal_04131.png,G:\Ai-CDD\data\raw\dataset\train\NORMAL\normal_04131.png
normal,train,normal_04132.png,G:\Ai-CDD\data\raw\dataset\train\NORMAL\normal_04132.png
normal,train,normal_04133.png,G:\Ai-CDD\data\raw\dataset\train\NORMAL\normal_04133.png
normal,train,normal_04134.png,G:\Ai-CDD\data\raw\dataset\train\NORMAL\normal_04134.png
normal,train,normal_04135.png,G:\Ai-CDD\data\raw\dataset\train\NORMAL\normal_04135.png
normal,train,normal_04136.png,G:\Ai-CDD\data\raw\dataset\train\NORMAL\normal_04136.png
normal,train,normal_04137.png,G:\Ai-CDD\data\raw\dataset\train\NORMAL\normal_04137.png
normal,train,normal_04138.png,G:\Ai-CDD\data\raw\dataset\train\NORMAL\normal_04138.png
normal,train,normal_04139.png,G:\Ai-CDD\data\raw\dataset\train\NORMAL\normal_04139.png
normal,train,normal_04140.png,G:\Ai-CDD\data\raw\dataset\train\NORMAL\normal_04140.png
normal,train,normal_04141.png,G:\Ai-CDD\data\raw\dataset\train\NORMAL\normal_04141.png
normal,train,normal_04142.png,G:\Ai-CDD\data\raw\dataset\train\NORMAL\normal_04142.png
normal,train,normal_04143.png,G:\Ai-CDD\data\raw\dataset\train\NORMAL\normal_04143.png
normal,train,normal_04144.png,G:\Ai-CDD\data\raw\dataset\train\NORMAL\normal_04144.png
normal,train,normal_04145.png,G:\Ai-CDD\data\raw\dataset\train\NORMAL\normal_04145.png
normal,train,normal_04146.png,G:\Ai-CDD\data\raw\dataset\train\NORMAL\normal_04146.png
normal,train,normal_04147.png,G:\Ai-CDD\data\raw\dataset\train\NORMAL\normal_04147.png
normal,train,normal_04148.png,G:\Ai-CDD\data\raw\dataset\train\NORMAL\normal_04148.png
normal,train,normal_04149.png,G:\Ai-CDD\data\raw\dataset\train\NORMAL\normal_04149.png
normal,train,normal_04150.png,G:\Ai-CDD\data\raw\dataset\train\NORMAL\normal_04150.png
normal,train,normal_04151.png,G:\Ai-CDD\data\raw\dataset\train\NORMAL\normal_04151.png
normal,train,normal_04152.png,G:\Ai-CDD\data\raw\dataset\train\NORMAL\normal_04152.png
normal,train,normal_04153.png,G:\Ai-CDD\data\raw\dataset\train\NORMAL\normal_04153.png
normal,train,normal_04154.png,G:\Ai-CDD\data\raw\dataset\train\NORMAL\normal_04154.png
normal,train,normal_04155.png,G:\Ai-CDD\data\raw\dataset\train\NORMAL\normal_04155.png
normal,train,normal_04156.png,G:\Ai-CDD\data\raw\dataset\train\NORMAL\normal_04156.png
normal,train,normal_04157.png,G:\Ai-CDD\data\raw\dataset\train\NORMAL\normal_04157.png
normal,train,normal_04158.png,G:\Ai-CDD\data\raw\dataset\train\NORMAL\normal_04158.png
normal,train,normal_04159.png,G:\Ai-CDD\data\raw\dataset\train\NORMAL\normal_04159.png
normal,train,normal_04160.png,G:\Ai-CDD\data\raw\dataset\train\NORMAL\normal_04160.png
normal,train,normal_04161.png,G:\Ai-CDD\data\raw\dataset\train\NORMAL\normal_04161.png
normal,train,normal_04162.png,G:\Ai-CDD\data\raw\dataset\train\NORMAL\normal_04162.png
normal,train,normal_04163.png,G:\Ai-CDD\data\raw\dataset\train\NORMAL\normal_04163.png
normal,train,normal_04164.png,G:\Ai-CDD\data\raw\dataset\train\NORMAL\normal_04164.png
normal,train,normal_04165.png,G:\Ai-CDD\data\raw\dataset\train\NORMAL\normal_04165.png
normal,train,normal_04166.png,G:\Ai-CDD\data\raw\dataset\train\NORMAL\normal_04166.png
normal,train,normal_04167.png,G:\Ai-CDD\data\raw\dataset\train\NORMAL\normal_04167.png
normal,train,normal_04168.png,G:\Ai-CDD\data\raw\dataset\train\NORMAL\normal_04168.png
normal,train,normal_04169.png,G:\Ai-CDD\data\raw\dataset\train\NORMAL\normal_04169.png
normal,train,normal_04170.png,G:\Ai-CDD\data\raw\dataset\train\NORMAL\normal_04170.png
normal,train,normal_04171.png,G:\Ai-CDD\data\raw\dataset\train\NORMAL\normal_04171.png
normal,train,normal_04172.png,G:\Ai-CDD\data\raw\dataset\train\NORMAL\normal_04172.png
normal,train,normal_04173.png,G:\Ai-CDD\data\raw\dataset\train\NORMAL\normal_04173.png
normal,train,normal_04174.png,G:\Ai-CDD\data\raw\dataset\train\NORMAL\normal_04174.png
normal,train,normal_04175.png,G:\Ai-CDD\data\raw\dataset\train\NORMAL\normal_04175.png
normal,train,normal_04176.png,G:\Ai-CDD\data\raw\dataset\train\NORMAL\normal_04176.png
normal,train,normal_04177.png,G:\Ai-CDD\data\raw\dataset\train\NORMAL\normal_04177.png
normal,train,normal_04178.png,G:\Ai-CDD\data\raw\dataset\train\NORMAL\normal_04178.png
normal,train,normal_04179.png,G:\Ai-CDD\data\raw\dataset\train\NORMAL\normal_04179.png
normal,train,normal_04180.png,G:\Ai-CDD\data\raw\dataset\train\NORMAL\normal_04180.png
normal,train,normal_04181.png,G:\Ai-CDD\data\raw\dataset\train\NORMAL\normal_04181.png
normal,train,normal_04182.png,G:\Ai-CDD\data\raw\dataset\train\NORMAL\normal_04182.png
normal,train,normal_04183.png,G:\Ai-CDD\data\raw\dataset\train\NORMAL\normal_04183.png
normal,train,normal_04184.png,G:\Ai-CDD\data\raw\dataset\train\NORMAL\normal_04184.png
normal,train,normal_04185.png,G:\Ai-CDD\data\raw\dataset\train\NORMAL\normal_04185.png
normal,train,normal_04186.png,G:\Ai-CDD\data\raw\dataset\train\NORMAL\normal_04186.png
normal,train,normal_04187.png,G:\Ai-CDD\data\raw\dataset\train\NORMAL\normal_04187.png
normal,train,normal_04188.png,G:\Ai-CDD\data\raw\dataset\train\NORMAL\normal_04188.png
normal,train,normal_04189.png,G:\Ai-CDD\data\raw\dataset\train\NORMAL\normal_04189.png
normal,train,normal_04190.png,G:\Ai-CDD\data\raw\dataset\train\NORMAL\normal_04190.png
normal,train,normal_04191.png,G:\Ai-CDD\data\raw\dataset\train\NORMAL\normal_04191.png
normal,train,normal_04192.png,G:\Ai-CDD\data\raw\dataset\train\NORMAL\normal_04192.png
normal,train,normal_04193.png,G:\Ai-CDD\data\raw\dataset\train\NORMAL\normal_04193.png
normal,train,normal_04194.png,G:\Ai-CDD\data\raw\dataset\train\NORMAL\normal_04194.png
normal,train,normal_04195.png,G:\Ai-CDD\data\raw\dataset\train\NORMAL\normal_04195.png
normal,train,normal_04196.png,G:\Ai-CDD\data\raw\dataset\train\NORMAL\normal_04196.png
normal,train,normal_04197.png,G:\Ai-CDD\data\raw\dataset\train\NORMAL\normal_04197.png
normal,train,normal_04198.png,G:\Ai-CDD\data\raw\dataset\train\NORMAL\normal_04198.png
normal,train,normal_04199.png,G:\Ai-CDD\data\raw\dataset\train\NORMAL\normal_04199.png
normal,train,normal_04200.png,G:\Ai-CDD\data\raw\dataset\train\NORMAL\normal_04200.png
normal,train,normal_04201.png,G:\Ai-CDD\data\raw\dataset\train\NORMAL\normal_04201.png
normal,train,normal_04202.png,G:\Ai-CDD\data\raw\dataset\train\NORMAL\normal_04202.png
normal,train,normal_04203.png,G:\Ai-CDD\data\raw\dataset\train\NORMAL\normal_04203.png
normal,train,normal_04204.png,G:\Ai-CDD\data\raw\dataset\train\NORMAL\normal_04204.png
normal,train,normal_04205.png,G:\Ai-CDD\data\raw\dataset\train\NORMAL\normal_04205.png
normal,train,normal_04206.png,G:\Ai-CDD\data\raw\dataset\train\NORMAL\normal_04206.png
normal,train,normal_04207.png,G:\Ai-CDD\data\raw\dataset\train\NORMAL\normal_04207.png
normal,train,normal_04208.png,G:\Ai-CDD\data\raw\dataset\train\NORMAL\normal_04208.png
normal,train,normal_04209.png,G:\Ai-CDD\data\raw\dataset\train\NORMAL\normal_04209.png
normal,train,normal_04210.png,G:\Ai-CDD\data\raw\dataset\train\NORMAL\normal_04210.png
normal,train,normal_04211.png,G:\Ai-CDD\data\raw\dataset\train\NORMAL\normal_04211.png
normal,train,normal_04212.png,G:\Ai-CDD\data\raw\dataset\train\NORMAL\normal_04212.png
normal,train,normal_04213.png,G:\Ai-CDD\data\raw\dataset\train\NORMAL\normal_04213.png
normal,train,normal_04214.png,G:\Ai-CDD\data\raw\dataset\train\NORMAL\normal_04214.png
normal,train,normal_04215.png,G:\Ai-CDD\data\raw\dataset\train\NORMAL\normal_04215.png
normal,train,normal_04216.png,G:\Ai-CDD\data\raw\dataset\train\NORMAL\normal_04216.png
normal,train,normal_04217.png,G:\Ai-CDD\data\raw\dataset\train\NORMAL\normal_04217.png
normal,train,normal_04218.png,G:\Ai-CDD\data\raw\dataset\train\NORMAL\normal_04218.png
normal,train,normal_04219.png,G:\Ai-CDD\data\raw\dataset\train\NORMAL\normal_04219.png
normal,train,normal_04220.png,G:\Ai-CDD\data\raw\dataset\train\NORMAL\normal_04220.png
normal,train,normal_04221.png,G:\Ai-CDD\data\raw\dataset\train\NORMAL\normal_04221.png
normal,train,normal_04222.png,G:\Ai-CDD\data\raw\dataset\train\NORMAL\normal_04222.png
normal,train,normal_04223.png,G:\Ai-CDD\data\raw\dataset\train\NORMAL\normal_04223.png
normal,train,normal_04224.png,G:\Ai-CDD\data\raw\dataset\train\NORMAL\normal_04224.png
normal,train,normal_04225.png,G:\Ai-CDD\data\raw\dataset\train\NORMAL\normal_04225.png
normal,train,normal_04226.png,G:\Ai-CDD\data\raw\dataset\train\NORMAL\normal_04226.png
normal,train,normal_04227.png,G:\Ai-CDD\data\raw\dataset\train\NORMAL\normal_04227.png
normal,train,normal_04228.png,G:\Ai-CDD\data\raw\dataset\train\NORMAL\normal_04228.png
normal,train,normal_04229.png,G:\Ai-CDD\data\raw\dataset\train\NORMAL\normal_04229.png
normal,train,normal_04230.png,G:\Ai-CDD\data\raw\dataset\train\NORMAL\normal_04230.png
normal,train,normal_04231.png,G:\Ai-CDD\data\raw\dataset\train\NORMAL\normal_04231.png
normal,train,normal_04232.png,G:\Ai-CDD\data\raw\dataset\train\NORMAL\normal_04232.png
normal,train,normal_04233.png,G:\Ai-CDD\data\raw\dataset\train\NORMAL\normal_04233.png
normal,train,normal_04234.png,G:\Ai-CDD\data\raw\dataset\train\NORMAL\normal_04234.png
normal,train,normal_04235.png,G:\Ai-CDD\data\raw\dataset\train\NORMAL\normal_04235.png
normal,train,normal_04236.png,G:\Ai-CDD\data\raw\dataset\train\NORMAL\normal_04236.png
normal,train,normal_04237.png,G:\Ai-CDD\data\raw\dataset\train\NORMAL\normal_04237.png
normal,train,normal_04238.png,G:\Ai-CDD\data\raw\dataset\train\NORMAL\normal_04238.png
normal,train,normal_04239.png,G:\Ai-CDD\data\raw\dataset\train\NORMAL\normal_04239.png
normal,train,normal_04240.png,G:\Ai-CDD\data\raw\dataset\train\NORMAL\normal_04240.png
normal,train,normal_04241.png,G:\Ai-CDD\data\raw\dataset\train\NORMAL\normal_04241.png
normal,train,normal_04242.png,G:\Ai-CDD\data\raw\dataset\train\NORMAL\normal_04242.png
normal,train,normal_04243.png,G:\Ai-CDD\data\raw\dataset\train\NORMAL\normal_04243.png
normal,train,normal_04244.png,G:\Ai-CDD\data\raw\dataset\train\NORMAL\normal_04244.png
normal,train,normal_04245.png,G:\Ai-CDD\data\raw\dataset\train\NORMAL\normal_04245.png
normal,train,normal_04246.png,G:\Ai-CDD\data\raw\dataset\train\NORMAL\normal_04246.png
normal,train,normal_04247.png,G:\Ai-CDD\data\raw\dataset\train\NORMAL\normal_04247.png
normal,train,normal_04248.png,G:\Ai-CDD\data\raw\dataset\train\NORMAL\normal_04248.png
normal,train,normal_04249.png,G:\Ai-CDD\data\raw\dataset\train\NORMAL\normal_04249.png
normal,train,normal_04250.png,G:\Ai-CDD\data\raw\dataset\train\NORMAL\normal_04250.png
normal,train,normal_04251.png,G:\Ai-CDD\data\raw\dataset\train\NORMAL\normal_04251.png
normal,train,normal_04252.png,G:\Ai-CDD\data\raw\dataset\train\NORMAL\normal_04252.png
normal,train,normal_04253.png,G:\Ai-CDD\data\raw\dataset\train\NORMAL\normal_04253.png
normal,train,normal_04254.png,G:\Ai-CDD\data\raw\dataset\train\NORMAL\normal_04254.png
normal,train,normal_04255.png,G:\Ai-CDD\data\raw\dataset\train\NORMAL\normal_04255.png
normal,train,normal_04256.png,G:\Ai-CDD\data\raw\dataset\train\NORMAL\normal_04256.png
normal,train,normal_04257.png,G:\Ai-CDD\data\raw\dataset\train\NORMAL\normal_04257.png
normal,train,normal_04258.png,G:\Ai-CDD\data\raw\dataset\train\NORMAL\normal_04258.png
normal,train,normal_04259.png,G:\Ai-CDD\data\raw\dataset\train\NORMAL\normal_04259.png
normal,train,normal_04260.png,G:\Ai-CDD\data\raw\dataset\train\NORMAL\normal_04260.png
normal,train,normal_04261.png,G:\Ai-CDD\data\raw\dataset\train\NORMAL\normal_04261.png
normal,train,normal_04262.png,G:\Ai-CDD\data\raw\dataset\train\NORMAL\normal_04262.png
normal,train,normal_04263.png,G:\Ai-CDD\data\raw\dataset\train\NORMAL\normal_04263.png
normal,train,normal_04264.png,G:\Ai-CDD\data\raw\dataset\train\NORMAL\normal_04264.png
normal,train,normal_04265.png,G:\Ai-CDD\data\raw\dataset\train\NORMAL\normal_04265.png
normal,train,normal_04266.png,G:\Ai-CDD\data\raw\dataset\train\NORMAL\normal_04266.png
normal,train,normal_04267.png,G:\Ai-CDD\data\raw\dataset\train\NORMAL\normal_04267.png
normal,train,normal_04268.png,G:\Ai-CDD\data\raw\dataset\train\NORMAL\normal_04268.png
normal,train,normal_04269.png,G:\Ai-CDD\data\raw\dataset\train\NORMAL\normal_04269.png
normal,train,normal_04270.png,G:\Ai-CDD\data\raw\dataset\train\NORMAL\normal_04270.png
normal,train,normal_04271.png,G:\Ai-CDD\data\raw\dataset\train\NORMAL\normal_04271.png
normal,train,normal_04272.png,G:\Ai-CDD\data\raw\dataset\train\NORMAL\normal_04272.png
normal,train,normal_04273.png,G:\Ai-CDD\data\raw\dataset\train\NORMAL\normal_04273.png
normal,train,normal_04274.png,G:\Ai-CDD\data\raw\dataset\train\NORMAL\normal_04274.png
normal,train,normal_04275.png,G:\Ai-CDD\data\raw\dataset\train\NORMAL\normal_04275.png
normal,train,normal_04276.png,G:\Ai-CDD\data\raw\dataset\train\NORMAL\normal_04276.png
normal,train,normal_04277.png,G:\Ai-CDD\data\raw\dataset\train\NORMAL\normal_04277.png
normal,train,normal_04278.png,G:\Ai-CDD\data\raw\dataset\train\NORMAL\normal_04278.png
normal,train,normal_04279.png,G:\Ai-CDD\data\raw\dataset\train\NORMAL\normal_04279.png
normal,train,normal_04280.png,G:\Ai-CDD\data\raw\dataset\train\NORMAL\normal_04280.png
normal,train,normal_04281.png,G:\Ai-CDD\data\raw\dataset\train\NORMAL\normal_04281.png
normal,train,normal_04282.png,G:\Ai-CDD\data\raw\dataset\train\NORMAL\normal_04282.png
normal,train,normal_04283.png,G:\Ai-CDD\data\raw\dataset\train\NORMAL\normal_04283.png
normal,train,normal_04284.png,G:\Ai-CDD\data\raw\dataset\train\NORMAL\normal_04284.png
normal,train,normal_04285.png,G:\Ai-CDD\data\raw\dataset\train\NORMAL\normal_04285.png
normal,train,normal_04286.png,G:\Ai-CDD\data\raw\dataset\train\NORMAL\normal_04286.png
normal,train,normal_04287.png,G:\Ai-CDD\data\raw\dataset\train\NORMAL\normal_04287.png
normal,train,normal_04288.png,G:\Ai-CDD\data\raw\dataset\train\NORMAL\normal_04288.png
normal,train,normal_04289.png,G:\Ai-CDD\data\raw\dataset\train\NORMAL\normal_04289.png
normal,train,normal_04290.png,G:\Ai-CDD\data\raw\dataset\train\NORMAL\normal_04290.png
normal,train,normal_04291.png,G:\Ai-CDD\data\raw\dataset\train\NORMAL\normal_04291.png
normal,train,normal_04292.png,G:\Ai-CDD\data\raw\dataset\train\NORMAL\normal_04292.png
normal,train,normal_04293.png,G:\Ai-CDD\data\raw\dataset\train\NORMAL\normal_04293.png
normal,train,normal_04294.png,G:\Ai-CDD\data\raw\dataset\train\NORMAL\normal_04294.png
normal,train,normal_04295.png,G:\Ai-CDD\data\raw\dataset\train\NORMAL\normal_04295.png
normal,train,normal_04296.png,G:\Ai-CDD\data\raw\dataset\train\NORMAL\normal_04296.png
normal,train,normal_04297.png,G:\Ai-CDD\data\raw\dataset\train\NORMAL\normal_04297.png
normal,train,normal_04298.png,G:\Ai-CDD\data\raw\dataset\train\NORMAL\normal_04298.png
normal,train,normal_04299.png,G:\Ai-CDD\data\raw\dataset\train\NORMAL\normal_04299.png
normal,train,normal_04300.png,G:\Ai-CDD\data\raw\dataset\train\NORMAL\normal_04300.png
normal,train,normal_04301.png,G:\Ai-CDD\data\raw\dataset\train\NORMAL\normal_04301.png
normal,train,normal_04302.png,G:\Ai-CDD\data\raw\dataset\train\NORMAL\normal_04302.png
normal,train,normal_04303.png,G:\Ai-CDD\data\raw\dataset\train\NORMAL\normal_04303.png
normal,train,normal_04304.png,G:\Ai-CDD\data\raw\dataset\train\NORMAL\normal_04304.png
normal,train,normal_04305.png,G:\Ai-CDD\data\raw\dataset\train\NORMAL\normal_04305.png
normal,train,normal_04306.png,G:\Ai-CDD\data\raw\dataset\train\NORMAL\normal_04306.png
normal,train,normal_04307.png,G:\Ai-CDD\data\raw\dataset\train\NORMAL\normal_04307.png
normal,train,normal_04308.png,G:\Ai-CDD\data\raw\dataset\train\NORMAL\normal_04308.png
normal,train,normal_04309.png,G:\Ai-CDD\data\raw\dataset\train\NORMAL\normal_04309.png
normal,train,normal_04310.png,G:\Ai-CDD\data\raw\dataset\train\NORMAL\normal_04310.png
normal,train,normal_04311.png,G:\Ai-CDD\data\raw\dataset\train\NORMAL\normal_04311.png
normal,train,normal_04312.png,G:\Ai-CDD\data\raw\dataset\train\NORMAL\normal_04312.png
normal,train,normal_04313.png,G:\Ai-CDD\data\raw\dataset\train\NORMAL\normal_04313.png
normal,train,normal_04314.png,G:\Ai-CDD\data\raw\dataset\train\NORMAL\normal_04314.png
normal,train,normal_04315.png,G:\Ai-CDD\data\raw\dataset\train\NORMAL\normal_04315.png
normal,train,normal_04316.png,G:\Ai-CDD\data\raw\dataset\train\NORMAL\normal_04316.png
normal,train,normal_04317.png,G:\Ai-CDD\data\raw\dataset\train\NORMAL\normal_04317.png
normal,train,normal_04318.png,G:\Ai-CDD\data\raw\dataset\train\NORMAL\normal_04318.png
normal,train,normal_04319.png,G:\Ai-CDD\data\raw\dataset\train\NORMAL\normal_04319.png
normal,train,normal_04320.png,G:\Ai-CDD\data\raw\dataset\train\NORMAL\normal_04320.png
normal,train,normal_04321.png,G:\Ai-CDD\data\raw\dataset\train\NORMAL\normal_04321.png
normal,train,normal_04322.png,G:\Ai-CDD\data\raw\dataset\train\NORMAL\normal_04322.png
normal,train,normal_04323.png,G:\Ai-CDD\data\raw\dataset\train\NORMAL\normal_04323.png
normal,train,normal_04324.png,G:\Ai-CDD\data\raw\dataset\train\NORMAL\normal_04324.png
normal,train,normal_04325.png,G:\Ai-CDD\data\raw\dataset\train\NORMAL\normal_04325.png
normal,train,normal_04326.png,G:\Ai-CDD\data\raw\dataset\train\NORMAL\normal_04326.png
normal,train,normal_04327.png,G:\Ai-CDD\data\raw\dataset\train\NORMAL\normal_04327.png
normal,train,normal_04328.png,G:\Ai-CDD\data\raw\dataset\train\NORMAL\normal_04328.png
normal,train,normal_04329.png,G:\Ai-CDD\data\raw\dataset\train\NORMAL\normal_04329.png
normal,train,normal_04330.png,G:\Ai-CDD\data\raw\dataset\train\NORMAL\normal_04330.png
normal,train,normal_04331.png,G:\Ai-CDD\data\raw\dataset\train\NORMAL\normal_04331.png
normal,train,normal_04332.png,G:\Ai-CDD\data\raw\dataset\train\NORMAL\normal_04332.png
normal,train,normal_04333.png,G:\Ai-CDD\data\raw\dataset\train\NORMAL\normal_04333.png
normal,train,normal_04334.png,G:\Ai-CDD\data\raw\dataset\train\NORMAL\normal_04334.png
normal,train,normal_04335.png,G:\Ai-CDD\data\raw\dataset\train\NORMAL\normal_04335.png
normal,train,normal_04336.png,G:\Ai-CDD\data\raw\dataset\train\NORMAL\normal_04336.png
normal,train,normal_04337.png,G:\Ai-CDD\data\raw\dataset\train\NORMAL\normal_04337.png
normal,train,normal_04338.png,G:\Ai-CDD\data\raw\dataset\train\NORMAL\normal_04338.png
normal,train,normal_04339.png,G:\Ai-CDD\data\raw\dataset\train\NORMAL\normal_04339.png
normal,train,normal_04340.png,G:\Ai-CDD\data\raw\dataset\train\NORMAL\normal_04340.png
normal,train,normal_04341.png,G:\Ai-CDD\data\raw\dataset\train\NORMAL\normal_04341.png
normal,train,normal_04342.png,G:\Ai-CDD\data\raw\dataset\train\NORMAL\normal_04342.png
normal,train,normal_04343.png,G:\Ai-CDD\data\raw\dataset\train\NORMAL\normal_04343.png
normal,train,normal_04344.png,G:\Ai-CDD\data\raw\dataset\train\NORMAL\normal_04344.png
normal,train,normal_04345.png,G:\Ai-CDD\data\raw\dataset\train\NORMAL\normal_04345.png
normal,train,normal_04346.png,G:\Ai-CDD\data\raw\dataset\train\NORMAL\normal_04346.png
normal,train,normal_04347.png,G:\Ai-CDD\data\raw\dataset\train\NORMAL\normal_04347.png
normal,train,normal_04348.png,G:\Ai-CDD\data\raw\dataset\train\NORMAL\normal_04348.png
normal,train,normal_04349.png,G:\Ai-CDD\data\raw\dataset\train\NORMAL\normal_04349.png
normal,train,normal_04350.png,G:\Ai-CDD\data\raw\dataset\train\NORMAL\normal_04350.png
normal,train,normal_04351.png,G:\Ai-CDD\data\raw\dataset\train\NORMAL\normal_04351.png
normal,train,normal_04352.png,G:\Ai-CDD\data\raw\dataset\train\NORMAL\normal_04352.png
normal,train,normal_04353.png,G:\Ai-CDD\data\raw\dataset\train\NORMAL\normal_04353.png
normal,train,normal_04354.png,G:\Ai-CDD\data\raw\dataset\train\NORMAL\normal_04354.png
normal,train,normal_04355.png,G:\Ai-CDD\data\raw\dataset\train\NORMAL\normal_04355.png
normal,train,normal_04356.png,G:\Ai-CDD\data\raw\dataset\train\NORMAL\normal_04356.png
normal,train,normal_04357.png,G:\Ai-CDD\data\raw\dataset\train\NORMAL\normal_04357.png
normal,train,normal_04358.png,G:\Ai-CDD\data\raw\dataset\train\NORMAL\normal_04358.png
normal,train,normal_04359.png,G:\Ai-CDD\data\raw\dataset\train\NORMAL\normal_04359.png
normal,train,normal_04360.png,G:\Ai-CDD\data\raw\dataset\train\NORMAL\normal_04360.png
normal,train,normal_04361.png,G:\Ai-CDD\data\raw\dataset\train\NORMAL\normal_04361.png
normal,train,normal_04362.png,G:\Ai-CDD\data\raw\dataset\train\NORMAL\normal_04362.png
normal,train,normal_04363.png,G:\Ai-CDD\data\raw\dataset\train\NORMAL\normal_04363.png
normal,train,normal_04364.png,G:\Ai-CDD\data\raw\dataset\train\NORMAL\normal_04364.png
normal,train,normal_04365.png,G:\Ai-CDD\data\raw\dataset\train\NORMAL\normal_04365.png
normal,train,normal_04366.png,G:\Ai-CDD\data\raw\dataset\train\NORMAL\normal_04366.png
normal,train,normal_04367.png,G:\Ai-CDD\data\raw\dataset\train\NORMAL\normal_04367.png
normal,train,normal_04368.png,G:\Ai-CDD\data\raw\dataset\train\NORMAL\normal_04368.png
normal,train,normal_04369.png,G:\Ai-CDD\data\raw\dataset\train\NORMAL\normal_04369.png
normal,train,normal_04370.png,G:\Ai-CDD\data\raw\dataset\train\NORMAL\normal_04370.png
normal,train,normal_04371.png,G:\Ai-CDD\data\raw\dataset\train\NORMAL\normal_04371.png
normal,train,normal_04372.png,G:\Ai-CDD\data\raw\dataset\train\NORMAL\normal_04372.png
normal,train,normal_04373.png,G:\Ai-CDD\data\raw\dataset\train\NORMAL\normal_04373.png
normal,train,normal_04374.png,G:\Ai-CDD\data\raw\dataset\train\NORMAL\normal_04374.png
normal,train,normal_04375.png,G:\Ai-CDD\data\raw\dataset\train\NORMAL\normal_04375.png
normal,train,normal_04376.png,G:\Ai-CDD\data\raw\dataset\train\NORMAL\normal_04376.png
normal,train,normal_04377.png,G:\Ai-CDD\data\raw\dataset\train\NORMAL\normal_04377.png
normal,train,normal_04378.png,G:\Ai-CDD\data\raw\dataset\train\NORMAL\normal_04378.png
normal,train,normal_04379.png,G:\Ai-CDD\data\raw\dataset\train\NORMAL\normal_04379.png
normal,train,normal_04380.png,G:\Ai-CDD\data\raw\dataset\train\NORMAL\normal_04380.png
normal,train,normal_04381.png,G:\Ai-CDD\data\raw\dataset\train\NORMAL\normal_04381.png
normal,train,normal_04382.png,G:\Ai-CDD\data\raw\dataset\train\NORMAL\normal_04382.png
normal,train,normal_04383.png,G:\Ai-CDD\data\raw\dataset\train\NORMAL\normal_04383.png
normal,train,normal_04384.png,G:\Ai-CDD\data\raw\dataset\train\NORMAL\normal_04384.png
normal,train,normal_04385.png,G:\Ai-CDD\data\raw\dataset\train\NORMAL\normal_04385.png
normal,train,normal_04386.png,G:\Ai-CDD\data\raw\dataset\train\NORMAL\normal_04386.png
normal,train,normal_04387.png,G:\Ai-CDD\data\raw\dataset\train\NORMAL\normal_04387.png
normal,train,normal_04388.png,G:\Ai-CDD\data\raw\dataset\train\NORMAL\normal_04388.png
normal,train,normal_04389.png,G:\Ai-CDD\data\raw\dataset\train\NORMAL\normal_04389.png
normal,train,normal_04390.png,G:\Ai-CDD\data\raw\dataset\train\NORMAL\normal_04390.png
normal,train,normal_04391.png,G:\Ai-CDD\data\raw\dataset\train\NORMAL\normal_04391.png
normal,train,normal_04392.png,G:\Ai-CDD\data\raw\dataset\train\NORMAL\normal_04392.png
normal,train,normal_04393.png,G:\Ai-CDD\data\raw\dataset\train\NORMAL\normal_04393.png
normal,train,normal_04394.png,G:\Ai-CDD\data\raw\dataset\train\NORMAL\normal_04394.png
normal,train,normal_04395.png,G:\Ai-CDD\data\raw\dataset\train\NORMAL\normal_04395.png
normal,train,normal_04396.png,G:\Ai-CDD\data\raw\dataset\train\NORMAL\normal_04396.png
normal,train,normal_04397.png,G:\Ai-CDD\data\raw\dataset\train\NORMAL\normal_04397.png
normal,train,normal_04398.png,G:\Ai-CDD\data\raw\dataset\train\NORMAL\normal_04398.png
normal,train,normal_04399.png,G:\Ai-CDD\data\raw\dataset\train\NORMAL\normal_04399.png
normal,train,normal_04400.png,G:\Ai-CDD\data\raw\dataset\train\NORMAL\normal_04400.png
normal,train,normal_04401.png,G:\Ai-CDD\data\raw\dataset\train\NORMAL\normal_04401.png
normal,train,normal_04402.png,G:\Ai-CDD\data\raw\dataset\train\NORMAL\normal_04402.png
normal,train,normal_04403.png,G:\Ai-CDD\data\raw\dataset\train\NORMAL\normal_04403.png
normal,train,normal_04404.png,G:\Ai-CDD\data\raw\dataset\train\NORMAL\normal_04404.png
normal,train,normal_04405.png,G:\Ai-CDD\data\raw\dataset\train\NORMAL\normal_04405.png
normal,train,normal_04406.png,G:\Ai-CDD\data\raw\dataset\train\NORMAL\normal_04406.png
normal,train,normal_04407.png,G:\Ai-CDD\data\raw\dataset\train\NORMAL\normal_04407.png
normal,train,normal_04408.png,G:\Ai-CDD\data\raw\dataset\train\NORMAL\normal_04408.png
normal,train,normal_04409.png,G:\Ai-CDD\data\raw\dataset\train\NORMAL\normal_04409.png
normal,train,normal_04410.png,G:\Ai-CDD\data\raw\dataset\train\NORMAL\normal_04410.png
normal,train,normal_04411.png,G:\Ai-CDD\data\raw\dataset\train\NORMAL\normal_04411.png
normal,train,normal_04412.png,G:\Ai-CDD\data\raw\dataset\train\NORMAL\normal_04412.png
normal,train,normal_04413.png,G:\Ai-CDD\data\raw\dataset\train\NORMAL\normal_04413.png
normal,train,normal_04414.png,G:\Ai-CDD\data\raw\dataset\train\NORMAL\normal_04414.png
normal,train,normal_04415.png,G:\Ai-CDD\data\raw\dataset\train\NORMAL\normal_04415.png
normal,train,normal_04416.png,G:\Ai-CDD\data\raw\dataset\train\NORMAL\normal_04416.png
normal,train,normal_04417.png,G:\Ai-CDD\data\raw\dataset\train\NORMAL\normal_04417.png
normal,train,normal_04418.png,G:\Ai-CDD\data\raw\dataset\train\NORMAL\normal_04418.png
normal,train,normal_04419.png,G:\Ai-CDD\data\raw\dataset\train\NORMAL\normal_04419.png
normal,train,normal_04420.png,G:\Ai-CDD\data\raw\dataset\train\NORMAL\normal_04420.png
normal,train,normal_04421.png,G:\Ai-CDD\data\raw\dataset\train\NORMAL\normal_04421.png
normal,train,normal_04422.png,G:\Ai-CDD\data\raw\dataset\train\NORMAL\normal_04422.png
normal,train,normal_04423.png,G:\Ai-CDD\data\raw\dataset\train\NORMAL\normal_04423.png
normal,train,normal_04424.png,G:\Ai-CDD\data\raw\dataset\train\NORMAL\normal_04424.png
normal,train,normal_04425.png,G:\Ai-CDD\data\raw\dataset\train\NORMAL\normal_04425.png
normal,train,normal_04426.png,G:\Ai-CDD\data\raw\dataset\train\NORMAL\normal_04426.png
normal,train,normal_04427.png,G:\Ai-CDD\data\raw\dataset\train\NORMAL\normal_04427.png
normal,train,normal_04428.png,G:\Ai-CDD\data\raw\dataset\train\NORMAL\normal_04428.png
normal,train,normal_04429.png,G:\Ai-CDD\data\raw\dataset\train\NORMAL\normal_04429.png
normal,train,normal_04430.png,G:\Ai-CDD\data\raw\dataset\train\NORMAL\normal_04430.png
normal,train,normal_04431.png,G:\Ai-CDD\data\raw\dataset\train\NORMAL\normal_04431.png
normal,train,normal_04432.png,G:\Ai-CDD\data\raw\dataset\train\NORMAL\normal_04432.png
normal,train,normal_04433.png,G:\Ai-CDD\data\raw\dataset\train\NORMAL\normal_04433.png
normal,train,normal_04434.png,G:\Ai-CDD\data\raw\dataset\train\NORMAL\normal_04434.png
normal,train,normal_04435.png,G:\Ai-CDD\data\raw\dataset\train\NORMAL\normal_04435.png
normal,train,normal_04436.png,G:\Ai-CDD\data\raw\dataset\train\NORMAL\normal_04436.png
normal,train,normal_04437.png,G:\Ai-CDD\data\raw\dataset\train\NORMAL\normal_04437.png
normal,train,normal_04438.png,G:\Ai-CDD\data\raw\dataset\train\NORMAL\normal_04438.png
normal,train,normal_04439.png,G:\Ai-CDD\data\raw\dataset\train\NORMAL\normal_04439.png
normal,train,normal_04440.png,G:\Ai-CDD\data\raw\dataset\train\NORMAL\normal_04440.png
normal,train,normal_04441.png,G:\Ai-CDD\data\raw\dataset\train\NORMAL\normal_04441.png
normal,train,normal_04442.png,G:\Ai-CDD\data\raw\dataset\train\NORMAL\normal_04442.png
normal,train,normal_04443.png,G:\Ai-CDD\data\raw\dataset\train\NORMAL\normal_04443.png
normal,train,normal_04444.png,G:\Ai-CDD\data\raw\dataset\train\NORMAL\normal_04444.png
normal,train,normal_04445.png,G:\Ai-CDD\data\raw\dataset\train\NORMAL\normal_04445.png
normal,train,normal_04446.png,G:\Ai-CDD\data\raw\dataset\train\NORMAL\normal_04446.png
normal,train,normal_04447.png,G:\Ai-CDD\data\raw\dataset\train\NORMAL\normal_04447.png
normal,train,normal_04448.png,G:\Ai-CDD\data\raw\dataset\train\NORMAL\normal_04448.png
normal,train,normal_04449.png,G:\Ai-CDD\data\raw\dataset\train\NORMAL\normal_04449.png
normal,train,normal_04450.png,G:\Ai-CDD\data\raw\dataset\train\NORMAL\normal_04450.png
normal,train,normal_04451.png,G:\Ai-CDD\data\raw\dataset\train\NORMAL\normal_04451.png
normal,train,normal_04452.png,G:\Ai-CDD\data\raw\dataset\train\NORMAL\normal_04452.png
normal,train,normal_04453.png,G:\Ai-CDD\data\raw\dataset\train\NORMAL\normal_04453.png
normal,train,normal_04454.png,G:\Ai-CDD\data\raw\dataset\train\NORMAL\normal_04454.png
normal,train,normal_04455.png,G:\Ai-CDD\data\raw\dataset\train\NORMAL\normal_04455.png
normal,train,normal_04456.png,G:\Ai-CDD\data\raw\dataset\train\NORMAL\normal_04456.png
normal,train,normal_04457.png,G:\Ai-CDD\data\raw\dataset\train\NORMAL\normal_04457.png
normal,train,normal_04458.png,G:\Ai-CDD\data\raw\dataset\train\NORMAL\normal_04458.png
normal,train,normal_04459.png,G:\Ai-CDD\data\raw\dataset\train\NORMAL\normal_04459.png
normal,train,normal_04460.png,G:\Ai-CDD\data\raw\dataset\train\NORMAL\normal_04460.png
normal,train,normal_04461.png,G:\Ai-CDD\data\raw\dataset\train\NORMAL\normal_04461.png
normal,train,normal_04462.png,G:\Ai-CDD\data\raw\dataset\train\NORMAL\normal_04462.png
normal,train,normal_04463.png,G:\Ai-CDD\data\raw\dataset\train\NORMAL\normal_04463.png
normal,train,normal_04464.png,G:\Ai-CDD\data\raw\dataset\train\NORMAL\normal_04464.png
normal,train,normal_04465.png,G:\Ai-CDD\data\raw\dataset\train\NORMAL\normal_04465.png
normal,train,normal_04466.png,G:\Ai-CDD\data\raw\dataset\train\NORMAL\normal_04466.png
normal,train,normal_04467.png,G:\Ai-CDD\data\raw\dataset\train\NORMAL\normal_04467.png
normal,train,normal_04468.png,G:\Ai-CDD\data\raw\dataset\train\NORMAL\normal_04468.png
normal,train,normal_04469.png,G:\Ai-CDD\data\raw\dataset\train\NORMAL\normal_04469.png
normal,train,normal_04470.png,G:\Ai-CDD\data\raw\dataset\train\NORMAL\normal_04470.png
normal,train,normal_04471.png,G:\Ai-CDD\data\raw\dataset\train\NORMAL\normal_04471.png
normal,train,normal_04472.png,G:\Ai-CDD\data\raw\dataset\train\NORMAL\normal_04472.png
normal,train,normal_04473.png,G:\Ai-CDD\data\raw\dataset\train\NORMAL\normal_04473.png
normal,train,normal_04474.png,G:\Ai-CDD\data\raw\dataset\train\NORMAL\normal_04474.png
normal,train,normal_04475.png,G:\Ai-CDD\data\raw\dataset\train\NORMAL\normal_04475.png
normal,train,normal_04476.png,G:\Ai-CDD\data\raw\dataset\train\NORMAL\normal_04476.png
normal,train,normal_04477.png,G:\Ai-CDD\data\raw\dataset\train\NORMAL\normal_04477.png
normal,train,normal_04478.png,G:\Ai-CDD\data\raw\dataset\train\NORMAL\normal_04478.png
normal,train,normal_04479.png,G:\Ai-CDD\data\raw\dataset\train\NORMAL\normal_04479.png
normal,train,normal_04480.png,G:\Ai-CDD\data\raw\dataset\train\NORMAL\normal_04480.png
normal,train,normal_04481.png,G:\Ai-CDD\data\raw\dataset\train\NORMAL\normal_04481.png
normal,train,normal_04482.png,G:\Ai-CDD\data\raw\dataset\train\NORMAL\normal_04482.png
normal,train,normal_04483.png,G:\Ai-CDD\data\raw\dataset\train\NORMAL\normal_04483.png
normal,train,normal_04484.png,G:\Ai-CDD\data\raw\dataset\train\NORMAL\normal_04484.png
normal,train,normal_04485.png,G:\Ai-CDD\data\raw\dataset\train\NORMAL\normal_04485.png
normal,train,normal_04486.png,G:\Ai-CDD\data\raw\dataset\train\NORMAL\normal_04486.png
normal,train,normal_04487.png,G:\Ai-CDD\data\raw\dataset\train\NORMAL\normal_04487.png
normal,train,normal_04488.png,G:\Ai-CDD\data\raw\dataset\train\NORMAL\normal_04488.png
normal,train,normal_04489.png,G:\Ai-CDD\data\raw\dataset\train\NORMAL\normal_04489.png
normal,train,normal_04490.png,G:\Ai-CDD\data\raw\dataset\train\NORMAL\normal_04490.png
normal,train,normal_04491.png,G:\Ai-CDD\data\raw\dataset\train\NORMAL\normal_04491.png
normal,train,normal_04492.png,G:\Ai-CDD\data\raw\dataset\train\NORMAL\normal_04492.png
normal,train,normal_04493.png,G:\Ai-CDD\data\raw\dataset\train\NORMAL\normal_04493.png
normal,train,normal_04494.png,G:\Ai-CDD\data\raw\dataset\train\NORMAL\normal_04494.png
normal,train,normal_04495.png,G:\Ai-CDD\data\raw\dataset\train\NORMAL\normal_04495.png
normal,train,normal_04496.png,G:\Ai-CDD\data\raw\dataset\train\NORMAL\normal_04496.png
normal,train,normal_04497.png,G:\Ai-CDD\data\raw\dataset\train\NORMAL\normal_04497.png
normal,train,normal_04498.png,G:\Ai-CDD\data\raw\dataset\train\NORMAL\normal_04498.png
normal,train,normal_04499.png,G:\Ai-CDD\data\raw\dataset\train\NORMAL\normal_04499.png
normal,train,normal_04500.png,G:\Ai-CDD\data\raw\dataset\train\NORMAL\normal_04500.png
normal,train,normal_04501.png,G:\Ai-CDD\data\raw\dataset\train\NORMAL\normal_04501.png
normal,train,normal_04502.png,G:\Ai-CDD\data\raw\dataset\train\NORMAL\normal_04502.png
normal,train,normal_04503.png,G:\Ai-CDD\data\raw\dataset\train\NORMAL\normal_04503.png
normal,train,normal_04504.png,G:\Ai-CDD\data\raw\dataset\train\NORMAL\normal_04504.png
normal,train,normal_04505.png,G:\Ai-CDD\data\raw\dataset\train\NORMAL\normal_04505.png
normal,train,normal_04506.png,G:\Ai-CDD\data\raw\dataset\train\NORMAL\normal_04506.png
normal,train,normal_04507.png,G:\Ai-CDD\data\raw\dataset\train\NORMAL\normal_04507.png
normal,train,normal_04508.png,G:\Ai-CDD\data\raw\dataset\train\NORMAL\normal_04508.png
normal,train,normal_04509.png,G:\Ai-CDD\data\raw\dataset\train\NORMAL\normal_04509.png
normal,train,normal_04510.png,G:\Ai-CDD\data\raw\dataset\train\NORMAL\normal_04510.png
normal,train,normal_04511.png,G:\Ai-CDD\data\raw\dataset\train\NORMAL\normal_04511.png
normal,train,normal_04512.png,G:\Ai-CDD\data\raw\dataset\train\NORMAL\normal_04512.png
normal,train,normal_04513.png,G:\Ai-CDD\data\raw\dataset\train\NORMAL\normal_04513.png
normal,train,normal_04514.png,G:\Ai-CDD\data\raw\dataset\train\NORMAL\normal_04514.png
normal,train,normal_04515.png,G:\Ai-CDD\data\raw\dataset\train\NORMAL\normal_04515.png
normal,train,normal_04516.png,G:\Ai-CDD\data\raw\dataset\train\NORMAL\normal_04516.png
normal,train,normal_04517.png,G:\Ai-CDD\data\raw\dataset\train\NORMAL\normal_04517.png
normal,train,normal_04518.png,G:\Ai-CDD\data\raw\dataset\train\NORMAL\normal_04518.png
normal,train,normal_04519.png,G:\Ai-CDD\data\raw\dataset\train\NORMAL\normal_04519.png
normal,train,normal_04520.png,G:\Ai-CDD\data\raw\dataset\train\NORMAL\normal_04520.png
normal,train,normal_04521.png,G:\Ai-CDD\data\raw\dataset\train\NORMAL\normal_04521.png
normal,train,normal_04522.png,G:\Ai-CDD\data\raw\dataset\train\NORMAL\normal_04522.png
normal,train,normal_04523.png,G:\Ai-CDD\data\raw\dataset\train\NORMAL\normal_04523.png
normal,train,normal_04524.png,G:\Ai-CDD\data\raw\dataset\train\NORMAL\normal_04524.png
normal,train,normal_04525.png,G:\Ai-CDD\data\raw\dataset\train\NORMAL\normal_04525.png
normal,train,normal_04526.png,G:\Ai-CDD\data\raw\dataset\train\NORMAL\normal_04526.png
normal,train,normal_04527.png,G:\Ai-CDD\data\raw\dataset\train\NORMAL\normal_04527.png
normal,train,normal_04528.png,G:\Ai-CDD\data\raw\dataset\train\NORMAL\normal_04528.png
normal,train,normal_04529.png,G:\Ai-CDD\data\raw\dataset\train\NORMAL\normal_04529.png
normal,train,normal_04530.png,G:\Ai-CDD\data\raw\dataset\train\NORMAL\normal_04530.png
normal,train,normal_04531.png,G:\Ai-CDD\data\raw\dataset\train\NORMAL\normal_04531.png
normal,train,normal_04532.png,G:\Ai-CDD\data\raw\dataset\train\NORMAL\normal_04532.png
normal,train,normal_04533.png,G:\Ai-CDD\data\raw\dataset\train\NORMAL\normal_04533.png
normal,train,normal_04534.png,G:\Ai-CDD\data\raw\dataset\train\NORMAL\normal_04534.png
normal,train,normal_04535.png,G:\Ai-CDD\data\raw\dataset\train\NORMAL\normal_04535.png
normal,train,normal_04536.png,G:\Ai-CDD\data\raw\dataset\train\NORMAL\normal_04536.png
normal,train,normal_04537.png,G:\Ai-CDD\data\raw\dataset\train\NORMAL\normal_04537.png
normal,train,normal_04538.png,G:\Ai-CDD\data\raw\dataset\train\NORMAL\normal_04538.png
normal,train,normal_04539.png,G:\Ai-CDD\data\raw\dataset\train\NORMAL\normal_04539.png
normal,train,normal_04540.png,G:\Ai-CDD\data\raw\dataset\train\NORMAL\normal_04540.png
normal,train,normal_04541.png,G:\Ai-CDD\data\raw\dataset\train\NORMAL\normal_04541.png
normal,train,normal_04542.png,G:\Ai-CDD\data\raw\dataset\train\NORMAL\normal_04542.png
normal,train,normal_04543.png,G:\Ai-CDD\data\raw\dataset\train\NORMAL\normal_04543.png
normal,train,normal_04544.png,G:\Ai-CDD\data\raw\dataset\train\NORMAL\normal_04544.png
normal,train,normal_04545.png,G:\Ai-CDD\data\raw\dataset\train\NORMAL\normal_04545.png
normal,train,normal_04546.png,G:\Ai-CDD\data\raw\dataset\train\NORMAL\normal_04546.png
normal,train,normal_04547.png,G:\Ai-CDD\data\raw\dataset\train\NORMAL\normal_04547.png
normal,train,normal_04548.png,G:\Ai-CDD\data\raw\dataset\train\NORMAL\normal_04548.png
normal,train,normal_04549.png,G:\Ai-CDD\data\raw\dataset\train\NORMAL\normal_04549.png
normal,train,normal_04550.png,G:\Ai-CDD\data\raw\dataset\train\NORMAL\normal_04550.png
normal,train,normal_04551.png,G:\Ai-CDD\data\raw\dataset\train\NORMAL\normal_04551.png
normal,train,normal_04552.png,G:\Ai-CDD\data\raw\dataset\train\NORMAL\normal_04552.png
normal,train,normal_04553.png,G:\Ai-CDD\data\raw\dataset\train\NORMAL\normal_04553.png
normal,train,normal_04554.png,G:\Ai-CDD\data\raw\dataset\train\NORMAL\normal_04554.png
normal,train,normal_04555.png,G:\Ai-CDD\data\raw\dataset\train\NORMAL\normal_04555.png
normal,train,normal_04556.png,G:\Ai-CDD\data\raw\dataset\train\NORMAL\normal_04556.png
normal,train,normal_04557.png,G:\Ai-CDD\data\raw\dataset\train\NORMAL\normal_04557.png
normal,train,normal_04558.png,G:\Ai-CDD\data\raw\dataset\train\NORMAL\normal_04558.png
normal,train,normal_04559.png,G:\Ai-CDD\data\raw\dataset\train\NORMAL\normal_04559.png
normal,train,normal_04560.png,G:\Ai-CDD\data\raw\dataset\train\NORMAL\normal_04560.png
normal,train,normal_04561.png,G:\Ai-CDD\data\raw\dataset\train\NORMAL\normal_04561.png
normal,train,normal_04562.png,G:\Ai-CDD\data\raw\dataset\train\NORMAL\normal_04562.png
normal,train,normal_04563.png,G:\Ai-CDD\data\raw\dataset\train\NORMAL\normal_04563.png
normal,train,normal_04564.png,G:\Ai-CDD\data\raw\dataset\train\NORMAL\normal_04564.png
normal,train,normal_04565.png,G:\Ai-CDD\data\raw\dataset\train\NORMAL\normal_04565.png
normal,train,normal_04566.png,G:\Ai-CDD\data\raw\dataset\train\NORMAL\normal_04566.png
normal,train,normal_04567.png,G:\Ai-CDD\data\raw\dataset\train\NORMAL\normal_04567.png
normal,train,normal_04568.png,G:\Ai-CDD\data\raw\dataset\train\NORMAL\normal_04568.png
normal,train,normal_04569.png,G:\Ai-CDD\data\raw\dataset\train\NORMAL\normal_04569.png
normal,train,normal_04570.png,G:\Ai-CDD\data\raw\dataset\train\NORMAL\normal_04570.png
normal,train,normal_04571.png,G:\Ai-CDD\data\raw\dataset\train\NORMAL\normal_04571.png
normal,train,normal_04572.png,G:\Ai-CDD\data\raw\dataset\train\NORMAL\normal_04572.png
normal,train,normal_04573.png,G:\Ai-CDD\data\raw\dataset\train\NORMAL\normal_04573.png
normal,train,normal_04574.png,G:\Ai-CDD\data\raw\dataset\train\NORMAL\normal_04574.png
normal,train,normal_04575.png,G:\Ai-CDD\data\raw\dataset\train\NORMAL\normal_04575.png
normal,train,normal_04576.png,G:\Ai-CDD\data\raw\dataset\train\NORMAL\normal_04576.png
normal,train,normal_04577.png,G:\Ai-CDD\data\raw\dataset\train\NORMAL\normal_04577.png
normal,train,normal_04578.png,G:\Ai-CDD\data\raw\dataset\train\NORMAL\normal_04578.png
normal,train,normal_04579.png,G:\Ai-CDD\data\raw\dataset\train\NORMAL\normal_04579.png
normal,train,normal_04580.png,G:\Ai-CDD\data\raw\dataset\train\NORMAL\normal_04580.png
normal,train,normal_04581.png,G:\Ai-CDD\data\raw\dataset\train\NORMAL\normal_04581.png
normal,train,normal_04582.png,G:\Ai-CDD\data\raw\dataset\train\NORMAL\normal_04582.png
normal,train,normal_04583.png,G:\Ai-CDD\data\raw\dataset\train\NORMAL\normal_04583.png
normal,train,normal_04584.png,G:\Ai-CDD\data\raw\dataset\train\NORMAL\normal_04584.png
normal,train,normal_04585.png,G:\Ai-CDD\data\raw\dataset\train\NORMAL\normal_04585.png
normal,train,normal_04586.png,G:\Ai-CDD\data\raw\dataset\train\NORMAL\normal_04586.png
normal,train,normal_04587.png,G:\Ai-CDD\data\raw\dataset\train\NORMAL\normal_04587.png
normal,train,normal_04588.png,G:\Ai-CDD\data\raw\dataset\train\NORMAL\normal_04588.png
normal,train,normal_04589.png,G:\Ai-CDD\data\raw\dataset\train\NORMAL\normal_04589.png
normal,train,normal_04590.png,G:\Ai-CDD\data\raw\dataset\train\NORMAL\normal_04590.png
normal,train,normal_04591.png,G:\Ai-CDD\data\raw\dataset\train\NORMAL\normal_04591.png
normal,train,normal_04592.png,G:\Ai-CDD\data\raw\dataset\train\NORMAL\normal_04592.png
normal,train,normal_04593.png,G:\Ai-CDD\data\raw\dataset\train\NORMAL\normal_04593.png
normal,train,normal_04594.png,G:\Ai-CDD\data\raw\dataset\train\NORMAL\normal_04594.png
normal,train,normal_04595.png,G:\Ai-CDD\data\raw\dataset\train\NORMAL\normal_04595.png
normal,train,normal_04596.png,G:\Ai-CDD\data\raw\dataset\train\NORMAL\normal_04596.png
normal,train,normal_04597.png,G:\Ai-CDD\data\raw\dataset\train\NORMAL\normal_04597.png
normal,train,normal_04598.png,G:\Ai-CDD\data\raw\dataset\train\NORMAL\normal_04598.png
normal,train,normal_04599.png,G:\Ai-CDD\data\raw\dataset\train\NORMAL\normal_04599.png
normal,train,normal_04600.png,G:\Ai-CDD\data\raw\dataset\train\NORMAL\normal_04600.png
normal,train,normal_04601.png,G:\Ai-CDD\data\raw\dataset\train\NORMAL\normal_04601.png
normal,train,normal_04602.png,G:\Ai-CDD\data\raw\dataset\train\NORMAL\normal_04602.png
normal,train,normal_04603.png,G:\Ai-CDD\data\raw\dataset\train\NORMAL\normal_04603.png
normal,train,normal_04604.png,G:\Ai-CDD\data\raw\dataset\train\NORMAL\normal_04604.png
normal,train,normal_04605.png,G:\Ai-CDD\data\raw\dataset\train\NORMAL\normal_04605.png
normal,train,normal_04606.png,G:\Ai-CDD\data\raw\dataset\train\NORMAL\normal_04606.png
normal,train,normal_04607.png,G:\Ai-CDD\data\raw\dataset\train\NORMAL\normal_04607.png
normal,train,normal_04608.png,G:\Ai-CDD\data\raw\dataset\train\NORMAL\normal_04608.png
normal,train,normal_04609.png,G:\Ai-CDD\data\raw\dataset\train\NORMAL\normal_04609.png
normal,train,normal_04610.png,G:\Ai-CDD\data\raw\dataset\train\NORMAL\normal_04610.png
normal,train,normal_04611.png,G:\Ai-CDD\data\raw\dataset\train\NORMAL\normal_04611.png
normal,train,normal_04612.png,G:\Ai-CDD\data\raw\dataset\train\NORMAL\normal_04612.png
normal,train,normal_04613.png,G:\Ai-CDD\data\raw\dataset\train\NORMAL\normal_04613.png
normal,train,normal_04614.png,G:\Ai-CDD\data\raw\dataset\train\NORMAL\normal_04614.png
normal,train,normal_04615.png,G:\Ai-CDD\data\raw\dataset\train\NORMAL\normal_04615.png
normal,train,normal_04616.png,G:\Ai-CDD\data\raw\dataset\train\NORMAL\normal_04616.png
normal,train,normal_04617.png,G:\Ai-CDD\data\raw\dataset\train\NORMAL\normal_04617.png
normal,train,normal_04618.png,G:\Ai-CDD\data\raw\dataset\train\NORMAL\normal_04618.png
normal,train,normal_04619.png,G:\Ai-CDD\data\raw\dataset\train\NORMAL\normal_04619.png
normal,train,normal_04620.png,G:\Ai-CDD\data\raw\dataset\train\NORMAL\normal_04620.png
normal,train,normal_04621.png,G:\Ai-CDD\data\raw\dataset\train\NORMAL\normal_04621.png
normal,train,normal_04622.png,G:\Ai-CDD\data\raw\dataset\train\NORMAL\normal_04622.png
normal,train,normal_04623.png,G:\Ai-CDD\data\raw\dataset\train\NORMAL\normal_04623.png
normal,train,normal_04624.png,G:\Ai-CDD\data\raw\dataset\train\NORMAL\normal_04624.png
normal,train,normal_04625.png,G:\Ai-CDD\data\raw\dataset\train\NORMAL\normal_04625.png
normal,train,normal_04626.png,G:\Ai-CDD\data\raw\dataset\train\NORMAL\normal_04626.png
normal,train,normal_04627.png,G:\Ai-CDD\data\raw\dataset\train\NORMAL\normal_04627.png
normal,train,normal_04628.png,G:\Ai-CDD\data\raw\dataset\train\NORMAL\normal_04628.png
normal,train,normal_04629.png,G:\Ai-CDD\data\raw\dataset\train\NORMAL\normal_04629.png
normal,train,normal_04630.png,G:\Ai-CDD\data\raw\dataset\train\NORMAL\normal_04630.png
normal,train,normal_04631.png,G:\Ai-CDD\data\raw\dataset\train\NORMAL\normal_04631.png
normal,train,normal_04632.png,G:\Ai-CDD\data\raw\dataset\train\NORMAL\normal_04632.png
normal,train,normal_04633.png,G:\Ai-CDD\data\raw\dataset\train\NORMAL\normal_04633.png
normal,train,normal_04634.png,G:\Ai-CDD\data\raw\dataset\train\NORMAL\normal_04634.png
normal,train,normal_04635.png,G:\Ai-CDD\data\raw\dataset\train\NORMAL\normal_04635.png
normal,train,normal_04636.png,G:\Ai-CDD\data\raw\dataset\train\NORMAL\normal_04636.png
normal,train,normal_04637.png,G:\Ai-CDD\data\raw\dataset\train\NORMAL\normal_04637.png
normal,train,normal_04638.png,G:\Ai-CDD\data\raw\dataset\train\NORMAL\normal_04638.png
normal,train,normal_04639.png,G:\Ai-CDD\data\raw\dataset\train\NORMAL\normal_04639.png
normal,train,normal_04640.png,G:\Ai-CDD\data\raw\dataset\train\NORMAL\normal_04640.png
normal,train,normal_04641.png,G:\Ai-CDD\data\raw\dataset\train\NORMAL\normal_04641.png
normal,train,normal_04642.png,G:\Ai-CDD\data\raw\dataset\train\NORMAL\normal_04642.png
normal,train,normal_04643.png,G:\Ai-CDD\data\raw\dataset\train\NORMAL\normal_04643.png
normal,train,normal_04644.png,G:\Ai-CDD\data\raw\dataset\train\NORMAL\normal_04644.png
normal,train,normal_04645.png,G:\Ai-CDD\data\raw\dataset\train\NORMAL\normal_04645.png
normal,train,normal_04646.png,G:\Ai-CDD\data\raw\dataset\train\NORMAL\normal_04646.png
normal,train,normal_04647.png,G:\Ai-CDD\data\raw\dataset\train\NORMAL\normal_04647.png
normal,train,normal_04648.png,G:\Ai-CDD\data\raw\dataset\train\NORMAL\normal_04648.png
normal,train,normal_04649.png,G:\Ai-CDD\data\raw\dataset\train\NORMAL\normal_04649.png
normal,train,normal_04650.png,G:\Ai-CDD\data\raw\dataset\train\NORMAL\normal_04650.png
normal,train,normal_04651.png,G:\Ai-CDD\data\raw\dataset\train\NORMAL\normal_04651.png
normal,train,normal_04652.png,G:\Ai-CDD\data\raw\dataset\train\NORMAL\normal_04652.png
normal,train,normal_04653.png,G:\Ai-CDD\data\raw\dataset\train\NORMAL\normal_04653.png
normal,train,normal_04654.png,G:\Ai-CDD\data\raw\dataset\train\NORMAL\normal_04654.png
normal,train,normal_04655.png,G:\Ai-CDD\data\raw\dataset\train\NORMAL\normal_04655.png
normal,train,normal_04656.png,G:\Ai-CDD\data\raw\dataset\train\NORMAL\normal_04656.png
normal,train,normal_04657.png,G:\Ai-CDD\data\raw\dataset\train\NORMAL\normal_04657.png
normal,train,normal_04658.png,G:\Ai-CDD\data\raw\dataset\train\NORMAL\normal_04658.png
normal,train,normal_04659.png,G:\Ai-CDD\data\raw\dataset\train\NORMAL\normal_04659.png
normal,train,normal_04660.png,G:\Ai-CDD\data\raw\dataset\train\NORMAL\normal_04660.png
normal,train,normal_04661.png,G:\Ai-CDD\data\raw\dataset\train\NORMAL\normal_04661.png
normal,train,normal_04662.png,G:\Ai-CDD\data\raw\dataset\train\NORMAL\normal_04662.png
normal,train,normal_04663.png,G:\Ai-CDD\data\raw\dataset\train\NORMAL\normal_04663.png
normal,train,normal_04664.png,G:\Ai-CDD\data\raw\dataset\train\NORMAL\normal_04664.png
normal,train,normal_04665.png,G:\Ai-CDD\data\raw\dataset\train\NORMAL\normal_04665.png
normal,train,normal_04666.png,G:\Ai-CDD\data\raw\dataset\train\NORMAL\normal_04666.png
normal,train,normal_04667.png,G:\Ai-CDD\data\raw\dataset\train\NORMAL\normal_04667.png
normal,train,normal_04668.png,G:\Ai-CDD\data\raw\dataset\train\NORMAL\normal_04668.png
normal,train,normal_04669.png,G:\Ai-CDD\data\raw\dataset\train\NORMAL\normal_04669.png
normal,train,normal_04670.png,G:\Ai-CDD\data\raw\dataset\train\NORMAL\normal_04670.png
normal,train,normal_04671.png,G:\Ai-CDD\data\raw\dataset\train\NORMAL\normal_04671.png
normal,train,normal_04672.png,G:\Ai-CDD\data\raw\dataset\train\NORMAL\normal_04672.png
normal,train,normal_04673.png,G:\Ai-CDD\data\raw\dataset\train\NORMAL\normal_04673.png
normal,train,normal_04674.png,G:\Ai-CDD\data\raw\dataset\train\NORMAL\normal_04674.png
normal,train,normal_04675.png,G:\Ai-CDD\data\raw\dataset\train\NORMAL\normal_04675.png
normal,train,normal_04676.png,G:\Ai-CDD\data\raw\dataset\train\NORMAL\normal_04676.png
normal,train,normal_04677.png,G:\Ai-CDD\data\raw\dataset\train\NORMAL\normal_04677.png
normal,train,normal_04678.png,G:\Ai-CDD\data\raw\dataset\train\NORMAL\normal_04678.png
normal,train,normal_04679.png,G:\Ai-CDD\data\raw\dataset\train\NORMAL\normal_04679.png
normal,train,normal_04680.png,G:\Ai-CDD\data\raw\dataset\train\NORMAL\normal_04680.png
normal,train,normal_04681.png,G:\Ai-CDD\data\raw\dataset\train\NORMAL\normal_04681.png
normal,train,normal_04682.png,G:\Ai-CDD\data\raw\dataset\train\NORMAL\normal_04682.png
normal,train,normal_04683.png,G:\Ai-CDD\data\raw\dataset\train\NORMAL\normal_04683.png
normal,train,normal_04684.png,G:\Ai-CDD\data\raw\dataset\train\NORMAL\normal_04684.png
normal,train,normal_04685.png,G:\Ai-CDD\data\raw\dataset\train\NORMAL\normal_04685.png
normal,train,normal_04686.png,G:\Ai-CDD\data\raw\dataset\train\NORMAL\normal_04686.png
normal,train,normal_04687.png,G:\Ai-CDD\data\raw\dataset\train\NORMAL\normal_04687.png
normal,train,normal_04688.png,G:\Ai-CDD\data\raw\dataset\train\NORMAL\normal_04688.png
normal,train,normal_04689.png,G:\Ai-CDD\data\raw\dataset\train\NORMAL\normal_04689.png
normal,train,normal_04690.png,G:\Ai-CDD\data\raw\dataset\train\NORMAL\normal_04690.png
normal,train,normal_04691.png,G:\Ai-CDD\data\raw\dataset\train\NORMAL\normal_04691.png
normal,train,normal_04692.png,G:\Ai-CDD\data\raw\dataset\train\NORMAL\normal_04692.png
normal,train,normal_04693.png,G:\Ai-CDD\data\raw\dataset\train\NORMAL\normal_04693.png
normal,train,normal_04694.png,G:\Ai-CDD\data\raw\dataset\train\NORMAL\normal_04694.png
normal,train,normal_04695.png,G:\Ai-CDD\data\raw\dataset\train\NORMAL\normal_04695.png
normal,train,normal_04696.png,G:\Ai-CDD\data\raw\dataset\train\NORMAL\normal_04696.png
normal,train,normal_04697.png,G:\Ai-CDD\data\raw\dataset\train\NORMAL\normal_04697.png
normal,train,normal_04698.png,G:\Ai-CDD\data\raw\dataset\train\NORMAL\normal_04698.png
normal,train,normal_04699.png,G:\Ai-CDD\data\raw\dataset\train\NORMAL\normal_04699.png
normal,train,normal_04700.png,G:\Ai-CDD\data\raw\dataset\train\NORMAL\normal_04700.png
normal,train,normal_04701.png,G:\Ai-CDD\data\raw\dataset\train\NORMAL\normal_04701.png
normal,train,normal_04702.png,G:\Ai-CDD\data\raw\dataset\train\NORMAL\normal_04702.png
normal,train,normal_04703.png,G:\Ai-CDD\data\raw\dataset\train\NORMAL\normal_04703.png
normal,train,normal_04704.png,G:\Ai-CDD\data\raw\dataset\train\NORMAL\normal_04704.png
normal,train,normal_04705.png,G:\Ai-CDD\data\raw\dataset\train\NORMAL\normal_04705.png
normal,train,normal_04706.png,G:\Ai-CDD\data\raw\dataset\train\NORMAL\normal_04706.png
normal,train,normal_04707.png,G:\Ai-CDD\data\raw\dataset\train\NORMAL\normal_04707.png
normal,train,normal_04708.png,G:\Ai-CDD\data\raw\dataset\train\NORMAL\normal_04708.png
normal,train,normal_04709.png,G:\Ai-CDD\data\raw\dataset\train\NORMAL\normal_04709.png
normal,train,normal_04710.png,G:\Ai-CDD\data\raw\dataset\train\NORMAL\normal_04710.png
normal,train,normal_04711.png,G:\Ai-CDD\data\raw\dataset\train\NORMAL\normal_04711.png
normal,train,normal_04712.png,G:\Ai-CDD\data\raw\dataset\train\NORMAL\normal_04712.png
normal,train,normal_04713.png,G:\Ai-CDD\data\raw\dataset\train\NORMAL\normal_04713.png
normal,train,normal_04714.png,G:\Ai-CDD\data\raw\dataset\train\NORMAL\normal_04714.png
normal,train,normal_04715.png,G:\Ai-CDD\data\raw\dataset\train\NORMAL\normal_04715.png
normal,train,normal_04716.png,G:\Ai-CDD\data\raw\dataset\train\NORMAL\normal_04716.png
normal,train,normal_04717.png,G:\Ai-CDD\data\raw\dataset\train\NORMAL\normal_04717.png
normal,train,normal_04718.png,G:\Ai-CDD\data\raw\dataset\train\NORMAL\normal_04718.png
normal,train,normal_04719.png,G:\Ai-CDD\data\raw\dataset\train\NORMAL\normal_04719.png
normal,train,normal_04720.png,G:\Ai-CDD\data\raw\dataset\train\NORMAL\normal_04720.png
normal,train,normal_04721.png,G:\Ai-CDD\data\raw\dataset\train\NORMAL\normal_04721.png
normal,train,normal_04722.png,G:\Ai-CDD\data\raw\dataset\train\NORMAL\normal_04722.png
normal,train,normal_04723.png,G:\Ai-CDD\data\raw\dataset\train\NORMAL\normal_04723.png
normal,train,normal_04724.png,G:\Ai-CDD\data\raw\dataset\train\NORMAL\normal_04724.png
normal,train,normal_04725.png,G:\Ai-CDD\data\raw\dataset\train\NORMAL\normal_04725.png
normal,train,normal_04726.png,G:\Ai-CDD\data\raw\dataset\train\NORMAL\normal_04726.png
normal,train,normal_04727.png,G:\Ai-CDD\data\raw\dataset\train\NORMAL\normal_04727.png
normal,train,normal_04728.png,G:\Ai-CDD\data\raw\dataset\train\NORMAL\normal_04728.png
normal,train,normal_04729.png,G:\Ai-CDD\data\raw\dataset\train\NORMAL\normal_04729.png
normal,train,normal_04730.png,G:\Ai-CDD\data\raw\dataset\train\NORMAL\normal_04730.png
normal,train,normal_04731.png,G:\Ai-CDD\data\raw\dataset\train\NORMAL\normal_04731.png
normal,train,normal_04732.png,G:\Ai-CDD\data\raw\dataset\train\NORMAL\normal_04732.png
normal,train,normal_04733.png,G:\Ai-CDD\data\raw\dataset\train\NORMAL\normal_04733.png
normal,train,normal_04734.png,G:\Ai-CDD\data\raw\dataset\train\NORMAL\normal_04734.png
normal,train,normal_04735.png,G:\Ai-CDD\data\raw\dataset\train\NORMAL\normal_04735.png
normal,train,normal_04736.png,G:\Ai-CDD\data\raw\dataset\train\NORMAL\normal_04736.png
normal,train,normal_04737.png,G:\Ai-CDD\data\raw\dataset\train\NORMAL\normal_04737.png
normal,train,normal_04738.png,G:\Ai-CDD\data\raw\dataset\train\NORMAL\normal_04738.png
normal,train,normal_04739.png,G:\Ai-CDD\data\raw\dataset\train\NORMAL\normal_04739.png
normal,train,normal_04740.png,G:\Ai-CDD\data\raw\dataset\train\NORMAL\normal_04740.png
normal,train,normal_04741.png,G:\Ai-CDD\data\raw\dataset\train\NORMAL\normal_04741.png
normal,train,normal_04742.png,G:\Ai-CDD\data\raw\dataset\train\NORMAL\normal_04742.png
normal,train,normal_04743.png,G:\Ai-CDD\data\raw\dataset\train\NORMAL\normal_04743.png
normal,train,normal_04744.png,G:\Ai-CDD\data\raw\dataset\train\NORMAL\normal_04744.png
normal,train,normal_04745.png,G:\Ai-CDD\data\raw\dataset\train\NORMAL\normal_04745.png
normal,train,normal_04746.png,G:\Ai-CDD\data\raw\dataset\train\NORMAL\normal_04746.png
normal,train,normal_04747.png,G:\Ai-CDD\data\raw\dataset\train\NORMAL\normal_04747.png
normal,train,normal_04748.png,G:\Ai-CDD\data\raw\dataset\train\NORMAL\normal_04748.png
normal,train,normal_04749.png,G:\Ai-CDD\data\raw\dataset\train\NORMAL\normal_04749.png
normal,train,normal_04750.png,G:\Ai-CDD\data\raw\dataset\train\NORMAL\normal_04750.png
normal,train,normal_04751.png,G:\Ai-CDD\data\raw\dataset\train\NORMAL\normal_04751.png
normal,train,normal_04752.png,G:\Ai-CDD\data\raw\dataset\train\NORMAL\normal_04752.png
normal,train,normal_04753.png,G:\Ai-CDD\data\raw\dataset\train\NORMAL\normal_04753.png
normal,train,normal_04754.png,G:\Ai-CDD\data\raw\dataset\train\NORMAL\normal_04754.png
normal,train,normal_04755.png,G:\Ai-CDD\data\raw\dataset\train\NORMAL\normal_04755.png
normal,train,normal_04756.png,G:\Ai-CDD\data\raw\dataset\train\NORMAL\normal_04756.png
normal,train,normal_04757.png,G:\Ai-CDD\data\raw\dataset\train\NORMAL\normal_04757.png
normal,train,normal_04758.png,G:\Ai-CDD\data\raw\dataset\train\NORMAL\normal_04758.png
normal,train,normal_04759.png,G:\Ai-CDD\data\raw\dataset\train\NORMAL\normal_04759.png
normal,train,normal_04760.png,G:\Ai-CDD\data\raw\dataset\train\NORMAL\normal_04760.png
normal,train,normal_04761.png,G:\Ai-CDD\data\raw\dataset\train\NORMAL\normal_04761.png
normal,train,normal_04762.png,G:\Ai-CDD\data\raw\dataset\train\NORMAL\normal_04762.png
normal,train,normal_04763.png,G:\Ai-CDD\data\raw\dataset\train\NORMAL\normal_04763.png
normal,train,normal_04764.png,G:\Ai-CDD\data\raw\dataset\train\NORMAL\normal_04764.png
normal,train,normal_04765.png,G:\Ai-CDD\data\raw\dataset\train\NORMAL\normal_04765.png
normal,train,normal_04766.png,G:\Ai-CDD\data\raw\dataset\train\NORMAL\normal_04766.png
normal,train,normal_04767.png,G:\Ai-CDD\data\raw\dataset\train\NORMAL\normal_04767.png
normal,train,normal_04768.png,G:\Ai-CDD\data\raw\dataset\train\NORMAL\normal_04768.png
normal,train,normal_04769.png,G:\Ai-CDD\data\raw\dataset\train\NORMAL\normal_04769.png
normal,train,normal_04770.png,G:\Ai-CDD\data\raw\dataset\train\NORMAL\normal_04770.png
normal,train,normal_04771.png,G:\Ai-CDD\data\raw\dataset\train\NORMAL\normal_04771.png
normal,train,normal_04772.png,G:\Ai-CDD\data\raw\dataset\train\NORMAL\normal_04772.png
normal,train,normal_04773.png,G:\Ai-CDD\data\raw\dataset\train\NORMAL\normal_04773.png
normal,train,normal_04774.png,G:\Ai-CDD\data\raw\dataset\train\NORMAL\normal_04774.png
normal,train,normal_04775.png,G:\Ai-CDD\data\raw\dataset\train\NORMAL\normal_04775.png
normal,train,normal_04776.png,G:\Ai-CDD\data\raw\dataset\train\NORMAL\normal_04776.png
normal,train,normal_04777.png,G:\Ai-CDD\data\raw\dataset\train\NORMAL\normal_04777.png
normal,train,normal_04778.png,G:\Ai-CDD\data\raw\dataset\train\NORMAL\normal_04778.png
normal,train,normal_04779.png,G:\Ai-CDD\data\raw\dataset\train\NORMAL\normal_04779.png
normal,train,normal_04780.png,G:\Ai-CDD\data\raw\dataset\train\NORMAL\normal_04780.png
normal,train,normal_04781.png,G:\Ai-CDD\data\raw\dataset\train\NORMAL\normal_04781.png
normal,train,normal_04782.png,G:\Ai-CDD\data\raw\dataset\train\NORMAL\normal_04782.png
normal,train,normal_04783.png,G:\Ai-CDD\data\raw\dataset\train\NORMAL\normal_04783.png
normal,train,normal_04784.png,G:\Ai-CDD\data\raw\dataset\train\NORMAL\normal_04784.png
normal,train,normal_04785.png,G:\Ai-CDD\data\raw\dataset\train\NORMAL\normal_04785.png
normal,train,normal_04786.png,G:\Ai-CDD\data\raw\dataset\train\NORMAL\normal_04786.png
normal,train,normal_04787.png,G:\Ai-CDD\data\raw\dataset\train\NORMAL\normal_04787.png
normal,train,normal_04788.png,G:\Ai-CDD\data\raw\dataset\train\NORMAL\normal_04788.png
normal,train,normal_04789.png,G:\Ai-CDD\data\raw\dataset\train\NORMAL\normal_04789.png
normal,train,normal_04790.png,G:\Ai-CDD\data\raw\dataset\train\NORMAL\normal_04790.png
normal,train,normal_04791.png,G:\Ai-CDD\data\raw\dataset\train\NORMAL\normal_04791.png
normal,train,normal_04792.png,G:\Ai-CDD\data\raw\dataset\train\NORMAL\normal_04792.png
normal,train,normal_04793.png,G:\Ai-CDD\data\raw\dataset\train\NORMAL\normal_04793.png
normal,train,normal_04794.png,G:\Ai-CDD\data\raw\dataset\train\NORMAL\normal_04794.png
normal,train,normal_04795.png,G:\Ai-CDD\data\raw\dataset\train\NORMAL\normal_04795.png
normal,train,normal_04796.png,G:\Ai-CDD\data\raw\dataset\train\NORMAL\normal_04796.png
normal,train,normal_04797.png,G:\Ai-CDD\data\raw\dataset\train\NORMAL\normal_04797.png
normal,train,normal_04798.png,G:\Ai-CDD\data\raw\dataset\train\NORMAL\normal_04798.png
normal,train,normal_04799.png,G:\Ai-CDD\data\raw\dataset\train\NORMAL\normal_04799.png
normal,train,normal_04800.png,G:\Ai-CDD\data\raw\dataset\train\NORMAL\normal_04800.png
normal,train,normal_04801.png,G:\Ai-CDD\data\raw\dataset\train\NORMAL\normal_04801.png
normal,train,normal_04802.png,G:\Ai-CDD\data\raw\dataset\train\NORMAL\normal_04802.png
normal,train,normal_04803.png,G:\Ai-CDD\data\raw\dataset\train\NORMAL\normal_04803.png
normal,train,normal_04804.png,G:\Ai-CDD\data\raw\dataset\train\NORMAL\normal_04804.png
normal,train,normal_04805.png,G:\Ai-CDD\data\raw\dataset\train\NORMAL\normal_04805.png
normal,train,normal_04806.png,G:\Ai-CDD\data\raw\dataset\train\NORMAL\normal_04806.png
normal,train,normal_04807.png,G:\Ai-CDD\data\raw\dataset\train\NORMAL\normal_04807.png
normal,train,normal_04808.png,G:\Ai-CDD\data\raw\dataset\train\NORMAL\normal_04808.png
normal,train,normal_04809.png,G:\Ai-CDD\data\raw\dataset\train\NORMAL\normal_04809.png
normal,train,normal_04810.png,G:\Ai-CDD\data\raw\dataset\train\NORMAL\normal_04810.png
normal,train,normal_04811.png,G:\Ai-CDD\data\raw\dataset\train\NORMAL\normal_04811.png
normal,train,normal_04812.png,G:\Ai-CDD\data\raw\dataset\train\NORMAL\normal_04812.png
normal,train,normal_04813.png,G:\Ai-CDD\data\raw\dataset\train\NORMAL\normal_04813.png
normal,train,normal_04814.png,G:\Ai-CDD\data\raw\dataset\train\NORMAL\normal_04814.png
normal,train,normal_04815.png,G:\Ai-CDD\data\raw\dataset\train\NORMAL\normal_04815.png
normal,train,normal_04816.png,G:\Ai-CDD\data\raw\dataset\train\NORMAL\normal_04816.png
normal,train,normal_04817.png,G:\Ai-CDD\data\raw\dataset\train\NORMAL\normal_04817.png
normal,train,normal_04818.png,G:\Ai-CDD\data\raw\dataset\train\NORMAL\normal_04818.png
normal,train,normal_04819.png,G:\Ai-CDD\data\raw\dataset\train\NORMAL\normal_04819.png
normal,train,normal_04820.png,G:\Ai-CDD\data\raw\dataset\train\NORMAL\normal_04820.png
normal,train,normal_04821.png,G:\Ai-CDD\data\raw\dataset\train\NORMAL\normal_04821.png
normal,train,normal_04822.png,G:\Ai-CDD\data\raw\dataset\train\NORMAL\normal_04822.png
normal,train,normal_04823.png,G:\Ai-CDD\data\raw\dataset\train\NORMAL\normal_04823.png
normal,train,normal_04824.png,G:\Ai-CDD\data\raw\dataset\train\NORMAL\normal_04824.png
normal,train,normal_04825.png,G:\Ai-CDD\data\raw\dataset\train\NORMAL\normal_04825.png
normal,train,normal_04826.png,G:\Ai-CDD\data\raw\dataset\train\NORMAL\normal_04826.png
normal,train,normal_04827.png,G:\Ai-CDD\data\raw\dataset\train\NORMAL\normal_04827.png
normal,train,normal_04828.png,G:\Ai-CDD\data\raw\dataset\train\NORMAL\normal_04828.png
normal,train,normal_04829.png,G:\Ai-CDD\data\raw\dataset\train\NORMAL\normal_04829.png
normal,train,normal_04830.png,G:\Ai-CDD\data\raw\dataset\train\NORMAL\normal_04830.png
normal,train,normal_04831.png,G:\Ai-CDD\data\raw\dataset\train\NORMAL\normal_04831.png
normal,train,normal_04832.png,G:\Ai-CDD\data\raw\dataset\train\NORMAL\normal_04832.png
normal,train,normal_04833.png,G:\Ai-CDD\data\raw\dataset\train\NORMAL\normal_04833.png
normal,train,normal_04834.png,G:\Ai-CDD\data\raw\dataset\train\NORMAL\normal_04834.png
normal,train,normal_04835.png,G:\Ai-CDD\data\raw\dataset\train\NORMAL\normal_04835.png
normal,train,normal_04836.png,G:\Ai-CDD\data\raw\dataset\train\NORMAL\normal_04836.png
normal,train,normal_04837.png,G:\Ai-CDD\data\raw\dataset\train\NORMAL\normal_04837.png
normal,train,normal_04838.png,G:\Ai-CDD\data\raw\dataset\train\NORMAL\normal_04838.png
normal,train,normal_04839.png,G:\Ai-CDD\data\raw\dataset\train\NORMAL\normal_04839.png
normal,train,normal_04840.png,G:\Ai-CDD\data\raw\dataset\train\NORMAL\normal_04840.png
normal,train,normal_04841.png,G:\Ai-CDD\data\raw\dataset\train\NORMAL\normal_04841.png
normal,train,normal_04842.png,G:\Ai-CDD\data\raw\dataset\train\NORMAL\normal_04842.png
normal,train,normal_04843.png,G:\Ai-CDD\data\raw\dataset\train\NORMAL\normal_04843.png
normal,train,normal_04844.png,G:\Ai-CDD\data\raw\dataset\train\NORMAL\normal_04844.png
normal,train,normal_04845.png,G:\Ai-CDD\data\raw\dataset\train\NORMAL\normal_04845.png
normal,train,normal_04846.png,G:\Ai-CDD\data\raw\dataset\train\NORMAL\normal_04846.png
normal,train,normal_04847.png,G:\Ai-CDD\data\raw\dataset\train\NORMAL\normal_04847.png
normal,train,normal_04848.png,G:\Ai-CDD\data\raw\dataset\train\NORMAL\normal_04848.png
normal,train,normal_04849.png,G:\Ai-CDD\data\raw\dataset\train\NORMAL\normal_04849.png
normal,train,normal_04850.png,G:\Ai-CDD\data\raw\dataset\train\NORMAL\normal_04850.png
normal,train,normal_04851.png,G:\Ai-CDD\data\raw\dataset\train\NORMAL\normal_04851.png
normal,train,normal_04852.png,G:\Ai-CDD\data\raw\dataset\train\NORMAL\normal_04852.png
normal,train,normal_04853.png,G:\Ai-CDD\data\raw\dataset\train\NORMAL\normal_04853.png
normal,train,normal_04854.png,G:\Ai-CDD\data\raw\dataset\train\NORMAL\normal_04854.png
normal,train,normal_04855.png,G:\Ai-CDD\data\raw\dataset\train\NORMAL\normal_04855.png
normal,train,normal_04856.png,G:\Ai-CDD\data\raw\dataset\train\NORMAL\normal_04856.png
normal,train,normal_04857.png,G:\Ai-CDD\data\raw\dataset\train\NORMAL\normal_04857.png
normal,train,normal_04858.png,G:\Ai-CDD\data\raw\dataset\train\NORMAL\normal_04858.png
normal,train,normal_04859.png,G:\Ai-CDD\data\raw\dataset\train\NORMAL\normal_04859.png
normal,train,normal_04860.png,G:\Ai-CDD\data\raw\dataset\train\NORMAL\normal_04860.png
normal,train,normal_04861.png,G:\Ai-CDD\data\raw\dataset\train\NORMAL\normal_04861.png
normal,train,normal_04862.png,G:\Ai-CDD\data\raw\dataset\train\NORMAL\normal_04862.png
normal,train,normal_04863.png,G:\Ai-CDD\data\raw\dataset\train\NORMAL\normal_04863.png
normal,train,normal_04864.png,G:\Ai-CDD\data\raw\dataset\train\NORMAL\normal_04864.png
normal,train,normal_04865.png,G:\Ai-CDD\data\raw\dataset\train\NORMAL\normal_04865.png
normal,train,normal_04866.png,G:\Ai-CDD\data\raw\dataset\train\NORMAL\normal_04866.png
normal,train,normal_04867.png,G:\Ai-CDD\data\raw\dataset\train\NORMAL\normal_04867.png
normal,train,normal_04868.png,G:\Ai-CDD\data\raw\dataset\train\NORMAL\normal_04868.png
normal,train,normal_04869.png,G:\Ai-CDD\data\raw\dataset\train\NORMAL\normal_04869.png
normal,train,normal_04870.png,G:\Ai-CDD\data\raw\dataset\train\NORMAL\normal_04870.png
normal,train,normal_04871.png,G:\Ai-CDD\data\raw\dataset\train\NORMAL\normal_04871.png
normal,train,normal_04872.png,G:\Ai-CDD\data\raw\dataset\train\NORMAL\normal_04872.png
normal,train,normal_04873.png,G:\Ai-CDD\data\raw\dataset\train\NORMAL\normal_04873.png
normal,train,normal_04874.png,G:\Ai-CDD\data\raw\dataset\train\NORMAL\normal_04874.png
normal,train,normal_04875.png,G:\Ai-CDD\data\raw\dataset\train\NORMAL\normal_04875.png
normal,train,normal_04876.png,G:\Ai-CDD\data\raw\dataset\train\NORMAL\normal_04876.png
normal,train,normal_04877.png,G:\Ai-CDD\data\raw\dataset\train\NORMAL\normal_04877.png
normal,train,normal_04878.png,G:\Ai-CDD\data\raw\dataset\train\NORMAL\normal_04878.png
normal,train,normal_04879.png,G:\Ai-CDD\data\raw\dataset\train\NORMAL\normal_04879.png
normal,train,normal_04880.png,G:\Ai-CDD\data\raw\dataset\train\NORMAL\normal_04880.png
normal,train,normal_04881.png,G:\Ai-CDD\data\raw\dataset\train\NORMAL\normal_04881.png
normal,train,normal_04882.png,G:\Ai-CDD\data\raw\dataset\train\NORMAL\normal_04882.png
normal,train,normal_04883.png,G:\Ai-CDD\data\raw\dataset\train\NORMAL\normal_04883.png
normal,train,normal_04884.png,G:\Ai-CDD\data\raw\dataset\train\NORMAL\normal_04884.png
normal,train,normal_04885.png,G:\Ai-CDD\data\raw\dataset\train\NORMAL\normal_04885.png
normal,train,normal_04886.png,G:\Ai-CDD\data\raw\dataset\train\NORMAL\normal_04886.png
normal,train,normal_04887.png,G:\Ai-CDD\data\raw\dataset\train\NORMAL\normal_04887.png
normal,train,normal_04888.png,G:\Ai-CDD\data\raw\dataset\train\NORMAL\normal_04888.png
normal,train,normal_04889.png,G:\Ai-CDD\data\raw\dataset\train\NORMAL\normal_04889.png
normal,train,normal_04890.png,G:\Ai-CDD\data\raw\dataset\train\NORMAL\normal_04890.png
normal,train,normal_04891.png,G:\Ai-CDD\data\raw\dataset\train\NORMAL\normal_04891.png
normal,train,normal_04892.png,G:\Ai-CDD\data\raw\dataset\train\NORMAL\normal_04892.png
normal,train,normal_04893.png,G:\Ai-CDD\data\raw\dataset\train\NORMAL\normal_04893.png
normal,train,normal_04894.png,G:\Ai-CDD\data\raw\dataset\train\NORMAL\normal_04894.png
normal,train,normal_04895.png,G:\Ai-CDD\data\raw\dataset\train\NORMAL\normal_04895.png
normal,train,normal_04896.png,G:\Ai-CDD\data\raw\dataset\train\NORMAL\normal_04896.png
normal,train,normal_04897.png,G:\Ai-CDD\data\raw\dataset\train\NORMAL\normal_04897.png
normal,train,normal_04898.png,G:\Ai-CDD\data\raw\dataset\train\NORMAL\normal_04898.png
normal,train,normal_04899.png,G:\Ai-CDD\data\raw\dataset\train\NORMAL\normal_04899.png
normal,train,normal_04900.png,G:\Ai-CDD\data\raw\dataset\train\NORMAL\normal_04900.png
normal,train,normal_04901.png,G:\Ai-CDD\data\raw\dataset\train\NORMAL\normal_04901.png
normal,train,normal_04902.png,G:\Ai-CDD\data\raw\dataset\train\NORMAL\normal_04902.png
normal,train,normal_04903.png,G:\Ai-CDD\data\raw\dataset\train\NORMAL\normal_04903.png
normal,train,normal_04904.png,G:\Ai-CDD\data\raw\dataset\train\NORMAL\normal_04904.png
normal,train,normal_04905.png,G:\Ai-CDD\data\raw\dataset\train\NORMAL\normal_04905.png
normal,train,normal_04906.png,G:\Ai-CDD\data\raw\dataset\train\NORMAL\normal_04906.png
normal,train,normal_04907.png,G:\Ai-CDD\data\raw\dataset\train\NORMAL\normal_04907.png
normal,train,normal_04908.png,G:\Ai-CDD\data\raw\dataset\train\NORMAL\normal_04908.png
normal,train,normal_04909.png,G:\Ai-CDD\data\raw\dataset\train\NORMAL\normal_04909.png
normal,train,normal_04910.png,G:\Ai-CDD\data\raw\dataset\train\NORMAL\normal_04910.png
normal,train,normal_04911.png,G:\Ai-CDD\data\raw\dataset\train\NORMAL\normal_04911.png
normal,train,normal_04912.png,G:\Ai-CDD\data\raw\dataset\train\NORMAL\normal_04912.png
normal,train,normal_04913.png,G:\Ai-CDD\data\raw\dataset\train\NORMAL\normal_04913.png
normal,train,normal_04914.png,G:\Ai-CDD\data\raw\dataset\train\NORMAL\normal_04914.png
normal,train,normal_04915.png,G:\Ai-CDD\data\raw\dataset\train\NORMAL\normal_04915.png
normal,train,normal_04916.png,G:\Ai-CDD\data\raw\dataset\train\NORMAL\normal_04916.png
normal,train,normal_04917.png,G:\Ai-CDD\data\raw\dataset\train\NORMAL\normal_04917.png
normal,train,normal_04918.png,G:\Ai-CDD\data\raw\dataset\train\NORMAL\normal_04918.png
normal,train,normal_04919.png,G:\Ai-CDD\data\raw\dataset\train\NORMAL\normal_04919.png
normal,train,normal_04920.png,G:\Ai-CDD\data\raw\dataset\train\NORMAL\normal_04920.png
normal,train,normal_04921.png,G:\Ai-CDD\data\raw\dataset\train\NORMAL\normal_04921.png
normal,train,normal_04922.png,G:\Ai-CDD\data\raw\dataset\train\NORMAL\normal_04922.png
normal,train,normal_04923.png,G:\Ai-CDD\data\raw\dataset\train\NORMAL\normal_04923.png
normal,train,normal_04924.png,G:\Ai-CDD\data\raw\dataset\train\NORMAL\normal_04924.png
normal,train,normal_04925.png,G:\Ai-CDD\data\raw\dataset\train\NORMAL\normal_04925.png
normal,train,normal_04926.png,G:\Ai-CDD\data\raw\dataset\train\NORMAL\normal_04926.png
normal,train,normal_04927.png,G:\Ai-CDD\data\raw\dataset\train\NORMAL\normal_04927.png
normal,train,normal_04928.png,G:\Ai-CDD\data\raw\dataset\train\NORMAL\normal_04928.png
normal,train,normal_04929.png,G:\Ai-CDD\data\raw\dataset\train\NORMAL\normal_04929.png
normal,train,normal_04930.png,G:\Ai-CDD\data\raw\dataset\train\NORMAL\normal_04930.png
normal,train,normal_04931.png,G:\Ai-CDD\data\raw\dataset\train\NORMAL\normal_04931.png
normal,train,normal_04932.png,G:\Ai-CDD\data\raw\dataset\train\NORMAL\normal_04932.png
normal,train,normal_04933.png,G:\Ai-CDD\data\raw\dataset\train\NORMAL\normal_04933.png
normal,train,normal_04934.png,G:\Ai-CDD\data\raw\dataset\train\NORMAL\normal_04934.png
normal,train,normal_04935.png,G:\Ai-CDD\data\raw\dataset\train\NORMAL\normal_04935.png
normal,train,normal_04936.png,G:\Ai-CDD\data\raw\dataset\train\NORMAL\normal_04936.png
normal,train,normal_04937.png,G:\Ai-CDD\data\raw\dataset\train\NORMAL\normal_04937.png
normal,train,normal_04938.png,G:\Ai-CDD\data\raw\dataset\train\NORMAL\normal_04938.png
normal,train,normal_04939.png,G:\Ai-CDD\data\raw\dataset\train\NORMAL\normal_04939.png
normal,train,normal_04940.png,G:\Ai-CDD\data\raw\dataset\train\NORMAL\normal_04940.png
normal,train,normal_04941.png,G:\Ai-CDD\data\raw\dataset\train\NORMAL\normal_04941.png
normal,train,normal_04942.png,G:\Ai-CDD\data\raw\dataset\train\NORMAL\normal_04942.png
normal,train,normal_04943.png,G:\Ai-CDD\data\raw\dataset\train\NORMAL\normal_04943.png
normal,train,normal_04944.png,G:\Ai-CDD\data\raw\dataset\train\NORMAL\normal_04944.png
normal,train,normal_04945.png,G:\Ai-CDD\data\raw\dataset\train\NORMAL\normal_04945.png
normal,train,normal_04946.png,G:\Ai-CDD\data\raw\dataset\train\NORMAL\normal_04946.png
normal,train,normal_04947.png,G:\Ai-CDD\data\raw\dataset\train\NORMAL\normal_04947.png
normal,train,normal_04948.png,G:\Ai-CDD\data\raw\dataset\train\NORMAL\normal_04948.png
normal,train,normal_04949.png,G:\Ai-CDD\data\raw\dataset\train\NORMAL\normal_04949.png
normal,train,normal_04950.png,G:\Ai-CDD\data\raw\dataset\train\NORMAL\normal_04950.png
normal,train,normal_04951.png,G:\Ai-CDD\data\raw\dataset\train\NORMAL\normal_04951.png
normal,train,normal_04952.png,G:\Ai-CDD\data\raw\dataset\train\NORMAL\normal_04952.png
normal,train,normal_04953.png,G:\Ai-CDD\data\raw\dataset\train\NORMAL\normal_04953.png
normal,train,normal_04954.png,G:\Ai-CDD\data\raw\dataset\train\NORMAL\normal_04954.png
normal,train,normal_04955.png,G:\Ai-CDD\data\raw\dataset\train\NORMAL\normal_04955.png
normal,train,normal_04956.png,G:\Ai-CDD\data\raw\dataset\train\NORMAL\normal_04956.png
normal,train,normal_04957.png,G:\Ai-CDD\data\raw\dataset\train\NORMAL\normal_04957.png
normal,train,normal_04958.png,G:\Ai-CDD\data\raw\dataset\train\NORMAL\normal_04958.png
normal,train,normal_04959.png,G:\Ai-CDD\data\raw\dataset\train\NORMAL\normal_04959.png
normal,train,normal_04960.png,G:\Ai-CDD\data\raw\dataset\train\NORMAL\normal_04960.png
normal,train,normal_04961.png,G:\Ai-CDD\data\raw\dataset\train\NORMAL\normal_04961.png
normal,train,normal_04962.png,G:\Ai-CDD\data\raw\dataset\train\NORMAL\normal_04962.png
normal,train,normal_04963.png,G:\Ai-CDD\data\raw\dataset\train\NORMAL\normal_04963.png
normal,train,normal_04964.png,G:\Ai-CDD\data\raw\dataset\train\NORMAL\normal_04964.png
normal,train,normal_04965.png,G:\Ai-CDD\data\raw\dataset\train\NORMAL\normal_04965.png
normal,train,normal_04966.png,G:\Ai-CDD\data\raw\dataset\train\NORMAL\normal_04966.png
normal,train,normal_04967.png,G:\Ai-CDD\data\raw\dataset\train\NORMAL\normal_04967.png
normal,train,normal_04968.png,G:\Ai-CDD\data\raw\dataset\train\NORMAL\normal_04968.png
normal,train,normal_04969.png,G:\Ai-CDD\data\raw\dataset\train\NORMAL\normal_04969.png
normal,train,normal_04970.png,G:\Ai-CDD\data\raw\dataset\train\NORMAL\normal_04970.png
normal,train,normal_04971.png,G:\Ai-CDD\data\raw\dataset\train\NORMAL\normal_04971.png
normal,train,normal_04972.png,G:\Ai-CDD\data\raw\dataset\train\NORMAL\normal_04972.png
normal,train,normal_04973.png,G:\Ai-CDD\data\raw\dataset\train\NORMAL\normal_04973.png
normal,train,normal_04974.png,G:\Ai-CDD\data\raw\dataset\train\NORMAL\normal_04974.png
normal,train,normal_04975.png,G:\Ai-CDD\data\raw\dataset\train\NORMAL\normal_04975.png
normal,train,normal_04976.png,G:\Ai-CDD\data\raw\dataset\train\NORMAL\normal_04976.png
normal,train,normal_04977.png,G:\Ai-CDD\data\raw\dataset\train\NORMAL\normal_04977.png
normal,train,normal_04978.png,G:\Ai-CDD\data\raw\dataset\train\NORMAL\normal_04978.png
normal,train,normal_04979.png,G:\Ai-CDD\data\raw\dataset\train\NORMAL\normal_04979.png
normal,train,normal_04980.png,G:\Ai-CDD\data\raw\dataset\train\NORMAL\normal_04980.png
normal,train,normal_04981.png,G:\Ai-CDD\data\raw\dataset\train\NORMAL\normal_04981.png
normal,train,normal_04982.png,G:\Ai-CDD\data\raw\dataset\train\NORMAL\normal_04982.png
normal,train,normal_04983.png,G:\Ai-CDD\data\raw\dataset\train\NORMAL\normal_04983.png
normal,train,normal_04984.png,G:\Ai-CDD\data\raw\dataset\train\NORMAL\normal_04984.png
normal,train,normal_04985.png,G:\Ai-CDD\data\raw\dataset\train\NORMAL\normal_04985.png
normal,train,normal_04986.png,G:\Ai-CDD\data\raw\dataset\train\NORMAL\normal_04986.png
normal,train,normal_04987.png,G:\Ai-CDD\data\raw\dataset\train\NORMAL\normal_04987.png
normal,train,normal_04988.png,G:\Ai-CDD\data\raw\dataset\train\NORMAL\normal_04988.png
normal,train,normal_04989.png,G:\Ai-CDD\data\raw\dataset\train\NORMAL\normal_04989.png
normal,train,normal_04990.png,G:\Ai-CDD\data\raw\dataset\train\NORMAL\normal_04990.png
normal,train,normal_04991.png,G:\Ai-CDD\data\raw\dataset\train\NORMAL\normal_04991.png
normal,train,normal_04992.png,G:\Ai-CDD\data\raw\dataset\train\NORMAL\normal_04992.png
normal,train,normal_04993.png,G:\Ai-CDD\data\raw\dataset\train\NORMAL\normal_04993.png
normal,train,normal_04994.png,G:\Ai-CDD\data\raw\dataset\train\NORMAL\normal_04994.png
normal,train,normal_04995.png,G:\Ai-CDD\data\raw\dataset\train\NORMAL\normal_04995.png
normal,train,normal_04996.png,G:\Ai-CDD\data\raw\dataset\train\NORMAL\normal_04996.png
normal,train,normal_04997.png,G:\Ai-CDD\data\raw\dataset\train\NORMAL\normal_04997.png
normal,train,normal_04998.png,G:\Ai-CDD\data\raw\dataset\train\NORMAL\normal_04998.png
normal,test,normal_00001.png,G:\Ai-CDD\data\raw\dataset\test\NORMAL\normal_00001.png
normal,test,normal_00002.png,G:\Ai-CDD\data\raw\dataset\test\NORMAL\normal_00002.png
normal,test,normal_00003.png,G:\Ai-CDD\data\raw\dataset\test\NORMAL\normal_00003.png
normal,test,normal_00004.png,G:\Ai-CDD\data\raw\dataset\test\NORMAL\normal_00004.png
normal,test,normal_00005.png,G:\Ai-CDD\data\raw\dataset\test\NORMAL\normal_00005.png
normal,test,normal_00006.png,G:\Ai-CDD\data\raw\dataset\test\NORMAL\normal_00006.png
normal,test,normal_00007.png,G:\Ai-CDD\data\raw\dataset\test\NORMAL\normal_00007.png
normal,test,normal_00008.png,G:\Ai-CDD\data\raw\dataset\test\NORMAL\normal_00008.png
normal,test,normal_00009.png,G:\Ai-CDD\data\raw\dataset\test\NORMAL\normal_00009.png
normal,test,normal_00010.png,G:\Ai-CDD\data\raw\dataset\test\NORMAL\normal_00010.png
normal,test,normal_00011.png,G:\Ai-CDD\data\raw\dataset\test\NORMAL\normal_00011.png
normal,test,normal_00012.png,G:\Ai-CDD\data\raw\dataset\test\NORMAL\normal_00012.png
normal,test,normal_00013.png,G:\Ai-CDD\data\raw\dataset\test\NORMAL\normal_00013.png
normal,test,normal_00014.png,G:\Ai-CDD\data\raw\dataset\test\NORMAL\normal_00014.png
normal,test,normal_00015.png,G:\Ai-CDD\data\raw\dataset\test\NORMAL\normal_00015.png
normal,test,normal_00016.png,G:\Ai-CDD\data\raw\dataset\test\NORMAL\normal_00016.png
normal,test,normal_00017.png,G:\Ai-CDD\data\raw\dataset\test\NORMAL\normal_00017.png
normal,test,normal_00018.png,G:\Ai-CDD\data\raw\dataset\test\NORMAL\normal_00018.png
normal,test,normal_00019.png,G:\Ai-CDD\data\raw\dataset\test\NORMAL\normal_00019.png
normal,test,normal_00020.png,G:\Ai-CDD\data\raw\dataset\test\NORMAL\normal_00020.png
normal,test,normal_00021.png,G:\Ai-CDD\data\raw\dataset\test\NORMAL\normal_00021.png
normal,test,normal_00022.png,G:\Ai-CDD\data\raw\dataset\test\NORMAL\normal_00022.png
normal,test,normal_00023.png,G:\Ai-CDD\data\raw\dataset\test\NORMAL\normal_00023.png
normal,test,normal_00024.png,G:\Ai-CDD\data\raw\dataset\test\NORMAL\normal_00024.png
normal,test,normal_00025.png,G:\Ai-CDD\data\raw\dataset\test\NORMAL\normal_00025.png
normal,test,normal_00026.png,G:\Ai-CDD\data\raw\dataset\test\NORMAL\normal_00026.png
normal,test,normal_00027.png,G:\Ai-CDD\data\raw\dataset\test\NORMAL\normal_00027.png
normal,test,normal_00028.png,G:\Ai-CDD\data\raw\dataset\test\NORMAL\normal_00028.png
normal,test,normal_00029.png,G:\Ai-CDD\data\raw\dataset\test\NORMAL\normal_00029.png
normal,test,normal_00030.png,G:\Ai-CDD\data\raw\dataset\test\NORMAL\normal_00030.png
normal,test,normal_00031.png,G:\Ai-CDD\data\raw\dataset\test\NORMAL\normal_00031.png
normal,test,normal_00032.png,G:\Ai-CDD\data\raw\dataset\test\NORMAL\normal_00032.png
normal,test,normal_00033.png,G:\Ai-CDD\data\raw\dataset\test\NORMAL\normal_00033.png
normal,test,normal_00034.png,G:\Ai-CDD\data\raw\dataset\test\NORMAL\normal_00034.png
normal,test,normal_00035.png,G:\Ai-CDD\data\raw\dataset\test\NORMAL\normal_00035.png
normal,test,normal_00036.png,G:\Ai-CDD\data\raw\dataset\test\NORMAL\normal_00036.png
normal,test,normal_00037.png,G:\Ai-CDD\data\raw\dataset\test\NORMAL\normal_00037.png
normal,test,normal_00038.png,G:\Ai-CDD\data\raw\dataset\test\NORMAL\normal_00038.png
normal,test,normal_00039.png,G:\Ai-CDD\data\raw\dataset\test\NORMAL\normal_00039.png
normal,test,normal_00040.png,G:\Ai-CDD\data\raw\dataset\test\NORMAL\normal_00040.png
normal,test,normal_00041.png,G:\Ai-CDD\data\raw\dataset\test\NORMAL\normal_00041.png
normal,test,normal_00042.png,G:\Ai-CDD\data\raw\dataset\test\NORMAL\normal_00042.png
normal,test,normal_00043.png,G:\Ai-CDD\data\raw\dataset\test\NORMAL\normal_00043.png
normal,test,normal_00044.png,G:\Ai-CDD\data\raw\dataset\test\NORMAL\normal_00044.png
normal,test,normal_00045.png,G:\Ai-CDD\data\raw\dataset\test\NORMAL\normal_00045.png
normal,test,normal_00046.png,G:\Ai-CDD\data\raw\dataset\test\NORMAL\normal_00046.png
normal,test,normal_00047.png,G:\Ai-CDD\data\raw\dataset\test\NORMAL\normal_00047.png
normal,test,normal_00048.png,G:\Ai-CDD\data\raw\dataset\test\NORMAL\normal_00048.png
normal,test,normal_00049.png,G:\Ai-CDD\data\raw\dataset\test\NORMAL\normal_00049.png
normal,test,normal_00050.png,G:\Ai-CDD\data\raw\dataset\test\NORMAL\normal_00050.png
normal,test,normal_00051.png,G:\Ai-CDD\data\raw\dataset\test\NORMAL\normal_00051.png
normal,test,normal_00052.png,G:\Ai-CDD\data\raw\dataset\test\NORMAL\normal_00052.png
normal,test,normal_00053.png,G:\Ai-CDD\data\raw\dataset\test\NORMAL\normal_00053.png
normal,test,normal_00054.png,G:\Ai-CDD\data\raw\dataset\test\NORMAL\normal_00054.png
normal,test,normal_00055.png,G:\Ai-CDD\data\raw\dataset\test\NORMAL\normal_00055.png
normal,test,normal_00056.png,G:\Ai-CDD\data\raw\dataset\test\NORMAL\normal_00056.png
normal,test,normal_00057.png,G:\Ai-CDD\data\raw\dataset\test\NORMAL\normal_00057.png
normal,test,normal_00058.png,G:\Ai-CDD\data\raw\dataset\test\NORMAL\normal_00058.png
normal,test,normal_00059.png,G:\Ai-CDD\data\raw\dataset\test\NORMAL\normal_00059.png
normal,test,normal_00060.png,G:\Ai-CDD\data\raw\dataset\test\NORMAL\normal_00060.png
normal,test,normal_00061.png,G:\Ai-CDD\data\raw\dataset\test\NORMAL\normal_00061.png
normal,test,normal_00062.png,G:\Ai-CDD\data\raw\dataset\test\NORMAL\normal_00062.png
normal,test,normal_00063.png,G:\Ai-CDD\data\raw\dataset\test\NORMAL\normal_00063.png
normal,test,normal_00064.png,G:\Ai-CDD\data\raw\dataset\test\NORMAL\normal_00064.png
normal,test,normal_00065.png,G:\Ai-CDD\data\raw\dataset\test\NORMAL\normal_00065.png
normal,test,normal_00066.png,G:\Ai-CDD\data\raw\dataset\test\NORMAL\normal_00066.png
normal,test,normal_00067.png,G:\Ai-CDD\data\raw\dataset\test\NORMAL\normal_00067.png
normal,test,normal_00068.png,G:\Ai-CDD\data\raw\dataset\test\NORMAL\normal_00068.png
normal,test,normal_00069.png,G:\Ai-CDD\data\raw\dataset\test\NORMAL\normal_00069.png
normal,test,normal_00070.png,G:\Ai-CDD\data\raw\dataset\test\NORMAL\normal_00070.png
normal,test,normal_00071.png,G:\Ai-CDD\data\raw\dataset\test\NORMAL\normal_00071.png
normal,test,normal_00072.png,G:\Ai-CDD\data\raw\dataset\test\NORMAL\normal_00072.png
normal,test,normal_00073.png,G:\Ai-CDD\data\raw\dataset\test\NORMAL\normal_00073.png
normal,test,normal_00074.png,G:\Ai-CDD\data\raw\dataset\test\NORMAL\normal_00074.png
normal,test,normal_00075.png,G:\Ai-CDD\data\raw\dataset\test\NORMAL\normal_00075.png
normal,test,normal_00076.png,G:\Ai-CDD\data\raw\dataset\test\NORMAL\normal_00076.png
normal,test,normal_00077.png,G:\Ai-CDD\data\raw\dataset\test\NORMAL\normal_00077.png
normal,test,normal_00078.png,G:\Ai-CDD\data\raw\dataset\test\NORMAL\normal_00078.png
normal,test,normal_00079.png,G:\Ai-CDD\data\raw\dataset\test\NORMAL\normal_00079.png
normal,test,normal_00080.png,G:\Ai-CDD\data\raw\dataset\test\NORMAL\normal_00080.png
normal,test,normal_00081.png,G:\Ai-CDD\data\raw\dataset\test\NORMAL\normal_00081.png
normal,test,normal_00082.png,G:\Ai-CDD\data\raw\dataset\test\NORMAL\normal_00082.png
normal,test,normal_00083.png,G:\Ai-CDD\data\raw\dataset\test\NORMAL\normal_00083.png
normal,test,normal_00084.png,G:\Ai-CDD\data\raw\dataset\test\NORMAL\normal_00084.png
normal,test,normal_00085.png,G:\Ai-CDD\data\raw\dataset\test\NORMAL\normal_00085.png
normal,test,normal_00086.png,G:\Ai-CDD\data\raw\dataset\test\NORMAL\normal_00086.png
normal,test,normal_00087.png,G:\Ai-CDD\data\raw\dataset\test\NORMAL\normal_00087.png
normal,test,normal_00088.png,G:\Ai-CDD\data\raw\dataset\test\NORMAL\normal_00088.png
normal,test,normal_00089.png,G:\Ai-CDD\data\raw\dataset\test\NORMAL\normal_00089.png
normal,test,normal_00090.png,G:\Ai-CDD\data\raw\dataset\test\NORMAL\normal_00090.png
normal,test,normal_00091.png,G:\Ai-CDD\data\raw\dataset\test\NORMAL\normal_00091.png
normal,test,normal_00092.png,G:\Ai-CDD\data\raw\dataset\test\NORMAL\normal_00092.png
normal,test,normal_00093.png,G:\Ai-CDD\data\raw\dataset\test\NORMAL\normal_00093.png
normal,test,normal_00094.png,G:\Ai-CDD\data\raw\dataset\test\NORMAL\normal_00094.png
normal,test,normal_00095.png,G:\Ai-CDD\data\raw\dataset\test\NORMAL\normal_00095.png
normal,test,normal_00096.png,G:\Ai-CDD\data\raw\dataset\test\NORMAL\normal_00096.png
normal,test,normal_00097.png,G:\Ai-CDD\data\raw\dataset\test\NORMAL\normal_00097.png
normal,test,normal_00098.png,G:\Ai-CDD\data\raw\dataset\test\NORMAL\normal_00098.png
normal,test,normal_00099.png,G:\Ai-CDD\data\raw\dataset\test\NORMAL\normal_00099.png
normal,test,normal_00100.png,G:\Ai-CDD\data\raw\dataset\test\NORMAL\normal_00100.png
normal,test,normal_00101.png,G:\Ai-CDD\data\raw\dataset\test\NORMAL\normal_00101.png
normal,test,normal_00102.png,G:\Ai-CDD\data\raw\dataset\test\NORMAL\normal_00102.png
normal,test,normal_00103.png,G:\Ai-CDD\data\raw\dataset\test\NORMAL\normal_00103.png
normal,test,normal_00104.png,G:\Ai-CDD\data\raw\dataset\test\NORMAL\normal_00104.png
normal,test,normal_00105.png,G:\Ai-CDD\data\raw\dataset\test\NORMAL\normal_00105.png
normal,test,normal_00106.png,G:\Ai-CDD\data\raw\dataset\test\NORMAL\normal_00106.png
normal,test,normal_00107.png,G:\Ai-CDD\data\raw\dataset\test\NORMAL\normal_00107.png
normal,test,normal_00108.png,G:\Ai-CDD\data\raw\dataset\test\NORMAL\normal_00108.png
normal,test,normal_00109.png,G:\Ai-CDD\data\raw\dataset\test\NORMAL\normal_00109.png
normal,test,normal_00110.png,G:\Ai-CDD\data\raw\dataset\test\NORMAL\normal_00110.png
normal,test,normal_00111.png,G:\Ai-CDD\data\raw\dataset\test\NORMAL\normal_00111.png
normal,test,normal_00112.png,G:\Ai-CDD\data\raw\dataset\test\NORMAL\normal_00112.png
normal,test,normal_00113.png,G:\Ai-CDD\data\raw\dataset\test\NORMAL\normal_00113.png
normal,test,normal_00114.png,G:\Ai-CDD\data\raw\dataset\test\NORMAL\normal_00114.png
normal,test,normal_00115.png,G:\Ai-CDD\data\raw\dataset\test\NORMAL\normal_00115.png
normal,test,normal_00116.png,G:\Ai-CDD\data\raw\dataset\test\NORMAL\normal_00116.png
normal,test,normal_00117.png,G:\Ai-CDD\data\raw\dataset\test\NORMAL\normal_00117.png
normal,test,normal_00118.png,G:\Ai-CDD\data\raw\dataset\test\NORMAL\normal_00118.png
normal,test,normal_00119.png,G:\Ai-CDD\data\raw\dataset\test\NORMAL\normal_00119.png
normal,test,normal_00120.png,G:\Ai-CDD\data\raw\dataset\test\NORMAL\normal_00120.png
normal,test,normal_00121.png,G:\Ai-CDD\data\raw\dataset\test\NORMAL\normal_00121.png
normal,test,normal_00122.png,G:\Ai-CDD\data\raw\dataset\test\NORMAL\normal_00122.png
normal,test,normal_00123.png,G:\Ai-CDD\data\raw\dataset\test\NORMAL\normal_00123.png
normal,test,normal_00124.png,G:\Ai-CDD\data\raw\dataset\test\NORMAL\normal_00124.png
normal,test,normal_00125.png,G:\Ai-CDD\data\raw\dataset\test\NORMAL\normal_00125.png
normal,test,normal_00126.png,G:\Ai-CDD\data\raw\dataset\test\NORMAL\normal_00126.png
normal,test,normal_00127.png,G:\Ai-CDD\data\raw\dataset\test\NORMAL\normal_00127.png
normal,test,normal_00128.png,G:\Ai-CDD\data\raw\dataset\test\NORMAL\normal_00128.png
normal,test,normal_00129.png,G:\Ai-CDD\data\raw\dataset\test\NORMAL\normal_00129.png
normal,test,normal_00130.png,G:\Ai-CDD\data\raw\dataset\test\NORMAL\normal_00130.png
normal,test,normal_00131.png,G:\Ai-CDD\data\raw\dataset\test\NORMAL\normal_00131.png
normal,test,normal_00132.png,G:\Ai-CDD\data\raw\dataset\test\NORMAL\normal_00132.png
normal,test,normal_00133.png,G:\Ai-CDD\data\raw\dataset\test\NORMAL\normal_00133.png
normal,test,normal_00134.png,G:\Ai-CDD\data\raw\dataset\test\NORMAL\normal_00134.png
normal,test,normal_00135.png,G:\Ai-CDD\data\raw\dataset\test\NORMAL\normal_00135.png
normal,test,normal_00136.png,G:\Ai-CDD\data\raw\dataset\test\NORMAL\normal_00136.png
normal,test,normal_00137.png,G:\Ai-CDD\data\raw\dataset\test\NORMAL\normal_00137.png
normal,test,normal_00138.png,G:\Ai-CDD\data\raw\dataset\test\NORMAL\normal_00138.png
normal,test,normal_00139.png,G:\Ai-CDD\data\raw\dataset\test\NORMAL\normal_00139.png
normal,test,normal_00140.png,G:\Ai-CDD\data\raw\dataset\test\NORMAL\normal_00140.png
normal,test,normal_00141.png,G:\Ai-CDD\data\raw\dataset\test\NORMAL\normal_00141.png
normal,test,normal_00142.png,G:\Ai-CDD\data\raw\dataset\test\NORMAL\normal_00142.png
normal,test,normal_00143.png,G:\Ai-CDD\data\raw\dataset\test\NORMAL\normal_00143.png
normal,test,normal_00144.png,G:\Ai-CDD\data\raw\dataset\test\NORMAL\normal_00144.png
normal,test,normal_00145.png,G:\Ai-CDD\data\raw\dataset\test\NORMAL\normal_00145.png
normal,test,normal_00146.png,G:\Ai-CDD\data\raw\dataset\test\NORMAL\normal_00146.png
normal,test,normal_00147.png,G:\Ai-CDD\data\raw\dataset\test\NORMAL\normal_00147.png
normal,test,normal_00148.png,G:\Ai-CDD\data\raw\dataset\test\NORMAL\normal_00148.png
normal,test,normal_00149.png,G:\Ai-CDD\data\raw\dataset\test\NORMAL\normal_00149.png
normal,test,normal_00150.png,G:\Ai-CDD\data\raw\dataset\test\NORMAL\normal_00150.png
normal,test,normal_00151.png,G:\Ai-CDD\data\raw\dataset\test\NORMAL\normal_00151.png
normal,test,normal_00152.png,G:\Ai-CDD\data\raw\dataset\test\NORMAL\normal_00152.png
normal,test,normal_00153.png,G:\Ai-CDD\data\raw\dataset\test\NORMAL\normal_00153.png
normal,test,normal_00154.png,G:\Ai-CDD\data\raw\dataset\test\NORMAL\normal_00154.png
normal,test,normal_00155.png,G:\Ai-CDD\data\raw\dataset\test\NORMAL\normal_00155.png
normal,test,normal_00156.png,G:\Ai-CDD\data\raw\dataset\test\NORMAL\normal_00156.png
normal,test,normal_00157.png,G:\Ai-CDD\data\raw\dataset\test\NORMAL\normal_00157.png
normal,test,normal_00158.png,G:\Ai-CDD\data\raw\dataset\test\NORMAL\normal_00158.png
normal,test,normal_00159.png,G:\Ai-CDD\data\raw\dataset\test\NORMAL\normal_00159.png
normal,test,normal_00160.png,G:\Ai-CDD\data\raw\dataset\test\NORMAL\normal_00160.png
normal,test,normal_00161.png,G:\Ai-CDD\data\raw\dataset\test\NORMAL\normal_00161.png
normal,test,normal_00162.png,G:\Ai-CDD\data\raw\dataset\test\NORMAL\normal_00162.png
normal,test,normal_00163.png,G:\Ai-CDD\data\raw\dataset\test\NORMAL\normal_00163.png
normal,test,normal_00164.png,G:\Ai-CDD\data\raw\dataset\test\NORMAL\normal_00164.png
normal,test,normal_00165.png,G:\Ai-CDD\data\raw\dataset\test\NORMAL\normal_00165.png
normal,test,normal_00166.png,G:\Ai-CDD\data\raw\dataset\test\NORMAL\normal_00166.png
normal,test,normal_00167.png,G:\Ai-CDD\data\raw\dataset\test\NORMAL\normal_00167.png
normal,test,normal_00168.png,G:\Ai-CDD\data\raw\dataset\test\NORMAL\normal_00168.png
normal,test,normal_00169.png,G:\Ai-CDD\data\raw\dataset\test\NORMAL\normal_00169.png
normal,test,normal_00170.png,G:\Ai-CDD\data\raw\dataset\test\NORMAL\normal_00170.png
normal,test,normal_00171.png,G:\Ai-CDD\data\raw\dataset\test\NORMAL\normal_00171.png
normal,test,normal_00172.png,G:\Ai-CDD\data\raw\dataset\test\NORMAL\normal_00172.png
normal,test,normal_00173.png,G:\Ai-CDD\data\raw\dataset\test\NORMAL\normal_00173.png
normal,test,normal_00174.png,G:\Ai-CDD\data\raw\dataset\test\NORMAL\normal_00174.png
normal,test,normal_00175.png,G:\Ai-CDD\data\raw\dataset\test\NORMAL\normal_00175.png
normal,test,normal_00176.png,G:\Ai-CDD\data\raw\dataset\test\NORMAL\normal_00176.png
normal,test,normal_00177.png,G:\Ai-CDD\data\raw\dataset\test\NORMAL\normal_00177.png
normal,test,normal_00178.png,G:\Ai-CDD\data\raw\dataset\test\NORMAL\normal_00178.png
normal,test,normal_00179.png,G:\Ai-CDD\data\raw\dataset\test\NORMAL\normal_00179.png
normal,test,normal_00180.png,G:\Ai-CDD\data\raw\dataset\test\NORMAL\normal_00180.png
normal,test,normal_00181.png,G:\Ai-CDD\data\raw\dataset\test\NORMAL\normal_00181.png
normal,test,normal_00182.png,G:\Ai-CDD\data\raw\dataset\test\NORMAL\normal_00182.png
normal,test,normal_00183.png,G:\Ai-CDD\data\raw\dataset\test\NORMAL\normal_00183.png
normal,test,normal_00184.png,G:\Ai-CDD\data\raw\dataset\test\NORMAL\normal_00184.png
normal,test,normal_00185.png,G:\Ai-CDD\data\raw\dataset\test\NORMAL\normal_00185.png
normal,test,normal_00186.png,G:\Ai-CDD\data\raw\dataset\test\NORMAL\normal_00186.png
normal,test,normal_00187.png,G:\Ai-CDD\data\raw\dataset\test\NORMAL\normal_00187.png
normal,test,normal_00188.png,G:\Ai-CDD\data\raw\dataset\test\NORMAL\normal_00188.png
normal,test,normal_00189.png,G:\Ai-CDD\data\raw\dataset\test\NORMAL\normal_00189.png
normal,test,normal_00190.png,G:\Ai-CDD\data\raw\dataset\test\NORMAL\normal_00190.png
normal,test,normal_00191.png,G:\Ai-CDD\data\raw\dataset\test\NORMAL\normal_00191.png
normal,test,normal_00192.png,G:\Ai-CDD\data\raw\dataset\test\NORMAL\normal_00192.png
normal,test,normal_00193.png,G:\Ai-CDD\data\raw\dataset\test\NORMAL\normal_00193.png
normal,test,normal_00194.png,G:\Ai-CDD\data\raw\dataset\test\NORMAL\normal_00194.png
normal,test,normal_00195.png,G:\Ai-CDD\data\raw\dataset\test\NORMAL\normal_00195.png
normal,test,normal_00196.png,G:\Ai-CDD\data\raw\dataset\test\NORMAL\normal_00196.png
normal,test,normal_00197.png,G:\Ai-CDD\data\raw\dataset\test\NORMAL\normal_00197.png
normal,test,normal_00198.png,G:\Ai-CDD\data\raw\dataset\test\NORMAL\normal_00198.png
normal,test,normal_00199.png,G:\Ai-CDD\data\raw\dataset\test\NORMAL\normal_00199.png
normal,test,normal_00200.png,G:\Ai-CDD\data\raw\dataset\test\NORMAL\normal_00200.png
normal,test,normal_00201.png,G:\Ai-CDD\data\raw\dataset\test\NORMAL\normal_00201.png
normal,test,normal_00202.png,G:\Ai-CDD\data\raw\dataset\test\NORMAL\normal_00202.png
normal,test,normal_00203.png,G:\Ai-CDD\data\raw\dataset\test\NORMAL\normal_00203.png
normal,test,normal_00204.png,G:\Ai-CDD\data\raw\dataset\test\NORMAL\normal_00204.png
normal,test,normal_00205.png,G:\Ai-CDD\data\raw\dataset\test\NORMAL\normal_00205.png
normal,test,normal_00206.png,G:\Ai-CDD\data\raw\dataset\test\NORMAL\normal_00206.png
normal,test,normal_00207.png,G:\Ai-CDD\data\raw\dataset\test\NORMAL\normal_00207.png
normal,test,normal_00208.png,G:\Ai-CDD\data\raw\dataset\test\NORMAL\normal_00208.png
normal,test,normal_00209.png,G:\Ai-CDD\data\raw\dataset\test\NORMAL\normal_00209.png
normal,test,normal_00210.png,G:\Ai-CDD\data\raw\dataset\test\NORMAL\normal_00210.png
normal,test,normal_00211.png,G:\Ai-CDD\data\raw\dataset\test\NORMAL\normal_00211.png
normal,test,normal_00212.png,G:\Ai-CDD\data\raw\dataset\test\NORMAL\normal_00212.png
normal,test,normal_00213.png,G:\Ai-CDD\data\raw\dataset\test\NORMAL\normal_00213.png
normal,test,normal_00214.png,G:\Ai-CDD\data\raw\dataset\test\NORMAL\normal_00214.png
normal,test,normal_00215.png,G:\Ai-CDD\data\raw\dataset\test\NORMAL\normal_00215.png
normal,test,normal_00216.png,G:\Ai-CDD\data\raw\dataset\test\NORMAL\normal_00216.png
normal,test,normal_00217.png,G:\Ai-CDD\data\raw\dataset\test\NORMAL\normal_00217.png
normal,test,normal_00218.png,G:\Ai-CDD\data\raw\dataset\test\NORMAL\normal_00218.png
normal,test,normal_00219.png,G:\Ai-CDD\data\raw\dataset\test\NORMAL\normal_00219.png
normal,test,normal_00220.png,G:\Ai-CDD\data\raw\dataset\test\NORMAL\normal_00220.png
normal,test,normal_00221.png,G:\Ai-CDD\data\raw\dataset\test\NORMAL\normal_00221.png
normal,test,normal_00222.png,G:\Ai-CDD\data\raw\dataset\test\NORMAL\normal_00222.png
normal,test,normal_00223.png,G:\Ai-CDD\data\raw\dataset\test\NORMAL\normal_00223.png
normal,test,normal_00224.png,G:\Ai-CDD\data\raw\dataset\test\NORMAL\normal_00224.png
normal,test,normal_00225.png,G:\Ai-CDD\data\raw\dataset\test\NORMAL\normal_00225.png
normal,test,normal_00226.png,G:\Ai-CDD\data\raw\dataset\test\NORMAL\normal_00226.png
normal,test,normal_00227.png,G:\Ai-CDD\data\raw\dataset\test\NORMAL\normal_00227.png
normal,test,normal_00228.png,G:\Ai-CDD\data\raw\dataset\test\NORMAL\normal_00228.png
normal,test,normal_00229.png,G:\Ai-CDD\data\raw\dataset\test\NORMAL\normal_00229.png
normal,test,normal_00230.png,G:\Ai-CDD\data\raw\dataset\test\NORMAL\normal_00230.png
normal,test,normal_00231.png,G:\Ai-CDD\data\raw\dataset\test\NORMAL\normal_00231.png
normal,test,normal_00232.png,G:\Ai-CDD\data\raw\dataset\test\NORMAL\normal_00232.png
normal,test,normal_00233.png,G:\Ai-CDD\data\raw\dataset\test\NORMAL\normal_00233.png
normal,test,normal_00234.png,G:\Ai-CDD\data\raw\dataset\test\NORMAL\normal_00234.png
normal,test,normal_00235.png,G:\Ai-CDD\data\raw\dataset\test\NORMAL\normal_00235.png
normal,test,normal_00236.png,G:\Ai-CDD\data\raw\dataset\test\NORMAL\normal_00236.png
normal,test,normal_00237.png,G:\Ai-CDD\data\raw\dataset\test\NORMAL\normal_00237.png
normal,test,normal_00238.png,G:\Ai-CDD\data\raw\dataset\test\NORMAL\normal_00238.png
normal,test,normal_00239.png,G:\Ai-CDD\data\raw\dataset\test\NORMAL\normal_00239.png
normal,test,normal_00240.png,G:\Ai-CDD\data\raw\dataset\test\NORMAL\normal_00240.png
normal,test,normal_00241.png,G:\Ai-CDD\data\raw\dataset\test\NORMAL\normal_00241.png
normal,test,normal_00242.png,G:\Ai-CDD\data\raw\dataset\test\NORMAL\normal_00242.png
normal,test,normal_00243.png,G:\Ai-CDD\data\raw\dataset\test\NORMAL\normal_00243.png
normal,test,normal_00244.png,G:\Ai-CDD\data\raw\dataset\test\NORMAL\normal_00244.png
normal,test,normal_00245.png,G:\Ai-CDD\data\raw\dataset\test\NORMAL\normal_00245.png
normal,test,normal_00246.png,G:\Ai-CDD\data\raw\dataset\test\NORMAL\normal_00246.png
normal,test,normal_00247.png,G:\Ai-CDD\data\raw\dataset\test\NORMAL\normal_00247.png
normal,test,normal_00248.png,G:\Ai-CDD\data\raw\dataset\test\NORMAL\normal_00248.png
normal,test,normal_00249.png,G:\Ai-CDD\data\raw\dataset\test\NORMAL\normal_00249.png
normal,test,normal_00250.png,G:\Ai-CDD\data\raw\dataset\test\NORMAL\normal_00250.png
normal,test,normal_00251.png,G:\Ai-CDD\data\raw\dataset\test\NORMAL\normal_00251.png
normal,test,normal_00252.png,G:\Ai-CDD\data\raw\dataset\test\NORMAL\normal_00252.png
normal,test,normal_00253.png,G:\Ai-CDD\data\raw\dataset\test\NORMAL\normal_00253.png
normal,test,normal_00254.png,G:\Ai-CDD\data\raw\dataset\test\NORMAL\normal_00254.png
normal,test,normal_00255.png,G:\Ai-CDD\data\raw\dataset\test\NORMAL\normal_00255.png
normal,test,normal_00256.png,G:\Ai-CDD\data\raw\dataset\test\NORMAL\normal_00256.png
normal,test,normal_00257.png,G:\Ai-CDD\data\raw\dataset\test\NORMAL\normal_00257.png
normal,test,normal_00258.png,G:\Ai-CDD\data\raw\dataset\test\NORMAL\normal_00258.png
normal,test,normal_00259.png,G:\Ai-CDD\data\raw\dataset\test\NORMAL\normal_00259.png
normal,test,normal_00260.png,G:\Ai-CDD\data\raw\dataset\test\NORMAL\normal_00260.png
normal,test,normal_00261.png,G:\Ai-CDD\data\raw\dataset\test\NORMAL\normal_00261.png
normal,test,normal_00262.png,G:\Ai-CDD\data\raw\dataset\test\NORMAL\normal_00262.png
normal,test,normal_00263.png,G:\Ai-CDD\data\raw\dataset\test\NORMAL\normal_00263.png
normal,test,normal_00264.png,G:\Ai-CDD\data\raw\dataset\test\NORMAL\normal_00264.png
normal,test,normal_00265.png,G:\Ai-CDD\data\raw\dataset\test\NORMAL\normal_00265.png
normal,test,normal_00266.png,G:\Ai-CDD\data\raw\dataset\test\NORMAL\normal_00266.png
normal,test,normal_00267.png,G:\Ai-CDD\data\raw\dataset\test\NORMAL\normal_00267.png
normal,test,normal_00268.png,G:\Ai-CDD\data\raw\dataset\test\NORMAL\normal_00268.png
normal,test,normal_00269.png,G:\Ai-CDD\data\raw\dataset\test\NORMAL\normal_00269.png
normal,test,normal_00270.png,G:\Ai-CDD\data\raw\dataset\test\NORMAL\normal_00270.png
normal,test,normal_00271.png,G:\Ai-CDD\data\raw\dataset\test\NORMAL\normal_00271.png
normal,test,normal_00272.png,G:\Ai-CDD\data\raw\dataset\test\NORMAL\normal_00272.png
normal,test,normal_00273.png,G:\Ai-CDD\data\raw\dataset\test\NORMAL\normal_00273.png
normal,test,normal_00274.png,G:\Ai-CDD\data\raw\dataset\test\NORMAL\normal_00274.png
normal,test,normal_00275.png,G:\Ai-CDD\data\raw\dataset\test\NORMAL\normal_00275.png
normal,test,normal_00276.png,G:\Ai-CDD\data\raw\dataset\test\NORMAL\normal_00276.png
normal,test,normal_00277.png,G:\Ai-CDD\data\raw\dataset\test\NORMAL\normal_00277.png
normal,test,normal_00278.png,G:\Ai-CDD\data\raw\dataset\test\NORMAL\normal_00278.png
normal,test,normal_00279.png,G:\Ai-CDD\data\raw\dataset\test\NORMAL\normal_00279.png
normal,test,normal_00280.png,G:\Ai-CDD\data\raw\dataset\test\NORMAL\normal_00280.png
normal,test,normal_00281.png,G:\Ai-CDD\data\raw\dataset\test\NORMAL\normal_00281.png
normal,test,normal_00282.png,G:\Ai-CDD\data\raw\dataset\test\NORMAL\normal_00282.png
normal,test,normal_00283.png,G:\Ai-CDD\data\raw\dataset\test\NORMAL\normal_00283.png
normal,test,normal_00284.png,G:\Ai-CDD\data\raw\dataset\test\NORMAL\normal_00284.png
normal,test,normal_00285.png,G:\Ai-CDD\data\raw\dataset\test\NORMAL\normal_00285.png
normal,test,normal_00286.png,G:\Ai-CDD\data\raw\dataset\test\NORMAL\normal_00286.png
normal,test,normal_00287.png,G:\Ai-CDD\data\raw\dataset\test\NORMAL\normal_00287.png
normal,test,normal_00288.png,G:\Ai-CDD\data\raw\dataset\test\NORMAL\normal_00288.png
normal,test,normal_00289.png,G:\Ai-CDD\data\raw\dataset\test\NORMAL\normal_00289.png
normal,test,normal_00290.png,G:\Ai-CDD\data\raw\dataset\test\NORMAL\normal_00290.png
normal,test,normal_00291.png,G:\Ai-CDD\data\raw\dataset\test\NORMAL\normal_00291.png
normal,test,normal_00292.png,G:\Ai-CDD\data\raw\dataset\test\NORMAL\normal_00292.png
normal,test,normal_00293.png,G:\Ai-CDD\data\raw\dataset\test\NORMAL\normal_00293.png
normal,test,normal_00294.png,G:\Ai-CDD\data\raw\dataset\test\NORMAL\normal_00294.png
normal,test,normal_00295.png,G:\Ai-CDD\data\raw\dataset\test\NORMAL\normal_00295.png
normal,test,normal_00296.png,G:\Ai-CDD\data\raw\dataset\test\NORMAL\normal_00296.png
normal,test,normal_00297.png,G:\Ai-CDD\data\raw\dataset\test\NORMAL\normal_00297.png
normal,test,normal_00298.png,G:\Ai-CDD\data\raw\dataset\test\NORMAL\normal_00298.png
normal,test,normal_00299.png,G:\Ai-CDD\data\raw\dataset\test\NORMAL\normal_00299.png
normal,test,normal_00300.png,G:\Ai-CDD\data\raw\dataset\test\NORMAL\normal_00300.png
normal,test,normal_00301.png,G:\Ai-CDD\data\raw\dataset\test\NORMAL\normal_00301.png
normal,test,normal_00302.png,G:\Ai-CDD\data\raw\dataset\test\NORMAL\normal_00302.png
normal,test,normal_00303.png,G:\Ai-CDD\data\raw\dataset\test\NORMAL\normal_00303.png
normal,test,normal_00304.png,G:\Ai-CDD\data\raw\dataset\test\NORMAL\normal_00304.png
normal,test,normal_00305.png,G:\Ai-CDD\data\raw\dataset\test\NORMAL\normal_00305.png
normal,test,normal_00306.png,G:\Ai-CDD\data\raw\dataset\test\NORMAL\normal_00306.png
normal,test,normal_00307.png,G:\Ai-CDD\data\raw\dataset\test\NORMAL\normal_00307.png
normal,test,normal_00308.png,G:\Ai-CDD\data\raw\dataset\test\NORMAL\normal_00308.png
normal,test,normal_00309.png,G:\Ai-CDD\data\raw\dataset\test\NORMAL\normal_00309.png
normal,test,normal_00310.png,G:\Ai-CDD\data\raw\dataset\test\NORMAL\normal_00310.png
normal,test,normal_00311.png,G:\Ai-CDD\data\raw\dataset\test\NORMAL\normal_00311.png
normal,test,normal_00312.png,G:\Ai-CDD\data\raw\dataset\test\NORMAL\normal_00312.png
normal,test,normal_00313.png,G:\Ai-CDD\data\raw\dataset\test\NORMAL\normal_00313.png
normal,test,normal_00314.png,G:\Ai-CDD\data\raw\dataset\test\NORMAL\normal_00314.png
normal,test,normal_00315.png,G:\Ai-CDD\data\raw\dataset\test\NORMAL\normal_00315.png
normal,test,normal_00316.png,G:\Ai-CDD\data\raw\dataset\test\NORMAL\normal_00316.png
normal,test,normal_00317.png,G:\Ai-CDD\data\raw\dataset\test\NORMAL\normal_00317.png
normal,test,normal_00318.png,G:\Ai-CDD\data\raw\dataset\test\NORMAL\normal_00318.png
normal,test,normal_00319.png,G:\Ai-CDD\data\raw\dataset\test\NORMAL\normal_00319.png
normal,test,normal_00320.png,G:\Ai-CDD\data\raw\dataset\test\NORMAL\normal_00320.png
normal,test,normal_00321.png,G:\Ai-CDD\data\raw\dataset\test\NORMAL\normal_00321.png
normal,test,normal_00322.png,G:\Ai-CDD\data\raw\dataset\test\NORMAL\normal_00322.png
normal,test,normal_00323.png,G:\Ai-CDD\data\raw\dataset\test\NORMAL\normal_00323.png
normal,test,normal_00324.png,G:\Ai-CDD\data\raw\dataset\test\NORMAL\normal_00324.png
normal,test,normal_00325.png,G:\Ai-CDD\data\raw\dataset\test\NORMAL\normal_00325.png
normal,test,normal_00326.png,G:\Ai-CDD\data\raw\dataset\test\NORMAL\normal_00326.png
normal,test,normal_00327.png,G:\Ai-CDD\data\raw\dataset\test\NORMAL\normal_00327.png
normal,test,normal_00328.png,G:\Ai-CDD\data\raw\dataset\test\NORMAL\normal_00328.png
normal,test,normal_00329.png,G:\Ai-CDD\data\raw\dataset\test\NORMAL\normal_00329.png
normal,test,normal_00330.png,G:\Ai-CDD\data\raw\dataset\test\NORMAL\normal_00330.png
normal,test,normal_00331.png,G:\Ai-CDD\data\raw\dataset\test\NORMAL\normal_00331.png
normal,test,normal_00332.png,G:\Ai-CDD\data\raw\dataset\test\NORMAL\normal_00332.png
normal,test,normal_00333.png,G:\Ai-CDD\data\raw\dataset\test\NORMAL\normal_00333.png
normal,test,normal_00334.png,G:\Ai-CDD\data\raw\dataset\test\NORMAL\normal_00334.png
normal,test,normal_00335.png,G:\Ai-CDD\data\raw\dataset\test\NORMAL\normal_00335.png
normal,test,normal_00336.png,G:\Ai-CDD\data\raw\dataset\test\NORMAL\normal_00336.png
normal,test,normal_00337.png,G:\Ai-CDD\data\raw\dataset\test\NORMAL\normal_00337.png
normal,test,normal_00338.png,G:\Ai-CDD\data\raw\dataset\test\NORMAL\normal_00338.png
normal,test,normal_00339.png,G:\Ai-CDD\data\raw\dataset\test\NORMAL\normal_00339.png
normal,test,normal_00340.png,G:\Ai-CDD\data\raw\dataset\test\NORMAL\normal_00340.png
normal,test,normal_00341.png,G:\Ai-CDD\data\raw\dataset\test\NORMAL\normal_00341.png
normal,test,normal_00342.png,G:\Ai-CDD\data\raw\dataset\test\NORMAL\normal_00342.png
normal,test,normal_00343.png,G:\Ai-CDD\data\raw\dataset\test\NORMAL\normal_00343.png
normal,test,normal_00344.png,G:\Ai-CDD\data\raw\dataset\test\NORMAL\normal_00344.png
normal,test,normal_00345.png,G:\Ai-CDD\data\raw\dataset\test\NORMAL\normal_00345.png
normal,test,normal_00346.png,G:\Ai-CDD\data\raw\dataset\test\NORMAL\normal_00346.png
normal,test,normal_00347.png,G:\Ai-CDD\data\raw\dataset\test\NORMAL\normal_00347.png
normal,test,normal_00348.png,G:\Ai-CDD\data\raw\dataset\test\NORMAL\normal_00348.png
normal,test,normal_00349.png,G:\Ai-CDD\data\raw\dataset\test\NORMAL\normal_00349.png
normal,test,normal_00350.png,G:\Ai-CDD\data\raw\dataset\test\NORMAL\normal_00350.png
normal,test,normal_00351.png,G:\Ai-CDD\data\raw\dataset\test\NORMAL\normal_00351.png
normal,test,normal_00352.png,G:\Ai-CDD\data\raw\dataset\test\NORMAL\normal_00352.png
normal,test,normal_00353.png,G:\Ai-CDD\data\raw\dataset\test\NORMAL\normal_00353.png
normal,test,normal_00354.png,G:\Ai-CDD\data\raw\dataset\test\NORMAL\normal_00354.png
normal,test,normal_00355.png,G:\Ai-CDD\data\raw\dataset\test\NORMAL\normal_00355.png
normal,test,normal_00356.png,G:\Ai-CDD\data\raw\dataset\test\NORMAL\normal_00356.png
normal,test,normal_00357.png,G:\Ai-CDD\data\raw\dataset\test\NORMAL\normal_00357.png
normal,test,normal_00358.png,G:\Ai-CDD\data\raw\dataset\test\NORMAL\normal_00358.png
normal,test,normal_00359.png,G:\Ai-CDD\data\raw\dataset\test\NORMAL\normal_00359.png
normal,test,normal_00360.png,G:\Ai-CDD\data\raw\dataset\test\NORMAL\normal_00360.png
normal,test,normal_00361.png,G:\Ai-CDD\data\raw\dataset\test\NORMAL\normal_00361.png
normal,test,normal_00362.png,G:\Ai-CDD\data\raw\dataset\test\NORMAL\normal_00362.png
normal,test,normal_00363.png,G:\Ai-CDD\data\raw\dataset\test\NORMAL\normal_00363.png
normal,test,normal_00364.png,G:\Ai-CDD\data\raw\dataset\test\NORMAL\normal_00364.png
normal,test,normal_00365.png,G:\Ai-CDD\data\raw\dataset\test\NORMAL\normal_00365.png
normal,test,normal_00366.png,G:\Ai-CDD\data\raw\dataset\test\NORMAL\normal_00366.png
normal,test,normal_00367.png,G:\Ai-CDD\data\raw\dataset\test\NORMAL\normal_00367.png
normal,test,normal_00368.png,G:\Ai-CDD\data\raw\dataset\test\NORMAL\normal_00368.png
normal,test,normal_00369.png,G:\Ai-CDD\data\raw\dataset\test\NORMAL\normal_00369.png
normal,test,normal_00370.png,G:\Ai-CDD\data\raw\dataset\test\NORMAL\normal_00370.png
normal,test,normal_00371.png,G:\Ai-CDD\data\raw\dataset\test\NORMAL\normal_00371.png
normal,test,normal_00372.png,G:\Ai-CDD\data\raw\dataset\test\NORMAL\normal_00372.png
normal,test,normal_00373.png,G:\Ai-CDD\data\raw\dataset\test\NORMAL\normal_00373.png
normal,test,normal_00374.png,G:\Ai-CDD\data\raw\dataset\test\NORMAL\normal_00374.png
normal,test,normal_00375.png,G:\Ai-CDD\data\raw\dataset\test\NORMAL\normal_00375.png
normal,test,normal_00376.png,G:\Ai-CDD\data\raw\dataset\test\NORMAL\normal_00376.png
normal,test,normal_00377.png,G:\Ai-CDD\data\raw\dataset\test\NORMAL\normal_00377.png
normal,test,normal_00378.png,G:\Ai-CDD\data\raw\dataset\test\NORMAL\normal_00378.png
normal,test,normal_00379.png,G:\Ai-CDD\data\raw\dataset\test\NORMAL\normal_00379.png
normal,test,normal_00380.png,G:\Ai-CDD\data\raw\dataset\test\NORMAL\normal_00380.png
normal,test,normal_00381.png,G:\Ai-CDD\data\raw\dataset\test\NORMAL\normal_00381.png
normal,test,normal_00382.png,G:\Ai-CDD\data\raw\dataset\test\NORMAL\normal_00382.png
normal,test,normal_00383.png,G:\Ai-CDD\data\raw\dataset\test\NORMAL\normal_00383.png
normal,test,normal_00384.png,G:\Ai-CDD\data\raw\dataset\test\NORMAL\normal_00384.png
normal,test,normal_00385.png,G:\Ai-CDD\data\raw\dataset\test\NORMAL\normal_00385.png
normal,test,normal_00386.png,G:\Ai-CDD\data\raw\dataset\test\NORMAL\normal_00386.png
normal,test,normal_00387.png,G:\Ai-CDD\data\raw\dataset\test\NORMAL\normal_00387.png
normal,test,normal_00388.png,G:\Ai-CDD\data\raw\dataset\test\NORMAL\normal_00388.png
normal,test,normal_00389.png,G:\Ai-CDD\data\raw\dataset\test\NORMAL\normal_00389.png
normal,test,normal_00390.png,G:\Ai-CDD\data\raw\dataset\test\NORMAL\normal_00390.png
normal,test,normal_00391.png,G:\Ai-CDD\data\raw\dataset\test\NORMAL\normal_00391.png
normal,test,normal_00392.png,G:\Ai-CDD\data\raw\dataset\test\NORMAL\normal_00392.png
normal,test,normal_00393.png,G:\Ai-CDD\data\raw\dataset\test\NORMAL\normal_00393.png
normal,test,normal_00394.png,G:\Ai-CDD\data\raw\dataset\test\NORMAL\normal_00394.png
normal,test,normal_00395.png,G:\Ai-CDD\data\raw\dataset\test\NORMAL\normal_00395.png
normal,test,normal_00396.png,G:\Ai-CDD\data\raw\dataset\test\NORMAL\normal_00396.png
normal,test,normal_00397.png,G:\Ai-CDD\data\raw\dataset\test\NORMAL\normal_00397.png
normal,test,normal_00398.png,G:\Ai-CDD\data\raw\dataset\test\NORMAL\normal_00398.png
normal,test,normal_00399.png,G:\Ai-CDD\data\raw\dataset\test\NORMAL\normal_00399.png
normal,test,normal_00400.png,G:\Ai-CDD\data\raw\dataset\test\NORMAL\normal_00400.png
normal,test,normal_00401.png,G:\Ai-CDD\data\raw\dataset\test\NORMAL\normal_00401.png
normal,test,normal_00402.png,G:\Ai-CDD\data\raw\dataset\test\NORMAL\normal_00402.png
normal,test,normal_00403.png,G:\Ai-CDD\data\raw\dataset\test\NORMAL\normal_00403.png
normal,test,normal_00404.png,G:\Ai-CDD\data\raw\dataset\test\NORMAL\normal_00404.png
normal,test,normal_00405.png,G:\Ai-CDD\data\raw\dataset\test\NORMAL\normal_00405.png
normal,test,normal_00406.png,G:\Ai-CDD\data\raw\dataset\test\NORMAL\normal_00406.png
normal,test,normal_00407.png,G:\Ai-CDD\data\raw\dataset\test\NORMAL\normal_00407.png
normal,test,normal_00408.png,G:\Ai-CDD\data\raw\dataset\test\NORMAL\normal_00408.png
normal,test,normal_00409.png,G:\Ai-CDD\data\raw\dataset\test\NORMAL\normal_00409.png
normal,test,normal_00410.png,G:\Ai-CDD\data\raw\dataset\test\NORMAL\normal_00410.png
normal,test,normal_00411.png,G:\Ai-CDD\data\raw\dataset\test\NORMAL\normal_00411.png
normal,test,normal_00412.png,G:\Ai-CDD\data\raw\dataset\test\NORMAL\normal_00412.png
normal,test,normal_00413.png,G:\Ai-CDD\data\raw\dataset\test\NORMAL\normal_00413.png
normal,test,normal_00414.png,G:\Ai-CDD\data\raw\dataset\test\NORMAL\normal_00414.png
normal,test,normal_00415.png,G:\Ai-CDD\data\raw\dataset\test\NORMAL\normal_00415.png
normal,test,normal_00416.png,G:\Ai-CDD\data\raw\dataset\test\NORMAL\normal_00416.png
normal,test,normal_00417.png,G:\Ai-CDD\data\raw\dataset\test\NORMAL\normal_00417.png
normal,test,normal_00418.png,G:\Ai-CDD\data\raw\dataset\test\NORMAL\normal_00418.png
normal,test,normal_00419.png,G:\Ai-CDD\data\raw\dataset\test\NORMAL\normal_00419.png
normal,test,normal_00420.png,G:\Ai-CDD\data\raw\dataset\test\NORMAL\normal_00420.png
normal,test,normal_00421.png,G:\Ai-CDD\data\raw\dataset\test\NORMAL\normal_00421.png
normal,test,normal_00422.png,G:\Ai-CDD\data\raw\dataset\test\NORMAL\normal_00422.png
normal,test,normal_00423.png,G:\Ai-CDD\data\raw\dataset\test\NORMAL\normal_00423.png
normal,test,normal_00424.png,G:\Ai-CDD\data\raw\dataset\test\NORMAL\normal_00424.png
normal,test,normal_00425.png,G:\Ai-CDD\data\raw\dataset\test\NORMAL\normal_00425.png
normal,test,normal_00426.png,G:\Ai-CDD\data\raw\dataset\test\NORMAL\normal_00426.png
normal,test,normal_00427.png,G:\Ai-CDD\data\raw\dataset\test\NORMAL\normal_00427.png
normal,test,normal_00428.png,G:\Ai-CDD\data\raw\dataset\test\NORMAL\normal_00428.png
normal,test,normal_00429.png,G:\Ai-CDD\data\raw\dataset\test\NORMAL\normal_00429.png
normal,test,normal_00430.png,G:\Ai-CDD\data\raw\dataset\test\NORMAL\normal_00430.png
normal,test,normal_00431.png,G:\Ai-CDD\data\raw\dataset\test\NORMAL\normal_00431.png
normal,test,normal_00432.png,G:\Ai-CDD\data\raw\dataset\test\NORMAL\normal_00432.png
normal,test,normal_00433.png,G:\Ai-CDD\data\raw\dataset\test\NORMAL\normal_00433.png
normal,test,normal_00434.png,G:\Ai-CDD\data\raw\dataset\test\NORMAL\normal_00434.png
normal,test,normal_00435.png,G:\Ai-CDD\data\raw\dataset\test\NORMAL\normal_00435.png
normal,test,normal_00436.png,G:\Ai-CDD\data\raw\dataset\test\NORMAL\normal_00436.png
normal,test,normal_00437.png,G:\Ai-CDD\data\raw\dataset\test\NORMAL\normal_00437.png
normal,test,normal_00438.png,G:\Ai-CDD\data\raw\dataset\test\NORMAL\normal_00438.png
normal,test,normal_00439.png,G:\Ai-CDD\data\raw\dataset\test\NORMAL\normal_00439.png
normal,test,normal_00440.png,G:\Ai-CDD\data\raw\dataset\test\NORMAL\normal_00440.png
normal,test,normal_00441.png,G:\Ai-CDD\data\raw\dataset\test\NORMAL\normal_00441.png
normal,test,normal_00442.png,G:\Ai-CDD\data\raw\dataset\test\NORMAL\normal_00442.png
normal,test,normal_00443.png,G:\Ai-CDD\data\raw\dataset\test\NORMAL\normal_00443.png
normal,test,normal_00444.png,G:\Ai-CDD\data\raw\dataset\test\NORMAL\normal_00444.png
normal,test,normal_00445.png,G:\Ai-CDD\data\raw\dataset\test\NORMAL\normal_00445.png
normal,test,normal_00446.png,G:\Ai-CDD\data\raw\dataset\test\NORMAL\normal_00446.png
normal,test,normal_00447.png,G:\Ai-CDD\data\raw\dataset\test\NORMAL\normal_00447.png
normal,test,normal_00448.png,G:\Ai-CDD\data\raw\dataset\test\NORMAL\normal_00448.png
normal,test,normal_00449.png,G:\Ai-CDD\data\raw\dataset\test\NORMAL\normal_00449.png
normal,test,normal_00450.png,G:\Ai-CDD\data\raw\dataset\test\NORMAL\normal_00450.png
normal,test,normal_00451.png,G:\Ai-CDD\data\raw\dataset\test\NORMAL\normal_00451.png
normal,test,normal_00452.png,G:\Ai-CDD\data\raw\dataset\test\NORMAL\normal_00452.png
normal,test,normal_00453.png,G:\Ai-CDD\data\raw\dataset\test\NORMAL\normal_00453.png
normal,test,normal_00454.png,G:\Ai-CDD\data\raw\dataset\test\NORMAL\normal_00454.png
normal,test,normal_00455.png,G:\Ai-CDD\data\raw\dataset\test\NORMAL\normal_00455.png
normal,test,normal_00456.png,G:\Ai-CDD\data\raw\dataset\test\NORMAL\normal_00456.png
normal,test,normal_00457.png,G:\Ai-CDD\data\raw\dataset\test\NORMAL\normal_00457.png
normal,test,normal_00458.png,G:\Ai-CDD\data\raw\dataset\test\NORMAL\normal_00458.png
normal,test,normal_00459.png,G:\Ai-CDD\data\raw\dataset\test\NORMAL\normal_00459.png
normal,test,normal_00460.png,G:\Ai-CDD\data\raw\dataset\test\NORMAL\normal_00460.png
normal,test,normal_00461.png,G:\Ai-CDD\data\raw\dataset\test\NORMAL\normal_00461.png
normal,test,normal_00462.png,G:\Ai-CDD\data\raw\dataset\test\NORMAL\normal_00462.png
normal,test,normal_00463.png,G:\Ai-CDD\data\raw\dataset\test\NORMAL\normal_00463.png
normal,test,normal_00464.png,G:\Ai-CDD\data\raw\dataset\test\NORMAL\normal_00464.png
normal,test,normal_00465.png,G:\Ai-CDD\data\raw\dataset\test\NORMAL\normal_00465.png
normal,test,normal_00466.png,G:\Ai-CDD\data\raw\dataset\test\NORMAL\normal_00466.png
normal,test,normal_00467.png,G:\Ai-CDD\data\raw\dataset\test\NORMAL\normal_00467.png
normal,test,normal_00468.png,G:\Ai-CDD\data\raw\dataset\test\NORMAL\normal_00468.png
normal,test,normal_00469.png,G:\Ai-CDD\data\raw\dataset\test\NORMAL\normal_00469.png
normal,test,normal_00470.png,G:\Ai-CDD\data\raw\dataset\test\NORMAL\normal_00470.png
normal,test,normal_00471.png,G:\Ai-CDD\data\raw\dataset\test\NORMAL\normal_00471.png
normal,test,normal_00472.png,G:\Ai-CDD\data\raw\dataset\test\NORMAL\normal_00472.png
normal,test,normal_00473.png,G:\Ai-CDD\data\raw\dataset\test\NORMAL\normal_00473.png
normal,test,normal_00474.png,G:\Ai-CDD\data\raw\dataset\test\NORMAL\normal_00474.png
normal,test,normal_00475.png,G:\Ai-CDD\data\raw\dataset\test\NORMAL\normal_00475.png
normal,test,normal_00476.png,G:\Ai-CDD\data\raw\dataset\test\NORMAL\normal_00476.png
normal,test,normal_00477.png,G:\Ai-CDD\data\raw\dataset\test\NORMAL\normal_00477.png
normal,test,normal_00478.png,G:\Ai-CDD\data\raw\dataset\test\NORMAL\normal_00478.png
normal,test,normal_00479.png,G:\Ai-CDD\data\raw\dataset\test\NORMAL\normal_00479.png
normal,test,normal_00480.png,G:\Ai-CDD\data\raw\dataset\test\NORMAL\normal_00480.png
normal,test,normal_00481.png,G:\Ai-CDD\data\raw\dataset\test\NORMAL\normal_00481.png
normal,test,normal_00482.png,G:\Ai-CDD\data\raw\dataset\test\NORMAL\normal_00482.png
normal,test,normal_00483.png,G:\Ai-CDD\data\raw\dataset\test\NORMAL\normal_00483.png
normal,test,normal_00484.png,G:\Ai-CDD\data\raw\dataset\test\NORMAL\normal_00484.png
normal,test,normal_00485.png,G:\Ai-CDD\data\raw\dataset\test\NORMAL\normal_00485.png
normal,test,normal_00486.png,G:\Ai-CDD\data\raw\dataset\test\NORMAL\normal_00486.png
normal,test,normal_00487.png,G:\Ai-CDD\data\raw\dataset\test\NORMAL\normal_00487.png
normal,test,normal_00488.png,G:\Ai-CDD\data\raw\dataset\test\NORMAL\normal_00488.png
normal,test,normal_00489.png,G:\Ai-CDD\data\raw\dataset\test\NORMAL\normal_00489.png
normal,test,normal_00490.png,G:\Ai-CDD\data\raw\dataset\test\NORMAL\normal_00490.png
normal,test,normal_00491.png,G:\Ai-CDD\data\raw\dataset\test\NORMAL\normal_00491.png
normal,test,normal_00492.png,G:\Ai-CDD\data\raw\dataset\test\NORMAL\normal_00492.png
normal,test,normal_00493.png,G:\Ai-CDD\data\raw\dataset\test\NORMAL\normal_00493.png
normal,test,normal_00494.png,G:\Ai-CDD\data\raw\dataset\test\NORMAL\normal_00494.png
normal,test,normal_00495.png,G:\Ai-CDD\data\raw\dataset\test\NORMAL\normal_00495.png
normal,test,normal_00496.png,G:\Ai-CDD\data\raw\dataset\test\NORMAL\normal_00496.png
normal,test,normal_00497.png,G:\Ai-CDD\data\raw\dataset\test\NORMAL\normal_00497.png
normal,test,normal_00498.png,G:\Ai-CDD\data\raw\dataset\test\NORMAL\normal_00498.png
normal,test,normal_00499.png,G:\Ai-CDD\data\raw\dataset\test\NORMAL\normal_00499.png
normal,test,normal_00500.png,G:\Ai-CDD\data\raw\dataset\test\NORMAL\normal_00500.png
normal,test,normal_00501.png,G:\Ai-CDD\data\raw\dataset\test\NORMAL\normal_00501.png
normal,test,normal_00502.png,G:\Ai-CDD\data\raw\dataset\test\NORMAL\normal_00502.png
normal,test,normal_00503.png,G:\Ai-CDD\data\raw\dataset\test\NORMAL\normal_00503.png
normal,test,normal_00504.png,G:\Ai-CDD\data\raw\dataset\test\NORMAL\normal_00504.png
normal,test,normal_00505.png,G:\Ai-CDD\data\raw\dataset\test\NORMAL\normal_00505.png
normal,test,normal_00506.png,G:\Ai-CDD\data\raw\dataset\test\NORMAL\normal_00506.png
normal,test,normal_00507.png,G:\Ai-CDD\data\raw\dataset\test\NORMAL\normal_00507.png
normal,test,normal_00508.png,G:\Ai-CDD\data\raw\dataset\test\NORMAL\normal_00508.png
normal,test,normal_00509.png,G:\Ai-CDD\data\raw\dataset\test\NORMAL\normal_00509.png
normal,test,normal_00510.png,G:\Ai-CDD\data\raw\dataset\test\NORMAL\normal_00510.png
normal,test,normal_00511.png,G:\Ai-CDD\data\raw\dataset\test\NORMAL\normal_00511.png
normal,test,normal_00512.png,G:\Ai-CDD\data\raw\dataset\test\NORMAL\normal_00512.png
normal,test,normal_00513.png,G:\Ai-CDD\data\raw\dataset\test\NORMAL\normal_00513.png
normal,test,normal_00514.png,G:\Ai-CDD\data\raw\dataset\test\NORMAL\normal_00514.png
normal,test,normal_00515.png,G:\Ai-CDD\data\raw\dataset\test\NORMAL\normal_00515.png
normal,test,normal_00516.png,G:\Ai-CDD\data\raw\dataset\test\NORMAL\normal_00516.png
normal,test,normal_00517.png,G:\Ai-CDD\data\raw\dataset\test\NORMAL\normal_00517.png
normal,test,normal_00518.png,G:\Ai-CDD\data\raw\dataset\test\NORMAL\normal_00518.png
normal,test,normal_00519.png,G:\Ai-CDD\data\raw\dataset\test\NORMAL\normal_00519.png
normal,test,normal_00520.png,G:\Ai-CDD\data\raw\dataset\test\NORMAL\normal_00520.png
normal,test,normal_00521.png,G:\Ai-CDD\data\raw\dataset\test\NORMAL\normal_00521.png
normal,test,normal_00522.png,G:\Ai-CDD\data\raw\dataset\test\NORMAL\normal_00522.png
normal,test,normal_00523.png,G:\Ai-CDD\data\raw\dataset\test\NORMAL\normal_00523.png
normal,test,normal_00524.png,G:\Ai-CDD\data\raw\dataset\test\NORMAL\normal_00524.png
normal,test,normal_00525.png,G:\Ai-CDD\data\raw\dataset\test\NORMAL\normal_00525.png
normal,test,normal_00526.png,G:\Ai-CDD\data\raw\dataset\test\NORMAL\normal_00526.png
normal,test,normal_00527.png,G:\Ai-CDD\data\raw\dataset\test\NORMAL\normal_00527.png
normal,test,normal_00528.png,G:\Ai-CDD\data\raw\dataset\test\NORMAL\normal_00528.png
normal,test,normal_00529.png,G:\Ai-CDD\data\raw\dataset\test\NORMAL\normal_00529.png
normal,test,normal_00530.png,G:\Ai-CDD\data\raw\dataset\test\NORMAL\normal_00530.png
normal,test,normal_00531.png,G:\Ai-CDD\data\raw\dataset\test\NORMAL\normal_00531.png
normal,test,normal_00532.png,G:\Ai-CDD\data\raw\dataset\test\NORMAL\normal_00532.png
normal,test,normal_00533.png,G:\Ai-CDD\data\raw\dataset\test\NORMAL\normal_00533.png
normal,test,normal_00534.png,G:\Ai-CDD\data\raw\dataset\test\NORMAL\normal_00534.png
normal,test,normal_00535.png,G:\Ai-CDD\data\raw\dataset\test\NORMAL\normal_00535.png
normal,test,normal_00536.png,G:\Ai-CDD\data\raw\dataset\test\NORMAL\normal_00536.png
normal,test,normal_00537.png,G:\Ai-CDD\data\raw\dataset\test\NORMAL\normal_00537.png
normal,test,normal_00538.png,G:\Ai-CDD\data\raw\dataset\test\NORMAL\normal_00538.png
normal,test,normal_00539.png,G:\Ai-CDD\data\raw\dataset\test\NORMAL\normal_00539.png
normal,test,normal_00540.png,G:\Ai-CDD\data\raw\dataset\test\NORMAL\normal_00540.png
normal,test,normal_00541.png,G:\Ai-CDD\data\raw\dataset\test\NORMAL\normal_00541.png
normal,test,normal_00542.png,G:\Ai-CDD\data\raw\dataset\test\NORMAL\normal_00542.png
normal,test,normal_00543.png,G:\Ai-CDD\data\raw\dataset\test\NORMAL\normal_00543.png
normal,test,normal_00544.png,G:\Ai-CDD\data\raw\dataset\test\NORMAL\normal_00544.png
normal,test,normal_00545.png,G:\Ai-CDD\data\raw\dataset\test\NORMAL\normal_00545.png
normal,test,normal_00546.png,G:\Ai-CDD\data\raw\dataset\test\NORMAL\normal_00546.png
normal,test,normal_00547.png,G:\Ai-CDD\data\raw\dataset\test\NORMAL\normal_00547.png
normal,test,normal_00548.png,G:\Ai-CDD\data\raw\dataset\test\NORMAL\normal_00548.png
normal,test,normal_00549.png,G:\Ai-CDD\data\raw\dataset\test\NORMAL\normal_00549.png
normal,test,normal_00550.png,G:\Ai-CDD\data\raw\dataset\test\NORMAL\normal_00550.png
normal,test,normal_00551.png,G:\Ai-CDD\data\raw\dataset\test\NORMAL\normal_00551.png
normal,test,normal_00552.png,G:\Ai-CDD\data\raw\dataset\test\NORMAL\normal_00552.png
normal,test,normal_00553.png,G:\Ai-CDD\data\raw\dataset\test\NORMAL\normal_00553.png
normal,test,normal_00554.png,G:\Ai-CDD\data\raw\dataset\test\NORMAL\normal_00554.png
normal,test,normal_00555.png,G:\Ai-CDD\data\raw\dataset\test\NORMAL\normal_00555.png
normal,test,normal_00556.png,G:\Ai-CDD\data\raw\dataset\test\NORMAL\normal_00556.png
normal,test,normal_00557.png,G:\Ai-CDD\data\raw\dataset\test\NORMAL\normal_00557.png
normal,test,normal_00558.png,G:\Ai-CDD\data\raw\dataset\test\NORMAL\normal_00558.png
normal,test,normal_00559.png,G:\Ai-CDD\data\raw\dataset\test\NORMAL\normal_00559.png
normal,test,normal_00560.png,G:\Ai-CDD\data\raw\dataset\test\NORMAL\normal_00560.png
normal,test,normal_00561.png,G:\Ai-CDD\data\raw\dataset\test\NORMAL\normal_00561.png
normal,test,normal_00562.png,G:\Ai-CDD\data\raw\dataset\test\NORMAL\normal_00562.png
normal,test,normal_00563.png,G:\Ai-CDD\data\raw\dataset\test\NORMAL\normal_00563.png
normal,test,normal_00564.png,G:\Ai-CDD\data\raw\dataset\test\NORMAL\normal_00564.png
normal,test,normal_00565.png,G:\Ai-CDD\data\raw\dataset\test\NORMAL\normal_00565.png
normal,test,normal_00566.png,G:\Ai-CDD\data\raw\dataset\test\NORMAL\normal_00566.png
normal,test,normal_00567.png,G:\Ai-CDD\data\raw\dataset\test\NORMAL\normal_00567.png
normal,test,normal_00568.png,G:\Ai-CDD\data\raw\dataset\test\NORMAL\normal_00568.png
normal,test,normal_00569.png,G:\Ai-CDD\data\raw\dataset\test\NORMAL\normal_00569.png
normal,test,normal_00570.png,G:\Ai-CDD\data\raw\dataset\test\NORMAL\normal_00570.png
normal,test,normal_00571.png,G:\Ai-CDD\data\raw\dataset\test\NORMAL\normal_00571.png
normal,test,normal_00572.png,G:\Ai-CDD\data\raw\dataset\test\NORMAL\normal_00572.png
normal,test,normal_00573.png,G:\Ai-CDD\data\raw\dataset\test\NORMAL\normal_00573.png
normal,test,normal_00574.png,G:\Ai-CDD\data\raw\dataset\test\NORMAL\normal_00574.png
normal,test,normal_00575.png,G:\Ai-CDD\data\raw\dataset\test\NORMAL\normal_00575.png
normal,test,normal_00576.png,G:\Ai-CDD\data\raw\dataset\test\NORMAL\normal_00576.png
normal,test,normal_00577.png,G:\Ai-CDD\data\raw\dataset\test\NORMAL\normal_00577.png
normal,test,normal_00578.png,G:\Ai-CDD\data\raw\dataset\test\NORMAL\normal_00578.png
normal,test,normal_00579.png,G:\Ai-CDD\data\raw\dataset\test\NORMAL\normal_00579.png
normal,test,normal_00580.png,G:\Ai-CDD\data\raw\dataset\test\NORMAL\normal_00580.png
normal,test,normal_00581.png,G:\Ai-CDD\data\raw\dataset\test\NORMAL\normal_00581.png
normal,test,normal_00582.png,G:\Ai-CDD\data\raw\dataset\test\NORMAL\normal_00582.png
normal,test,normal_00583.png,G:\Ai-CDD\data\raw\dataset\test\NORMAL\normal_00583.png
normal,test,normal_00584.png,G:\Ai-CDD\data\raw\dataset\test\NORMAL\normal_00584.png
normal,test,normal_00585.png,G:\Ai-CDD\data\raw\dataset\test\NORMAL\normal_00585.png
normal,test,normal_00586.png,G:\Ai-CDD\data\raw\dataset\test\NORMAL\normal_00586.png
normal,test,normal_00587.png,G:\Ai-CDD\data\raw\dataset\test\NORMAL\normal_00587.png
normal,test,normal_00588.png,G:\Ai-CDD\data\raw\dataset\test\NORMAL\normal_00588.png
normal,test,normal_00589.png,G:\Ai-CDD\data\raw\dataset\test\NORMAL\normal_00589.png
normal,test,normal_00590.png,G:\Ai-CDD\data\raw\dataset\test\NORMAL\normal_00590.png
normal,test,normal_00591.png,G:\Ai-CDD\data\raw\dataset\test\NORMAL\normal_00591.png
normal,test,normal_00592.png,G:\Ai-CDD\data\raw\dataset\test\NORMAL\normal_00592.png
normal,test,normal_00593.png,G:\Ai-CDD\data\raw\dataset\test\NORMAL\normal_00593.png
normal,test,normal_00594.png,G:\Ai-CDD\data\raw\dataset\test\NORMAL\normal_00594.png
normal,test,normal_00595.png,G:\Ai-CDD\data\raw\dataset\test\NORMAL\normal_00595.png
normal,test,normal_00596.png,G:\Ai-CDD\data\raw\dataset\test\NORMAL\normal_00596.png
normal,test,normal_00597.png,G:\Ai-CDD\data\raw\dataset\test\NORMAL\normal_00597.png
normal,test,normal_00598.png,G:\Ai-CDD\data\raw\dataset\test\NORMAL\normal_00598.png
normal,test,normal_00599.png,G:\Ai-CDD\data\raw\dataset\test\NORMAL\normal_00599.png
normal,test,normal_00600.png,G:\Ai-CDD\data\raw\dataset\test\NORMAL\normal_00600.png
normal,test,normal_00601.png,G:\Ai-CDD\data\raw\dataset\test\NORMAL\normal_00601.png
normal,test,normal_00602.png,G:\Ai-CDD\data\raw\dataset\test\NORMAL\normal_00602.png
normal,test,normal_00603.png,G:\Ai-CDD\data\raw\dataset\test\NORMAL\normal_00603.png
normal,test,normal_00604.png,G:\Ai-CDD\data\raw\dataset\test\NORMAL\normal_00604.png
normal,test,normal_00605.png,G:\Ai-CDD\data\raw\dataset\test\NORMAL\normal_00605.png
normal,test,normal_00606.png,G:\Ai-CDD\data\raw\dataset\test\NORMAL\normal_00606.png
normal,test,normal_00607.png,G:\Ai-CDD\data\raw\dataset\test\NORMAL\normal_00607.png
normal,test,normal_00608.png,G:\Ai-CDD\data\raw\dataset\test\NORMAL\normal_00608.png
normal,test,normal_00609.png,G:\Ai-CDD\data\raw\dataset\test\NORMAL\normal_00609.png
normal,test,normal_00610.png,G:\Ai-CDD\data\raw\dataset\test\NORMAL\normal_00610.png
normal,test,normal_00611.png,G:\Ai-CDD\data\raw\dataset\test\NORMAL\normal_00611.png
normal,test,normal_00612.png,G:\Ai-CDD\data\raw\dataset\test\NORMAL\normal_00612.png
normal,test,normal_00613.png,G:\Ai-CDD\data\raw\dataset\test\NORMAL\normal_00613.png
normal,test,normal_00614.png,G:\Ai-CDD\data\raw\dataset\test\NORMAL\normal_00614.png
normal,test,normal_00615.png,G:\Ai-CDD\data\raw\dataset\test\NORMAL\normal_00615.png
normal,test,normal_00616.png,G:\Ai-CDD\data\raw\dataset\test\NORMAL\normal_00616.png
normal,test,normal_00617.png,G:\Ai-CDD\data\raw\dataset\test\NORMAL\normal_00617.png
normal,test,normal_00618.png,G:\Ai-CDD\data\raw\dataset\test\NORMAL\normal_00618.png
normal,test,normal_00619.png,G:\Ai-CDD\data\raw\dataset\test\NORMAL\normal_00619.png
normal,test,normal_00620.png,G:\Ai-CDD\data\raw\dataset\test\NORMAL\normal_00620.png
normal,test,normal_00621.png,G:\Ai-CDD\data\raw\dataset\test\NORMAL\normal_00621.png
normal,test,normal_00622.png,G:\Ai-CDD\data\raw\dataset\test\NORMAL\normal_00622.png
normal,test,normal_00623.png,G:\Ai-CDD\data\raw\dataset\test\NORMAL\normal_00623.png
normal,test,normal_00624.png,G:\Ai-CDD\data\raw\dataset\test\NORMAL\normal_00624.png
normal,test,normal_00625.png,G:\Ai-CDD\data\raw\dataset\test\NORMAL\normal_00625.png
normal,test,normal_00626.png,G:\Ai-CDD\data\raw\dataset\test\NORMAL\normal_00626.png
normal,test,normal_00627.png,G:\Ai-CDD\data\raw\dataset\test\NORMAL\normal_00627.png
normal,test,normal_00628.png,G:\Ai-CDD\data\raw\dataset\test\NORMAL\normal_00628.png
normal,test,normal_00629.png,G:\Ai-CDD\data\raw\dataset\test\NORMAL\normal_00629.png
normal,test,normal_00630.png,G:\Ai-CDD\data\raw\dataset\test\NORMAL\normal_00630.png
normal,test,normal_00631.png,G:\Ai-CDD\data\raw\dataset\test\NORMAL\normal_00631.png
normal,test,normal_00632.png,G:\Ai-CDD\data\raw\dataset\test\NORMAL\normal_00632.png
normal,test,normal_00633.png,G:\Ai-CDD\data\raw\dataset\test\NORMAL\normal_00633.png
normal,test,normal_00634.png,G:\Ai-CDD\data\raw\dataset\test\NORMAL\normal_00634.png
normal,test,normal_00635.png,G:\Ai-CDD\data\raw\dataset\test\NORMAL\normal_00635.png
normal,test,normal_00636.png,G:\Ai-CDD\data\raw\dataset\test\NORMAL\normal_00636.png
normal,test,normal_00637.png,G:\Ai-CDD\data\raw\dataset\test\NORMAL\normal_00637.png
normal,test,normal_00638.png,G:\Ai-CDD\data\raw\dataset\test\NORMAL\normal_00638.png
normal,test,normal_00639.png,G:\Ai-CDD\data\raw\dataset\test\NORMAL\normal_00639.png
normal,test,normal_00640.png,G:\Ai-CDD\data\raw\dataset\test\NORMAL\normal_00640.png
normal,test,normal_00641.png,G:\Ai-CDD\data\raw\dataset\test\NORMAL\normal_00641.png
normal,test,normal_00642.png,G:\Ai-CDD\data\raw\dataset\test\NORMAL\normal_00642.png
normal,test,normal_00644.png,G:\Ai-CDD\data\raw\dataset\test\NORMAL\normal_00644.png
normal,test,normal_00645.png,G:\Ai-CDD\data\raw\dataset\test\NORMAL\normal_00645.png
normal,test,normal_00646.png,G:\Ai-CDD\data\raw\dataset\test\NORMAL\normal_00646.png
normal,test,normal_00647.png,G:\Ai-CDD\data\raw\dataset\test\NORMAL\normal_00647.png
normal,test,normal_00648.png,G:\Ai-CDD\data\raw\dataset\test\NORMAL\normal_00648.png
normal,test,normal_00649.png,G:\Ai-CDD\data\raw\dataset\test\NORMAL\normal_00649.png
normal,test,normal_00650.png,G:\Ai-CDD\data\raw\dataset\test\NORMAL\normal_00650.png
normal,test,normal_00651.png,G:\Ai-CDD\data\raw\dataset\test\NORMAL\normal_00651.png
normal,test,normal_00652.png,G:\Ai-CDD\data\raw\dataset\test\NORMAL\normal_00652.png
normal,test,normal_00653.png,G:\Ai-CDD\data\raw\dataset\test\NORMAL\normal_00653.png
normal,test,normal_00654.png,G:\Ai-CDD\data\raw\dataset\test\NORMAL\normal_00654.png
normal,test,normal_00655.png,G:\Ai-CDD\data\raw\dataset\test\NORMAL\normal_00655.png
normal,test,normal_00656.png,G:\Ai-CDD\data\raw\dataset\test\NORMAL\normal_00656.png
normal,test,normal_00657.png,G:\Ai-CDD\data\raw\dataset\test\NORMAL\normal_00657.png
normal,test,normal_00658.png,G:\Ai-CDD\data\raw\dataset\test\NORMAL\normal_00658.png
normal,test,normal_00659.png,G:\Ai-CDD\data\raw\dataset\test\NORMAL\normal_00659.png
normal,test,normal_00660.png,G:\Ai-CDD\data\raw\dataset\test\NORMAL\normal_00660.png
normal,test,normal_00661.png,G:\Ai-CDD\data\raw\dataset\test\NORMAL\normal_00661.png
normal,test,normal_00662.png,G:\Ai-CDD\data\raw\dataset\test\NORMAL\normal_00662.png
normal,test,normal_00663.png,G:\Ai-CDD\data\raw\dataset\test\NORMAL\normal_00663.png
normal,test,normal_00664.png,G:\Ai-CDD\data\raw\dataset\test\NORMAL\normal_00664.png
normal,test,normal_00665.png,G:\Ai-CDD\data\raw\dataset\test\NORMAL\normal_00665.png
normal,test,normal_00666.png,G:\Ai-CDD\data\raw\dataset\test\NORMAL\normal_00666.png
normal,test,normal_00667.png,G:\Ai-CDD\data\raw\dataset\test\NORMAL\normal_00667.png
normal,test,normal_00668.png,G:\Ai-CDD\data\raw\dataset\test\NORMAL\normal_00668.png
normal,test,normal_00669.png,G:\Ai-CDD\data\raw\dataset\test\NORMAL\normal_00669.png
normal,test,normal_00670.png,G:\Ai-CDD\data\raw\dataset\test\NORMAL\normal_00670.png
normal,test,normal_00671.png,G:\Ai-CDD\data\raw\dataset\test\NORMAL\normal_00671.png
normal,test,normal_00672.png,G:\Ai-CDD\data\raw\dataset\test\NORMAL\normal_00672.png
normal,test,normal_00673.png,G:\Ai-CDD\data\raw\dataset\test\NORMAL\normal_00673.png
normal,test,normal_00674.png,G:\Ai-CDD\data\raw\dataset\test\NORMAL\normal_00674.png
normal,test,normal_00675.png,G:\Ai-CDD\data\raw\dataset\test\NORMAL\normal_00675.png
normal,test,normal_00676.png,G:\Ai-CDD\data\raw\dataset\test\NORMAL\normal_00676.png
normal,test,normal_00677.png,G:\Ai-CDD\data\raw\dataset\test\NORMAL\normal_00677.png
normal,test,normal_00678.png,G:\Ai-CDD\data\raw\dataset\test\NORMAL\normal_00678.png
normal,test,normal_00679.png,G:\Ai-CDD\data\raw\dataset\test\NORMAL\normal_00679.png
normal,test,normal_00680.png,G:\Ai-CDD\data\raw\dataset\test\NORMAL\normal_00680.png
normal,test,normal_00681.png,G:\Ai-CDD\data\raw\dataset\test\NORMAL\normal_00681.png
normal,test,normal_00682.png,G:\Ai-CDD\data\raw\dataset\test\NORMAL\normal_00682.png
normal,test,normal_00683.png,G:\Ai-CDD\data\raw\dataset\test\NORMAL\normal_00683.png
normal,test,normal_00684.png,G:\Ai-CDD\data\raw\dataset\test\NORMAL\normal_00684.png
normal,test,normal_00685.png,G:\Ai-CDD\data\raw\dataset\test\NORMAL\normal_00685.png
normal,test,normal_00686.png,G:\Ai-CDD\data\raw\dataset\test\NORMAL\normal_00686.png
normal,test,normal_00687.png,G:\Ai-CDD\data\raw\dataset\test\NORMAL\normal_00687.png
normal,test,normal_00688.png,G:\Ai-CDD\data\raw\dataset\test\NORMAL\normal_00688.png
normal,test,normal_00689.png,G:\Ai-CDD\data\raw\dataset\test\NORMAL\normal_00689.png
normal,test,normal_00690.png,G:\Ai-CDD\data\raw\dataset\test\NORMAL\normal_00690.png
normal,test,normal_00691.png,G:\Ai-CDD\data\raw\dataset\test\NORMAL\normal_00691.png
normal,test,normal_00692.png,G:\Ai-CDD\data\raw\dataset\test\NORMAL\normal_00692.png
normal,test,normal_00693.png,G:\Ai-CDD\data\raw\dataset\test\NORMAL\normal_00693.png
normal,test,normal_00694.png,G:\Ai-CDD\data\raw\dataset\test\NORMAL\normal_00694.png
normal,test,normal_00695.png,G:\Ai-CDD\data\raw\dataset\test\NORMAL\normal_00695.png
normal,test,normal_00696.png,G:\Ai-CDD\data\raw\dataset\test\NORMAL\normal_00696.png
normal,test,normal_00697.png,G:\Ai-CDD\data\raw\dataset\test\NORMAL\normal_00697.png
normal,test,normal_00698.png,G:\Ai-CDD\data\raw\dataset\test\NORMAL\normal_00698.png
normal,test,normal_00699.png,G:\Ai-CDD\data\raw\dataset\test\NORMAL\normal_00699.png
normal,test,normal_00700.png,G:\Ai-CDD\data\raw\dataset\test\NORMAL\normal_00700.png
normal,test,normal_00701.png,G:\Ai-CDD\data\raw\dataset\test\NORMAL\normal_00701.png
normal,test,normal_00702.png,G:\Ai-CDD\data\raw\dataset\test\NORMAL\normal_00702.png
normal,test,normal_00703.png,G:\Ai-CDD\data\raw\dataset\test\NORMAL\normal_00703.png
normal,test,normal_00704.png,G:\Ai-CDD\data\raw\dataset\test\NORMAL\normal_00704.png
normal,test,normal_00705.png,G:\Ai-CDD\data\raw\dataset\test\NORMAL\normal_00705.png
normal,test,normal_00706.png,G:\Ai-CDD\data\raw\dataset\test\NORMAL\normal_00706.png
normal,test,normal_00707.png,G:\Ai-CDD\data\raw\dataset\test\NORMAL\normal_00707.png
normal,test,normal_00708.png,G:\Ai-CDD\data\raw\dataset\test\NORMAL\normal_00708.png
normal,test,normal_00709.png,G:\Ai-CDD\data\raw\dataset\test\NORMAL\normal_00709.png
normal,test,normal_00710.png,G:\Ai-CDD\data\raw\dataset\test\NORMAL\normal_00710.png
normal,test,normal_00711.png,G:\Ai-CDD\data\raw\dataset\test\NORMAL\normal_00711.png
normal,test,normal_00712.png,G:\Ai-CDD\data\raw\dataset\test\NORMAL\normal_00712.png
normal,test,normal_00713.png,G:\Ai-CDD\data\raw\dataset\test\NORMAL\normal_00713.png
normal,test,normal_00714.png,G:\Ai-CDD\data\raw\dataset\test\NORMAL\normal_00714.png
normal,test,normal_00715.png,G:\Ai-CDD\data\raw\dataset\test\NORMAL\normal_00715.png
normal,test,normal_00716.png,G:\Ai-CDD\data\raw\dataset\test\NORMAL\normal_00716.png
normal,test,normal_00717.png,G:\Ai-CDD\data\raw\dataset\test\NORMAL\normal_00717.png
normal,test,normal_00718.png,G:\Ai-CDD\data\raw\dataset\test\NORMAL\normal_00718.png
normal,test,normal_00719.png,G:\Ai-CDD\data\raw\dataset\test\NORMAL\normal_00719.png
normal,test,normal_00720.png,G:\Ai-CDD\data\raw\dataset\test\NORMAL\normal_00720.png
normal,test,normal_00721.png,G:\Ai-CDD\data\raw\dataset\test\NORMAL\normal_00721.png
normal,test,normal_00722.png,G:\Ai-CDD\data\raw\dataset\test\NORMAL\normal_00722.png
normal,test,normal_00723.png,G:\Ai-CDD\data\raw\dataset\test\NORMAL\normal_00723.png
normal,test,normal_00724.png,G:\Ai-CDD\data\raw\dataset\test\NORMAL\normal_00724.png
normal,test,normal_00725.png,G:\Ai-CDD\data\raw\dataset\test\NORMAL\normal_00725.png
normal,test,normal_00726.png,G:\Ai-CDD\data\raw\dataset\test\NORMAL\normal_00726.png
normal,test,normal_00727.png,G:\Ai-CDD\data\raw\dataset\test\NORMAL\normal_00727.png
normal,test,normal_00728.png,G:\Ai-CDD\data\raw\dataset\test\NORMAL\normal_00728.png
normal,test,normal_00729.png,G:\Ai-CDD\data\raw\dataset\test\NORMAL\normal_00729.png
normal,test,normal_00730.png,G:\Ai-CDD\data\raw\dataset\test\NORMAL\normal_00730.png
normal,test,normal_00731.png,G:\Ai-CDD\data\raw\dataset\test\NORMAL\normal_00731.png
normal,test,normal_00732.png,G:\Ai-CDD\data\raw\dataset\test\NORMAL\normal_00732.png
normal,test,normal_00733.png,G:\Ai-CDD\data\raw\dataset\test\NORMAL\normal_00733.png
normal,test,normal_00734.png,G:\Ai-CDD\data\raw\dataset\test\NORMAL\normal_00734.png
normal,test,normal_00735.png,G:\Ai-CDD\data\raw\dataset\test\NORMAL\normal_00735.png
normal,test,normal_00736.png,G:\Ai-CDD\data\raw\dataset\test\NORMAL\normal_00736.png
normal,test,normal_00737.png,G:\Ai-CDD\data\raw\dataset\test\NORMAL\normal_00737.png
normal,test,normal_00738.png,G:\Ai-CDD\data\raw\dataset\test\NORMAL\normal_00738.png
normal,test,normal_00739.png,G:\Ai-CDD\data\raw\dataset\test\NORMAL\normal_00739.png
normal,test,normal_00740.png,G:\Ai-CDD\data\raw\dataset\test\NORMAL\normal_00740.png
normal,test,normal_00741.png,G:\Ai-CDD\data\raw\dataset\test\NORMAL\normal_00741.png
normal,test,normal_00742.png,G:\Ai-CDD\data\raw\dataset\test\NORMAL\normal_00742.png
normal,test,normal_00743.png,G:\Ai-CDD\data\raw\dataset\test\NORMAL\normal_00743.png
normal,test,normal_00744.png,G:\Ai-CDD\data\raw\dataset\test\NORMAL\normal_00744.png
normal,test,normal_00745.png,G:\Ai-CDD\data\raw\dataset\test\NORMAL\normal_00745.png
normal,test,normal_00746.png,G:\Ai-CDD\data\raw\dataset\test\NORMAL\normal_00746.png
normal,test,normal_00747.png,G:\Ai-CDD\data\raw\dataset\test\NORMAL\normal_00747.png
normal,test,normal_00748.png,G:\Ai-CDD\data\raw\dataset\test\NORMAL\normal_00748.png
normal,test,normal_00749.png,G:\Ai-CDD\data\raw\dataset\test\NORMAL\normal_00749.png
normal,test,normal_00750.png,G:\Ai-CDD\data\raw\dataset\test\NORMAL\normal_00750.png
normal,test,normal_00751.png,G:\Ai-CDD\data\raw\dataset\test\NORMAL\normal_00751.png
normal,test,normal_00752.png,G:\Ai-CDD\data\raw\dataset\test\NORMAL\normal_00752.png
normal,test,normal_00753.png,G:\Ai-CDD\data\raw\dataset\test\NORMAL\normal_00753.png
normal,test,normal_00754.png,G:\Ai-CDD\data\raw\dataset\test\NORMAL\normal_00754.png
normal,test,normal_00755.png,G:\Ai-CDD\data\raw\dataset\test\NORMAL\normal_00755.png
normal,test,normal_00756.png,G:\Ai-CDD\data\raw\dataset\test\NORMAL\normal_00756.png
normal,test,normal_00757.png,G:\Ai-CDD\data\raw\dataset\test\NORMAL\normal_00757.png
normal,test,normal_00758.png,G:\Ai-CDD\data\raw\dataset\test\NORMAL\normal_00758.png
normal,test,normal_00759.png,G:\Ai-CDD\data\raw\dataset\test\NORMAL\normal_00759.png
normal,test,normal_00760.png,G:\Ai-CDD\data\raw\dataset\test\NORMAL\normal_00760.png
normal,test,normal_00761.png,G:\Ai-CDD\data\raw\dataset\test\NORMAL\normal_00761.png
normal,test,normal_00762.png,G:\Ai-CDD\data\raw\dataset\test\NORMAL\normal_00762.png
normal,test,normal_00763.png,G:\Ai-CDD\data\raw\dataset\test\NORMAL\normal_00763.png
normal,test,normal_00764.png,G:\Ai-CDD\data\raw\dataset\test\NORMAL\normal_00764.png
normal,test,normal_00765.png,G:\Ai-CDD\data\raw\dataset\test\NORMAL\normal_00765.png
normal,test,normal_00766.png,G:\Ai-CDD\data\raw\dataset\test\NORMAL\normal_00766.png
normal,test,normal_00767.png,G:\Ai-CDD\data\raw\dataset\test\NORMAL\normal_00767.png
normal,test,normal_00768.png,G:\Ai-CDD\data\raw\dataset\test\NORMAL\normal_00768.png
normal,test,normal_00769.png,G:\Ai-CDD\data\raw\dataset\test\NORMAL\normal_00769.png
normal,test,normal_00770.png,G:\Ai-CDD\data\raw\dataset\test\NORMAL\normal_00770.png
normal,test,normal_00771.png,G:\Ai-CDD\data\raw\dataset\test\NORMAL\normal_00771.png
normal,test,normal_00772.png,G:\Ai-CDD\data\raw\dataset\test\NORMAL\normal_00772.png
normal,test,normal_00773.png,G:\Ai-CDD\data\raw\dataset\test\NORMAL\normal_00773.png
normal,test,normal_00774.png,G:\Ai-CDD\data\raw\dataset\test\NORMAL\normal_00774.png
normal,test,normal_00775.png,G:\Ai-CDD\data\raw\dataset\test\NORMAL\normal_00775.png
normal,test,normal_00776.png,G:\Ai-CDD\data\raw\dataset\test\NORMAL\normal_00776.png
normal,test,normal_00777.png,G:\Ai-CDD\data\raw\dataset\test\NORMAL\normal_00777.png
normal,test,normal_00778.png,G:\Ai-CDD\data\raw\dataset\test\NORMAL\normal_00778.png
normal,test,normal_00779.png,G:\Ai-CDD\data\raw\dataset\test\NORMAL\normal_00779.png
normal,test,normal_00780.png,G:\Ai-CDD\data\raw\dataset\test\NORMAL\normal_00780.png
normal,test,normal_00781.png,G:\Ai-CDD\data\raw\dataset\test\NORMAL\normal_00781.png
normal,test,normal_00782.png,G:\Ai-CDD\data\raw\dataset\test\NORMAL\normal_00782.png
normal,test,normal_00783.png,G:\Ai-CDD\data\raw\dataset\test\NORMAL\normal_00783.png
normal,test,normal_00784.png,G:\Ai-CDD\data\raw\dataset\test\NORMAL\normal_00784.png
normal,test,normal_00785.png,G:\Ai-CDD\data\raw\dataset\test\NORMAL\normal_00785.png
normal,test,normal_00786.png,G:\Ai-CDD\data\raw\dataset\test\NORMAL\normal_00786.png
normal,test,normal_00787.png,G:\Ai-CDD\data\raw\dataset\test\NORMAL\normal_00787.png
normal,test,normal_00788.png,G:\Ai-CDD\data\raw\dataset\test\NORMAL\normal_00788.png
normal,test,normal_00789.png,G:\Ai-CDD\data\raw\dataset\test\NORMAL\normal_00789.png
normal,test,normal_00790.png,G:\Ai-CDD\data\raw\dataset\test\NORMAL\normal_00790.png
normal,test,normal_00791.png,G:\Ai-CDD\data\raw\dataset\test\NORMAL\normal_00791.png
normal,test,normal_00792.png,G:\Ai-CDD\data\raw\dataset\test\NORMAL\normal_00792.png
normal,test,normal_00793.png,G:\Ai-CDD\data\raw\dataset\test\NORMAL\normal_00793.png
normal,test,normal_00794.png,G:\Ai-CDD\data\raw\dataset\test\NORMAL\normal_00794.png
normal,test,normal_00795.png,G:\Ai-CDD\data\raw\dataset\test\NORMAL\normal_00795.png
normal,test,normal_00796.png,G:\Ai-CDD\data\raw\dataset\test\NORMAL\normal_00796.png
normal,test,normal_00797.png,G:\Ai-CDD\data\raw\dataset\test\NORMAL\normal_00797.png
normal,test,normal_00798.png,G:\Ai-CDD\data\raw\dataset\test\NORMAL\normal_00798.png
normal,test,normal_00799.png,G:\Ai-CDD\data\raw\dataset\test\NORMAL\normal_00799.png
normal,test,normal_00800.png,G:\Ai-CDD\data\raw\dataset\test\NORMAL\normal_00800.png
normal,test,normal_00801.png,G:\Ai-CDD\data\raw\dataset\test\NORMAL\normal_00801.png
normal,test,normal_00802.png,G:\Ai-CDD\data\raw\dataset\test\NORMAL\normal_00802.png
normal,test,normal_00803.png,G:\Ai-CDD\data\raw\dataset\test\NORMAL\normal_00803.png
normal,test,normal_00804.png,G:\Ai-CDD\data\raw\dataset\test\NORMAL\normal_00804.png
normal,test,normal_00805.png,G:\Ai-CDD\data\raw\dataset\test\NORMAL\normal_00805.png
normal,test,normal_00806.png,G:\Ai-CDD\data\raw\dataset\test\NORMAL\normal_00806.png
normal,test,normal_00807.png,G:\Ai-CDD\data\raw\dataset\test\NORMAL\normal_00807.png
normal,test,normal_00808.png,G:\Ai-CDD\data\raw\dataset\test\NORMAL\normal_00808.png
normal,test,normal_00809.png,G:\Ai-CDD\data\raw\dataset\test\NORMAL\normal_00809.png
normal,test,normal_00810.png,G:\Ai-CDD\data\raw\dataset\test\NORMAL\normal_00810.png
normal,test,normal_00811.png,G:\Ai-CDD\data\raw\dataset\test\NORMAL\normal_00811.png
normal,test,normal_00812.png,G:\Ai-CDD\data\raw\dataset\test\NORMAL\normal_00812.png
normal,test,normal_00813.png,G:\Ai-CDD\data\raw\dataset\test\NORMAL\normal_00813.png
normal,test,normal_00814.png,G:\Ai-CDD\data\raw\dataset\test\NORMAL\normal_00814.png
normal,test,normal_00815.png,G:\Ai-CDD\data\raw\dataset\test\NORMAL\normal_00815.png
normal,test,normal_00816.png,G:\Ai-CDD\data\raw\dataset\test\NORMAL\normal_00816.png
normal,test,normal_00817.png,G:\Ai-CDD\data\raw\dataset\test\NORMAL\normal_00817.png
normal,test,normal_00818.png,G:\Ai-CDD\data\raw\dataset\test\NORMAL\normal_00818.png
normal,test,normal_00819.png,G:\Ai-CDD\data\raw\dataset\test\NORMAL\normal_00819.png
normal,test,normal_00820.png,G:\Ai-CDD\data\raw\dataset\test\NORMAL\normal_00820.png
normal,test,normal_00821.png,G:\Ai-CDD\data\raw\dataset\test\NORMAL\normal_00821.png
normal,test,normal_00822.png,G:\Ai-CDD\data\raw\dataset\test\NORMAL\normal_00822.png
normal,test,normal_00823.png,G:\Ai-CDD\data\raw\dataset\test\NORMAL\normal_00823.png
normal,test,normal_00824.png,G:\Ai-CDD\data\raw\dataset\test\NORMAL\normal_00824.png
normal,test,normal_00825.png,G:\Ai-CDD\data\raw\dataset\test\NORMAL\normal_00825.png
normal,test,normal_00826.png,G:\Ai-CDD\data\raw\dataset\test\NORMAL\normal_00826.png
normal,test,normal_00827.png,G:\Ai-CDD\data\raw\dataset\test\NORMAL\normal_00827.png
normal,test,normal_00828.png,G:\Ai-CDD\data\raw\dataset\test\NORMAL\normal_00828.png
normal,test,normal_00829.png,G:\Ai-CDD\data\raw\dataset\test\NORMAL\normal_00829.png
normal,test,normal_00830.png,G:\Ai-CDD\data\raw\dataset\test\NORMAL\normal_00830.png
normal,test,normal_00831.png,G:\Ai-CDD\data\raw\dataset\test\NORMAL\normal_00831.png
normal,test,normal_00832.png,G:\Ai-CDD\data\raw\dataset\test\NORMAL\normal_00832.png
normal,test,normal_00833.png,G:\Ai-CDD\data\raw\dataset\test\NORMAL\normal_00833.png
normal,test,normal_00834.png,G:\Ai-CDD\data\raw\dataset\test\NORMAL\normal_00834.png
normal,test,normal_00835.png,G:\Ai-CDD\data\raw\dataset\test\NORMAL\normal_00835.png
normal,test,normal_00836.png,G:\Ai-CDD\data\raw\dataset\test\NORMAL\normal_00836.png
normal,test,normal_00837.png,G:\Ai-CDD\data\raw\dataset\test\NORMAL\normal_00837.png
normal,test,normal_00838.png,G:\Ai-CDD\data\raw\dataset\test\NORMAL\normal_00838.png
normal,test,normal_00839.png,G:\Ai-CDD\data\raw\dataset\test\NORMAL\normal_00839.png
normal,test,normal_00840.png,G:\Ai-CDD\data\raw\dataset\test\NORMAL\normal_00840.png
normal,test,normal_00841.png,G:\Ai-CDD\data\raw\dataset\test\NORMAL\normal_00841.png
normal,test,normal_00842.png,G:\Ai-CDD\data\raw\dataset\test\NORMAL\normal_00842.png
normal,test,normal_00843.png,G:\Ai-CDD\data\raw\dataset\test\NORMAL\normal_00843.png
normal,test,normal_00844.png,G:\Ai-CDD\data\raw\dataset\test\NORMAL\normal_00844.png
normal,test,normal_00845.png,G:\Ai-CDD\data\raw\dataset\test\NORMAL\normal_00845.png
normal,test,normal_00846.png,G:\Ai-CDD\data\raw\dataset\test\NORMAL\normal_00846.png
normal,test,normal_00847.png,G:\Ai-CDD\data\raw\dataset\test\NORMAL\normal_00847.png
normal,test,normal_00848.png,G:\Ai-CDD\data\raw\dataset\test\NORMAL\normal_00848.png
normal,test,normal_00849.png,G:\Ai-CDD\data\raw\dataset\test\NORMAL\normal_00849.png
normal,test,normal_00850.png,G:\Ai-CDD\data\raw\dataset\test\NORMAL\normal_00850.png
normal,test,normal_00851.png,G:\Ai-CDD\data\raw\dataset\test\NORMAL\normal_00851.png
normal,test,normal_00852.png,G:\Ai-CDD\data\raw\dataset\test\NORMAL\normal_00852.png
normal,test,normal_00853.png,G:\Ai-CDD\data\raw\dataset\test\NORMAL\normal_00853.png
normal,test,normal_00854.png,G:\Ai-CDD\data\raw\dataset\test\NORMAL\normal_00854.png
normal,test,normal_00855.png,G:\Ai-CDD\data\raw\dataset\test\NORMAL\normal_00855.png
normal,test,normal_00856.png,G:\Ai-CDD\data\raw\dataset\test\NORMAL\normal_00856.png
normal,test,normal_00857.png,G:\Ai-CDD\data\raw\dataset\test\NORMAL\normal_00857.png
normal,test,normal_00858.png,G:\Ai-CDD\data\raw\dataset\test\NORMAL\normal_00858.png
normal,test,normal_00859.png,G:\Ai-CDD\data\raw\dataset\test\NORMAL\normal_00859.png
normal,test,normal_00860.png,G:\Ai-CDD\data\raw\dataset\test\NORMAL\normal_00860.png
normal,test,normal_00861.png,G:\Ai-CDD\data\raw\dataset\test\NORMAL\normal_00861.png
normal,test,normal_00862.png,G:\Ai-CDD\data\raw\dataset\test\NORMAL\normal_00862.png
normal,test,normal_00863.png,G:\Ai-CDD\data\raw\dataset\test\NORMAL\normal_00863.png
normal,test,normal_00864.png,G:\Ai-CDD\data\raw\dataset\test\NORMAL\normal_00864.png
normal,test,normal_00865.png,G:\Ai-CDD\data\raw\dataset\test\NORMAL\normal_00865.png
normal,test,normal_00866.png,G:\Ai-CDD\data\raw\dataset\test\NORMAL\normal_00866.png
normal,test,normal_00867.png,G:\Ai-CDD\data\raw\dataset\test\NORMAL\normal_00867.png
normal,test,normal_00868.png,G:\Ai-CDD\data\raw\dataset\test\NORMAL\normal_00868.png
normal,test,normal_00869.png,G:\Ai-CDD\data\raw\dataset\test\NORMAL\normal_00869.png
normal,test,normal_00870.png,G:\Ai-CDD\data\raw\dataset\test\NORMAL\normal_00870.png
normal,test,normal_00871.png,G:\Ai-CDD\data\raw\dataset\test\NORMAL\normal_00871.png
normal,test,normal_00872.png,G:\Ai-CDD\data\raw\dataset\test\NORMAL\normal_00872.png
normal,test,normal_00873.png,G:\Ai-CDD\data\raw\dataset\test\NORMAL\normal_00873.png
normal,test,normal_00874.png,G:\Ai-CDD\data\raw\dataset\test\NORMAL\normal_00874.png
normal,test,normal_00875.png,G:\Ai-CDD\data\raw\dataset\test\NORMAL\normal_00875.png
normal,test,normal_00876.png,G:\Ai-CDD\data\raw\dataset\test\NORMAL\normal_00876.png
normal,test,normal_00877.png,G:\Ai-CDD\data\raw\dataset\test\NORMAL\normal_00877.png
normal,test,normal_00878.png,G:\Ai-CDD\data\raw\dataset\test\NORMAL\normal_00878.png
normal,test,normal_00879.png,G:\Ai-CDD\data\raw\dataset\test\NORMAL\normal_00879.png
normal,test,normal_00880.png,G:\Ai-CDD\data\raw\dataset\test\NORMAL\normal_00880.png
normal,test,normal_00881.png,G:\Ai-CDD\data\raw\dataset\test\NORMAL\normal_00881.png
normal,test,normal_00882.png,G:\Ai-CDD\data\raw\dataset\test\NORMAL\normal_00882.png
normal,test,normal_00883.png,G:\Ai-CDD\data\raw\dataset\test\NORMAL\normal_00883.png
normal,test,normal_00884.png,G:\Ai-CDD\data\raw\dataset\test\NORMAL\normal_00884.png
normal,test,normal_00885.png,G:\Ai-CDD\data\raw\dataset\test\NORMAL\normal_00885.png
normal,test,normal_00886.png,G:\Ai-CDD\data\raw\dataset\test\NORMAL\normal_00886.png
normal,test,normal_00887.png,G:\Ai-CDD\data\raw\dataset\test\NORMAL\normal_00887.png
normal,test,normal_00888.png,G:\Ai-CDD\data\raw\dataset\test\NORMAL\normal_00888.png
normal,test,normal_00889.png,G:\Ai-CDD\data\raw\dataset\test\NORMAL\normal_00889.png
normal,test,normal_00890.png,G:\Ai-CDD\data\raw\dataset\test\NORMAL\normal_00890.png
normal,test,normal_00891.png,G:\Ai-CDD\data\raw\dataset\test\NORMAL\normal_00891.png
normal,test,normal_00892.png,G:\Ai-CDD\data\raw\dataset\test\NORMAL\normal_00892.png
normal,test,normal_00893.png,G:\Ai-CDD\data\raw\dataset\test\NORMAL\normal_00893.png
normal,test,normal_00894.png,G:\Ai-CDD\data\raw\dataset\test\NORMAL\normal_00894.png
normal,test,normal_00895.png,G:\Ai-CDD\data\raw\dataset\test\NORMAL\normal_00895.png
normal,test,normal_00896.png,G:\Ai-CDD\data\raw\dataset\test\NORMAL\normal_00896.png
normal,test,normal_00897.png,G:\Ai-CDD\data\raw\dataset\test\NORMAL\normal_00897.png
normal,test,normal_00898.png,G:\Ai-CDD\data\raw\dataset\test\NORMAL\normal_00898.png
normal,test,normal_00899.png,G:\Ai-CDD\data\raw\dataset\test\NORMAL\normal_00899.png
normal,test,normal_00900.png,G:\Ai-CDD\data\raw\dataset\test\NORMAL\normal_00900.png
normal,test,normal_00901.png,G:\Ai-CDD\data\raw\dataset\test\NORMAL\normal_00901.png
normal,test,normal_00902.png,G:\Ai-CDD\data\raw\dataset\test\NORMAL\normal_00902.png
normal,test,normal_00903.png,G:\Ai-CDD\data\raw\dataset\test\NORMAL\normal_00903.png
normal,test,normal_00904.png,G:\Ai-CDD\data\raw\dataset\test\NORMAL\normal_00904.png
normal,test,normal_00905.png,G:\Ai-CDD\data\raw\dataset\test\NORMAL\normal_00905.png
normal,test,normal_00906.png,G:\Ai-CDD\data\raw\dataset\test\NORMAL\normal_00906.png
normal,test,normal_00907.png,G:\Ai-CDD\data\raw\dataset\test\NORMAL\normal_00907.png
normal,test,normal_00908.png,G:\Ai-CDD\data\raw\dataset\test\NORMAL\normal_00908.png
normal,test,normal_00909.png,G:\Ai-CDD\data\raw\dataset\test\NORMAL\normal_00909.png
normal,test,normal_00910.png,G:\Ai-CDD\data\raw\dataset\test\NORMAL\normal_00910.png
normal,test,normal_00911.png,G:\Ai-CDD\data\raw\dataset\test\NORMAL\normal_00911.png
normal,test,normal_00912.png,G:\Ai-CDD\data\raw\dataset\test\NORMAL\normal_00912.png
normal,test,normal_00913.png,G:\Ai-CDD\data\raw\dataset\test\NORMAL\normal_00913.png
normal,test,normal_00914.png,G:\Ai-CDD\data\raw\dataset\test\NORMAL\normal_00914.png
normal,test,normal_00915.png,G:\Ai-CDD\data\raw\dataset\test\NORMAL\normal_00915.png
normal,test,normal_00916.png,G:\Ai-CDD\data\raw\dataset\test\NORMAL\normal_00916.png
normal,test,normal_00917.png,G:\Ai-CDD\data\raw\dataset\test\NORMAL\normal_00917.png
normal,test,normal_00918.png,G:\Ai-CDD\data\raw\dataset\test\NORMAL\normal_00918.png
normal,test,normal_00919.png,G:\Ai-CDD\data\raw\dataset\test\NORMAL\normal_00919.png
normal,test,normal_00920.png,G:\Ai-CDD\data\raw\dataset\test\NORMAL\normal_00920.png
normal,test,normal_00921.png,G:\Ai-CDD\data\raw\dataset\test\NORMAL\normal_00921.png
normal,test,normal_00922.png,G:\Ai-CDD\data\raw\dataset\test\NORMAL\normal_00922.png
normal,test,normal_00923.png,G:\Ai-CDD\data\raw\dataset\test\NORMAL\normal_00923.png
normal,test,normal_00924.png,G:\Ai-CDD\data\raw\dataset\test\NORMAL\normal_00924.png
normal,test,normal_00925.png,G:\Ai-CDD\data\raw\dataset\test\NORMAL\normal_00925.png
normal,test,normal_00926.png,G:\Ai-CDD\data\raw\dataset\test\NORMAL\normal_00926.png
normal,test,normal_00927.png,G:\Ai-CDD\data\raw\dataset\test\NORMAL\normal_00927.png
normal,test,normal_00928.png,G:\Ai-CDD\data\raw\dataset\test\NORMAL\normal_00928.png
normal,test,normal_00929.png,G:\Ai-CDD\data\raw\dataset\test\NORMAL\normal_00929.png
normal,test,normal_00930.png,G:\Ai-CDD\data\raw\dataset\test\NORMAL\normal_00930.png
normal,test,normal_00931.png,G:\Ai-CDD\data\raw\dataset\test\NORMAL\normal_00931.png
normal,test,normal_00932.png,G:\Ai-CDD\data\raw\dataset\test\NORMAL\normal_00932.png
normal,test,normal_00933.png,G:\Ai-CDD\data\raw\dataset\test\NORMAL\normal_00933.png
normal,test,normal_00934.png,G:\Ai-CDD\data\raw\dataset\test\NORMAL\normal_00934.png
normal,test,normal_00935.png,G:\Ai-CDD\data\raw\dataset\test\NORMAL\normal_00935.png
normal,test,normal_00936.png,G:\Ai-CDD\data\raw\dataset\test\NORMAL\normal_00936.png
normal,test,normal_00937.png,G:\Ai-CDD\data\raw\dataset\test\NORMAL\normal_00937.png
normal,test,normal_00938.png,G:\Ai-CDD\data\raw\dataset\test\NORMAL\normal_00938.png
normal,test,normal_00939.png,G:\Ai-CDD\data\raw\dataset\test\NORMAL\normal_00939.png
normal,test,normal_00940.png,G:\Ai-CDD\data\raw\dataset\test\NORMAL\normal_00940.png
normal,test,normal_00941.png,G:\Ai-CDD\data\raw\dataset\test\NORMAL\normal_00941.png
normal,test,normal_00942.png,G:\Ai-CDD\data\raw\dataset\test\NORMAL\normal_00942.png
normal,test,normal_00943.png,G:\Ai-CDD\data\raw\dataset\test\NORMAL\normal_00943.png
normal,test,normal_00944.png,G:\Ai-CDD\data\raw\dataset\test\NORMAL\normal_00944.png
normal,test,normal_00945.png,G:\Ai-CDD\data\raw\dataset\test\NORMAL\normal_00945.png
normal,test,normal_00946.png,G:\Ai-CDD\data\raw\dataset\test\NORMAL\normal_00946.png
normal,test,normal_00947.png,G:\Ai-CDD\data\raw\dataset\test\NORMAL\normal_00947.png
normal,test,normal_00948.png,G:\Ai-CDD\data\raw\dataset\test\NORMAL\normal_00948.png
normal,test,normal_00949.png,G:\Ai-CDD\data\raw\dataset\test\NORMAL\normal_00949.png
normal,test,normal_00950.png,G:\Ai-CDD\data\raw\dataset\test\NORMAL\normal_00950.png
normal,test,normal_00951.png,G:\Ai-CDD\data\raw\dataset\test\NORMAL\normal_00951.png
normal,test,normal_00952.png,G:\Ai-CDD\data\raw\dataset\test\NORMAL\normal_00952.png
normal,test,normal_00953.png,G:\Ai-CDD\data\raw\dataset\test\NORMAL\normal_00953.png
normal,test,normal_00954.png,G:\Ai-CDD\data\raw\dataset\test\NORMAL\normal_00954.png
normal,test,normal_00955.png,G:\Ai-CDD\data\raw\dataset\test\NORMAL\normal_00955.png
normal,test,normal_00956.png,G:\Ai-CDD\data\raw\dataset\test\NORMAL\normal_00956.png
normal,test,normal_00957.png,G:\Ai-CDD\data\raw\dataset\test\NORMAL\normal_00957.png
normal,test,normal_00958.png,G:\Ai-CDD\data\raw\dataset\test\NORMAL\normal_00958.png
normal,test,normal_00959.png,G:\Ai-CDD\data\raw\dataset\test\NORMAL\normal_00959.png
normal,test,normal_00960.png,G:\Ai-CDD\data\raw\dataset\test\NORMAL\normal_00960.png
normal,test,normal_00961.png,G:\Ai-CDD\data\raw\dataset\test\NORMAL\normal_00961.png
normal,test,normal_00962.png,G:\Ai-CDD\data\raw\dataset\test\NORMAL\normal_00962.png
normal,test,normal_00963.png,G:\Ai-CDD\data\raw\dataset\test\NORMAL\normal_00963.png
normal,test,normal_00964.png,G:\Ai-CDD\data\raw\dataset\test\NORMAL\normal_00964.png
normal,test,normal_00965.png,G:\Ai-CDD\data\raw\dataset\test\NORMAL\normal_00965.png
normal,test,normal_00966.png,G:\Ai-CDD\data\raw\dataset\test\NORMAL\normal_00966.png
normal,test,normal_00967.png,G:\Ai-CDD\data\raw\dataset\test\NORMAL\normal_00967.png
normal,test,normal_00968.png,G:\Ai-CDD\data\raw\dataset\test\NORMAL\normal_00968.png
normal,test,normal_00969.png,G:\Ai-CDD\data\raw\dataset\test\NORMAL\normal_00969.png
normal,test,normal_00970.png,G:\Ai-CDD\data\raw\dataset\test\NORMAL\normal_00970.png
normal,test,normal_00971.png,G:\Ai-CDD\data\raw\dataset\test\NORMAL\normal_00971.png
normal,test,normal_00972.png,G:\Ai-CDD\data\raw\dataset\test\NORMAL\normal_00972.png
normal,test,normal_00973.png,G:\Ai-CDD\data\raw\dataset\test\NORMAL\normal_00973.png
normal,test,normal_00974.png,G:\Ai-CDD\data\raw\dataset\test\NORMAL\normal_00974.png
normal,test,normal_00975.png,G:\Ai-CDD\data\raw\dataset\test\NORMAL\normal_00975.png
normal,test,normal_00976.png,G:\Ai-CDD\data\raw\dataset\test\NORMAL\normal_00976.png
normal,test,normal_00977.png,G:\Ai-CDD\data\raw\dataset\test\NORMAL\normal_00977.png
normal,test,normal_00978.png,G:\Ai-CDD\data\raw\dataset\test\NORMAL\normal_00978.png
normal,test,normal_00979.png,G:\Ai-CDD\data\raw\dataset\test\NORMAL\normal_00979.png
normal,test,normal_00980.png,G:\Ai-CDD\data\raw\dataset\test\NORMAL\normal_00980.png
normal,test,normal_00981.png,G:\Ai-CDD\data\raw\dataset\test\NORMAL\normal_00981.png
normal,test,normal_00982.png,G:\Ai-CDD\data\raw\dataset\test\NORMAL\normal_00982.png
normal,test,normal_00983.png,G:\Ai-CDD\data\raw\dataset\test\NORMAL\normal_00983.png
normal,test,normal_00984.png,G:\Ai-CDD\data\raw\dataset\test\NORMAL\normal_00984.png
normal,test,normal_00985.png,G:\Ai-CDD\data\raw\dataset\test\NORMAL\normal_00985.png
normal,test,normal_00986.png,G:\Ai-CDD\data\raw\dataset\test\NORMAL\normal_00986.png
normal,test,normal_00987.png,G:\Ai-CDD\data\raw\dataset\test\NORMAL\normal_00987.png
normal,test,normal_00988.png,G:\Ai-CDD\data\raw\dataset\test\NORMAL\normal_00988.png
normal,test,normal_00989.png,G:\Ai-CDD\data\raw\dataset\test\NORMAL\normal_00989.png
normal,test,normal_00990.png,G:\Ai-CDD\data\raw\dataset\test\NORMAL\normal_00990.png
normal,test,normal_00991.png,G:\Ai-CDD\data\raw\dataset\test\NORMAL\normal_00991.png
normal,test,normal_00992.png,G:\Ai-CDD\data\raw\dataset\test\NORMAL\normal_00992.png
normal,test,normal_00993.png,G:\Ai-CDD\data\raw\dataset\test\NORMAL\normal_00993.png
normal,test,normal_00994.png,G:\Ai-CDD\data\raw\dataset\test\NORMAL\normal_00994.png
normal,test,normal_00995.png,G:\Ai-CDD\data\raw\dataset\test\NORMAL\normal_00995.png
normal,test,normal_00996.png,G:\Ai-CDD\data\raw\dataset\test\NORMAL\normal_00996.png
normal,test,normal_00997.png,G:\Ai-CDD\data\raw\dataset\test\NORMAL\normal_00997.png
normal,test,normal_00998.png,G:\Ai-CDD\data\raw\dataset\test\NORMAL\normal_00998.png
normal,test,normal_00999.png,G:\Ai-CDD\data\raw\dataset\test\NORMAL\normal_00999.png
normal,test,normal_01000.png,G:\Ai-CDD\data\raw\dataset\test\NORMAL\normal_01000.png
normal,test,normal_01001.png,G:\Ai-CDD\data\raw\dataset\test\NORMAL\normal_01001.png
normal,test,normal_01002.png,G:\Ai-CDD\data\raw\dataset\test\NORMAL\normal_01002.png
normal,test,normal_01003.png,G:\Ai-CDD\data\raw\dataset\test\NORMAL\normal_01003.png
normal,test,normal_01004.png,G:\Ai-CDD\data\raw\dataset\test\NORMAL\normal_01004.png
normal,test,normal_01005.png,G:\Ai-CDD\data\raw\dataset\test\NORMAL\normal_01005.png
normal,test,normal_01006.png,G:\Ai-CDD\data\raw\dataset\test\NORMAL\normal_01006.png
normal,test,normal_01007.png,G:\Ai-CDD\data\raw\dataset\test\NORMAL\normal_01007.png
normal,test,normal_01008.png,G:\Ai-CDD\data\raw\dataset\test\NORMAL\normal_01008.png
normal,test,normal_01009.png,G:\Ai-CDD\data\raw\dataset\test\NORMAL\normal_01009.png
normal,test,normal_01010.png,G:\Ai-CDD\data\raw\dataset\test\NORMAL\normal_01010.png
normal,test,normal_01011.png,G:\Ai-CDD\data\raw\dataset\test\NORMAL\normal_01011.png
normal,test,normal_01012.png,G:\Ai-CDD\data\raw\dataset\test\NORMAL\normal_01012.png
normal,test,normal_01013.png,G:\Ai-CDD\data\raw\dataset\test\NORMAL\normal_01013.png
normal,test,normal_01014.png,G:\Ai-CDD\data\raw\dataset\test\NORMAL\normal_01014.png
normal,test,normal_01015.png,G:\Ai-CDD\data\raw\dataset\test\NORMAL\normal_01015.png
normal,test,normal_01016.png,G:\Ai-CDD\data\raw\dataset\test\NORMAL\normal_01016.png
normal,test,normal_01017.png,G:\Ai-CDD\data\raw\dataset\test\NORMAL\normal_01017.png
normal,test,normal_01018.png,G:\Ai-CDD\data\raw\dataset\test\NORMAL\normal_01018.png
normal,test,normal_01019.png,G:\Ai-CDD\data\raw\dataset\test\NORMAL\normal_01019.png
normal,test,normal_01020.png,G:\Ai-CDD\data\raw\dataset\test\NORMAL\normal_01020.png
normal,test,normal_01021.png,G:\Ai-CDD\data\raw\dataset\test\NORMAL\normal_01021.png
normal,test,normal_01022.png,G:\Ai-CDD\data\raw\dataset\test\NORMAL\normal_01022.png
normal,test,normal_01023.png,G:\Ai-CDD\data\raw\dataset\test\NORMAL\normal_01023.png
normal,test,normal_01024.png,G:\Ai-CDD\data\raw\dataset\test\NORMAL\normal_01024.png
normal,test,normal_01025.png,G:\Ai-CDD\data\raw\dataset\test\NORMAL\normal_01025.png
normal,test,normal_01026.png,G:\Ai-CDD\data\raw\dataset\test\NORMAL\normal_01026.png
normal,test,normal_01027.png,G:\Ai-CDD\data\raw\dataset\test\NORMAL\normal_01027.png
normal,test,normal_01028.png,G:\Ai-CDD\data\raw\dataset\test\NORMAL\normal_01028.png
normal,test,normal_01029.png,G:\Ai-CDD\data\raw\dataset\test\NORMAL\normal_01029.png
normal,test,normal_01030.png,G:\Ai-CDD\data\raw\dataset\test\NORMAL\normal_01030.png
normal,test,normal_01031.png,G:\Ai-CDD\data\raw\dataset\test\NORMAL\normal_01031.png
normal,test,normal_01032.png,G:\Ai-CDD\data\raw\dataset\test\NORMAL\normal_01032.png
normal,test,normal_01033.png,G:\Ai-CDD\data\raw\dataset\test\NORMAL\normal_01033.png
normal,test,normal_01034.png,G:\Ai-CDD\data\raw\dataset\test\NORMAL\normal_01034.png
normal,test,normal_01035.png,G:\Ai-CDD\data\raw\dataset\test\NORMAL\normal_01035.png
normal,test,normal_01036.png,G:\Ai-CDD\data\raw\dataset\test\NORMAL\normal_01036.png
normal,test,normal_01037.png,G:\Ai-CDD\data\raw\dataset\test\NORMAL\normal_01037.png
normal,test,normal_01038.png,G:\Ai-CDD\data\raw\dataset\test\NORMAL\normal_01038.png
normal,test,normal_01039.png,G:\Ai-CDD\data\raw\dataset\test\NORMAL\normal_01039.png
normal,test,normal_01040.png,G:\Ai-CDD\data\raw\dataset\test\NORMAL\normal_01040.png
normal,test,normal_01041.png,G:\Ai-CDD\data\raw\dataset\test\NORMAL\normal_01041.png
normal,test,normal_01042.png,G:\Ai-CDD\data\raw\dataset\test\NORMAL\normal_01042.png
normal,test,normal_01043.png,G:\Ai-CDD\data\raw\dataset\test\NORMAL\normal_01043.png
normal,test,normal_01044.png,G:\Ai-CDD\data\raw\dataset\test\NORMAL\normal_01044.png
normal,test,normal_01045.png,G:\Ai-CDD\data\raw\dataset\test\NORMAL\normal_01045.png
normal,test,normal_01046.png,G:\Ai-CDD\data\raw\dataset\test\NORMAL\normal_01046.png
normal,test,normal_01047.png,G:\Ai-CDD\data\raw\dataset\test\NORMAL\normal_01047.png
normal,test,normal_01048.png,G:\Ai-CDD\data\raw\dataset\test\NORMAL\normal_01048.png
normal,test,normal_01049.png,G:\Ai-CDD\data\raw\dataset\test\NORMAL\normal_01049.png
normal,test,normal_01050.png,G:\Ai-CDD\data\raw\dataset\test\NORMAL\normal_01050.png
normal,test,normal_01051.png,G:\Ai-CDD\data\raw\dataset\test\NORMAL\normal_01051.png
normal,test,normal_01052.png,G:\Ai-CDD\data\raw\dataset\test\NORMAL\normal_01052.png
normal,test,normal_01053.png,G:\Ai-CDD\data\raw\dataset\test\NORMAL\normal_01053.png
normal,test,normal_01054.png,G:\Ai-CDD\data\raw\dataset\test\NORMAL\normal_01054.png
normal,test,normal_01055.png,G:\Ai-CDD\data\raw\dataset\test\NORMAL\normal_01055.png
normal,test,normal_01056.png,G:\Ai-CDD\data\raw\dataset\test\NORMAL\normal_01056.png
normal,test,normal_01057.png,G:\Ai-CDD\data\raw\dataset\test\NORMAL\normal_01057.png
normal,test,normal_01058.png,G:\Ai-CDD\data\raw\dataset\test\NORMAL\normal_01058.png
normal,test,normal_01059.png,G:\Ai-CDD\data\raw\dataset\test\NORMAL\normal_01059.png
normal,test,normal_01060.png,G:\Ai-CDD\data\raw\dataset\test\NORMAL\normal_01060.png
normal,test,normal_01061.png,G:\Ai-CDD\data\raw\dataset\test\NORMAL\normal_01061.png
normal,test,normal_01062.png,G:\Ai-CDD\data\raw\dataset\test\NORMAL\normal_01062.png
normal,test,normal_01063.png,G:\Ai-CDD\data\raw\dataset\test\NORMAL\normal_01063.png
normal,test,normal_01064.png,G:\Ai-CDD\data\raw\dataset\test\NORMAL\normal_01064.png
normal,test,normal_01065.png,G:\Ai-CDD\data\raw\dataset\test\NORMAL\normal_01065.png
normal,test,normal_01066.png,G:\Ai-CDD\data\raw\dataset\test\NORMAL\normal_01066.png
normal,test,normal_01067.png,G:\Ai-CDD\data\raw\dataset\test\NORMAL\normal_01067.png
normal,test,normal_01068.png,G:\Ai-CDD\data\raw\dataset\test\NORMAL\normal_01068.png
normal,test,normal_01069.png,G:\Ai-CDD\data\raw\dataset\test\NORMAL\normal_01069.png
normal,test,normal_01070.png,G:\Ai-CDD\data\raw\dataset\test\NORMAL\normal_01070.png
normal,test,normal_01071.png,G:\Ai-CDD\data\raw\dataset\test\NORMAL\normal_01071.png
normal,test,normal_01072.png,G:\Ai-CDD\data\raw\dataset\test\NORMAL\normal_01072.png
normal,test,normal_01073.png,G:\Ai-CDD\data\raw\dataset\test\NORMAL\normal_01073.png
normal,test,normal_01074.png,G:\Ai-CDD\data\raw\dataset\test\NORMAL\normal_01074.png
normal,test,normal_01075.png,G:\Ai-CDD\data\raw\dataset\test\NORMAL\normal_01075.png
normal,test,normal_01076.png,G:\Ai-CDD\data\raw\dataset\test\NORMAL\normal_01076.png
normal,test,normal_01077.png,G:\Ai-CDD\data\raw\dataset\test\NORMAL\normal_01077.png
normal,test,normal_01078.png,G:\Ai-CDD\data\raw\dataset\test\NORMAL\normal_01078.png
normal,test,normal_01079.png,G:\Ai-CDD\data\raw\dataset\test\NORMAL\normal_01079.png
normal,test,normal_01080.png,G:\Ai-CDD\data\raw\dataset\test\NORMAL\normal_01080.png
normal,test,normal_01081.png,G:\Ai-CDD\data\raw\dataset\test\NORMAL\normal_01081.png
normal,test,normal_01082.png,G:\Ai-CDD\data\raw\dataset\test\NORMAL\normal_01082.png
normal,test,normal_01083.png,G:\Ai-CDD\data\raw\dataset\test\NORMAL\normal_01083.png
normal,test,normal_01084.png,G:\Ai-CDD\data\raw\dataset\test\NORMAL\normal_01084.png
normal,test,normal_01085.png,G:\Ai-CDD\data\raw\dataset\test\NORMAL\normal_01085.png
normal,test,normal_01086.png,G:\Ai-CDD\data\raw\dataset\test\NORMAL\normal_01086.png
normal,test,normal_01087.png,G:\Ai-CDD\data\raw\dataset\test\NORMAL\normal_01087.png
normal,test,normal_01088.png,G:\Ai-CDD\data\raw\dataset\test\NORMAL\normal_01088.png
normal,test,normal_01089.png,G:\Ai-CDD\data\raw\dataset\test\NORMAL\normal_01089.png
normal,test,normal_01090.png,G:\Ai-CDD\data\raw\dataset\test\NORMAL\normal_01090.png
normal,test,normal_01091.png,G:\Ai-CDD\data\raw\dataset\test\NORMAL\normal_01091.png
normal,test,normal_01092.png,G:\Ai-CDD\data\raw\dataset\test\NORMAL\normal_01092.png
normal,test,normal_01093.png,G:\Ai-CDD\data\raw\dataset\test\NORMAL\normal_01093.png
normal,test,normal_01094.png,G:\Ai-CDD\data\raw\dataset\test\NORMAL\normal_01094.png
normal,test,normal_01095.png,G:\Ai-CDD\data\raw\dataset\test\NORMAL\normal_01095.png
normal,test,normal_01096.png,G:\Ai-CDD\data\raw\dataset\test\NORMAL\normal_01096.png
normal,test,normal_01097.png,G:\Ai-CDD\data\raw\dataset\test\NORMAL\normal_01097.png
normal,test,normal_01098.png,G:\Ai-CDD\data\raw\dataset\test\NORMAL\normal_01098.png
normal,test,normal_01099.png,G:\Ai-CDD\data\raw\dataset\test\NORMAL\normal_01099.png
normal,test,normal_01100.png,G:\Ai-CDD\data\raw\dataset\test\NORMAL\normal_01100.png
normal,test,normal_01101.png,G:\Ai-CDD\data\raw\dataset\test\NORMAL\normal_01101.png
normal,test,normal_01102.png,G:\Ai-CDD\data\raw\dataset\test\NORMAL\normal_01102.png
normal,test,normal_01103.png,G:\Ai-CDD\data\raw\dataset\test\NORMAL\normal_01103.png
normal,test,normal_01104.png,G:\Ai-CDD\data\raw\dataset\test\NORMAL\normal_01104.png
normal,test,normal_01105.png,G:\Ai-CDD\data\raw\dataset\test\NORMAL\normal_01105.png
normal,test,normal_01106.png,G:\Ai-CDD\data\raw\dataset\test\NORMAL\normal_01106.png
normal,test,normal_01107.png,G:\Ai-CDD\data\raw\dataset\test\NORMAL\normal_01107.png
normal,test,normal_01108.png,G:\Ai-CDD\data\raw\dataset\test\NORMAL\normal_01108.png
normal,test,normal_01109.png,G:\Ai-CDD\data\raw\dataset\test\NORMAL\normal_01109.png
normal,test,normal_01110.png,G:\Ai-CDD\data\raw\dataset\test\NORMAL\normal_01110.png
normal,test,normal_01111.png,G:\Ai-CDD\data\raw\dataset\test\NORMAL\normal_01111.png
normal,test,normal_01112.png,G:\Ai-CDD\data\raw\dataset\test\NORMAL\normal_01112.png
normal,test,normal_01113.png,G:\Ai-CDD\data\raw\dataset\test\NORMAL\normal_01113.png
normal,test,normal_01114.png,G:\Ai-CDD\data\raw\dataset\test\NORMAL\normal_01114.png
normal,test,normal_01115.png,G:\Ai-CDD\data\raw\dataset\test\NORMAL\normal_01115.png
normal,test,normal_01116.png,G:\Ai-CDD\data\raw\dataset\test\NORMAL\normal_01116.png
normal,test,normal_01117.png,G:\Ai-CDD\data\raw\dataset\test\NORMAL\normal_01117.png
normal,test,normal_01118.png,G:\Ai-CDD\data\raw\dataset\test\NORMAL\normal_01118.png
normal,test,normal_01119.png,G:\Ai-CDD\data\raw\dataset\test\NORMAL\normal_01119.png
normal,test,normal_01120.png,G:\Ai-CDD\data\raw\dataset\test\NORMAL\normal_01120.png
normal,test,normal_01121.png,G:\Ai-CDD\data\raw\dataset\test\NORMAL\normal_01121.png
normal,test,normal_01122.png,G:\Ai-CDD\data\raw\dataset\test\NORMAL\normal_01122.png
normal,test,normal_01123.png,G:\Ai-CDD\data\raw\dataset\test\NORMAL\normal_01123.png
normal,test,normal_01124.png,G:\Ai-CDD\data\raw\dataset\test\NORMAL\normal_01124.png
normal,test,normal_01125.png,G:\Ai-CDD\data\raw\dataset\test\NORMAL\normal_01125.png
normal,test,normal_01126.png,G:\Ai-CDD\data\raw\dataset\test\NORMAL\normal_01126.png
normal,test,normal_01127.png,G:\Ai-CDD\data\raw\dataset\test\NORMAL\normal_01127.png
normal,test,normal_01128.png,G:\Ai-CDD\data\raw\dataset\test\NORMAL\normal_01128.png
normal,test,normal_01129.png,G:\Ai-CDD\data\raw\dataset\test\NORMAL\normal_01129.png
normal,test,normal_01130.png,G:\Ai-CDD\data\raw\dataset\test\NORMAL\normal_01130.png
normal,test,normal_01131.png,G:\Ai-CDD\data\raw\dataset\test\NORMAL\normal_01131.png
normal,test,normal_01132.png,G:\Ai-CDD\data\raw\dataset\test\NORMAL\normal_01132.png
normal,test,normal_01133.png,G:\Ai-CDD\data\raw\dataset\test\NORMAL\normal_01133.png
normal,test,normal_01134.png,G:\Ai-CDD\data\raw\dataset\test\NORMAL\normal_01134.png
normal,test,normal_01135.png,G:\Ai-CDD\data\raw\dataset\test\NORMAL\normal_01135.png
normal,test,normal_01136.png,G:\Ai-CDD\data\raw\dataset\test\NORMAL\normal_01136.png
normal,test,normal_01137.png,G:\Ai-CDD\data\raw\dataset\test\NORMAL\normal_01137.png
normal,test,normal_01138.png,G:\Ai-CDD\data\raw\dataset\test\NORMAL\normal_01138.png
normal,test,normal_01139.png,G:\Ai-CDD\data\raw\dataset\test\NORMAL\normal_01139.png
normal,test,normal_01140.png,G:\Ai-CDD\data\raw\dataset\test\NORMAL\normal_01140.png
normal,test,normal_01141.png,G:\Ai-CDD\data\raw\dataset\test\NORMAL\normal_01141.png
normal,test,normal_01142.png,G:\Ai-CDD\data\raw\dataset\test\NORMAL\normal_01142.png
normal,test,normal_01143.png,G:\Ai-CDD\data\raw\dataset\test\NORMAL\normal_01143.png
normal,test,normal_01144.png,G:\Ai-CDD\data\raw\dataset\test\NORMAL\normal_01144.png
normal,test,normal_01145.png,G:\Ai-CDD\data\raw\dataset\test\NORMAL\normal_01145.png
normal,test,normal_01146.png,G:\Ai-CDD\data\raw\dataset\test\NORMAL\normal_01146.png
normal,test,normal_01147.png,G:\Ai-CDD\data\raw\dataset\test\NORMAL\normal_01147.png
normal,test,normal_01148.png,G:\Ai-CDD\data\raw\dataset\test\NORMAL\normal_01148.png
normal,test,normal_01149.png,G:\Ai-CDD\data\raw\dataset\test\NORMAL\normal_01149.png
normal,test,normal_01150.png,G:\Ai-CDD\data\raw\dataset\test\NORMAL\normal_01150.png
normal,test,normal_01151.png,G:\Ai-CDD\data\raw\dataset\test\NORMAL\normal_01151.png
normal,test,normal_01152.png,G:\Ai-CDD\data\raw\dataset\test\NORMAL\normal_01152.png
normal,test,normal_01153.png,G:\Ai-CDD\data\raw\dataset\test\NORMAL\normal_01153.png
normal,test,normal_01154.png,G:\Ai-CDD\data\raw\dataset\test\NORMAL\normal_01154.png
normal,test,normal_01155.png,G:\Ai-CDD\data\raw\dataset\test\NORMAL\normal_01155.png
normal,test,normal_01156.png,G:\Ai-CDD\data\raw\dataset\test\NORMAL\normal_01156.png
normal,test,normal_01157.png,G:\Ai-CDD\data\raw\dataset\test\NORMAL\normal_01157.png
normal,test,normal_01158.png,G:\Ai-CDD\data\raw\dataset\test\NORMAL\normal_01158.png
normal,test,normal_01159.png,G:\Ai-CDD\data\raw\dataset\test\NORMAL\normal_01159.png
normal,test,normal_01160.png,G:\Ai-CDD\data\raw\dataset\test\NORMAL\normal_01160.png
normal,test,normal_01161.png,G:\Ai-CDD\data\raw\dataset\test\NORMAL\normal_01161.png
normal,test,normal_01162.png,G:\Ai-CDD\data\raw\dataset\test\NORMAL\normal_01162.png
normal,test,normal_01163.png,G:\Ai-CDD\data\raw\dataset\test\NORMAL\normal_01163.png
normal,val,normal_00001.png,G:\Ai-CDD\data\raw\dataset\val\NORMAL\normal_00001.png
normal,val,normal_00002.png,G:\Ai-CDD\data\raw\dataset\val\NORMAL\normal_00002.png
normal,val,normal_00003.png,G:\Ai-CDD\data\raw\dataset\val\NORMAL\normal_00003.png
normal,val,normal_00004.png,G:\Ai-CDD\data\raw\dataset\val\NORMAL\normal_00004.png
normal,val,normal_00005.png,G:\Ai-CDD\data\raw\dataset\val\NORMAL\normal_00005.png
normal,val,normal_00006.png,G:\Ai-CDD\data\raw\dataset\val\NORMAL\normal_00006.png
normal,val,normal_00007.png,G:\Ai-CDD\data\raw\dataset\val\NORMAL\normal_00007.png
normal,val,normal_00008.png,G:\Ai-CDD\data\raw\dataset\val\NORMAL\normal_00008.png
normal,val,normal_00009.png,G:\Ai-CDD\data\raw\dataset\val\NORMAL\normal_00009.png
normal,val,normal_00010.png,G:\Ai-CDD\data\raw\dataset\val\NORMAL\normal_00010.png
normal,val,normal_00011.png,G:\Ai-CDD\data\raw\dataset\val\NORMAL\normal_00011.png
normal,val,normal_00012.png,G:\Ai-CDD\data\raw\dataset\val\NORMAL\normal_00012.png
normal,val,normal_00013.png,G:\Ai-CDD\data\raw\dataset\val\NORMAL\normal_00013.png
normal,val,normal_00014.png,G:\Ai-CDD\data\raw\dataset\val\NORMAL\normal_00014.png
normal,val,normal_00015.png,G:\Ai-CDD\data\raw\dataset\val\NORMAL\normal_00015.png
normal,val,normal_00016.png,G:\Ai-CDD\data\raw\dataset\val\NORMAL\normal_00016.png
normal,val,normal_00017.png,G:\Ai-CDD\data\raw\dataset\val\NORMAL\normal_00017.png
normal,val,normal_00018.png,G:\Ai-CDD\data\raw\dataset\val\NORMAL\normal_00018.png
normal,val,normal_00019.png,G:\Ai-CDD\data\raw\dataset\val\NORMAL\normal_00019.png
normal,val,normal_00020.png,G:\Ai-CDD\data\raw\dataset\val\NORMAL\normal_00020.png
normal,val,normal_00021.png,G:\Ai-CDD\data\raw\dataset\val\NORMAL\normal_00021.png
normal,val,normal_00022.png,G:\Ai-CDD\data\raw\dataset\val\NORMAL\normal_00022.png
normal,val,normal_00023.png,G:\Ai-CDD\data\raw\dataset\val\NORMAL\normal_00023.png
normal,val,normal_00024.png,G:\Ai-CDD\data\raw\dataset\val\NORMAL\normal_00024.png
normal,val,normal_00025.png,G:\Ai-CDD\data\raw\dataset\val\NORMAL\normal_00025.png
normal,val,normal_00026.png,G:\Ai-CDD\data\raw\dataset\val\NORMAL\normal_00026.png
normal,val,normal_00027.png,G:\Ai-CDD\data\raw\dataset\val\NORMAL\normal_00027.png
normal,val,normal_00028.png,G:\Ai-CDD\data\raw\dataset\val\NORMAL\normal_00028.png
normal,val,normal_00029.png,G:\Ai-CDD\data\raw\dataset\val\NORMAL\normal_00029.png
normal,val,normal_00030.png,G:\Ai-CDD\data\raw\dataset\val\NORMAL\normal_00030.png
normal,val,normal_00031.png,G:\Ai-CDD\data\raw\dataset\val\NORMAL\normal_00031.png
normal,val,normal_00032.png,G:\Ai-CDD\data\raw\dataset\val\NORMAL\normal_00032.png
normal,val,normal_00033.png,G:\Ai-CDD\data\raw\dataset\val\NORMAL\normal_00033.png
normal,val,normal_00034.png,G:\Ai-CDD\data\raw\dataset\val\NORMAL\normal_00034.png
normal,val,normal_00035.png,G:\Ai-CDD\data\raw\dataset\val\NORMAL\normal_00035.png
normal,val,normal_00036.png,G:\Ai-CDD\data\raw\dataset\val\NORMAL\normal_00036.png
normal,val,normal_00037.png,G:\Ai-CDD\data\raw\dataset\val\NORMAL\normal_00037.png
normal,val,normal_00038.png,G:\Ai-CDD\data\raw\dataset\val\NORMAL\normal_00038.png
normal,val,normal_00039.png,G:\Ai-CDD\data\raw\dataset\val\NORMAL\normal_00039.png
normal,val,normal_00040.png,G:\Ai-CDD\data\raw\dataset\val\NORMAL\normal_00040.png
normal,val,normal_00041.png,G:\Ai-CDD\data\raw\dataset\val\NORMAL\normal_00041.png
normal,val,normal_00042.png,G:\Ai-CDD\data\raw\dataset\val\NORMAL\normal_00042.png
normal,val,normal_00043.png,G:\Ai-CDD\data\raw\dataset\val\NORMAL\normal_00043.png
normal,val,normal_00044.png,G:\Ai-CDD\data\raw\dataset\val\NORMAL\normal_00044.png
normal,val,normal_00045.png,G:\Ai-CDD\data\raw\dataset\val\NORMAL\normal_00045.png
normal,val,normal_00046.png,G:\Ai-CDD\data\raw\dataset\val\NORMAL\normal_00046.png
normal,val,normal_00047.png,G:\Ai-CDD\data\raw\dataset\val\NORMAL\normal_00047.png
normal,val,normal_00048.png,G:\Ai-CDD\data\raw\dataset\val\NORMAL\normal_00048.png
normal,val,normal_00049.png,G:\Ai-CDD\data\raw\dataset\val\NORMAL\normal_00049.png
normal,val,normal_00050.png,G:\Ai-CDD\data\raw\dataset\val\NORMAL\normal_00050.png
normal,val,normal_00051.png,G:\Ai-CDD\data\raw\dataset\val\NORMAL\normal_00051.png
normal,val,normal_00052.png,G:\Ai-CDD\data\raw\dataset\val\NORMAL\normal_00052.png
normal,val,normal_00053.png,G:\Ai-CDD\data\raw\dataset\val\NORMAL\normal_00053.png
normal,val,normal_00054.png,G:\Ai-CDD\data\raw\dataset\val\NORMAL\normal_00054.png
normal,val,normal_00055.png,G:\Ai-CDD\data\raw\dataset\val\NORMAL\normal_00055.png
normal,val,normal_00056.png,G:\Ai-CDD\data\raw\dataset\val\NORMAL\normal_00056.png
normal,val,normal_00057.png,G:\Ai-CDD\data\raw\dataset\val\NORMAL\normal_00057.png
normal,val,normal_00058.png,G:\Ai-CDD\data\raw\dataset\val\NORMAL\normal_00058.png
normal,val,normal_00059.png,G:\Ai-CDD\data\raw\dataset\val\NORMAL\normal_00059.png
normal,val,normal_00060.png,G:\Ai-CDD\data\raw\dataset\val\NORMAL\normal_00060.png
normal,val,normal_00061.png,G:\Ai-CDD\data\raw\dataset\val\NORMAL\normal_00061.png
normal,val,normal_00062.png,G:\Ai-CDD\data\raw\dataset\val\NORMAL\normal_00062.png
normal,val,normal_00063.png,G:\Ai-CDD\data\raw\dataset\val\NORMAL\normal_00063.png
normal,val,normal_00064.png,G:\Ai-CDD\data\raw\dataset\val\NORMAL\normal_00064.png
normal,val,normal_00065.png,G:\Ai-CDD\data\raw\dataset\val\NORMAL\normal_00065.png
normal,val,normal_00066.png,G:\Ai-CDD\data\raw\dataset\val\NORMAL\normal_00066.png
normal,val,normal_00067.png,G:\Ai-CDD\data\raw\dataset\val\NORMAL\normal_00067.png
normal,val,normal_00068.png,G:\Ai-CDD\data\raw\dataset\val\NORMAL\normal_00068.png
normal,val,normal_00069.png,G:\Ai-CDD\data\raw\dataset\val\NORMAL\normal_00069.png
normal,val,normal_00070.png,G:\Ai-CDD\data\raw\dataset\val\NORMAL\normal_00070.png
normal,val,normal_00071.png,G:\Ai-CDD\data\raw\dataset\val\NORMAL\normal_00071.png
normal,val,normal_00072.png,G:\Ai-CDD\data\raw\dataset\val\NORMAL\normal_00072.png
normal,val,normal_00073.png,G:\Ai-CDD\data\raw\dataset\val\NORMAL\normal_00073.png
normal,val,normal_00074.png,G:\Ai-CDD\data\raw\dataset\val\NORMAL\normal_00074.png
normal,val,normal_00075.png,G:\Ai-CDD\data\raw\dataset\val\NORMAL\normal_00075.png
normal,val,normal_00076.png,G:\Ai-CDD\data\raw\dataset\val\NORMAL\normal_00076.png
normal,val,normal_00077.png,G:\Ai-CDD\data\raw\dataset\val\NORMAL\normal_00077.png
normal,val,normal_00078.png,G:\Ai-CDD\data\raw\dataset\val\NORMAL\normal_00078.png
normal,val,normal_00079.png,G:\Ai-CDD\data\raw\dataset\val\NORMAL\normal_00079.png
normal,val,normal_00080.png,G:\Ai-CDD\data\raw\dataset\val\NORMAL\normal_00080.png
normal,val,normal_00081.png,G:\Ai-CDD\data\raw\dataset\val\NORMAL\normal_00081.png
normal,val,normal_00082.png,G:\Ai-CDD\data\raw\dataset\val\NORMAL\normal_00082.png
normal,val,normal_00083.png,G:\Ai-CDD\data\raw\dataset\val\NORMAL\normal_00083.png
normal,val,normal_00084.png,G:\Ai-CDD\data\raw\dataset\val\NORMAL\normal_00084.png
normal,val,normal_00085.png,G:\Ai-CDD\data\raw\dataset\val\NORMAL\normal_00085.png
normal,val,normal_00086.png,G:\Ai-CDD\data\raw\dataset\val\NORMAL\normal_00086.png
normal,val,normal_00087.png,G:\Ai-CDD\data\raw\dataset\val\NORMAL\normal_00087.png
normal,val,normal_00088.png,G:\Ai-CDD\data\raw\dataset\val\NORMAL\normal_00088.png
normal,val,normal_00089.png,G:\Ai-CDD\data\raw\dataset\val\NORMAL\normal_00089.png
normal,val,normal_00090.png,G:\Ai-CDD\data\raw\dataset\val\NORMAL\normal_00090.png
normal,val,normal_00091.png,G:\Ai-CDD\data\raw\dataset\val\NORMAL\normal_00091.png
normal,val,normal_00092.png,G:\Ai-CDD\data\raw\dataset\val\NORMAL\normal_00092.png
normal,val,normal_00093.png,G:\Ai-CDD\data\raw\dataset\val\NORMAL\normal_00093.png
normal,val,normal_00094.png,G:\Ai-CDD\data\raw\dataset\val\NORMAL\normal_00094.png
normal,val,normal_00095.png,G:\Ai-CDD\data\raw\dataset\val\NORMAL\normal_00095.png
normal,val,normal_00096.png,G:\Ai-CDD\data\raw\dataset\val\NORMAL\normal_00096.png
normal,val,normal_00097.png,G:\Ai-CDD\data\raw\dataset\val\NORMAL\normal_00097.png
normal,val,normal_00098.png,G:\Ai-CDD\data\raw\dataset\val\NORMAL\normal_00098.png
normal,val,normal_00099.png,G:\Ai-CDD\data\raw\dataset\val\NORMAL\normal_00099.png
normal,val,normal_00100.png,G:\Ai-CDD\data\raw\dataset\val\NORMAL\normal_00100.png
normal,val,normal_00101.png,G:\Ai-CDD\data\raw\dataset\val\NORMAL\normal_00101.png
normal,val,normal_00102.png,G:\Ai-CDD\data\raw\dataset\val\NORMAL\normal_00102.png
normal,val,normal_00103.png,G:\Ai-CDD\data\raw\dataset\val\NORMAL\normal_00103.png
normal,val,normal_00104.png,G:\Ai-CDD\data\raw\dataset\val\NORMAL\normal_00104.png
normal,val,normal_00105.png,G:\Ai-CDD\data\raw\dataset\val\NORMAL\normal_00105.png
normal,val,normal_00106.png,G:\Ai-CDD\data\raw\dataset\val\NORMAL\normal_00106.png
normal,val,normal_00107.png,G:\Ai-CDD\data\raw\dataset\val\NORMAL\normal_00107.png
normal,val,normal_00108.png,G:\Ai-CDD\data\raw\dataset\val\NORMAL\normal_00108.png
normal,val,normal_00109.png,G:\Ai-CDD\data\raw\dataset\val\NORMAL\normal_00109.png
normal,val,normal_00110.png,G:\Ai-CDD\data\raw\dataset\val\NORMAL\normal_00110.png
normal,val,normal_00111.png,G:\Ai-CDD\data\raw\dataset\val\NORMAL\normal_00111.png
normal,val,normal_00112.png,G:\Ai-CDD\data\raw\dataset\val\NORMAL\normal_00112.png
normal,val,normal_00113.png,G:\Ai-CDD\data\raw\dataset\val\NORMAL\normal_00113.png
normal,val,normal_00114.png,G:\Ai-CDD\data\raw\dataset\val\NORMAL\normal_00114.png
normal,val,normal_00115.png,G:\Ai-CDD\data\raw\dataset\val\NORMAL\normal_00115.png
normal,val,normal_00116.png,G:\Ai-CDD\data\raw\dataset\val\NORMAL\normal_00116.png
normal,val,normal_00117.png,G:\Ai-CDD\data\raw\dataset\val\NORMAL\normal_00117.png
normal,val,normal_00118.png,G:\Ai-CDD\data\raw\dataset\val\NORMAL\normal_00118.png
normal,val,normal_00119.png,G:\Ai-CDD\data\raw\dataset\val\NORMAL\normal_00119.png
normal,val,normal_00120.png,G:\Ai-CDD\data\raw\dataset\val\NORMAL\normal_00120.png
normal,val,normal_00121.png,G:\Ai-CDD\data\raw\dataset\val\NORMAL\normal_00121.png
normal,val,normal_00122.png,G:\Ai-CDD\data\raw\dataset\val\NORMAL\normal_00122.png
normal,val,normal_00123.png,G:\Ai-CDD\data\raw\dataset\val\NORMAL\normal_00123.png
normal,val,normal_00124.png,G:\Ai-CDD\data\raw\dataset\val\NORMAL\normal_00124.png
normal,val,normal_00125.png,G:\Ai-CDD\data\raw\dataset\val\NORMAL\normal_00125.png
normal,val,normal_00126.png,G:\Ai-CDD\data\raw\dataset\val\NORMAL\normal_00126.png
normal,val,normal_00127.png,G:\Ai-CDD\data\raw\dataset\val\NORMAL\normal_00127.png
normal,val,normal_00128.png,G:\Ai-CDD\data\raw\dataset\val\NORMAL\normal_00128.png
normal,val,normal_00129.png,G:\Ai-CDD\data\raw\dataset\val\NORMAL\normal_00129.png
normal,val,normal_00130.png,G:\Ai-CDD\data\raw\dataset\val\NORMAL\normal_00130.png
normal,val,normal_00131.png,G:\Ai-CDD\data\raw\dataset\val\NORMAL\normal_00131.png
normal,val,normal_00132.png,G:\Ai-CDD\data\raw\dataset\val\NORMAL\normal_00132.png
normal,val,normal_00133.png,G:\Ai-CDD\data\raw\dataset\val\NORMAL\normal_00133.png
normal,val,normal_00134.png,G:\Ai-CDD\data\raw\dataset\val\NORMAL\normal_00134.png
normal,val,normal_00135.png,G:\Ai-CDD\data\raw\dataset\val\NORMAL\normal_00135.png
normal,val,normal_00136.png,G:\Ai-CDD\data\raw\dataset\val\NORMAL\normal_00136.png
normal,val,normal_00137.png,G:\Ai-CDD\data\raw\dataset\val\NORMAL\normal_00137.png
normal,val,normal_00138.png,G:\Ai-CDD\data\raw\dataset\val\NORMAL\normal_00138.png
normal,val,normal_00139.png,G:\Ai-CDD\data\raw\dataset\val\NORMAL\normal_00139.png
normal,val,normal_00140.png,G:\Ai-CDD\data\raw\dataset\val\NORMAL\normal_00140.png
normal,val,normal_00141.png,G:\Ai-CDD\data\raw\dataset\val\NORMAL\normal_00141.png
normal,val,normal_00142.png,G:\Ai-CDD\data\raw\dataset\val\NORMAL\normal_00142.png
normal,val,normal_00143.png,G:\Ai-CDD\data\raw\dataset\val\NORMAL\normal_00143.png
normal,val,normal_00144.png,G:\Ai-CDD\data\raw\dataset\val\NORMAL\normal_00144.png
normal,val,normal_00145.png,G:\Ai-CDD\data\raw\dataset\val\NORMAL\normal_00145.png
normal,val,normal_00146.png,G:\Ai-CDD\data\raw\dataset\val\NORMAL\normal_00146.png
normal,val,normal_00147.png,G:\Ai-CDD\data\raw\dataset\val\NORMAL\normal_00147.png
normal,val,normal_00148.png,G:\Ai-CDD\data\raw\dataset\val\NORMAL\normal_00148.png
normal,val,normal_00149.png,G:\Ai-CDD\data\raw\dataset\val\NORMAL\normal_00149.png
normal,val,normal_00150.png,G:\Ai-CDD\data\raw\dataset\val\NORMAL\normal_00150.png
normal,val,normal_00151.png,G:\Ai-CDD\data\raw\dataset\val\NORMAL\normal_00151.png
normal,val,normal_00152.png,G:\Ai-CDD\data\raw\dataset\val\NORMAL\normal_00152.png
normal,val,normal_00153.png,G:\Ai-CDD\data\raw\dataset\val\NORMAL\normal_00153.png
normal,val,normal_00154.png,G:\Ai-CDD\data\raw\dataset\val\NORMAL\normal_00154.png
normal,val,normal_00155.png,G:\Ai-CDD\data\raw\dataset\val\NORMAL\normal_00155.png
normal,val,normal_00156.png,G:\Ai-CDD\data\raw\dataset\val\NORMAL\normal_00156.png
normal,val,normal_00157.png,G:\Ai-CDD\data\raw\dataset\val\NORMAL\normal_00157.png
normal,val,normal_00158.png,G:\Ai-CDD\data\raw\dataset\val\NORMAL\normal_00158.png
normal,val,normal_00159.png,G:\Ai-CDD\data\raw\dataset\val\NORMAL\normal_00159.png
normal,val,normal_00160.png,G:\Ai-CDD\data\raw\dataset\val\NORMAL\normal_00160.png
normal,val,normal_00161.png,G:\Ai-CDD\data\raw\dataset\val\NORMAL\normal_00161.png
normal,val,normal_00162.png,G:\Ai-CDD\data\raw\dataset\val\NORMAL\normal_00162.png
normal,val,normal_00163.png,G:\Ai-CDD\data\raw\dataset\val\NORMAL\normal_00163.png
normal,val,normal_00164.png,G:\Ai-CDD\data\raw\dataset\val\NORMAL\normal_00164.png
normal,val,normal_00165.png,G:\Ai-CDD\data\raw\dataset\val\NORMAL\normal_00165.png
normal,val,normal_00166.png,G:\Ai-CDD\data\raw\dataset\val\NORMAL\normal_00166.png
normal,val,normal_00167.png,G:\Ai-CDD\data\raw\dataset\val\NORMAL\normal_00167.png
normal,val,normal_00168.png,G:\Ai-CDD\data\raw\dataset\val\NORMAL\normal_00168.png
normal,val,normal_00169.png,G:\Ai-CDD\data\raw\dataset\val\NORMAL\normal_00169.png
normal,val,normal_00170.png,G:\Ai-CDD\data\raw\dataset\val\NORMAL\normal_00170.png
normal,val,normal_00171.png,G:\Ai-CDD\data\raw\dataset\val\NORMAL\normal_00171.png
normal,val,normal_00172.png,G:\Ai-CDD\data\raw\dataset\val\NORMAL\normal_00172.png
normal,val,normal_00173.png,G:\Ai-CDD\data\raw\dataset\val\NORMAL\normal_00173.png
normal,val,normal_00174.png,G:\Ai-CDD\data\raw\dataset\val\NORMAL\normal_00174.png
normal,val,normal_00175.png,G:\Ai-CDD\data\raw\dataset\val\NORMAL\normal_00175.png
normal,val,normal_00176.png,G:\Ai-CDD\data\raw\dataset\val\NORMAL\normal_00176.png
normal,val,normal_00177.png,G:\Ai-CDD\data\raw\dataset\val\NORMAL\normal_00177.png
normal,val,normal_00178.png,G:\Ai-CDD\data\raw\dataset\val\NORMAL\normal_00178.png
normal,val,normal_00179.png,G:\Ai-CDD\data\raw\dataset\val\NORMAL\normal_00179.png
normal,val,normal_00180.png,G:\Ai-CDD\data\raw\dataset\val\NORMAL\normal_00180.png
normal,val,normal_00181.png,G:\Ai-CDD\data\raw\dataset\val\NORMAL\normal_00181.png
normal,val,normal_00182.png,G:\Ai-CDD\data\raw\dataset\val\NORMAL\normal_00182.png
normal,val,normal_00183.png,G:\Ai-CDD\data\raw\dataset\val\NORMAL\normal_00183.png
normal,val,normal_00184.png,G:\Ai-CDD\data\raw\dataset\val\NORMAL\normal_00184.png
normal,val,normal_00185.png,G:\Ai-CDD\data\raw\dataset\val\NORMAL\normal_00185.png
normal,val,normal_00186.png,G:\Ai-CDD\data\raw\dataset\val\NORMAL\normal_00186.png
normal,val,normal_00187.png,G:\Ai-CDD\data\raw\dataset\val\NORMAL\normal_00187.png
normal,val,normal_00188.png,G:\Ai-CDD\data\raw\dataset\val\NORMAL\normal_00188.png
normal,val,normal_00189.png,G:\Ai-CDD\data\raw\dataset\val\NORMAL\normal_00189.png
normal,val,normal_00190.png,G:\Ai-CDD\data\raw\dataset\val\NORMAL\normal_00190.png
normal,val,normal_00191.png,G:\Ai-CDD\data\raw\dataset\val\NORMAL\normal_00191.png
normal,val,normal_00192.png,G:\Ai-CDD\data\raw\dataset\val\NORMAL\normal_00192.png
normal,val,normal_00193.png,G:\Ai-CDD\data\raw\dataset\val\NORMAL\normal_00193.png
normal,val,normal_00194.png,G:\Ai-CDD\data\raw\dataset\val\NORMAL\normal_00194.png
normal,val,normal_00195.png,G:\Ai-CDD\data\raw\dataset\val\NORMAL\normal_00195.png
normal,val,normal_00196.png,G:\Ai-CDD\data\raw\dataset\val\NORMAL\normal_00196.png
normal,val,normal_00197.png,G:\Ai-CDD\data\raw\dataset\val\NORMAL\normal_00197.png
normal,val,normal_00198.png,G:\Ai-CDD\data\raw\dataset\val\NORMAL\normal_00198.png
normal,val,normal_00199.png,G:\Ai-CDD\data\raw\dataset\val\NORMAL\normal_00199.png
normal,val,normal_00200.png,G:\Ai-CDD\data\raw\dataset\val\NORMAL\normal_00200.png
normal,val,normal_00201.png,G:\Ai-CDD\data\raw\dataset\val\NORMAL\normal_00201.png
normal,val,normal_00202.png,G:\Ai-CDD\data\raw\dataset\val\NORMAL\normal_00202.png
normal,val,normal_00203.png,G:\Ai-CDD\data\raw\dataset\val\NORMAL\normal_00203.png
normal,val,normal_00204.png,G:\Ai-CDD\data\raw\dataset\val\NORMAL\normal_00204.png
normal,val,normal_00205.png,G:\Ai-CDD\data\raw\dataset\val\NORMAL\normal_00205.png
normal,val,normal_00206.png,G:\Ai-CDD\data\raw\dataset\val\NORMAL\normal_00206.png
normal,val,normal_00207.png,G:\Ai-CDD\data\raw\dataset\val\NORMAL\normal_00207.png
normal,val,normal_00208.png,G:\Ai-CDD\data\raw\dataset\val\NORMAL\normal_00208.png
normal,val,normal_00209.png,G:\Ai-CDD\data\raw\dataset\val\NORMAL\normal_00209.png
normal,val,normal_00210.png,G:\Ai-CDD\data\raw\dataset\val\NORMAL\normal_00210.png
normal,val,normal_00211.png,G:\Ai-CDD\data\raw\dataset\val\NORMAL\normal_00211.png
normal,val,normal_00212.png,G:\Ai-CDD\data\raw\dataset\val\NORMAL\normal_00212.png
normal,val,normal_00213.png,G:\Ai-CDD\data\raw\dataset\val\NORMAL\normal_00213.png
normal,val,normal_00214.png,G:\Ai-CDD\data\raw\dataset\val\NORMAL\normal_00214.png
normal,val,normal_00215.png,G:\Ai-CDD\data\raw\dataset\val\NORMAL\normal_00215.png
normal,val,normal_00216.png,G:\Ai-CDD\data\raw\dataset\val\NORMAL\normal_00216.png
normal,val,normal_00217.png,G:\Ai-CDD\data\raw\dataset\val\NORMAL\normal_00217.png
normal,val,normal_00218.png,G:\Ai-CDD\data\raw\dataset\val\NORMAL\normal_00218.png
normal,val,normal_00219.png,G:\Ai-CDD\data\raw\dataset\val\NORMAL\normal_00219.png
normal,val,normal_00220.png,G:\Ai-CDD\data\raw\dataset\val\NORMAL\normal_00220.png
normal,val,normal_00221.png,G:\Ai-CDD\data\raw\dataset\val\NORMAL\normal_00221.png
normal,val,normal_00222.png,G:\Ai-CDD\data\raw\dataset\val\NORMAL\normal_00222.png
normal,val,normal_00223.png,G:\Ai-CDD\data\raw\dataset\val\NORMAL\normal_00223.png
normal,val,normal_00224.png,G:\Ai-CDD\data\raw\dataset\val\NORMAL\normal_00224.png
normal,val,normal_00225.png,G:\Ai-CDD\data\raw\dataset\val\NORMAL\normal_00225.png
normal,val,normal_00226.png,G:\Ai-CDD\data\raw\dataset\val\NORMAL\normal_00226.png
normal,val,normal_00227.png,G:\Ai-CDD\data\raw\dataset\val\NORMAL\normal_00227.png
normal,val,normal_00228.png,G:\Ai-CDD\data\raw\dataset\val\NORMAL\normal_00228.png
normal,val,normal_00229.png,G:\Ai-CDD\data\raw\dataset\val\NORMAL\normal_00229.png
normal,val,normal_00230.png,G:\Ai-CDD\data\raw\dataset\val\NORMAL\normal_00230.png
normal,val,normal_00231.png,G:\Ai-CDD\data\raw\dataset\val\NORMAL\normal_00231.png
normal,val,normal_00232.png,G:\Ai-CDD\data\raw\dataset\val\NORMAL\normal_00232.png
normal,val,normal_00233.png,G:\Ai-CDD\data\raw\dataset\val\NORMAL\normal_00233.png
normal,val,normal_00234.png,G:\Ai-CDD\data\raw\dataset\val\NORMAL\normal_00234.png
normal,val,normal_00235.png,G:\Ai-CDD\data\raw\dataset\val\NORMAL\normal_00235.png
normal,val,normal_00236.png,G:\Ai-CDD\data\raw\dataset\val\NORMAL\normal_00236.png
normal,val,normal_00237.png,G:\Ai-CDD\data\raw\dataset\val\NORMAL\normal_00237.png
normal,val,normal_00238.png,G:\Ai-CDD\data\raw\dataset\val\NORMAL\normal_00238.png
normal,val,normal_00239.png,G:\Ai-CDD\data\raw\dataset\val\NORMAL\normal_00239.png
normal,val,normal_00240.png,G:\Ai-CDD\data\raw\dataset\val\NORMAL\normal_00240.png
normal,val,normal_00241.png,G:\Ai-CDD\data\raw\dataset\val\NORMAL\normal_00241.png
normal,val,normal_00242.png,G:\Ai-CDD\data\raw\dataset\val\NORMAL\normal_00242.png
normal,val,normal_00243.png,G:\Ai-CDD\data\raw\dataset\val\NORMAL\normal_00243.png
normal,val,normal_00244.png,G:\Ai-CDD\data\raw\dataset\val\NORMAL\normal_00244.png
normal,val,normal_00245.png,G:\Ai-CDD\data\raw\dataset\val\NORMAL\normal_00245.png
normal,val,normal_00246.png,G:\Ai-CDD\data\raw\dataset\val\NORMAL\normal_00246.png
normal,val,normal_00247.png,G:\Ai-CDD\data\raw\dataset\val\NORMAL\normal_00247.png
normal,val,normal_00248.png,G:\Ai-CDD\data\raw\dataset\val\NORMAL\normal_00248.png
normal,val,normal_00249.png,G:\Ai-CDD\data\raw\dataset\val\NORMAL\normal_00249.png
normal,val,normal_00250.png,G:\Ai-CDD\data\raw\dataset\val\NORMAL\normal_00250.png
normal,val,normal_00251.png,G:\Ai-CDD\data\raw\dataset\val\NORMAL\normal_00251.png
normal,val,normal_00252.png,G:\Ai-CDD\data\raw\dataset\val\NORMAL\normal_00252.png
normal,val,normal_00253.png,G:\Ai-CDD\data\raw\dataset\val\NORMAL\normal_00253.png
normal,val,normal_00254.png,G:\Ai-CDD\data\raw\dataset\val\NORMAL\normal_00254.png
normal,val,normal_00255.png,G:\Ai-CDD\data\raw\dataset\val\NORMAL\normal_00255.png
normal,val,normal_00256.png,G:\Ai-CDD\data\raw\dataset\val\NORMAL\normal_00256.png
normal,val,normal_00257.png,G:\Ai-CDD\data\raw\dataset\val\NORMAL\normal_00257.png
normal,val,normal_00258.png,G:\Ai-CDD\data\raw\dataset\val\NORMAL\normal_00258.png
normal,val,normal_00259.png,G:\Ai-CDD\data\raw\dataset\val\NORMAL\normal_00259.png
normal,val,normal_00260.png,G:\Ai-CDD\data\raw\dataset\val\NORMAL\normal_00260.png
normal,val,normal_00261.png,G:\Ai-CDD\data\raw\dataset\val\NORMAL\normal_00261.png
normal,val,normal_00262.png,G:\Ai-CDD\data\raw\dataset\val\NORMAL\normal_00262.png
normal,val,normal_00263.png,G:\Ai-CDD\data\raw\dataset\val\NORMAL\normal_00263.png
normal,val,normal_00264.png,G:\Ai-CDD\data\raw\dataset\val\NORMAL\normal_00264.png
normal,val,normal_00265.png,G:\Ai-CDD\data\raw\dataset\val\NORMAL\normal_00265.png
normal,val,normal_00266.png,G:\Ai-CDD\data\raw\dataset\val\NORMAL\normal_00266.png
normal,val,normal_00267.png,G:\Ai-CDD\data\raw\dataset\val\NORMAL\normal_00267.png
normal,val,normal_00268.png,G:\Ai-CDD\data\raw\dataset\val\NORMAL\normal_00268.png
normal,val,normal_00269.png,G:\Ai-CDD\data\raw\dataset\val\NORMAL\normal_00269.png
normal,val,normal_00270.png,G:\Ai-CDD\data\raw\dataset\val\NORMAL\normal_00270.png
normal,val,normal_00271.png,G:\Ai-CDD\data\raw\dataset\val\NORMAL\normal_00271.png
normal,val,normal_00272.png,G:\Ai-CDD\data\raw\dataset\val\NORMAL\normal_00272.png
normal,val,normal_00273.png,G:\Ai-CDD\data\raw\dataset\val\NORMAL\normal_00273.png
normal,val,normal_00274.png,G:\Ai-CDD\data\raw\dataset\val\NORMAL\normal_00274.png
normal,val,normal_00275.png,G:\Ai-CDD\data\raw\dataset\val\NORMAL\normal_00275.png
normal,val,normal_00276.png,G:\Ai-CDD\data\raw\dataset\val\NORMAL\normal_00276.png
normal,val,normal_00277.png,G:\Ai-CDD\data\raw\dataset\val\NORMAL\normal_00277.png
normal,val,normal_00278.png,G:\Ai-CDD\data\raw\dataset\val\NORMAL\normal_00278.png
normal,val,normal_00279.png,G:\Ai-CDD\data\raw\dataset\val\NORMAL\normal_00279.png
normal,val,normal_00280.png,G:\Ai-CDD\data\raw\dataset\val\NORMAL\normal_00280.png
normal,val,normal_00281.png,G:\Ai-CDD\data\raw\dataset\val\NORMAL\normal_00281.png
normal,val,normal_00282.png,G:\Ai-CDD\data\raw\dataset\val\NORMAL\normal_00282.png
normal,val,normal_00283.png,G:\Ai-CDD\data\raw\dataset\val\NORMAL\normal_00283.png
normal,val,normal_00284.png,G:\Ai-CDD\data\raw\dataset\val\NORMAL\normal_00284.png
normal,val,normal_00285.png,G:\Ai-CDD\data\raw\dataset\val\NORMAL\normal_00285.png
normal,val,normal_00286.png,G:\Ai-CDD\data\raw\dataset\val\NORMAL\normal_00286.png
normal,val,normal_00287.png,G:\Ai-CDD\data\raw\dataset\val\NORMAL\normal_00287.png
normal,val,normal_00288.png,G:\Ai-CDD\data\raw\dataset\val\NORMAL\normal_00288.png
normal,val,normal_00289.png,G:\Ai-CDD\data\raw\dataset\val\NORMAL\normal_00289.png
normal,val,normal_00290.png,G:\Ai-CDD\data\raw\dataset\val\NORMAL\normal_00290.png
normal,val,normal_00291.png,G:\Ai-CDD\data\raw\dataset\val\NORMAL\normal_00291.png
normal,val,normal_00292.png,G:\Ai-CDD\data\raw\dataset\val\NORMAL\normal_00292.png
normal,val,normal_00293.png,G:\Ai-CDD\data\raw\dataset\val\NORMAL\normal_00293.png
normal,val,normal_00294.png,G:\Ai-CDD\data\raw\dataset\val\NORMAL\normal_00294.png
normal,val,normal_00295.png,G:\Ai-CDD\data\raw\dataset\val\NORMAL\normal_00295.png
normal,val,normal_00296.png,G:\Ai-CDD\data\raw\dataset\val\NORMAL\normal_00296.png
normal,val,normal_00297.png,G:\Ai-CDD\data\raw\dataset\val\NORMAL\normal_00297.png
normal,val,normal_00298.png,G:\Ai-CDD\data\raw\dataset\val\NORMAL\normal_00298.png
normal,val,normal_00299.png,G:\Ai-CDD\data\raw\dataset\val\NORMAL\normal_00299.png
normal,val,normal_00300.png,G:\Ai-CDD\data\raw\dataset\val\NORMAL\normal_00300.png
normal,val,normal_00301.png,G:\Ai-CDD\data\raw\dataset\val\NORMAL\normal_00301.png
normal,val,normal_00302.png,G:\Ai-CDD\data\raw\dataset\val\NORMAL\normal_00302.png
normal,val,normal_00303.png,G:\Ai-CDD\data\raw\dataset\val\NORMAL\normal_00303.png
normal,val,normal_00304.png,G:\Ai-CDD\data\raw\dataset\val\NORMAL\normal_00304.png
normal,val,normal_00305.png,G:\Ai-CDD\data\raw\dataset\val\NORMAL\normal_00305.png
normal,val,normal_00306.png,G:\Ai-CDD\data\raw\dataset\val\NORMAL\normal_00306.png
normal,val,normal_00307.png,G:\Ai-CDD\data\raw\dataset\val\NORMAL\normal_00307.png
normal,val,normal_00308.png,G:\Ai-CDD\data\raw\dataset\val\NORMAL\normal_00308.png
normal,val,normal_00309.png,G:\Ai-CDD\data\raw\dataset\val\NORMAL\normal_00309.png
normal,val,normal_00310.png,G:\Ai-CDD\data\raw\dataset\val\NORMAL\normal_00310.png
normal,val,normal_00311.png,G:\Ai-CDD\data\raw\dataset\val\NORMAL\normal_00311.png
normal,val,normal_00312.png,G:\Ai-CDD\data\raw\dataset\val\NORMAL\normal_00312.png
normal,val,normal_00313.png,G:\Ai-CDD\data\raw\dataset\val\NORMAL\normal_00313.png
normal,val,normal_00314.png,G:\Ai-CDD\data\raw\dataset\val\NORMAL\normal_00314.png
normal,val,normal_00315.png,G:\Ai-CDD\data\raw\dataset\val\NORMAL\normal_00315.png
normal,val,normal_00316.png,G:\Ai-CDD\data\raw\dataset\val\NORMAL\normal_00316.png
normal,val,normal_00317.png,G:\Ai-CDD\data\raw\dataset\val\NORMAL\normal_00317.png
normal,val,normal_00318.png,G:\Ai-CDD\data\raw\dataset\val\NORMAL\normal_00318.png
normal,val,normal_00319.png,G:\Ai-CDD\data\raw\dataset\val\NORMAL\normal_00319.png
normal,val,normal_00320.png,G:\Ai-CDD\data\raw\dataset\val\NORMAL\normal_00320.png
normal,val,normal_00321.png,G:\Ai-CDD\data\raw\dataset\val\NORMAL\normal_00321.png
normal,val,normal_00322.png,G:\Ai-CDD\data\raw\dataset\val\NORMAL\normal_00322.png
normal,val,normal_00323.png,G:\Ai-CDD\data\raw\dataset\val\NORMAL\normal_00323.png
normal,val,normal_00324.png,G:\Ai-CDD\data\raw\dataset\val\NORMAL\normal_00324.png
normal,val,normal_00325.png,G:\Ai-CDD\data\raw\dataset\val\NORMAL\normal_00325.png
normal,val,normal_00326.png,G:\Ai-CDD\data\raw\dataset\val\NORMAL\normal_00326.png
normal,val,normal_00327.png,G:\Ai-CDD\data\raw\dataset\val\NORMAL\normal_00327.png
normal,val,normal_00328.png,G:\Ai-CDD\data\raw\dataset\val\NORMAL\normal_00328.png
normal,val,normal_00329.png,G:\Ai-CDD\data\raw\dataset\val\NORMAL\normal_00329.png
normal,val,normal_00330.png,G:\Ai-CDD\data\raw\dataset\val\NORMAL\normal_00330.png
normal,val,normal_00331.png,G:\Ai-CDD\data\raw\dataset\val\NORMAL\normal_00331.png
normal,val,normal_00332.png,G:\Ai-CDD\data\raw\dataset\val\NORMAL\normal_00332.png
normal,val,normal_00333.png,G:\Ai-CDD\data\raw\dataset\val\NORMAL\normal_00333.png
normal,val,normal_00334.png,G:\Ai-CDD\data\raw\dataset\val\NORMAL\normal_00334.png
normal,val,normal_00335.png,G:\Ai-CDD\data\raw\dataset\val\NORMAL\normal_00335.png
normal,val,normal_00336.png,G:\Ai-CDD\data\raw\dataset\val\NORMAL\normal_00336.png
normal,val,normal_00337.png,G:\Ai-CDD\data\raw\dataset\val\NORMAL\normal_00337.png
normal,val,normal_00338.png,G:\Ai-CDD\data\raw\dataset\val\NORMAL\normal_00338.png
normal,val,normal_00339.png,G:\Ai-CDD\data\raw\dataset\val\NORMAL\normal_00339.png
normal,val,normal_00340.png,G:\Ai-CDD\data\raw\dataset\val\NORMAL\normal_00340.png
normal,val,normal_00341.png,G:\Ai-CDD\data\raw\dataset\val\NORMAL\normal_00341.png
normal,val,normal_00342.png,G:\Ai-CDD\data\raw\dataset\val\NORMAL\normal_00342.png
normal,val,normal_00343.png,G:\Ai-CDD\data\raw\dataset\val\NORMAL\normal_00343.png
normal,val,normal_00344.png,G:\Ai-CDD\data\raw\dataset\val\NORMAL\normal_00344.png
normal,val,normal_00345.png,G:\Ai-CDD\data\raw\dataset\val\NORMAL\normal_00345.png
normal,val,normal_00346.png,G:\Ai-CDD\data\raw\dataset\val\NORMAL\normal_00346.png
normal,val,normal_00347.png,G:\Ai-CDD\data\raw\dataset\val\NORMAL\normal_00347.png
normal,val,normal_00348.png,G:\Ai-CDD\data\raw\dataset\val\NORMAL\normal_00348.png
normal,val,normal_00349.png,G:\Ai-CDD\data\raw\dataset\val\NORMAL\normal_00349.png
normal,val,normal_00350.png,G:\Ai-CDD\data\raw\dataset\val\NORMAL\normal_00350.png
normal,val,normal_00351.png,G:\Ai-CDD\data\raw\dataset\val\NORMAL\normal_00351.png
normal,val,normal_00352.png,G:\Ai-CDD\data\raw\dataset\val\NORMAL\normal_00352.png
normal,val,normal_00353.png,G:\Ai-CDD\data\raw\dataset\val\NORMAL\normal_00353.png
normal,val,normal_00354.png,G:\Ai-CDD\data\raw\dataset\val\NORMAL\normal_00354.png
normal,val,normal_00355.png,G:\Ai-CDD\data\raw\dataset\val\NORMAL\normal_00355.png
normal,val,normal_00356.png,G:\Ai-CDD\data\raw\dataset\val\NORMAL\normal_00356.png
normal,val,normal_00357.png,G:\Ai-CDD\data\raw\dataset\val\NORMAL\normal_00357.png
normal,val,normal_00358.png,G:\Ai-CDD\data\raw\dataset\val\NORMAL\normal_00358.png
normal,val,normal_00359.png,G:\Ai-CDD\data\raw\dataset\val\NORMAL\normal_00359.png
normal,val,normal_00360.png,G:\Ai-CDD\data\raw\dataset\val\NORMAL\normal_00360.png
normal,val,normal_00361.png,G:\Ai-CDD\data\raw\dataset\val\NORMAL\normal_00361.png
normal,val,normal_00362.png,G:\Ai-CDD\data\raw\dataset\val\NORMAL\normal_00362.png
normal,val,normal_00363.png,G:\Ai-CDD\data\raw\dataset\val\NORMAL\normal_00363.png
normal,val,normal_00364.png,G:\Ai-CDD\data\raw\dataset\val\NORMAL\normal_00364.png
normal,val,normal_00365.png,G:\Ai-CDD\data\raw\dataset\val\NORMAL\normal_00365.png
normal,val,normal_00366.png,G:\Ai-CDD\data\raw\dataset\val\NORMAL\normal_00366.png
normal,val,normal_00367.png,G:\Ai-CDD\data\raw\dataset\val\NORMAL\normal_00367.png
normal,val,normal_00368.png,G:\Ai-CDD\data\raw\dataset\val\NORMAL\normal_00368.png
normal,val,normal_00369.png,G:\Ai-CDD\data\raw\dataset\val\NORMAL\normal_00369.png
normal,val,normal_00370.png,G:\Ai-CDD\data\raw\dataset\val\NORMAL\normal_00370.png
normal,val,normal_00371.png,G:\Ai-CDD\data\raw\dataset\val\NORMAL\normal_00371.png
normal,val,normal_00372.png,G:\Ai-CDD\data\raw\dataset\val\NORMAL\normal_00372.png
normal,val,normal_00373.png,G:\Ai-CDD\data\raw\dataset\val\NORMAL\normal_00373.png
normal,val,normal_00374.png,G:\Ai-CDD\data\raw\dataset\val\NORMAL\normal_00374.png
normal,val,normal_00375.png,G:\Ai-CDD\data\raw\dataset\val\NORMAL\normal_00375.png
normal,val,normal_00376.png,G:\Ai-CDD\data\raw\dataset\val\NORMAL\normal_00376.png
normal,val,normal_00377.png,G:\Ai-CDD\data\raw\dataset\val\NORMAL\normal_00377.png
normal,val,normal_00378.png,G:\Ai-CDD\data\raw\dataset\val\NORMAL\normal_00378.png
normal,val,normal_00379.png,G:\Ai-CDD\data\raw\dataset\val\NORMAL\normal_00379.png
normal,val,normal_00380.png,G:\Ai-CDD\data\raw\dataset\val\NORMAL\normal_00380.png
normal,val,normal_00381.png,G:\Ai-CDD\data\raw\dataset\val\NORMAL\normal_00381.png
normal,val,normal_00382.png,G:\Ai-CDD\data\raw\dataset\val\NORMAL\normal_00382.png
normal,val,normal_00383.png,G:\Ai-CDD\data\raw\dataset\val\NORMAL\normal_00383.png
normal,val,normal_00384.png,G:\Ai-CDD\data\raw\dataset\val\NORMAL\normal_00384.png
normal,val,normal_00385.png,G:\Ai-CDD\data\raw\dataset\val\NORMAL\normal_00385.png
normal,val,normal_00386.png,G:\Ai-CDD\data\raw\dataset\val\NORMAL\normal_00386.png
normal,val,normal_00387.png,G:\Ai-CDD\data\raw\dataset\val\NORMAL\normal_00387.png
normal,val,normal_00388.png,G:\Ai-CDD\data\raw\dataset\val\NORMAL\normal_00388.png
normal,val,normal_00389.png,G:\Ai-CDD\data\raw\dataset\val\NORMAL\normal_00389.png
normal,val,normal_00390.png,G:\Ai-CDD\data\raw\dataset\val\NORMAL\normal_00390.png
normal,val,normal_00391.png,G:\Ai-CDD\data\raw\dataset\val\NORMAL\normal_00391.png
normal,val,normal_00392.png,G:\Ai-CDD\data\raw\dataset\val\NORMAL\normal_00392.png
normal,val,normal_00393.png,G:\Ai-CDD\data\raw\dataset\val\NORMAL\normal_00393.png
normal,val,normal_00394.png,G:\Ai-CDD\data\raw\dataset\val\NORMAL\normal_00394.png
normal,val,normal_00395.png,G:\Ai-CDD\data\raw\dataset\val\NORMAL\normal_00395.png
normal,val,normal_00396.png,G:\Ai-CDD\data\raw\dataset\val\NORMAL\normal_00396.png
normal,val,normal_00397.png,G:\Ai-CDD\data\raw\dataset\val\NORMAL\normal_00397.png
normal,val,normal_00398.png,G:\Ai-CDD\data\raw\dataset\val\NORMAL\normal_00398.png
normal,val,normal_00399.png,G:\Ai-CDD\data\raw\dataset\val\NORMAL\normal_00399.png
normal,val,normal_00400.png,G:\Ai-CDD\data\raw\dataset\val\NORMAL\normal_00400.png
normal,val,normal_00401.png,G:\Ai-CDD\data\raw\dataset\val\NORMAL\normal_00401.png
normal,val,normal_00402.png,G:\Ai-CDD\data\raw\dataset\val\NORMAL\normal_00402.png
normal,val,normal_00403.png,G:\Ai-CDD\data\raw\dataset\val\NORMAL\normal_00403.png
normal,val,normal_00404.png,G:\Ai-CDD\data\raw\dataset\val\NORMAL\normal_00404.png
normal,val,normal_00405.png,G:\Ai-CDD\data\raw\dataset\val\NORMAL\normal_00405.png
normal,val,normal_00406.png,G:\Ai-CDD\data\raw\dataset\val\NORMAL\normal_00406.png
normal,val,normal_00407.png,G:\Ai-CDD\data\raw\dataset\val\NORMAL\normal_00407.png
normal,val,normal_00408.png,G:\Ai-CDD\data\raw\dataset\val\NORMAL\normal_00408.png
normal,val,normal_00409.png,G:\Ai-CDD\data\raw\dataset\val\NORMAL\normal_00409.png
normal,val,normal_00410.png,G:\Ai-CDD\data\raw\dataset\val\NORMAL\normal_00410.png
normal,val,normal_00411.png,G:\Ai-CDD\data\raw\dataset\val\NORMAL\normal_00411.png
normal,val,normal_00412.png,G:\Ai-CDD\data\raw\dataset\val\NORMAL\normal_00412.png
normal,val,normal_00413.png,G:\Ai-CDD\data\raw\dataset\val\NORMAL\normal_00413.png
normal,val,normal_00414.png,G:\Ai-CDD\data\raw\dataset\val\NORMAL\normal_00414.png
normal,val,normal_00415.png,G:\Ai-CDD\data\raw\dataset\val\NORMAL\normal_00415.png
normal,val,normal_00416.png,G:\Ai-CDD\data\raw\dataset\val\NORMAL\normal_00416.png
normal,val,normal_00417.png,G:\Ai-CDD\data\raw\dataset\val\NORMAL\normal_00417.png
normal,val,normal_00418.png,G:\Ai-CDD\data\raw\dataset\val\NORMAL\normal_00418.png
normal,val,normal_00419.png,G:\Ai-CDD\data\raw\dataset\val\NORMAL\normal_00419.png
normal,val,normal_00420.png,G:\Ai-CDD\data\raw\dataset\val\NORMAL\normal_00420.png
normal,val,normal_00421.png,G:\Ai-CDD\data\raw\dataset\val\NORMAL\normal_00421.png
normal,val,normal_00422.png,G:\Ai-CDD\data\raw\dataset\val\NORMAL\normal_00422.png
normal,val,normal_00423.png,G:\Ai-CDD\data\raw\dataset\val\NORMAL\normal_00423.png
normal,val,normal_00424.png,G:\Ai-CDD\data\raw\dataset\val\NORMAL\normal_00424.png
normal,val,normal_00425.png,G:\Ai-CDD\data\raw\dataset\val\NORMAL\normal_00425.png
normal,val,normal_00426.png,G:\Ai-CDD\data\raw\dataset\val\NORMAL\normal_00426.png
normal,val,normal_00427.png,G:\Ai-CDD\data\raw\dataset\val\NORMAL\normal_00427.png
normal,val,normal_00428.png,G:\Ai-CDD\data\raw\dataset\val\NORMAL\normal_00428.png
normal,val,normal_00429.png,G:\Ai-CDD\data\raw\dataset\val\NORMAL\normal_00429.png
normal,val,normal_00430.png,G:\Ai-CDD\data\raw\dataset\val\NORMAL\normal_00430.png
normal,val,normal_00431.png,G:\Ai-CDD\data\raw\dataset\val\NORMAL\normal_00431.png
normal,val,normal_00432.png,G:\Ai-CDD\data\raw\dataset\val\NORMAL\normal_00432.png
normal,val,normal_00433.png,G:\Ai-CDD\data\raw\dataset\val\NORMAL\normal_00433.png
normal,val,normal_00434.png,G:\Ai-CDD\data\raw\dataset\val\NORMAL\normal_00434.png
normal,val,normal_00435.png,G:\Ai-CDD\data\raw\dataset\val\NORMAL\normal_00435.png
normal,val,normal_00436.png,G:\Ai-CDD\data\raw\dataset\val\NORMAL\normal_00436.png
normal,val,normal_00437.png,G:\Ai-CDD\data\raw\dataset\val\NORMAL\normal_00437.png
normal,val,normal_00438.png,G:\Ai-CDD\data\raw\dataset\val\NORMAL\normal_00438.png
normal,val,normal_00439.png,G:\Ai-CDD\data\raw\dataset\val\NORMAL\normal_00439.png
normal,val,normal_00440.png,G:\Ai-CDD\data\raw\dataset\val\NORMAL\normal_00440.png
normal,val,normal_00441.png,G:\Ai-CDD\data\raw\dataset\val\NORMAL\normal_00441.png
normal,val,normal_00442.png,G:\Ai-CDD\data\raw\dataset\val\NORMAL\normal_00442.png
normal,val,normal_00443.png,G:\Ai-CDD\data\raw\dataset\val\NORMAL\normal_00443.png
normal,val,normal_00444.png,G:\Ai-CDD\data\raw\dataset\val\NORMAL\normal_00444.png
normal,val,normal_00445.png,G:\Ai-CDD\data\raw\dataset\val\NORMAL\normal_00445.png
normal,val,normal_00446.png,G:\Ai-CDD\data\raw\dataset\val\NORMAL\normal_00446.png
normal,val,normal_00447.png,G:\Ai-CDD\data\raw\dataset\val\NORMAL\normal_00447.png
normal,val,normal_00448.png,G:\Ai-CDD\data\raw\dataset\val\NORMAL\normal_00448.png
normal,val,normal_00449.png,G:\Ai-CDD\data\raw\dataset\val\NORMAL\normal_00449.png
normal,val,normal_00450.png,G:\Ai-CDD\data\raw\dataset\val\NORMAL\normal_00450.png
normal,val,normal_00451.png,G:\Ai-CDD\data\raw\dataset\val\NORMAL\normal_00451.png
normal,val,normal_00452.png,G:\Ai-CDD\data\raw\dataset\val\NORMAL\normal_00452.png
normal,val,normal_00453.png,G:\Ai-CDD\data\raw\dataset\val\NORMAL\normal_00453.png
normal,val,normal_00454.png,G:\Ai-CDD\data\raw\dataset\val\NORMAL\normal_00454.png
normal,val,normal_00455.png,G:\Ai-CDD\data\raw\dataset\val\NORMAL\normal_00455.png
normal,val,normal_00456.png,G:\Ai-CDD\data\raw\dataset\val\NORMAL\normal_00456.png
normal,val,normal_00457.png,G:\Ai-CDD\data\raw\dataset\val\NORMAL\normal_00457.png
normal,val,normal_00458.png,G:\Ai-CDD\data\raw\dataset\val\NORMAL\normal_00458.png
normal,val,normal_00459.png,G:\Ai-CDD\data\raw\dataset\val\NORMAL\normal_00459.png
normal,val,normal_00460.png,G:\Ai-CDD\data\raw\dataset\val\NORMAL\normal_00460.png
normal,val,normal_00461.png,G:\Ai-CDD\data\raw\dataset\val\NORMAL\normal_00461.png
normal,val,normal_00462.png,G:\Ai-CDD\data\raw\dataset\val\NORMAL\normal_00462.png
normal,val,normal_00463.png,G:\Ai-CDD\data\raw\dataset\val\NORMAL\normal_00463.png
normal,val,normal_00464.png,G:\Ai-CDD\data\raw\dataset\val\NORMAL\normal_00464.png
normal,val,normal_00465.png,G:\Ai-CDD\data\raw\dataset\val\NORMAL\normal_00465.png
normal,val,normal_00466.png,G:\Ai-CDD\data\raw\dataset\val\NORMAL\normal_00466.png
normal,val,normal_00467.png,G:\Ai-CDD\data\raw\dataset\val\NORMAL\normal_00467.png
normal,val,normal_00468.png,G:\Ai-CDD\data\raw\dataset\val\NORMAL\normal_00468.png
normal,val,normal_00469.png,G:\Ai-CDD\data\raw\dataset\val\NORMAL\normal_00469.png
normal,val,normal_00470.png,G:\Ai-CDD\data\raw\dataset\val\NORMAL\normal_00470.png
normal,val,normal_00471.png,G:\Ai-CDD\data\raw\dataset\val\NORMAL\normal_00471.png
normal,val,normal_00472.png,G:\Ai-CDD\data\raw\dataset\val\NORMAL\normal_00472.png
normal,val,normal_00473.png,G:\Ai-CDD\data\raw\dataset\val\NORMAL\normal_00473.png
normal,val,normal_00474.png,G:\Ai-CDD\data\raw\dataset\val\NORMAL\normal_00474.png
normal,val,normal_00475.png,G:\Ai-CDD\data\raw\dataset\val\NORMAL\normal_00475.png
normal,val,normal_00476.png,G:\Ai-CDD\data\raw\dataset\val\NORMAL\normal_00476.png
normal,val,normal_00477.png,G:\Ai-CDD\data\raw\dataset\val\NORMAL\normal_00477.png
normal,val,normal_00478.png,G:\Ai-CDD\data\raw\dataset\val\NORMAL\normal_00478.png
normal,val,normal_00479.png,G:\Ai-CDD\data\raw\dataset\val\NORMAL\normal_00479.png
normal,val,normal_00480.png,G:\Ai-CDD\data\raw\dataset\val\NORMAL\normal_00480.png
normal,val,normal_00481.png,G:\Ai-CDD\data\raw\dataset\val\NORMAL\normal_00481.png
normal,val,normal_00482.png,G:\Ai-CDD\data\raw\dataset\val\NORMAL\normal_00482.png
normal,val,normal_00483.png,G:\Ai-CDD\data\raw\dataset\val\NORMAL\normal_00483.png
normal,val,normal_00484.png,G:\Ai-CDD\data\raw\dataset\val\NORMAL\normal_00484.png
normal,val,normal_00485.png,G:\Ai-CDD\data\raw\dataset\val\NORMAL\normal_00485.png
normal,val,normal_00486.png,G:\Ai-CDD\data\raw\dataset\val\NORMAL\normal_00486.png
normal,val,normal_00487.png,G:\Ai-CDD\data\raw\dataset\val\NORMAL\normal_00487.png
normal,val,normal_00488.png,G:\Ai-CDD\data\raw\dataset\val\NORMAL\normal_00488.png
normal,val,normal_00489.png,G:\Ai-CDD\data\raw\dataset\val\NORMAL\normal_00489.png
normal,val,normal_00490.png,G:\Ai-CDD\data\raw\dataset\val\NORMAL\normal_00490.png
normal,val,normal_00491.png,G:\Ai-CDD\data\raw\dataset\val\NORMAL\normal_00491.png
normal,val,normal_00492.png,G:\Ai-CDD\data\raw\dataset\val\NORMAL\normal_00492.png
normal,val,normal_00493.png,G:\Ai-CDD\data\raw\dataset\val\NORMAL\normal_00493.png
normal,val,normal_00494.png,G:\Ai-CDD\data\raw\dataset\val\NORMAL\normal_00494.png
normal,val,normal_00495.png,G:\Ai-CDD\data\raw\dataset\val\NORMAL\normal_00495.png
normal,val,normal_00496.png,G:\Ai-CDD\data\raw\dataset\val\NORMAL\normal_00496.png
normal,val,normal_00497.png,G:\Ai-CDD\data\raw\dataset\val\NORMAL\normal_00497.png
normal,val,normal_00498.png,G:\Ai-CDD\data\raw\dataset\val\NORMAL\normal_00498.png
normal,val,normal_00499.png,G:\Ai-CDD\data\raw\dataset\val\NORMAL\normal_00499.png
normal,val,normal_00500.png,G:\Ai-CDD\data\raw\dataset\val\NORMAL\normal_00500.png
normal,val,normal_00501.png,G:\Ai-CDD\data\raw\dataset\val\NORMAL\normal_00501.png
normal,val,normal_00502.png,G:\Ai-CDD\data\raw\dataset\val\NORMAL\normal_00502.png
normal,val,normal_00503.png,G:\Ai-CDD\data\raw\dataset\val\NORMAL\normal_00503.png
normal,val,normal_00504.png,G:\Ai-CDD\data\raw\dataset\val\NORMAL\normal_00504.png
normal,val,normal_00505.png,G:\Ai-CDD\data\raw\dataset\val\NORMAL\normal_00505.png
normal,val,normal_00506.png,G:\Ai-CDD\data\raw\dataset\val\NORMAL\normal_00506.png
normal,val,normal_00507.png,G:\Ai-CDD\data\raw\dataset\val\NORMAL\normal_00507.png
normal,val,normal_00508.png,G:\Ai-CDD\data\raw\dataset\val\NORMAL\normal_00508.png
normal,val,normal_00509.png,G:\Ai-CDD\data\raw\dataset\val\NORMAL\normal_00509.png
normal,val,normal_00510.png,G:\Ai-CDD\data\raw\dataset\val\NORMAL\normal_00510.png
normal,val,normal_00511.png,G:\Ai-CDD\data\raw\dataset\val\NORMAL\normal_00511.png
normal,val,normal_00512.png,G:\Ai-CDD\data\raw\dataset\val\NORMAL\normal_00512.png
normal,val,normal_00513.png,G:\Ai-CDD\data\raw\dataset\val\NORMAL\normal_00513.png
normal,val,normal_00514.png,G:\Ai-CDD\data\raw\dataset\val\NORMAL\normal_00514.png
normal,val,normal_00515.png,G:\Ai-CDD\data\raw\dataset\val\NORMAL\normal_00515.png
normal,val,normal_00516.png,G:\Ai-CDD\data\raw\dataset\val\NORMAL\normal_00516.png
normal,val,normal_00517.png,G:\Ai-CDD\data\raw\dataset\val\NORMAL\normal_00517.png
normal,val,normal_00518.png,G:\Ai-CDD\data\raw\dataset\val\NORMAL\normal_00518.png
normal,val,normal_00519.png,G:\Ai-CDD\data\raw\dataset\val\NORMAL\normal_00519.png
normal,val,normal_00520.png,G:\Ai-CDD\data\raw\dataset\val\NORMAL\normal_00520.png
normal,val,normal_00521.png,G:\Ai-CDD\data\raw\dataset\val\NORMAL\normal_00521.png
normal,val,normal_00522.png,G:\Ai-CDD\data\raw\dataset\val\NORMAL\normal_00522.png
normal,val,normal_00523.png,G:\Ai-CDD\data\raw\dataset\val\NORMAL\normal_00523.png
normal,val,normal_00524.png,G:\Ai-CDD\data\raw\dataset\val\NORMAL\normal_00524.png
normal,val,normal_00525.png,G:\Ai-CDD\data\raw\dataset\val\NORMAL\normal_00525.png
normal,val,normal_00526.png,G:\Ai-CDD\data\raw\dataset\val\NORMAL\normal_00526.png
normal,val,normal_00527.png,G:\Ai-CDD\data\raw\dataset\val\NORMAL\normal_00527.png
normal,val,normal_00528.png,G:\Ai-CDD\data\raw\dataset\val\NORMAL\normal_00528.png
normal,val,normal_00529.png,G:\Ai-CDD\data\raw\dataset\val\NORMAL\normal_00529.png
normal,val,normal_00530.png,G:\Ai-CDD\data\raw\dataset\val\NORMAL\normal_00530.png
normal,val,normal_00531.png,G:\Ai-CDD\data\raw\dataset\val\NORMAL\normal_00531.png
normal,val,normal_00532.png,G:\Ai-CDD\data\raw\dataset\val\NORMAL\normal_00532.png
normal,val,normal_00533.png,G:\Ai-CDD\data\raw\dataset\val\NORMAL\normal_00533.png
normal,val,normal_00534.png,G:\Ai-CDD\data\raw\dataset\val\NORMAL\normal_00534.png
normal,val,normal_00535.png,G:\Ai-CDD\data\raw\dataset\val\NORMAL\normal_00535.png
normal,val,normal_00536.png,G:\Ai-CDD\data\raw\dataset\val\NORMAL\normal_00536.png
normal,val,normal_00537.png,G:\Ai-CDD\data\raw\dataset\val\NORMAL\normal_00537.png
normal,val,normal_00538.png,G:\Ai-CDD\data\raw\dataset\val\NORMAL\normal_00538.png
normal,val,normal_00539.png,G:\Ai-CDD\data\raw\dataset\val\NORMAL\normal_00539.png
normal,val,normal_00540.png,G:\Ai-CDD\data\raw\dataset\val\NORMAL\normal_00540.png
normal,val,normal_00541.png,G:\Ai-CDD\data\raw\dataset\val\NORMAL\normal_00541.png
normal,val,normal_00542.png,G:\Ai-CDD\data\raw\dataset\val\NORMAL\normal_00542.png
normal,val,normal_00543.png,G:\Ai-CDD\data\raw\dataset\val\NORMAL\normal_00543.png
normal,val,normal_00544.png,G:\Ai-CDD\data\raw\dataset\val\NORMAL\normal_00544.png
normal,val,normal_00545.png,G:\Ai-CDD\data\raw\dataset\val\NORMAL\normal_00545.png
normal,val,normal_00546.png,G:\Ai-CDD\data\raw\dataset\val\NORMAL\normal_00546.png
normal,val,normal_00547.png,G:\Ai-CDD\data\raw\dataset\val\NORMAL\normal_00547.png
normal,val,normal_00548.png,G:\Ai-CDD\data\raw\dataset\val\NORMAL\normal_00548.png
normal,val,normal_00549.png,G:\Ai-CDD\data\raw\dataset\val\NORMAL\normal_00549.png
normal,val,normal_00550.png,G:\Ai-CDD\data\raw\dataset\val\NORMAL\normal_00550.png
normal,val,normal_00551.png,G:\Ai-CDD\data\raw\dataset\val\NORMAL\normal_00551.png
normal,val,normal_00552.png,G:\Ai-CDD\data\raw\dataset\val\NORMAL\normal_00552.png
normal,val,normal_00553.png,G:\Ai-CDD\data\raw\dataset\val\NORMAL\normal_00553.png
normal,val,normal_00554.png,G:\Ai-CDD\data\raw\dataset\val\NORMAL\normal_00554.png
normal,val,normal_00555.png,G:\Ai-CDD\data\raw\dataset\val\NORMAL\normal_00555.png
normal,val,normal_00556.png,G:\Ai-CDD\data\raw\dataset\val\NORMAL\normal_00556.png
normal,val,normal_00557.png,G:\Ai-CDD\data\raw\dataset\val\NORMAL\normal_00557.png
normal,val,normal_00558.png,G:\Ai-CDD\data\raw\dataset\val\NORMAL\normal_00558.png
normal,val,normal_00559.png,G:\Ai-CDD\data\raw\dataset\val\NORMAL\normal_00559.png
normal,val,normal_00560.png,G:\Ai-CDD\data\raw\dataset\val\NORMAL\normal_00560.png
normal,val,normal_00561.png,G:\Ai-CDD\data\raw\dataset\val\NORMAL\normal_00561.png
normal,val,normal_00562.png,G:\Ai-CDD\data\raw\dataset\val\NORMAL\normal_00562.png
normal,val,normal_00563.png,G:\Ai-CDD\data\raw\dataset\val\NORMAL\normal_00563.png
normal,val,normal_00564.png,G:\Ai-CDD\data\raw\dataset\val\NORMAL\normal_00564.png
normal,val,normal_00565.png,G:\Ai-CDD\data\raw\dataset\val\NORMAL\normal_00565.png
normal,val,normal_00566.png,G:\Ai-CDD\data\raw\dataset\val\NORMAL\normal_00566.png
normal,val,normal_00567.png,G:\Ai-CDD\data\raw\dataset\val\NORMAL\normal_00567.png
normal,val,normal_00568.png,G:\Ai-CDD\data\raw\dataset\val\NORMAL\normal_00568.png
normal,val,normal_00569.png,G:\Ai-CDD\data\raw\dataset\val\NORMAL\normal_00569.png
normal,val,normal_00570.png,G:\Ai-CDD\data\raw\dataset\val\NORMAL\normal_00570.png
normal,val,normal_00571.png,G:\Ai-CDD\data\raw\dataset\val\NORMAL\normal_00571.png
normal,val,normal_00572.png,G:\Ai-CDD\data\raw\dataset\val\NORMAL\normal_00572.png
normal,val,normal_00573.png,G:\Ai-CDD\data\raw\dataset\val\NORMAL\normal_00573.png
normal,val,normal_00574.png,G:\Ai-CDD\data\raw\dataset\val\NORMAL\normal_00574.png
normal,val,normal_00575.png,G:\Ai-CDD\data\raw\dataset\val\NORMAL\normal_00575.png
normal,val,normal_00576.png,G:\Ai-CDD\data\raw\dataset\val\NORMAL\normal_00576.png
normal,val,normal_00577.png,G:\Ai-CDD\data\raw\dataset\val\NORMAL\normal_00577.png
normal,val,normal_00578.png,G:\Ai-CDD\data\raw\dataset\val\NORMAL\normal_00578.png
normal,val,normal_00579.png,G:\Ai-CDD\data\raw\dataset\val\NORMAL\normal_00579.png
normal,val,normal_00580.png,G:\Ai-CDD\data\raw\dataset\val\NORMAL\normal_00580.png
normal,val,normal_00581.png,G:\Ai-CDD\data\raw\dataset\val\NORMAL\normal_00581.png
normal,val,normal_00582.png,G:\Ai-CDD\data\raw\dataset\val\NORMAL\normal_00582.png
normal,val,normal_00583.png,G:\Ai-CDD\data\raw\dataset\val\NORMAL\normal_00583.png
normal,val,normal_00584.png,G:\Ai-CDD\data\raw\dataset\val\NORMAL\normal_00584.png
normal,val,normal_00585.png,G:\Ai-CDD\data\raw\dataset\val\NORMAL\normal_00585.png
normal,val,normal_00586.png,G:\Ai-CDD\data\raw\dataset\val\NORMAL\normal_00586.png
normal,val,normal_00587.png,G:\Ai-CDD\data\raw\dataset\val\NORMAL\normal_00587.png
normal,val,normal_00588.png,G:\Ai-CDD\data\raw\dataset\val\NORMAL\normal_00588.png
normal,val,normal_00589.png,G:\Ai-CDD\data\raw\dataset\val\NORMAL\normal_00589.png
normal,val,normal_00590.png,G:\Ai-CDD\data\raw\dataset\val\NORMAL\normal_00590.png
normal,val,normal_00591.png,G:\Ai-CDD\data\raw\dataset\val\NORMAL\normal_00591.png
normal,val,normal_00592.png,G:\Ai-CDD\data\raw\dataset\val\NORMAL\normal_00592.png
normal,val,normal_00593.png,G:\Ai-CDD\data\raw\dataset\val\NORMAL\normal_00593.png
normal,val,normal_00594.png,G:\Ai-CDD\data\raw\dataset\val\NORMAL\normal_00594.png
normal,val,normal_00595.png,G:\Ai-CDD\data\raw\dataset\val\NORMAL\normal_00595.png
normal,val,normal_00596.png,G:\Ai-CDD\data\raw\dataset\val\NORMAL\normal_00596.png
normal,val,normal_00597.png,G:\Ai-CDD\data\raw\dataset\val\NORMAL\normal_00597.png
normal,val,normal_00598.png,G:\Ai-CDD\data\raw\dataset\val\NORMAL\normal_00598.png
normal,val,normal_00599.png,G:\Ai-CDD\data\raw\dataset\val\NORMAL\normal_00599.png
normal,val,normal_00600.png,G:\Ai-CDD\data\raw\dataset\val\NORMAL\normal_00600.png
normal,val,normal_00601.png,G:\Ai-CDD\data\raw\dataset\val\NORMAL\normal_00601.png
normal,val,normal_00602.png,G:\Ai-CDD\data\raw\dataset\val\NORMAL\normal_00602.png
normal,val,normal_00603.png,G:\Ai-CDD\data\raw\dataset\val\NORMAL\normal_00603.png
normal,val,normal_00604.png,G:\Ai-CDD\data\raw\dataset\val\NORMAL\normal_00604.png
normal,val,normal_00605.png,G:\Ai-CDD\data\raw\dataset\val\NORMAL\normal_00605.png
normal,val,normal_00606.png,G:\Ai-CDD\data\raw\dataset\val\NORMAL\normal_00606.png
normal,val,normal_00607.png,G:\Ai-CDD\data\raw\dataset\val\NORMAL\normal_00607.png
normal,val,normal_00608.png,G:\Ai-CDD\data\raw\dataset\val\NORMAL\normal_00608.png
normal,val,normal_00609.png,G:\Ai-CDD\data\raw\dataset\val\NORMAL\normal_00609.png
normal,val,normal_00610.png,G:\Ai-CDD\data\raw\dataset\val\NORMAL\normal_00610.png
normal,val,normal_00611.png,G:\Ai-CDD\data\raw\dataset\val\NORMAL\normal_00611.png
normal,val,normal_00612.png,G:\Ai-CDD\data\raw\dataset\val\NORMAL\normal_00612.png
normal,val,normal_00613.png,G:\Ai-CDD\data\raw\dataset\val\NORMAL\normal_00613.png
normal,val,normal_00614.png,G:\Ai-CDD\data\raw\dataset\val\NORMAL\normal_00614.png
normal,val,normal_00615.png,G:\Ai-CDD\data\raw\dataset\val\NORMAL\normal_00615.png
normal,val,normal_00616.png,G:\Ai-CDD\data\raw\dataset\val\NORMAL\normal_00616.png
normal,val,normal_00617.png,G:\Ai-CDD\data\raw\dataset\val\NORMAL\normal_00617.png
normal,val,normal_00618.png,G:\Ai-CDD\data\raw\dataset\val\NORMAL\normal_00618.png
normal,val,normal_00619.png,G:\Ai-CDD\data\raw\dataset\val\NORMAL\normal_00619.png
normal,val,normal_00620.png,G:\Ai-CDD\data\raw\dataset\val\NORMAL\normal_00620.png
normal,val,normal_00621.png,G:\Ai-CDD\data\raw\dataset\val\NORMAL\normal_00621.png
normal,val,normal_00622.png,G:\Ai-CDD\data\raw\dataset\val\NORMAL\normal_00622.png
normal,val,normal_00623.png,G:\Ai-CDD\data\raw\dataset\val\NORMAL\normal_00623.png
normal,val,normal_00624.png,G:\Ai-CDD\data\raw\dataset\val\NORMAL\normal_00624.png
normal,val,normal_00625.png,G:\Ai-CDD\data\raw\dataset\val\NORMAL\normal_00625.png
normal,val,normal_00626.png,G:\Ai-CDD\data\raw\dataset\val\NORMAL\normal_00626.png
normal,val,normal_00627.png,G:\Ai-CDD\data\raw\dataset\val\NORMAL\normal_00627.png
normal,val,normal_00628.png,G:\Ai-CDD\data\raw\dataset\val\NORMAL\normal_00628.png
normal,val,normal_00629.png,G:\Ai-CDD\data\raw\dataset\val\NORMAL\normal_00629.png
normal,val,normal_00630.png,G:\Ai-CDD\data\raw\dataset\val\NORMAL\normal_00630.png
normal,val,normal_00631.png,G:\Ai-CDD\data\raw\dataset\val\NORMAL\normal_00631.png
normal,val,normal_00632.png,G:\Ai-CDD\data\raw\dataset\val\NORMAL\normal_00632.png
normal,val,normal_00633.png,G:\Ai-CDD\data\raw\dataset\val\NORMAL\normal_00633.png
normal,val,normal_00634.png,G:\Ai-CDD\data\raw\dataset\val\NORMAL\normal_00634.png
normal,val,normal_00635.png,G:\Ai-CDD\data\raw\dataset\val\NORMAL\normal_00635.png
normal,val,normal_00636.png,G:\Ai-CDD\data\raw\dataset\val\NORMAL\normal_00636.png
normal,val,normal_00637.png,G:\Ai-CDD\data\raw\dataset\val\NORMAL\normal_00637.png
normal,val,normal_00638.png,G:\Ai-CDD\data\raw\dataset\val\NORMAL\normal_00638.png
normal,val,normal_00639.png,G:\Ai-CDD\data\raw\dataset\val\NORMAL\normal_00639.png
normal,val,normal_00640.png,G:\Ai-CDD\data\raw\dataset\val\NORMAL\normal_00640.png
normal,val,normal_00641.png,G:\Ai-CDD\data\raw\dataset\val\NORMAL\normal_00641.png
normal,val,normal_00642.png,G:\Ai-CDD\data\raw\dataset\val\NORMAL\normal_00642.png
normal,val,normal_00643.png,G:\Ai-CDD\data\raw\dataset\val\NORMAL\normal_00643.png
normal,val,normal_00644.png,G:\Ai-CDD\data\raw\dataset\val\NORMAL\normal_00644.png
normal,val,normal_00645.png,G:\Ai-CDD\data\raw\dataset\val\NORMAL\normal_00645.png
normal,val,normal_00646.png,G:\Ai-CDD\data\raw\dataset\val\NORMAL\normal_00646.png
normal,val,normal_00647.png,G:\Ai-CDD\data\raw\dataset\val\NORMAL\normal_00647.png
normal,val,normal_00648.png,G:\Ai-CDD\data\raw\dataset\val\NORMAL\normal_00648.png
normal,val,normal_00649.png,G:\Ai-CDD\data\raw\dataset\val\NORMAL\normal_00649.png
normal,val,normal_00650.png,G:\Ai-CDD\data\raw\dataset\val\NORMAL\normal_00650.png
normal,val,normal_00651.png,G:\Ai-CDD\data\raw\dataset\val\NORMAL\normal_00651.png
normal,val,normal_00652.png,G:\Ai-CDD\data\raw\dataset\val\NORMAL\normal_00652.png
normal,val,normal_00653.png,G:\Ai-CDD\data\raw\dataset\val\NORMAL\normal_00653.png
normal,val,normal_00654.png,G:\Ai-CDD\data\raw\dataset\val\NORMAL\normal_00654.png
normal,val,normal_00655.png,G:\Ai-CDD\data\raw\dataset\val\NORMAL\normal_00655.png
normal,val,normal_00656.png,G:\Ai-CDD\data\raw\dataset\val\NORMAL\normal_00656.png
normal,val,normal_00657.png,G:\Ai-CDD\data\raw\dataset\val\NORMAL\normal_00657.png
normal,val,normal_00658.png,G:\Ai-CDD\data\raw\dataset\val\NORMAL\normal_00658.png
normal,val,normal_00659.png,G:\Ai-CDD\data\raw\dataset\val\NORMAL\normal_00659.png
normal,val,normal_00660.png,G:\Ai-CDD\data\raw\dataset\val\NORMAL\normal_00660.png
normal,val,normal_00661.png,G:\Ai-CDD\data\raw\dataset\val\NORMAL\normal_00661.png
normal,val,normal_00662.png,G:\Ai-CDD\data\raw\dataset\val\NORMAL\normal_00662.png
normal,val,normal_00663.png,G:\Ai-CDD\data\raw\dataset\val\NORMAL\normal_00663.png
normal,val,normal_00664.png,G:\Ai-CDD\data\raw\dataset\val\NORMAL\normal_00664.png
normal,val,normal_00665.png,G:\Ai-CDD\data\raw\dataset\val\NORMAL\normal_00665.png
normal,val,normal_00666.png,G:\Ai-CDD\data\raw\dataset\val\NORMAL\normal_00666.png
normal,val,normal_00667.png,G:\Ai-CDD\data\raw\dataset\val\NORMAL\normal_00667.png
normal,val,normal_00668.png,G:\Ai-CDD\data\raw\dataset\val\NORMAL\normal_00668.png
normal,val,normal_00669.png,G:\Ai-CDD\data\raw\dataset\val\NORMAL\normal_00669.png
normal,val,normal_00670.png,G:\Ai-CDD\data\raw\dataset\val\NORMAL\normal_00670.png
normal,val,normal_00671.png,G:\Ai-CDD\data\raw\dataset\val\NORMAL\normal_00671.png
normal,val,normal_00672.png,G:\Ai-CDD\data\raw\dataset\val\NORMAL\normal_00672.png
normal,val,normal_00673.png,G:\Ai-CDD\data\raw\dataset\val\NORMAL\normal_00673.png
normal,val,normal_00674.png,G:\Ai-CDD\data\raw\dataset\val\NORMAL\normal_00674.png
normal,val,normal_00675.png,G:\Ai-CDD\data\raw\dataset\val\NORMAL\normal_00675.png
normal,val,normal_00676.png,G:\Ai-CDD\data\raw\dataset\val\NORMAL\normal_00676.png
normal,val,normal_00677.png,G:\Ai-CDD\data\raw\dataset\val\NORMAL\normal_00677.png
normal,val,normal_00678.png,G:\Ai-CDD\data\raw\dataset\val\NORMAL\normal_00678.png
normal,val,normal_00679.png,G:\Ai-CDD\data\raw\dataset\val\NORMAL\normal_00679.png
normal,val,normal_00680.png,G:\Ai-CDD\data\raw\dataset\val\NORMAL\normal_00680.png
normal,val,normal_00681.png,G:\Ai-CDD\data\raw\dataset\val\NORMAL\normal_00681.png
normal,val,normal_00682.png,G:\Ai-CDD\data\raw\dataset\val\NORMAL\normal_00682.png
normal,val,normal_00683.png,G:\Ai-CDD\data\raw\dataset\val\NORMAL\normal_00683.png
normal,val,normal_00684.png,G:\Ai-CDD\data\raw\dataset\val\NORMAL\normal_00684.png
normal,val,normal_00685.png,G:\Ai-CDD\data\raw\dataset\val\NORMAL\normal_00685.png
normal,val,normal_00686.png,G:\Ai-CDD\data\raw\dataset\val\NORMAL\normal_00686.png
normal,val,normal_00687.png,G:\Ai-CDD\data\raw\dataset\val\NORMAL\normal_00687.png
normal,val,normal_00688.png,G:\Ai-CDD\data\raw\dataset\val\NORMAL\normal_00688.png
normal,val,normal_00689.png,G:\Ai-CDD\data\raw\dataset\val\NORMAL\normal_00689.png
normal,val,normal_00690.png,G:\Ai-CDD\data\raw\dataset\val\NORMAL\normal_00690.png
normal,val,normal_00691.png,G:\Ai-CDD\data\raw\dataset\val\NORMAL\normal_00691.png
normal,val,normal_00692.png,G:\Ai-CDD\data\raw\dataset\val\NORMAL\normal_00692.png
normal,val,normal_00693.png,G:\Ai-CDD\data\raw\dataset\val\NORMAL\normal_00693.png
normal,val,normal_00694.png,G:\Ai-CDD\data\raw\dataset\val\NORMAL\normal_00694.png
normal,val,normal_00695.png,G:\Ai-CDD\data\raw\dataset\val\NORMAL\normal_00695.png
normal,val,normal_00696.png,G:\Ai-CDD\data\raw\dataset\val\NORMAL\normal_00696.png
normal,val,normal_00697.png,G:\Ai-CDD\data\raw\dataset\val\NORMAL\normal_00697.png
normal,val,normal_00698.png,G:\Ai-CDD\data\raw\dataset\val\NORMAL\normal_00698.png
normal,val,normal_00699.png,G:\Ai-CDD\data\raw\dataset\val\NORMAL\normal_00699.png
normal,val,normal_00700.png,G:\Ai-CDD\data\raw\dataset\val\NORMAL\normal_00700.png
normal,val,normal_00701.png,G:\Ai-CDD\data\raw\dataset\val\NORMAL\normal_00701.png
normal,val,normal_00702.png,G:\Ai-CDD\data\raw\dataset\val\NORMAL\normal_00702.png
normal,val,normal_00703.png,G:\Ai-CDD\data\raw\dataset\val\NORMAL\normal_00703.png
normal,val,normal_00704.png,G:\Ai-CDD\data\raw\dataset\val\NORMAL\normal_00704.png
normal,val,normal_00705.png,G:\Ai-CDD\data\raw\dataset\val\NORMAL\normal_00705.png
normal,val,normal_00706.png,G:\Ai-CDD\data\raw\dataset\val\NORMAL\normal_00706.png
normal,val,normal_00707.png,G:\Ai-CDD\data\raw\dataset\val\NORMAL\normal_00707.png
normal,val,normal_00708.png,G:\Ai-CDD\data\raw\dataset\val\NORMAL\normal_00708.png
normal,val,normal_00709.png,G:\Ai-CDD\data\raw\dataset\val\NORMAL\normal_00709.png
normal,val,normal_00710.png,G:\Ai-CDD\data\raw\dataset\val\NORMAL\normal_00710.png
normal,val,normal_00711.png,G:\Ai-CDD\data\raw\dataset\val\NORMAL\normal_00711.png
normal,val,normal_00712.png,G:\Ai-CDD\data\raw\dataset\val\NORMAL\normal_00712.png
normal,val,normal_00713.png,G:\Ai-CDD\data\raw\dataset\val\NORMAL\normal_00713.png
normal,val,normal_00714.png,G:\Ai-CDD\data\raw\dataset\val\NORMAL\normal_00714.png
normal,val,normal_00715.png,G:\Ai-CDD\data\raw\dataset\val\NORMAL\normal_00715.png
normal,val,normal_00716.png,G:\Ai-CDD\data\raw\dataset\val\NORMAL\normal_00716.png
normal,val,normal_00717.png,G:\Ai-CDD\data\raw\dataset\val\NORMAL\normal_00717.png
normal,val,normal_00718.png,G:\Ai-CDD\data\raw\dataset\val\NORMAL\normal_00718.png
normal,val,normal_00719.png,G:\Ai-CDD\data\raw\dataset\val\NORMAL\normal_00719.png
normal,val,normal_00720.png,G:\Ai-CDD\data\raw\dataset\val\NORMAL\normal_00720.png
normal,val,normal_00721.png,G:\Ai-CDD\data\raw\dataset\val\NORMAL\normal_00721.png
normal,val,normal_00722.png,G:\Ai-CDD\data\raw\dataset\val\NORMAL\normal_00722.png
normal,val,normal_00723.png,G:\Ai-CDD\data\raw\dataset\val\NORMAL\normal_00723.png
normal,val,normal_00724.png,G:\Ai-CDD\data\raw\dataset\val\NORMAL\normal_00724.png
normal,val,normal_00725.png,G:\Ai-CDD\data\raw\dataset\val\NORMAL\normal_00725.png
normal,val,normal_00726.png,G:\Ai-CDD\data\raw\dataset\val\NORMAL\normal_00726.png
normal,val,normal_00727.png,G:\Ai-CDD\data\raw\dataset\val\NORMAL\normal_00727.png
normal,val,normal_00728.png,G:\Ai-CDD\data\raw\dataset\val\NORMAL\normal_00728.png
normal,val,normal_00729.png,G:\Ai-CDD\data\raw\dataset\val\NORMAL\normal_00729.png
normal,val,normal_00730.png,G:\Ai-CDD\data\raw\dataset\val\NORMAL\normal_00730.png
normal,val,normal_00731.png,G:\Ai-CDD\data\raw\dataset\val\NORMAL\normal_00731.png
normal,val,normal_00732.png,G:\Ai-CDD\data\raw\dataset\val\NORMAL\normal_00732.png
normal,val,normal_00733.png,G:\Ai-CDD\data\raw\dataset\val\NORMAL\normal_00733.png
normal,val,normal_00734.png,G:\Ai-CDD\data\raw\dataset\val\NORMAL\normal_00734.png
normal,val,normal_00735.png,G:\Ai-CDD\data\raw\dataset\val\NORMAL\normal_00735.png
normal,val,normal_00736.png,G:\Ai-CDD\data\raw\dataset\val\NORMAL\normal_00736.png
normal,val,normal_00737.png,G:\Ai-CDD\data\raw\dataset\val\NORMAL\normal_00737.png
normal,val,normal_00738.png,G:\Ai-CDD\data\raw\dataset\val\NORMAL\normal_00738.png
normal,val,normal_00739.png,G:\Ai-CDD\data\raw\dataset\val\NORMAL\normal_00739.png
normal,val,normal_00740.png,G:\Ai-CDD\data\raw\dataset\val\NORMAL\normal_00740.png
normal,val,normal_00741.png,G:\Ai-CDD\data\raw\dataset\val\NORMAL\normal_00741.png
normal,val,normal_00742.png,G:\Ai-CDD\data\raw\dataset\val\NORMAL\normal_00742.png
normal,val,normal_00743.png,G:\Ai-CDD\data\raw\dataset\val\NORMAL\normal_00743.png
normal,val,normal_00744.png,G:\Ai-CDD\data\raw\dataset\val\NORMAL\normal_00744.png
normal,val,normal_00745.png,G:\Ai-CDD\data\raw\dataset\val\NORMAL\normal_00745.png
normal,val,normal_00746.png,G:\Ai-CDD\data\raw\dataset\val\NORMAL\normal_00746.png
normal,val,normal_00747.png,G:\Ai-CDD\data\raw\dataset\val\NORMAL\normal_00747.png
normal,val,normal_00748.png,G:\Ai-CDD\data\raw\dataset\val\NORMAL\normal_00748.png
normal,val,normal_00749.png,G:\Ai-CDD\data\raw\dataset\val\NORMAL\normal_00749.png
normal,val,normal_00750.png,G:\Ai-CDD\data\raw\dataset\val\NORMAL\normal_00750.png
normal,val,normal_00751.png,G:\Ai-CDD\data\raw\dataset\val\NORMAL\normal_00751.png
normal,val,normal_00752.png,G:\Ai-CDD\data\raw\dataset\val\NORMAL\normal_00752.png
normal,val,normal_00753.png,G:\Ai-CDD\data\raw\dataset\val\NORMAL\normal_00753.png
normal,val,normal_00754.png,G:\Ai-CDD\data\raw\dataset\val\NORMAL\normal_00754.png
normal,val,normal_00755.png,G:\Ai-CDD\data\raw\dataset\val\NORMAL\normal_00755.png
normal,val,normal_00756.png,G:\Ai-CDD\data\raw\dataset\val\NORMAL\normal_00756.png
normal,val,normal_00757.png,G:\Ai-CDD\data\raw\dataset\val\NORMAL\normal_00757.png
normal,val,normal_00758.png,G:\Ai-CDD\data\raw\dataset\val\NORMAL\normal_00758.png
normal,val,normal_00759.png,G:\Ai-CDD\data\raw\dataset\val\NORMAL\normal_00759.png
normal,val,normal_00760.png,G:\Ai-CDD\data\raw\dataset\val\NORMAL\normal_00760.png
normal,val,normal_00761.png,G:\Ai-CDD\data\raw\dataset\val\NORMAL\normal_00761.png
normal,val,normal_00762.png,G:\Ai-CDD\data\raw\dataset\val\NORMAL\normal_00762.png
normal,val,normal_00763.png,G:\Ai-CDD\data\raw\dataset\val\NORMAL\normal_00763.png
normal,val,normal_00764.png,G:\Ai-CDD\data\raw\dataset\val\NORMAL\normal_00764.png
normal,val,normal_00765.png,G:\Ai-CDD\data\raw\dataset\val\NORMAL\normal_00765.png
normal,val,normal_00766.png,G:\Ai-CDD\data\raw\dataset\val\NORMAL\normal_00766.png
normal,val,normal_00767.png,G:\Ai-CDD\data\raw\dataset\val\NORMAL\normal_00767.png
normal,val,normal_00768.png,G:\Ai-CDD\data\raw\dataset\val\NORMAL\normal_00768.png
normal,val,normal_00769.png,G:\Ai-CDD\data\raw\dataset\val\NORMAL\normal_00769.png
normal,val,normal_00770.png,G:\Ai-CDD\data\raw\dataset\val\NORMAL\normal_00770.png
normal,val,normal_00771.png,G:\Ai-CDD\data\raw\dataset\val\NORMAL\normal_00771.png
normal,val,normal_00772.png,G:\Ai-CDD\data\raw\dataset\val\NORMAL\normal_00772.png
normal,val,normal_00773.png,G:\Ai-CDD\data\raw\dataset\val\NORMAL\normal_00773.png
normal,val,normal_00774.png,G:\Ai-CDD\data\raw\dataset\val\NORMAL\normal_00774.png
normal,val,normal_00775.png,G:\Ai-CDD\data\raw\dataset\val\NORMAL\normal_00775.png
normal,val,normal_00776.png,G:\Ai-CDD\data\raw\dataset\val\NORMAL\normal_00776.png
normal,val,normal_00777.png,G:\Ai-CDD\data\raw\dataset\val\NORMAL\normal_00777.png
normal,val,normal_00778.png,G:\Ai-CDD\data\raw\dataset\val\NORMAL\normal_00778.png
normal,val,normal_00779.png,G:\Ai-CDD\data\raw\dataset\val\NORMAL\normal_00779.png
normal,val,normal_00780.png,G:\Ai-CDD\data\raw\dataset\val\NORMAL\normal_00780.png
normal,val,normal_00781.png,G:\Ai-CDD\data\raw\dataset\val\NORMAL\normal_00781.png
normal,val,normal_00782.png,G:\Ai-CDD\data\raw\dataset\val\NORMAL\normal_00782.png
normal,val,normal_00783.png,G:\Ai-CDD\data\raw\dataset\val\NORMAL\normal_00783.png
normal,val,normal_00784.png,G:\Ai-CDD\data\raw\dataset\val\NORMAL\normal_00784.png
normal,val,normal_00785.png,G:\Ai-CDD\data\raw\dataset\val\NORMAL\normal_00785.png
normal,val,normal_00786.png,G:\Ai-CDD\data\raw\dataset\val\NORMAL\normal_00786.png
normal,val,normal_00787.png,G:\Ai-CDD\data\raw\dataset\val\NORMAL\normal_00787.png
normal,val,normal_00788.png,G:\Ai-CDD\data\raw\dataset\val\NORMAL\normal_00788.png
normal,val,normal_00789.png,G:\Ai-CDD\data\raw\dataset\val\NORMAL\normal_00789.png
normal,val,normal_00790.png,G:\Ai-CDD\data\raw\dataset\val\NORMAL\normal_00790.png
normal,val,normal_00791.png,G:\Ai-CDD\data\raw\dataset\val\NORMAL\normal_00791.png
normal,val,normal_00792.png,G:\Ai-CDD\data\raw\dataset\val\NORMAL\normal_00792.png
normal,val,normal_00793.png,G:\Ai-CDD\data\raw\dataset\val\NORMAL\normal_00793.png
normal,val,normal_00794.png,G:\Ai-CDD\data\raw\dataset\val\NORMAL\normal_00794.png
normal,val,normal_00795.png,G:\Ai-CDD\data\raw\dataset\val\NORMAL\normal_00795.png
normal,val,normal_00796.png,G:\Ai-CDD\data\raw\dataset\val\NORMAL\normal_00796.png
normal,val,normal_00797.png,G:\Ai-CDD\data\raw\dataset\val\NORMAL\normal_00797.png
normal,val,normal_00798.png,G:\Ai-CDD\data\raw\dataset\val\NORMAL\normal_00798.png
normal,val,normal_00799.png,G:\Ai-CDD\data\raw\dataset\val\NORMAL\normal_00799.png
normal,val,normal_00800.png,G:\Ai-CDD\data\raw\dataset\val\NORMAL\normal_00800.png
normal,val,normal_00801.png,G:\Ai-CDD\data\raw\dataset\val\NORMAL\normal_00801.png
normal,val,normal_00802.png,G:\Ai-CDD\data\raw\dataset\val\NORMAL\normal_00802.png
normal,val,normal_00803.png,G:\Ai-CDD\data\raw\dataset\val\NORMAL\normal_00803.png
normal,val,normal_00804.png,G:\Ai-CDD\data\raw\dataset\val\NORMAL\normal_00804.png
normal,val,normal_00805.png,G:\Ai-CDD\data\raw\dataset\val\NORMAL\normal_00805.png
normal,val,normal_00806.png,G:\Ai-CDD\data\raw\dataset\val\NORMAL\normal_00806.png
normal,val,normal_00807.png,G:\Ai-CDD\data\raw\dataset\val\NORMAL\normal_00807.png
normal,val,normal_00808.png,G:\Ai-CDD\data\raw\dataset\val\NORMAL\normal_00808.png
normal,val,normal_00809.png,G:\Ai-CDD\data\raw\dataset\val\NORMAL\normal_00809.png
normal,val,normal_00810.png,G:\Ai-CDD\data\raw\dataset\val\NORMAL\normal_00810.png
normal,val,normal_00811.png,G:\Ai-CDD\data\raw\dataset\val\NORMAL\normal_00811.png
normal,val,normal_00812.png,G:\Ai-CDD\data\raw\dataset\val\NORMAL\normal_00812.png
normal,val,normal_00813.png,G:\Ai-CDD\data\raw\dataset\val\NORMAL\normal_00813.png
normal,val,normal_00814.png,G:\Ai-CDD\data\raw\dataset\val\NORMAL\normal_00814.png
normal,val,normal_00815.png,G:\Ai-CDD\data\raw\dataset\val\NORMAL\normal_00815.png
normal,val,normal_00816.png,G:\Ai-CDD\data\raw\dataset\val\NORMAL\normal_00816.png
normal,val,normal_00817.png,G:\Ai-CDD\data\raw\dataset\val\NORMAL\normal_00817.png
normal,val,normal_00818.png,G:\Ai-CDD\data\raw\dataset\val\NORMAL\normal_00818.png
normal,val,normal_00819.png,G:\Ai-CDD\data\raw\dataset\val\NORMAL\normal_00819.png
normal,val,normal_00820.png,G:\Ai-CDD\data\raw\dataset\val\NORMAL\normal_00820.png
normal,val,normal_00821.png,G:\Ai-CDD\data\raw\dataset\val\NORMAL\normal_00821.png
normal,val,normal_00822.png,G:\Ai-CDD\data\raw\dataset\val\NORMAL\normal_00822.png
normal,val,normal_00823.png,G:\Ai-CDD\data\raw\dataset\val\NORMAL\normal_00823.png
normal,val,normal_00824.png,G:\Ai-CDD\data\raw\dataset\val\NORMAL\normal_00824.png
normal,val,normal_00825.png,G:\Ai-CDD\data\raw\dataset\val\NORMAL\normal_00825.png
normal,val,normal_00826.png,G:\Ai-CDD\data\raw\dataset\val\NORMAL\normal_00826.png
normal,val,normal_00827.png,G:\Ai-CDD\data\raw\dataset\val\NORMAL\normal_00827.png
normal,val,normal_00828.png,G:\Ai-CDD\data\raw\dataset\val\NORMAL\normal_00828.png
normal,val,normal_00829.png,G:\Ai-CDD\data\raw\dataset\val\NORMAL\normal_00829.png
normal,val,normal_00830.png,G:\Ai-CDD\data\raw\dataset\val\NORMAL\normal_00830.png
normal,val,normal_00831.png,G:\Ai-CDD\data\raw\dataset\val\NORMAL\normal_00831.png
normal,val,normal_00832.png,G:\Ai-CDD\data\raw\dataset\val\NORMAL\normal_00832.png
normal,val,normal_00833.png,G:\Ai-CDD\data\raw\dataset\val\NORMAL\normal_00833.png
normal,val,normal_00834.png,G:\Ai-CDD\data\raw\dataset\val\NORMAL\normal_00834.png
normal,val,normal_00835.png,G:\Ai-CDD\data\raw\dataset\val\NORMAL\normal_00835.png
normal,val,normal_00836.png,G:\Ai-CDD\data\raw\dataset\val\NORMAL\normal_00836.png
normal,val,normal_00837.png,G:\Ai-CDD\data\raw\dataset\val\NORMAL\normal_00837.png
normal,val,normal_00838.png,G:\Ai-CDD\data\raw\dataset\val\NORMAL\normal_00838.png
normal,val,normal_00839.png,G:\Ai-CDD\data\raw\dataset\val\NORMAL\normal_00839.png
normal,val,normal_00840.png,G:\Ai-CDD\data\raw\dataset\val\NORMAL\normal_00840.png
normal,val,normal_00841.png,G:\Ai-CDD\data\raw\dataset\val\NORMAL\normal_00841.png
normal,val,normal_00842.png,G:\Ai-CDD\data\raw\dataset\val\NORMAL\normal_00842.png
normal,val,normal_00843.png,G:\Ai-CDD\data\raw\dataset\val\NORMAL\normal_00843.png
normal,val,normal_00844.png,G:\Ai-CDD\data\raw\dataset\val\NORMAL\normal_00844.png
normal,val,normal_00845.png,G:\Ai-CDD\data\raw\dataset\val\NORMAL\normal_00845.png
normal,val,normal_00846.png,G:\Ai-CDD\data\raw\dataset\val\NORMAL\normal_00846.png
normal,val,normal_00847.png,G:\Ai-CDD\data\raw\dataset\val\NORMAL\normal_00847.png
normal,val,normal_00848.png,G:\Ai-CDD\data\raw\dataset\val\NORMAL\normal_00848.png
normal,val,normal_00849.png,G:\Ai-CDD\data\raw\dataset\val\NORMAL\normal_00849.png
normal,val,normal_00850.png,G:\Ai-CDD\data\raw\dataset\val\NORMAL\normal_00850.png
normal,val,normal_00851.png,G:\Ai-CDD\data\raw\dataset\val\NORMAL\normal_00851.png
normal,val,normal_00852.png,G:\Ai-CDD\data\raw\dataset\val\NORMAL\normal_00852.png
normal,val,normal_00853.png,G:\Ai-CDD\data\raw\dataset\val\NORMAL\normal_00853.png
normal,val,normal_00854.png,G:\Ai-CDD\data\raw\dataset\val\NORMAL\normal_00854.png
normal,val,normal_00855.png,G:\Ai-CDD\data\raw\dataset\val\NORMAL\normal_00855.png
normal,val,normal_00856.png,G:\Ai-CDD\data\raw\dataset\val\NORMAL\normal_00856.png
normal,val,normal_00857.png,G:\Ai-CDD\data\raw\dataset\val\NORMAL\normal_00857.png
normal,val,normal_00858.png,G:\Ai-CDD\data\raw\dataset\val\NORMAL\normal_00858.png
normal,val,normal_00859.png,G:\Ai-CDD\data\raw\dataset\val\NORMAL\normal_00859.png
normal,val,normal_00860.png,G:\Ai-CDD\data\raw\dataset\val\NORMAL\normal_00860.png
normal,val,normal_00861.png,G:\Ai-CDD\data\raw\dataset\val\NORMAL\normal_00861.png
normal,val,normal_00862.png,G:\Ai-CDD\data\raw\dataset\val\NORMAL\normal_00862.png
normal,val,normal_00863.png,G:\Ai-CDD\data\raw\dataset\val\NORMAL\normal_00863.png
normal,val,normal_00864.png,G:\Ai-CDD\data\raw\dataset\val\NORMAL\normal_00864.png
normal,val,normal_00865.png,G:\Ai-CDD\data\raw\dataset\val\NORMAL\normal_00865.png
normal,val,normal_00866.png,G:\Ai-CDD\data\raw\dataset\val\NORMAL\normal_00866.png
normal,val,normal_00867.png,G:\Ai-CDD\data\raw\dataset\val\NORMAL\normal_00867.png
normal,val,normal_00868.png,G:\Ai-CDD\data\raw\dataset\val\NORMAL\normal_00868.png
normal,val,normal_00869.png,G:\Ai-CDD\data\raw\dataset\val\NORMAL\normal_00869.png
normal,val,normal_00870.png,G:\Ai-CDD\data\raw\dataset\val\NORMAL\normal_00870.png
normal,val,normal_00871.png,G:\Ai-CDD\data\raw\dataset\val\NORMAL\normal_00871.png
normal,val,normal_00872.png,G:\Ai-CDD\data\raw\dataset\val\NORMAL\normal_00872.png
normal,val,normal_00873.png,G:\Ai-CDD\data\raw\dataset\val\NORMAL\normal_00873.png
normal,val,normal_00874.png,G:\Ai-CDD\data\raw\dataset\val\NORMAL\normal_00874.png
normal,val,normal_00875.png,G:\Ai-CDD\data\raw\dataset\val\NORMAL\normal_00875.png
normal,val,normal_00876.png,G:\Ai-CDD\data\raw\dataset\val\NORMAL\normal_00876.png
normal,val,normal_00877.png,G:\Ai-CDD\data\raw\dataset\val\NORMAL\normal_00877.png
normal,val,normal_00878.png,G:\Ai-CDD\data\raw\dataset\val\NORMAL\normal_00878.png
normal,val,normal_00879.png,G:\Ai-CDD\data\raw\dataset\val\NORMAL\normal_00879.png
normal,val,normal_00880.png,G:\Ai-CDD\data\raw\dataset\val\NORMAL\normal_00880.png
normal,val,normal_00881.png,G:\Ai-CDD\data\raw\dataset\val\NORMAL\normal_00881.png
normal,val,normal_00882.png,G:\Ai-CDD\data\raw\dataset\val\NORMAL\normal_00882.png
normal,val,normal_00883.png,G:\Ai-CDD\data\raw\dataset\val\NORMAL\normal_00883.png
normal,val,normal_00884.png,G:\Ai-CDD\data\raw\dataset\val\NORMAL\normal_00884.png
normal,val,normal_00885.png,G:\Ai-CDD\data\raw\dataset\val\NORMAL\normal_00885.png
normal,val,normal_00886.png,G:\Ai-CDD\data\raw\dataset\val\NORMAL\normal_00886.png
normal,val,normal_00887.png,G:\Ai-CDD\data\raw\dataset\val\NORMAL\normal_00887.png
normal,val,normal_00888.png,G:\Ai-CDD\data\raw\dataset\val\NORMAL\normal_00888.png
normal,val,normal_00889.png,G:\Ai-CDD\data\raw\dataset\val\NORMAL\normal_00889.png
normal,val,normal_00890.png,G:\Ai-CDD\data\raw\dataset\val\NORMAL\normal_00890.png
normal,val,normal_00891.png,G:\Ai-CDD\data\raw\dataset\val\NORMAL\normal_00891.png
normal,val,normal_00892.png,G:\Ai-CDD\data\raw\dataset\val\NORMAL\normal_00892.png
normal,val,normal_00893.png,G:\Ai-CDD\data\raw\dataset\val\NORMAL\normal_00893.png
normal,val,normal_00894.png,G:\Ai-CDD\data\raw\dataset\val\NORMAL\normal_00894.png
normal,val,normal_00895.png,G:\Ai-CDD\data\raw\dataset\val\NORMAL\normal_00895.png
normal,val,normal_00896.png,G:\Ai-CDD\data\raw\dataset\val\NORMAL\normal_00896.png
normal,val,normal_00897.png,G:\Ai-CDD\data\raw\dataset\val\NORMAL\normal_00897.png
normal,val,normal_00898.png,G:\Ai-CDD\data\raw\dataset\val\NORMAL\normal_00898.png
normal,val,normal_00899.png,G:\Ai-CDD\data\raw\dataset\val\NORMAL\normal_00899.png
normal,val,normal_00900.png,G:\Ai-CDD\data\raw\dataset\val\NORMAL\normal_00900.png
normal,val,normal_00901.png,G:\Ai-CDD\data\raw\dataset\val\NORMAL\normal_00901.png
normal,val,normal_00902.png,G:\Ai-CDD\data\raw\dataset\val\NORMAL\normal_00902.png
normal,val,normal_00903.png,G:\Ai-CDD\data\raw\dataset\val\NORMAL\normal_00903.png
normal,val,normal_00904.png,G:\Ai-CDD\data\raw\dataset\val\NORMAL\normal_00904.png
normal,val,normal_00905.png,G:\Ai-CDD\data\raw\dataset\val\NORMAL\normal_00905.png
normal,val,normal_00906.png,G:\Ai-CDD\data\raw\dataset\val\NORMAL\normal_00906.png
normal,val,normal_00907.png,G:\Ai-CDD\data\raw\dataset\val\NORMAL\normal_00907.png
normal,val,normal_00908.png,G:\Ai-CDD\data\raw\dataset\val\NORMAL\normal_00908.png
normal,val,normal_00909.png,G:\Ai-CDD\data\raw\dataset\val\NORMAL\normal_00909.png
normal,val,normal_00910.png,G:\Ai-CDD\data\raw\dataset\val\NORMAL\normal_00910.png
normal,val,normal_00911.png,G:\Ai-CDD\data\raw\dataset\val\NORMAL\normal_00911.png
normal,val,normal_00912.png,G:\Ai-CDD\data\raw\dataset\val\NORMAL\normal_00912.png
normal,val,normal_00913.png,G:\Ai-CDD\data\raw\dataset\val\NORMAL\normal_00913.png
normal,val,normal_00914.png,G:\Ai-CDD\data\raw\dataset\val\NORMAL\normal_00914.png
normal,val,normal_00915.png,G:\Ai-CDD\data\raw\dataset\val\NORMAL\normal_00915.png
normal,val,normal_00916.png,G:\Ai-CDD\data\raw\dataset\val\NORMAL\normal_00916.png
normal,val,normal_00917.png,G:\Ai-CDD\data\raw\dataset\val\NORMAL\normal_00917.png
normal,val,normal_00918.png,G:\Ai-CDD\data\raw\dataset\val\NORMAL\normal_00918.png
normal,val,normal_00919.png,G:\Ai-CDD\data\raw\dataset\val\NORMAL\normal_00919.png
normal,val,normal_00920.png,G:\Ai-CDD\data\raw\dataset\val\NORMAL\normal_00920.png
normal,val,normal_00921.png,G:\Ai-CDD\data\raw\dataset\val\NORMAL\normal_00921.png
normal,val,normal_00922.png,G:\Ai-CDD\data\raw\dataset\val\NORMAL\normal_00922.png
normal,val,normal_00923.png,G:\Ai-CDD\data\raw\dataset\val\NORMAL\normal_00923.png
normal,val,normal_00924.png,G:\Ai-CDD\data\raw\dataset\val\NORMAL\normal_00924.png
tb,val,tb_00001.png,G:\Ai-CDD\data\raw\dataset\val\TUBERCULOSIS\tb_00001.png
tb,val,tb_00002.png,G:\Ai-CDD\data\raw\dataset\val\TUBERCULOSIS\tb_00002.png
tb,val,tb_00003.png,G:\Ai-CDD\data\raw\dataset\val\TUBERCULOSIS\tb_00003.png
tb,val,tb_00004.png,G:\Ai-CDD\data\raw\dataset\val\TUBERCULOSIS\tb_00004.png
tb,val,tb_00005.png,G:\Ai-CDD\data\raw\dataset\val\TUBERCULOSIS\tb_00005.png
tb,val,tb_00006.png,G:\Ai-CDD\data\raw\dataset\val\TUBERCULOSIS\tb_00006.png
tb,val,tb_00007.png,G:\Ai-CDD\data\raw\dataset\val\TUBERCULOSIS\tb_00007.png
tb,val,tb_00008.png,G:\Ai-CDD\data\raw\dataset\val\TUBERCULOSIS\tb_00008.png
tb,val,tb_00009.png,G:\Ai-CDD\data\raw\dataset\val\TUBERCULOSIS\tb_00009.png
tb,val,tb_00010.png,G:\Ai-CDD\data\raw\dataset\val\TUBERCULOSIS\tb_00010.png
tb,val,tb_00011.png,G:\Ai-CDD\data\raw\dataset\val\TUBERCULOSIS\tb_00011.png
tb,val,tb_00012.png,G:\Ai-CDD\data\raw\dataset\val\TUBERCULOSIS\tb_00012.png
tb,val,tb_00013.png,G:\Ai-CDD\data\raw\dataset\val\TUBERCULOSIS\tb_00013.png
tb,val,tb_00014.png,G:\Ai-CDD\data\raw\dataset\val\TUBERCULOSIS\tb_00014.png
tb,val,tb_00015.png,G:\Ai-CDD\data\raw\dataset\val\TUBERCULOSIS\tb_00015.png
tb,val,tb_00016.png,G:\Ai-CDD\data\raw\dataset\val\TUBERCULOSIS\tb_00016.png
tb,val,tb_00017.png,G:\Ai-CDD\data\raw\dataset\val\TUBERCULOSIS\tb_00017.png
tb,val,tb_00018.png,G:\Ai-CDD\data\raw\dataset\val\TUBERCULOSIS\tb_00018.png
tb,val,tb_00019.png,G:\Ai-CDD\data\raw\dataset\val\TUBERCULOSIS\tb_00019.png
tb,val,tb_00020.png,G:\Ai-CDD\data\raw\dataset\val\TUBERCULOSIS\tb_00020.png
tb,val,tb_00021.png,G:\Ai-CDD\data\raw\dataset\val\TUBERCULOSIS\tb_00021.png
tb,val,tb_00022.png,G:\Ai-CDD\data\raw\dataset\val\TUBERCULOSIS\tb_00022.png
tb,val,tb_00023.png,G:\Ai-CDD\data\raw\dataset\val\TUBERCULOSIS\tb_00023.png
tb,val,tb_00024.png,G:\Ai-CDD\data\raw\dataset\val\TUBERCULOSIS\tb_00024.png
tb,val,tb_00025.png,G:\Ai-CDD\data\raw\dataset\val\TUBERCULOSIS\tb_00025.png
tb,val,tb_00026.png,G:\Ai-CDD\data\raw\dataset\val\TUBERCULOSIS\tb_00026.png
tb,val,tb_00027.png,G:\Ai-CDD\data\raw\dataset\val\TUBERCULOSIS\tb_00027.png
tb,val,tb_00028.png,G:\Ai-CDD\data\raw\dataset\val\TUBERCULOSIS\tb_00028.png
tb,val,tb_00029.png,G:\Ai-CDD\data\raw\dataset\val\TUBERCULOSIS\tb_00029.png
tb,val,tb_00030.png,G:\Ai-CDD\data\raw\dataset\val\TUBERCULOSIS\tb_00030.png
tb,val,tb_00031.png,G:\Ai-CDD\data\raw\dataset\val\TUBERCULOSIS\tb_00031.png
tb,val,tb_00032.png,G:\Ai-CDD\data\raw\dataset\val\TUBERCULOSIS\tb_00032.png
tb,val,tb_00033.png,G:\Ai-CDD\data\raw\dataset\val\TUBERCULOSIS\tb_00033.png
tb,val,tb_00034.png,G:\Ai-CDD\data\raw\dataset\val\TUBERCULOSIS\tb_00034.png
tb,val,tb_00035.png,G:\Ai-CDD\data\raw\dataset\val\TUBERCULOSIS\tb_00035.png
tb,val,tb_00036.png,G:\Ai-CDD\data\raw\dataset\val\TUBERCULOSIS\tb_00036.png
tb,val,tb_00037.png,G:\Ai-CDD\data\raw\dataset\val\TUBERCULOSIS\tb_00037.png
tb,val,tb_00038.png,G:\Ai-CDD\data\raw\dataset\val\TUBERCULOSIS\tb_00038.png
tb,val,tb_00039.png,G:\Ai-CDD\data\raw\dataset\val\TUBERCULOSIS\tb_00039.png
tb,val,tb_00040.png,G:\Ai-CDD\data\raw\dataset\val\TUBERCULOSIS\tb_00040.png
tb,val,tb_00041.png,G:\Ai-CDD\data\raw\dataset\val\TUBERCULOSIS\tb_00041.png
tb,val,tb_00042.png,G:\Ai-CDD\data\raw\dataset\val\TUBERCULOSIS\tb_00042.png
tb,val,tb_00043.png,G:\Ai-CDD\data\raw\dataset\val\TUBERCULOSIS\tb_00043.png
tb,val,tb_00044.png,G:\Ai-CDD\data\raw\dataset\val\TUBERCULOSIS\tb_00044.png
tb,val,tb_00045.png,G:\Ai-CDD\data\raw\dataset\val\TUBERCULOSIS\tb_00045.png
tb,val,tb_00046.png,G:\Ai-CDD\data\raw\dataset\val\TUBERCULOSIS\tb_00046.png
tb,val,tb_00047.png,G:\Ai-CDD\data\raw\dataset\val\TUBERCULOSIS\tb_00047.png
tb,val,tb_00048.png,G:\Ai-CDD\data\raw\dataset\val\TUBERCULOSIS\tb_00048.png
tb,val,tb_00049.png,G:\Ai-CDD\data\raw\dataset\val\TUBERCULOSIS\tb_00049.png
tb,val,tb_00050.png,G:\Ai-CDD\data\raw\dataset\val\TUBERCULOSIS\tb_00050.png
tb,val,tb_00051.png,G:\Ai-CDD\data\raw\dataset\val\TUBERCULOSIS\tb_00051.png
tb,val,tb_00052.png,G:\Ai-CDD\data\raw\dataset\val\TUBERCULOSIS\tb_00052.png
tb,val,tb_00053.png,G:\Ai-CDD\data\raw\dataset\val\TUBERCULOSIS\tb_00053.png
tb,val,tb_00054.png,G:\Ai-CDD\data\raw\dataset\val\TUBERCULOSIS\tb_00054.png
tb,val,tb_00055.png,G:\Ai-CDD\data\raw\dataset\val\TUBERCULOSIS\tb_00055.png
tb,val,tb_00056.png,G:\Ai-CDD\data\raw\dataset\val\TUBERCULOSIS\tb_00056.png
tb,val,tb_00057.png,G:\Ai-CDD\data\raw\dataset\val\TUBERCULOSIS\tb_00057.png
tb,val,tb_00058.png,G:\Ai-CDD\data\raw\dataset\val\TUBERCULOSIS\tb_00058.png
tb,val,tb_00059.png,G:\Ai-CDD\data\raw\dataset\val\TUBERCULOSIS\tb_00059.png
tb,val,tb_00060.png,G:\Ai-CDD\data\raw\dataset\val\TUBERCULOSIS\tb_00060.png
tb,val,tb_00061.png,G:\Ai-CDD\data\raw\dataset\val\TUBERCULOSIS\tb_00061.png
tb,val,tb_00062.png,G:\Ai-CDD\data\raw\dataset\val\TUBERCULOSIS\tb_00062.png
tb,val,tb_00063.png,G:\Ai-CDD\data\raw\dataset\val\TUBERCULOSIS\tb_00063.png
tb,val,tb_00064.png,G:\Ai-CDD\data\raw\dataset\val\TUBERCULOSIS\tb_00064.png
tb,val,tb_00065.png,G:\Ai-CDD\data\raw\dataset\val\TUBERCULOSIS\tb_00065.png
tb,val,tb_00066.png,G:\Ai-CDD\data\raw\dataset\val\TUBERCULOSIS\tb_00066.png
tb,val,tb_00067.png,G:\Ai-CDD\data\raw\dataset\val\TUBERCULOSIS\tb_00067.png
tb,val,tb_00068.png,G:\Ai-CDD\data\raw\dataset\val\TUBERCULOSIS\tb_00068.png
tb,val,tb_00069.png,G:\Ai-CDD\data\raw\dataset\val\TUBERCULOSIS\tb_00069.png
tb,val,tb_00070.png,G:\Ai-CDD\data\raw\dataset\val\TUBERCULOSIS\tb_00070.png
tb,val,tb_00071.png,G:\Ai-CDD\data\raw\dataset\val\TUBERCULOSIS\tb_00071.png
tb,val,tb_00072.png,G:\Ai-CDD\data\raw\dataset\val\TUBERCULOSIS\tb_00072.png
tb,val,tb_00073.png,G:\Ai-CDD\data\raw\dataset\val\TUBERCULOSIS\tb_00073.png
tb,val,tb_00074.png,G:\Ai-CDD\data\raw\dataset\val\TUBERCULOSIS\tb_00074.png
tb,val,tb_00075.png,G:\Ai-CDD\data\raw\dataset\val\TUBERCULOSIS\tb_00075.png
tb,val,tb_00076.png,G:\Ai-CDD\data\raw\dataset\val\TUBERCULOSIS\tb_00076.png
tb,val,tb_00077.png,G:\Ai-CDD\data\raw\dataset\val\TUBERCULOSIS\tb_00077.png
tb,val,tb_00078.png,G:\Ai-CDD\data\raw\dataset\val\TUBERCULOSIS\tb_00078.png
tb,val,tb_00079.png,G:\Ai-CDD\data\raw\dataset\val\TUBERCULOSIS\tb_00079.png
tb,val,tb_00080.png,G:\Ai-CDD\data\raw\dataset\val\TUBERCULOSIS\tb_00080.png
tb,val,tb_00081.png,G:\Ai-CDD\data\raw\dataset\val\TUBERCULOSIS\tb_00081.png
tb,val,tb_00082.png,G:\Ai-CDD\data\raw\dataset\val\TUBERCULOSIS\tb_00082.png
tb,val,tb_00083.png,G:\Ai-CDD\data\raw\dataset\val\TUBERCULOSIS\tb_00083.png
tb,val,tb_00084.png,G:\Ai-CDD\data\raw\dataset\val\TUBERCULOSIS\tb_00084.png
tb,val,tb_00085.png,G:\Ai-CDD\data\raw\dataset\val\TUBERCULOSIS\tb_00085.png
tb,val,tb_00086.png,G:\Ai-CDD\data\raw\dataset\val\TUBERCULOSIS\tb_00086.png
tb,val,tb_00087.png,G:\Ai-CDD\data\raw\dataset\val\TUBERCULOSIS\tb_00087.png
tb,val,tb_00088.png,G:\Ai-CDD\data\raw\dataset\val\TUBERCULOSIS\tb_00088.png
tb,val,tb_00089.png,G:\Ai-CDD\data\raw\dataset\val\TUBERCULOSIS\tb_00089.png
tb,val,tb_00090.png,G:\Ai-CDD\data\raw\dataset\val\TUBERCULOSIS\tb_00090.png
tb,val,tb_00091.png,G:\Ai-CDD\data\raw\dataset\val\TUBERCULOSIS\tb_00091.png
tb,val,tb_00092.png,G:\Ai-CDD\data\raw\dataset\val\TUBERCULOSIS\tb_00092.png
tb,val,tb_00093.png,G:\Ai-CDD\data\raw\dataset\val\TUBERCULOSIS\tb_00093.png
tb,val,tb_00094.png,G:\Ai-CDD\data\raw\dataset\val\TUBERCULOSIS\tb_00094.png
tb,val,tb_00095.png,G:\Ai-CDD\data\raw\dataset\val\TUBERCULOSIS\tb_00095.png
tb,val,tb_00096.png,G:\Ai-CDD\data\raw\dataset\val\TUBERCULOSIS\tb_00096.png
tb,val,tb_00097.png,G:\Ai-CDD\data\raw\dataset\val\TUBERCULOSIS\tb_00097.png
tb,val,tb_00098.png,G:\Ai-CDD\data\raw\dataset\val\TUBERCULOSIS\tb_00098.png
tb,val,tb_00099.png,G:\Ai-CDD\data\raw\dataset\val\TUBERCULOSIS\tb_00099.png
tb,val,tb_00100.png,G:\Ai-CDD\data\raw\dataset\val\TUBERCULOSIS\tb_00100.png
tb,val,tb_00101.png,G:\Ai-CDD\data\raw\dataset\val\TUBERCULOSIS\tb_00101.png
tb,val,tb_00102.png,G:\Ai-CDD\data\raw\dataset\val\TUBERCULOSIS\tb_00102.png
tb,val,tb_00103.png,G:\Ai-CDD\data\raw\dataset\val\TUBERCULOSIS\tb_00103.png
tb,val,tb_00104.png,G:\Ai-CDD\data\raw\dataset\val\TUBERCULOSIS\tb_00104.png
tb,val,tb_00105.png,G:\Ai-CDD\data\raw\dataset\val\TUBERCULOSIS\tb_00105.png
tb,val,tb_00106.png,G:\Ai-CDD\data\raw\dataset\val\TUBERCULOSIS\tb_00106.png
tb,val,tb_00107.png,G:\Ai-CDD\data\raw\dataset\val\TUBERCULOSIS\tb_00107.png
tb,val,tb_00108.png,G:\Ai-CDD\data\raw\dataset\val\TUBERCULOSIS\tb_00108.png
tb,val,tb_00109.png,G:\Ai-CDD\data\raw\dataset\val\TUBERCULOSIS\tb_00109.png
tb,val,tb_00110.png,G:\Ai-CDD\data\raw\dataset\val\TUBERCULOSIS\tb_00110.png
tb,val,tb_00111.png,G:\Ai-CDD\data\raw\dataset\val\TUBERCULOSIS\tb_00111.png
tb,val,tb_00112.png,G:\Ai-CDD\data\raw\dataset\val\TUBERCULOSIS\tb_00112.png
tb,val,tb_00113.png,G:\Ai-CDD\data\raw\dataset\val\TUBERCULOSIS\tb_00113.png
tb,val,tb_00114.png,G:\Ai-CDD\data\raw\dataset\val\TUBERCULOSIS\tb_00114.png
tb,val,tb_00115.png,G:\Ai-CDD\data\raw\dataset\val\TUBERCULOSIS\tb_00115.png
tb,val,tb_00116.png,G:\Ai-CDD\data\raw\dataset\val\TUBERCULOSIS\tb_00116.png
tb,val,tb_00117.png,G:\Ai-CDD\data\raw\dataset\val\TUBERCULOSIS\tb_00117.png
tb,val,tb_00118.png,G:\Ai-CDD\data\raw\dataset\val\TUBERCULOSIS\tb_00118.png
tb,val,tb_00119.png,G:\Ai-CDD\data\raw\dataset\val\TUBERCULOSIS\tb_00119.png
tb,val,tb_00120.png,G:\Ai-CDD\data\raw\dataset\val\TUBERCULOSIS\tb_00120.png
tb,val,tb_00121.png,G:\Ai-CDD\data\raw\dataset\val\TUBERCULOSIS\tb_00121.png
tb,val,tb_00122.png,G:\Ai-CDD\data\raw\dataset\val\TUBERCULOSIS\tb_00122.png
tb,val,tb_00123.png,G:\Ai-CDD\data\raw\dataset\val\TUBERCULOSIS\tb_00123.png
tb,val,tb_00124.png,G:\Ai-CDD\data\raw\dataset\val\TUBERCULOSIS\tb_00124.png
tb,val,tb_00125.png,G:\Ai-CDD\data\raw\dataset\val\TUBERCULOSIS\tb_00125.png
tb,val,tb_00126.png,G:\Ai-CDD\data\raw\dataset\val\TUBERCULOSIS\tb_00126.png
tb,val,tb_00127.png,G:\Ai-CDD\data\raw\dataset\val\TUBERCULOSIS\tb_00127.png
tb,val,tb_00128.png,G:\Ai-CDD\data\raw\dataset\val\TUBERCULOSIS\tb_00128.png
tb,val,tb_00129.png,G:\Ai-CDD\data\raw\dataset\val\TUBERCULOSIS\tb_00129.png
tb,val,tb_00130.png,G:\Ai-CDD\data\raw\dataset\val\TUBERCULOSIS\tb_00130.png
tb,val,tb_00131.png,G:\Ai-CDD\data\raw\dataset\val\TUBERCULOSIS\tb_00131.png
tb,val,tb_00132.png,G:\Ai-CDD\data\raw\dataset\val\TUBERCULOSIS\tb_00132.png
tb,val,tb_00133.png,G:\Ai-CDD\data\raw\dataset\val\TUBERCULOSIS\tb_00133.png
tb,val,tb_00134.png,G:\Ai-CDD\data\raw\dataset\val\TUBERCULOSIS\tb_00134.png
tb,val,tb_00135.png,G:\Ai-CDD\data\raw\dataset\val\TUBERCULOSIS\tb_00135.png
tb,val,tb_00136.png,G:\Ai-CDD\data\raw\dataset\val\TUBERCULOSIS\tb_00136.png
tb,val,tb_00137.png,G:\Ai-CDD\data\raw\dataset\val\TUBERCULOSIS\tb_00137.png
tb,val,tb_00138.png,G:\Ai-CDD\data\raw\dataset\val\TUBERCULOSIS\tb_00138.png
tb,val,tb_00139.png,G:\Ai-CDD\data\raw\dataset\val\TUBERCULOSIS\tb_00139.png
tb,val,tb_00140.png,G:\Ai-CDD\data\raw\dataset\val\TUBERCULOSIS\tb_00140.png
tb,val,tb_00141.png,G:\Ai-CDD\data\raw\dataset\val\TUBERCULOSIS\tb_00141.png
tb,val,tb_00142.png,G:\Ai-CDD\data\raw\dataset\val\TUBERCULOSIS\tb_00142.png
tb,val,tb_00143.png,G:\Ai-CDD\data\raw\dataset\val\TUBERCULOSIS\tb_00143.png
tb,val,tb_00144.png,G:\Ai-CDD\data\raw\dataset\val\TUBERCULOSIS\tb_00144.png
tb,val,tb_00145.png,G:\Ai-CDD\data\raw\dataset\val\TUBERCULOSIS\tb_00145.png
tb,val,tb_00146.png,G:\Ai-CDD\data\raw\dataset\val\TUBERCULOSIS\tb_00146.png
tb,val,tb_00147.png,G:\Ai-CDD\data\raw\dataset\val\TUBERCULOSIS\tb_00147.png
tb,val,tb_00148.png,G:\Ai-CDD\data\raw\dataset\val\TUBERCULOSIS\tb_00148.png
tb,val,tb_00149.png,G:\Ai-CDD\data\raw\dataset\val\TUBERCULOSIS\tb_00149.png
tb,val,tb_00150.png,G:\Ai-CDD\data\raw\dataset\val\TUBERCULOSIS\tb_00150.png
tb,val,tb_00151.png,G:\Ai-CDD\data\raw\dataset\val\TUBERCULOSIS\tb_00151.png
tb,val,tb_00152.png,G:\Ai-CDD\data\raw\dataset\val\TUBERCULOSIS\tb_00152.png
tb,val,tb_00153.png,G:\Ai-CDD\data\raw\dataset\val\TUBERCULOSIS\tb_00153.png
tb,val,tb_00154.png,G:\Ai-CDD\data\raw\dataset\val\TUBERCULOSIS\tb_00154.png
tb,val,tb_00155.png,G:\Ai-CDD\data\raw\dataset\val\TUBERCULOSIS\tb_00155.png
tb,val,tb_00156.png,G:\Ai-CDD\data\raw\dataset\val\TUBERCULOSIS\tb_00156.png
tb,val,tb_00157.png,G:\Ai-CDD\data\raw\dataset\val\TUBERCULOSIS\tb_00157.png
tb,val,tb_00158.png,G:\Ai-CDD\data\raw\dataset\val\TUBERCULOSIS\tb_00158.png
tb,val,tb_00159.png,G:\Ai-CDD\data\raw\dataset\val\TUBERCULOSIS\tb_00159.png
tb,val,tb_00160.png,G:\Ai-CDD\data\raw\dataset\val\TUBERCULOSIS\tb_00160.png
tb,val,tb_00161.png,G:\Ai-CDD\data\raw\dataset\val\TUBERCULOSIS\tb_00161.png
tb,val,tb_00162.png,G:\Ai-CDD\data\raw\dataset\val\TUBERCULOSIS\tb_00162.png
tb,val,tb_00163.png,G:\Ai-CDD\data\raw\dataset\val\TUBERCULOSIS\tb_00163.png
tb,val,tb_00164.png,G:\Ai-CDD\data\raw\dataset\val\TUBERCULOSIS\tb_00164.png
tb,val,tb_00165.png,G:\Ai-CDD\data\raw\dataset\val\TUBERCULOSIS\tb_00165.png
tb,val,tb_00166.png,G:\Ai-CDD\data\raw\dataset\val\TUBERCULOSIS\tb_00166.png
tb,val,tb_00167.png,G:\Ai-CDD\data\raw\dataset\val\TUBERCULOSIS\tb_00167.png
tb,val,tb_00168.png,G:\Ai-CDD\data\raw\dataset\val\TUBERCULOSIS\tb_00168.png
tb,val,tb_00169.png,G:\Ai-CDD\data\raw\dataset\val\TUBERCULOSIS\tb_00169.png
tb,val,tb_00170.png,G:\Ai-CDD\data\raw\dataset\val\TUBERCULOSIS\tb_00170.png
tb,val,tb_00171.png,G:\Ai-CDD\data\raw\dataset\val\TUBERCULOSIS\tb_00171.png
tb,val,tb_00172.png,G:\Ai-CDD\data\raw\dataset\val\TUBERCULOSIS\tb_00172.png
tb,val,tb_00173.png,G:\Ai-CDD\data\raw\dataset\val\TUBERCULOSIS\tb_00173.png
tb,val,tb_00174.png,G:\Ai-CDD\data\raw\dataset\val\TUBERCULOSIS\tb_00174.png
tb,val,tb_00175.png,G:\Ai-CDD\data\raw\dataset\val\TUBERCULOSIS\tb_00175.png
tb,val,tb_00176.png,G:\Ai-CDD\data\raw\dataset\val\TUBERCULOSIS\tb_00176.png
tb,val,tb_00177.png,G:\Ai-CDD\data\raw\dataset\val\TUBERCULOSIS\tb_00177.png
tb,val,tb_00178.png,G:\Ai-CDD\data\raw\dataset\val\TUBERCULOSIS\tb_00178.png
tb,val,tb_00179.png,G:\Ai-CDD\data\raw\dataset\val\TUBERCULOSIS\tb_00179.png
tb,val,tb_00180.png,G:\Ai-CDD\data\raw\dataset\val\TUBERCULOSIS\tb_00180.png
tb,val,tb_00181.png,G:\Ai-CDD\data\raw\dataset\val\TUBERCULOSIS\tb_00181.png
tb,val,tb_00182.png,G:\Ai-CDD\data\raw\dataset\val\TUBERCULOSIS\tb_00182.png
tb,val,tb_00183.png,G:\Ai-CDD\data\raw\dataset\val\TUBERCULOSIS\tb_00183.png
tb,val,tb_00184.png,G:\Ai-CDD\data\raw\dataset\val\TUBERCULOSIS\tb_00184.png
tb,val,tb_00185.png,G:\Ai-CDD\data\raw\dataset\val\TUBERCULOSIS\tb_00185.png
tb,val,tb_00186.png,G:\Ai-CDD\data\raw\dataset\val\TUBERCULOSIS\tb_00186.png
tb,val,tb_00187.png,G:\Ai-CDD\data\raw\dataset\val\TUBERCULOSIS\tb_00187.png
tb,val,tb_00188.png,G:\Ai-CDD\data\raw\dataset\val\TUBERCULOSIS\tb_00188.png
tb,val,tb_00189.png,G:\Ai-CDD\data\raw\dataset\val\TUBERCULOSIS\tb_00189.png
tb,val,tb_00190.png,G:\Ai-CDD\data\raw\dataset\val\TUBERCULOSIS\tb_00190.png
tb,val,tb_00191.png,G:\Ai-CDD\data\raw\dataset\val\TUBERCULOSIS\tb_00191.png
tb,val,tb_00192.png,G:\Ai-CDD\data\raw\dataset\val\TUBERCULOSIS\tb_00192.png
tb,val,tb_00193.png,G:\Ai-CDD\data\raw\dataset\val\TUBERCULOSIS\tb_00193.png
tb,val,tb_00194.png,G:\Ai-CDD\data\raw\dataset\val\TUBERCULOSIS\tb_00194.png
tb,val,tb_00195.png,G:\Ai-CDD\data\raw\dataset\val\TUBERCULOSIS\tb_00195.png
tb,val,tb_00196.png,G:\Ai-CDD\data\raw\dataset\val\TUBERCULOSIS\tb_00196.png
tb,val,tb_00197.png,G:\Ai-CDD\data\raw\dataset\val\TUBERCULOSIS\tb_00197.png
tb,val,tb_00198.png,G:\Ai-CDD\data\raw\dataset\val\TUBERCULOSIS\tb_00198.png
tb,val,tb_00199.png,G:\Ai-CDD\data\raw\dataset\val\TUBERCULOSIS\tb_00199.png
tb,val,tb_00200.png,G:\Ai-CDD\data\raw\dataset\val\TUBERCULOSIS\tb_00200.png
tb,val,tb_00201.png,G:\Ai-CDD\data\raw\dataset\val\TUBERCULOSIS\tb_00201.png
tb,val,tb_00202.png,G:\Ai-CDD\data\raw\dataset\val\TUBERCULOSIS\tb_00202.png
tb,val,tb_00203.png,G:\Ai-CDD\data\raw\dataset\val\TUBERCULOSIS\tb_00203.png
tb,val,tb_00204.png,G:\Ai-CDD\data\raw\dataset\val\TUBERCULOSIS\tb_00204.png
tb,val,tb_00205.png,G:\Ai-CDD\data\raw\dataset\val\TUBERCULOSIS\tb_00205.png
tb,val,tb_00206.png,G:\Ai-CDD\data\raw\dataset\val\TUBERCULOSIS\tb_00206.png
tb,val,tb_00207.png,G:\Ai-CDD\data\raw\dataset\val\TUBERCULOSIS\tb_00207.png
tb,val,tb_00208.png,G:\Ai-CDD\data\raw\dataset\val\TUBERCULOSIS\tb_00208.png
tb,val,tb_00209.png,G:\Ai-CDD\data\raw\dataset\val\TUBERCULOSIS\tb_00209.png
tb,val,tb_00210.png,G:\Ai-CDD\data\raw\dataset\val\TUBERCULOSIS\tb_00210.png
tb,val,tb_00211.png,G:\Ai-CDD\data\raw\dataset\val\TUBERCULOSIS\tb_00211.png
tb,val,tb_00212.png,G:\Ai-CDD\data\raw\dataset\val\TUBERCULOSIS\tb_00212.png
tb,val,tb_00213.png,G:\Ai-CDD\data\raw\dataset\val\TUBERCULOSIS\tb_00213.png
tb,val,tb_00214.png,G:\Ai-CDD\data\raw\dataset\val\TUBERCULOSIS\tb_00214.png
tb,val,tb_00215.png,G:\Ai-CDD\data\raw\dataset\val\TUBERCULOSIS\tb_00215.png
tb,val,tb_00216.png,G:\Ai-CDD\data\raw\dataset\val\TUBERCULOSIS\tb_00216.png
tb,val,tb_00217.png,G:\Ai-CDD\data\raw\dataset\val\TUBERCULOSIS\tb_00217.png
tb,val,tb_00218.png,G:\Ai-CDD\data\raw\dataset\val\TUBERCULOSIS\tb_00218.png
tb,val,tb_00219.png,G:\Ai-CDD\data\raw\dataset\val\TUBERCULOSIS\tb_00219.png
tb,val,tb_00220.png,G:\Ai-CDD\data\raw\dataset\val\TUBERCULOSIS\tb_00220.png
tb,val,tb_00221.png,G:\Ai-CDD\data\raw\dataset\val\TUBERCULOSIS\tb_00221.png
tb,val,tb_00222.png,G:\Ai-CDD\data\raw\dataset\val\TUBERCULOSIS\tb_00222.png
tb,val,tb_00223.png,G:\Ai-CDD\data\raw\dataset\val\TUBERCULOSIS\tb_00223.png
tb,val,tb_00224.png,G:\Ai-CDD\data\raw\dataset\val\TUBERCULOSIS\tb_00224.png
tb,val,tb_00225.png,G:\Ai-CDD\data\raw\dataset\val\TUBERCULOSIS\tb_00225.png
tb,val,tb_00226.png,G:\Ai-CDD\data\raw\dataset\val\TUBERCULOSIS\tb_00226.png
tb,val,tb_00227.png,G:\Ai-CDD\data\raw\dataset\val\TUBERCULOSIS\tb_00227.png
tb,val,tb_00228.png,G:\Ai-CDD\data\raw\dataset\val\TUBERCULOSIS\tb_00228.png
tb,val,tb_00229.png,G:\Ai-CDD\data\raw\dataset\val\TUBERCULOSIS\tb_00229.png
tb,val,tb_00230.png,G:\Ai-CDD\data\raw\dataset\val\TUBERCULOSIS\tb_00230.png
tb,val,tb_00231.png,G:\Ai-CDD\data\raw\dataset\val\TUBERCULOSIS\tb_00231.png
tb,val,tb_00232.png,G:\Ai-CDD\data\raw\dataset\val\TUBERCULOSIS\tb_00232.png
tb,val,tb_00233.png,G:\Ai-CDD\data\raw\dataset\val\TUBERCULOSIS\tb_00233.png
tb,val,tb_00234.png,G:\Ai-CDD\data\raw\dataset\val\TUBERCULOSIS\tb_00234.png
tb,val,tb_00235.png,G:\Ai-CDD\data\raw\dataset\val\TUBERCULOSIS\tb_00235.png
tb,val,tb_00236.png,G:\Ai-CDD\data\raw\dataset\val\TUBERCULOSIS\tb_00236.png
tb,val,tb_00237.png,G:\Ai-CDD\data\raw\dataset\val\TUBERCULOSIS\tb_00237.png
tb,val,tb_00238.png,G:\Ai-CDD\data\raw\dataset\val\TUBERCULOSIS\tb_00238.png
tb,val,tb_00239.png,G:\Ai-CDD\data\raw\dataset\val\TUBERCULOSIS\tb_00239.png
tb,val,tb_00240.png,G:\Ai-CDD\data\raw\dataset\val\TUBERCULOSIS\tb_00240.png
tb,val,tb_00241.png,G:\Ai-CDD\data\raw\dataset\val\TUBERCULOSIS\tb_00241.png
tb,val,tb_00242.png,G:\Ai-CDD\data\raw\dataset\val\TUBERCULOSIS\tb_00242.png
tb,val,tb_00243.png,G:\Ai-CDD\data\raw\dataset\val\TUBERCULOSIS\tb_00243.png
tb,val,tb_00244.png,G:\Ai-CDD\data\raw\dataset\val\TUBERCULOSIS\tb_00244.png
tb,val,tb_00245.png,G:\Ai-CDD\data\raw\dataset\val\TUBERCULOSIS\tb_00245.png
tb,val,tb_00246.png,G:\Ai-CDD\data\raw\dataset\val\TUBERCULOSIS\tb_00246.png
tb,val,tb_00247.png,G:\Ai-CDD\data\raw\dataset\val\TUBERCULOSIS\tb_00247.png
tb,val,tb_00248.png,G:\Ai-CDD\data\raw\dataset\val\TUBERCULOSIS\tb_00248.png
tb,val,tb_00249.png,G:\Ai-CDD\data\raw\dataset\val\TUBERCULOSIS\tb_00249.png
tb,val,tb_00250.png,G:\Ai-CDD\data\raw\dataset\val\TUBERCULOSIS\tb_00250.png
tb,val,tb_00251.png,G:\Ai-CDD\data\raw\dataset\val\TUBERCULOSIS\tb_00251.png
tb,val,tb_00252.png,G:\Ai-CDD\data\raw\dataset\val\TUBERCULOSIS\tb_00252.png
tb,val,tb_00253.png,G:\Ai-CDD\data\raw\dataset\val\TUBERCULOSIS\tb_00253.png
tb,val,tb_00254.png,G:\Ai-CDD\data\raw\dataset\val\TUBERCULOSIS\tb_00254.png
tb,val,tb_00255.png,G:\Ai-CDD\data\raw\dataset\val\TUBERCULOSIS\tb_00255.png
tb,val,tb_00256.png,G:\Ai-CDD\data\raw\dataset\val\TUBERCULOSIS\tb_00256.png
tb,val,tb_00257.png,G:\Ai-CDD\data\raw\dataset\val\TUBERCULOSIS\tb_00257.png
tb,val,tb_00258.png,G:\Ai-CDD\data\raw\dataset\val\TUBERCULOSIS\tb_00258.png
tb,val,tb_00259.png,G:\Ai-CDD\data\raw\dataset\val\TUBERCULOSIS\tb_00259.png
tb,val,tb_00260.png,G:\Ai-CDD\data\raw\dataset\val\TUBERCULOSIS\tb_00260.png
tb,val,tb_00261.png,G:\Ai-CDD\data\raw\dataset\val\TUBERCULOSIS\tb_00261.png
tb,val,tb_00262.png,G:\Ai-CDD\data\raw\dataset\val\TUBERCULOSIS\tb_00262.png
tb,val,tb_00263.png,G:\Ai-CDD\data\raw\dataset\val\TUBERCULOSIS\tb_00263.png
tb,val,tb_00264.png,G:\Ai-CDD\data\raw\dataset\val\TUBERCULOSIS\tb_00264.png
tb,val,tb_00265.png,G:\Ai-CDD\data\raw\dataset\val\TUBERCULOSIS\tb_00265.png
tb,val,tb_00266.png,G:\Ai-CDD\data\raw\dataset\val\TUBERCULOSIS\tb_00266.png
tb,val,tb_00267.png,G:\Ai-CDD\data\raw\dataset\val\TUBERCULOSIS\tb_00267.png
tb,val,tb_00268.png,G:\Ai-CDD\data\raw\dataset\val\TUBERCULOSIS\tb_00268.png
tb,val,tb_00269.png,G:\Ai-CDD\data\raw\dataset\val\TUBERCULOSIS\tb_00269.png
tb,val,tb_00270.png,G:\Ai-CDD\data\raw\dataset\val\TUBERCULOSIS\tb_00270.png
tb,val,tb_00271.png,G:\Ai-CDD\data\raw\dataset\val\TUBERCULOSIS\tb_00271.png
tb,val,tb_00272.png,G:\Ai-CDD\data\raw\dataset\val\TUBERCULOSIS\tb_00272.png
tb,val,tb_00273.png,G:\Ai-CDD\data\raw\dataset\val\TUBERCULOSIS\tb_00273.png
tb,val,tb_00274.png,G:\Ai-CDD\data\raw\dataset\val\TUBERCULOSIS\tb_00274.png
tb,val,tb_00275.png,G:\Ai-CDD\data\raw\dataset\val\TUBERCULOSIS\tb_00275.png
tb,val,tb_00276.png,G:\Ai-CDD\data\raw\dataset\val\TUBERCULOSIS\tb_00276.png
tb,val,tb_00277.png,G:\Ai-CDD\data\raw\dataset\val\TUBERCULOSIS\tb_00277.png
tb,val,tb_00278.png,G:\Ai-CDD\data\raw\dataset\val\TUBERCULOSIS\tb_00278.png
tb,val,tb_00279.png,G:\Ai-CDD\data\raw\dataset\val\TUBERCULOSIS\tb_00279.png
tb,val,tb_00280.png,G:\Ai-CDD\data\raw\dataset\val\TUBERCULOSIS\tb_00280.png
tb,val,tb_00281.png,G:\Ai-CDD\data\raw\dataset\val\TUBERCULOSIS\tb_00281.png
tb,val,tb_00282.png,G:\Ai-CDD\data\raw\dataset\val\TUBERCULOSIS\tb_00282.png
tb,val,tb_00283.png,G:\Ai-CDD\data\raw\dataset\val\TUBERCULOSIS\tb_00283.png
tb,val,tb_00284.png,G:\Ai-CDD\data\raw\dataset\val\TUBERCULOSIS\tb_00284.png
tb,val,tb_00285.png,G:\Ai-CDD\data\raw\dataset\val\TUBERCULOSIS\tb_00285.png
tb,val,tb_00286.png,G:\Ai-CDD\data\raw\dataset\val\TUBERCULOSIS\tb_00286.png
tb,val,tb_00287.png,G:\Ai-CDD\data\raw\dataset\val\TUBERCULOSIS\tb_00287.png
tb,val,tb_00288.png,G:\Ai-CDD\data\raw\dataset\val\TUBERCULOSIS\tb_00288.png
tb,val,tb_00289.png,G:\Ai-CDD\data\raw\dataset\val\TUBERCULOSIS\tb_00289.png
tb,val,tb_00290.png,G:\Ai-CDD\data\raw\dataset\val\TUBERCULOSIS\tb_00290.png
tb,val,tb_00291.png,G:\Ai-CDD\data\raw\dataset\val\TUBERCULOSIS\tb_00291.png
tb,val,tb_00292.png,G:\Ai-CDD\data\raw\dataset\val\TUBERCULOSIS\tb_00292.png
tb,val,tb_00293.png,G:\Ai-CDD\data\raw\dataset\val\TUBERCULOSIS\tb_00293.png
tb,val,tb_00294.png,G:\Ai-CDD\data\raw\dataset\val\TUBERCULOSIS\tb_00294.png
tb,val,tb_00295.png,G:\Ai-CDD\data\raw\dataset\val\TUBERCULOSIS\tb_00295.png
tb,val,tb_00296.png,G:\Ai-CDD\data\raw\dataset\val\TUBERCULOSIS\tb_00296.png
tb,val,tb_00297.png,G:\Ai-CDD\data\raw\dataset\val\TUBERCULOSIS\tb_00297.png
tb,val,tb_00298.png,G:\Ai-CDD\data\raw\dataset\val\TUBERCULOSIS\tb_00298.png
tb,val,tb_00299.png,G:\Ai-CDD\data\raw\dataset\val\TUBERCULOSIS\tb_00299.png
tb,val,tb_00300.png,G:\Ai-CDD\data\raw\dataset\val\TUBERCULOSIS\tb_00300.png
tb,val,tb_00301.png,G:\Ai-CDD\data\raw\dataset\val\TUBERCULOSIS\tb_00301.png
tb,val,tb_00302.png,G:\Ai-CDD\data\raw\dataset\val\TUBERCULOSIS\tb_00302.png
tb,val,tb_00303.png,G:\Ai-CDD\data\raw\dataset\val\TUBERCULOSIS\tb_00303.png
tb,val,tb_00304.png,G:\Ai-CDD\data\raw\dataset\val\TUBERCULOSIS\tb_00304.png
tb,val,tb_00305.png,G:\Ai-CDD\data\raw\dataset\val\TUBERCULOSIS\tb_00305.png
tb,val,tb_00306.png,G:\Ai-CDD\data\raw\dataset\val\TUBERCULOSIS\tb_00306.png
tb,val,tb_00307.png,G:\Ai-CDD\data\raw\dataset\val\TUBERCULOSIS\tb_00307.png
tb,val,tb_00308.png,G:\Ai-CDD\data\raw\dataset\val\TUBERCULOSIS\tb_00308.png
tb,val,tb_00309.png,G:\Ai-CDD\data\raw\dataset\val\TUBERCULOSIS\tb_00309.png
tb,val,tb_00310.png,G:\Ai-CDD\data\raw\dataset\val\TUBERCULOSIS\tb_00310.png
tb,val,tb_00311.png,G:\Ai-CDD\data\raw\dataset\val\TUBERCULOSIS\tb_00311.png
tb,val,tb_00312.png,G:\Ai-CDD\data\raw\dataset\val\TUBERCULOSIS\tb_00312.png
tb,val,tb_00313.png,G:\Ai-CDD\data\raw\dataset\val\TUBERCULOSIS\tb_00313.png
tb,val,tb_00314.png,G:\Ai-CDD\data\raw\dataset\val\TUBERCULOSIS\tb_00314.png
tb,val,tb_00315.png,G:\Ai-CDD\data\raw\dataset\val\TUBERCULOSIS\tb_00315.png
tb,val,tb_00316.png,G:\Ai-CDD\data\raw\dataset\val\TUBERCULOSIS\tb_00316.png
tb,val,tb_00317.png,G:\Ai-CDD\data\raw\dataset\val\TUBERCULOSIS\tb_00317.png
tb,val,tb_00318.png,G:\Ai-CDD\data\raw\dataset\val\TUBERCULOSIS\tb_00318.png
tb,val,tb_00319.png,G:\Ai-CDD\data\raw\dataset\val\TUBERCULOSIS\tb_00319.png
tb,val,tb_00320.png,G:\Ai-CDD\data\raw\dataset\val\TUBERCULOSIS\tb_00320.png
tb,val,tb_00321.png,G:\Ai-CDD\data\raw\dataset\val\TUBERCULOSIS\tb_00321.png
tb,val,tb_00322.png,G:\Ai-CDD\data\raw\dataset\val\TUBERCULOSIS\tb_00322.png
tb,val,tb_00323.png,G:\Ai-CDD\data\raw\dataset\val\TUBERCULOSIS\tb_00323.png
tb,val,tb_00324.png,G:\Ai-CDD\data\raw\dataset\val\TUBERCULOSIS\tb_00324.png
tb,val,tb_00325.png,G:\Ai-CDD\data\raw\dataset\val\TUBERCULOSIS\tb_00325.png
tb,val,tb_00326.png,G:\Ai-CDD\data\raw\dataset\val\TUBERCULOSIS\tb_00326.png
tb,val,tb_00327.png,G:\Ai-CDD\data\raw\dataset\val\TUBERCULOSIS\tb_00327.png
tb,val,tb_00328.png,G:\Ai-CDD\data\raw\dataset\val\TUBERCULOSIS\tb_00328.png
tb,val,tb_00329.png,G:\Ai-CDD\data\raw\dataset\val\TUBERCULOSIS\tb_00329.png
tb,val,tb_00330.png,G:\Ai-CDD\data\raw\dataset\val\TUBERCULOSIS\tb_00330.png
tb,val,tb_00331.png,G:\Ai-CDD\data\raw\dataset\val\TUBERCULOSIS\tb_00331.png
tb,val,tb_00332.png,G:\Ai-CDD\data\raw\dataset\val\TUBERCULOSIS\tb_00332.png
tb,val,tb_00333.png,G:\Ai-CDD\data\raw\dataset\val\TUBERCULOSIS\tb_00333.png
tb,val,tb_00334.png,G:\Ai-CDD\data\raw\dataset\val\TUBERCULOSIS\tb_00334.png
tb,val,tb_00335.png,G:\Ai-CDD\data\raw\dataset\val\TUBERCULOSIS\tb_00335.png
tb,val,tb_00336.png,G:\Ai-CDD\data\raw\dataset\val\TUBERCULOSIS\tb_00336.png
tb,val,tb_00337.png,G:\Ai-CDD\data\raw\dataset\val\TUBERCULOSIS\tb_00337.png
tb,val,tb_00338.png,G:\Ai-CDD\data\raw\dataset\val\TUBERCULOSIS\tb_00338.png
tb,val,tb_00339.png,G:\Ai-CDD\data\raw\dataset\val\TUBERCULOSIS\tb_00339.png
tb,val,tb_00340.png,G:\Ai-CDD\data\raw\dataset\val\TUBERCULOSIS\tb_00340.png
tb,val,tb_00341.png,G:\Ai-CDD\data\raw\dataset\val\TUBERCULOSIS\tb_00341.png
tb,val,tb_00342.png,G:\Ai-CDD\data\raw\dataset\val\TUBERCULOSIS\tb_00342.png
tb,val,tb_00343.png,G:\Ai-CDD\data\raw\dataset\val\TUBERCULOSIS\tb_00343.png
tb,val,tb_00344.png,G:\Ai-CDD\data\raw\dataset\val\TUBERCULOSIS\tb_00344.png
tb,val,tb_00345.png,G:\Ai-CDD\data\raw\dataset\val\TUBERCULOSIS\tb_00345.png
tb,val,tb_00346.png,G:\Ai-CDD\data\raw\dataset\val\TUBERCULOSIS\tb_00346.png
tb,val,tb_00347.png,G:\Ai-CDD\data\raw\dataset\val\TUBERCULOSIS\tb_00347.png
tb,val,tb_00348.png,G:\Ai-CDD\data\raw\dataset\val\TUBERCULOSIS\tb_00348.png
tb,val,tb_00349.png,G:\Ai-CDD\data\raw\dataset\val\TUBERCULOSIS\tb_00349.png
tb,val,tb_00350.png,G:\Ai-CDD\data\raw\dataset\val\TUBERCULOSIS\tb_00350.png
tb,val,tb_00351.png,G:\Ai-CDD\data\raw\dataset\val\TUBERCULOSIS\tb_00351.png
tb,val,tb_00352.png,G:\Ai-CDD\data\raw\dataset\val\TUBERCULOSIS\tb_00352.png
tb,val,tb_00353.png,G:\Ai-CDD\data\raw\dataset\val\TUBERCULOSIS\tb_00353.png
tb,val,tb_00354.png,G:\Ai-CDD\data\raw\dataset\val\TUBERCULOSIS\tb_00354.png
tb,val,tb_00355.png,G:\Ai-CDD\data\raw\dataset\val\TUBERCULOSIS\tb_00355.png
tb,val,tb_00356.png,G:\Ai-CDD\data\raw\dataset\val\TUBERCULOSIS\tb_00356.png
tb,val,tb_00357.png,G:\Ai-CDD\data\raw\dataset\val\TUBERCULOSIS\tb_00357.png
tb,val,tb_00358.png,G:\Ai-CDD\data\raw\dataset\val\TUBERCULOSIS\tb_00358.png
tb,val,tb_00359.png,G:\Ai-CDD\data\raw\dataset\val\TUBERCULOSIS\tb_00359.png
tb,val,tb_00360.png,G:\Ai-CDD\data\raw\dataset\val\TUBERCULOSIS\tb_00360.png
tb,val,tb_00361.png,G:\Ai-CDD\data\raw\dataset\val\TUBERCULOSIS\tb_00361.png
tb,val,tb_00362.png,G:\Ai-CDD\data\raw\dataset\val\TUBERCULOSIS\tb_00362.png
tb,val,tb_00363.png,G:\Ai-CDD\data\raw\dataset\val\TUBERCULOSIS\tb_00363.png
tb,val,tb_00364.png,G:\Ai-CDD\data\raw\dataset\val\TUBERCULOSIS\tb_00364.png
tb,val,tb_00365.png,G:\Ai-CDD\data\raw\dataset\val\TUBERCULOSIS\tb_00365.png
tb,val,tb_00366.png,G:\Ai-CDD\data\raw\dataset\val\TUBERCULOSIS\tb_00366.png
tb,val,tb_00367.png,G:\Ai-CDD\data\raw\dataset\val\TUBERCULOSIS\tb_00367.png
tb,val,tb_00368.png,G:\Ai-CDD\data\raw\dataset\val\TUBERCULOSIS\tb_00368.png
tb,val,tb_00369.png,G:\Ai-CDD\data\raw\dataset\val\TUBERCULOSIS\tb_00369.png
tb,val,tb_00370.png,G:\Ai-CDD\data\raw\dataset\val\TUBERCULOSIS\tb_00370.png
tb,val,tb_00371.png,G:\Ai-CDD\data\raw\dataset\val\TUBERCULOSIS\tb_00371.png
tb,val,tb_00372.png,G:\Ai-CDD\data\raw\dataset\val\TUBERCULOSIS\tb_00372.png
tb,val,tb_00373.png,G:\Ai-CDD\data\raw\dataset\val\TUBERCULOSIS\tb_00373.png
tb,val,tb_00374.png,G:\Ai-CDD\data\raw\dataset\val\TUBERCULOSIS\tb_00374.png
tb,val,tb_00375.png,G:\Ai-CDD\data\raw\dataset\val\TUBERCULOSIS\tb_00375.png
tb,val,tb_00376.png,G:\Ai-CDD\data\raw\dataset\val\TUBERCULOSIS\tb_00376.png
tb,val,tb_00377.png,G:\Ai-CDD\data\raw\dataset\val\TUBERCULOSIS\tb_00377.png
tb,val,tb_00378.png,G:\Ai-CDD\data\raw\dataset\val\TUBERCULOSIS\tb_00378.png
tb,val,tb_00379.png,G:\Ai-CDD\data\raw\dataset\val\TUBERCULOSIS\tb_00379.png
tb,val,tb_00380.png,G:\Ai-CDD\data\raw\dataset\val\TUBERCULOSIS\tb_00380.png
tb,val,tb_00381.png,G:\Ai-CDD\data\raw\dataset\val\TUBERCULOSIS\tb_00381.png
tb,val,tb_00382.png,G:\Ai-CDD\data\raw\dataset\val\TUBERCULOSIS\tb_00382.png
tb,val,tb_00383.png,G:\Ai-CDD\data\raw\dataset\val\TUBERCULOSIS\tb_00383.png
tb,val,tb_00384.png,G:\Ai-CDD\data\raw\dataset\val\TUBERCULOSIS\tb_00384.png
tb,val,tb_00385.png,G:\Ai-CDD\data\raw\dataset\val\TUBERCULOSIS\tb_00385.png
tb,val,tb_00386.png,G:\Ai-CDD\data\raw\dataset\val\TUBERCULOSIS\tb_00386.png
tb,val,tb_00387.png,G:\Ai-CDD\data\raw\dataset\val\TUBERCULOSIS\tb_00387.png
tb,val,tb_00388.png,G:\Ai-CDD\data\raw\dataset\val\TUBERCULOSIS\tb_00388.png
tb,val,tb_00389.png,G:\Ai-CDD\data\raw\dataset\val\TUBERCULOSIS\tb_00389.png
tb,val,tb_00390.png,G:\Ai-CDD\data\raw\dataset\val\TUBERCULOSIS\tb_00390.png
tb,val,tb_00391.png,G:\Ai-CDD\data\raw\dataset\val\TUBERCULOSIS\tb_00391.png
tb,val,tb_00392.png,G:\Ai-CDD\data\raw\dataset\val\TUBERCULOSIS\tb_00392.png
tb,val,tb_00393.png,G:\Ai-CDD\data\raw\dataset\val\TUBERCULOSIS\tb_00393.png
tb,val,tb_00394.png,G:\Ai-CDD\data\raw\dataset\val\TUBERCULOSIS\tb_00394.png
tb,val,tb_00395.png,G:\Ai-CDD\data\raw\dataset\val\TUBERCULOSIS\tb_00395.png
tb,val,tb_00396.png,G:\Ai-CDD\data\raw\dataset\val\TUBERCULOSIS\tb_00396.png
tb,val,tb_00397.png,G:\Ai-CDD\data\raw\dataset\val\TUBERCULOSIS\tb_00397.png
tb,val,tb_00398.png,G:\Ai-CDD\data\raw\dataset\val\TUBERCULOSIS\tb_00398.png
tb,val,tb_00399.png,G:\Ai-CDD\data\raw\dataset\val\TUBERCULOSIS\tb_00399.png
tb,val,tb_00400.png,G:\Ai-CDD\data\raw\dataset\val\TUBERCULOSIS\tb_00400.png
tb,val,tb_00401.png,G:\Ai-CDD\data\raw\dataset\val\TUBERCULOSIS\tb_00401.png
tb,val,tb_00402.png,G:\Ai-CDD\data\raw\dataset\val\TUBERCULOSIS\tb_00402.png
tb,val,tb_00403.png,G:\Ai-CDD\data\raw\dataset\val\TUBERCULOSIS\tb_00403.png
tb,val,tb_00404.png,G:\Ai-CDD\data\raw\dataset\val\TUBERCULOSIS\tb_00404.png
tb,val,tb_00405.png,G:\Ai-CDD\data\raw\dataset\val\TUBERCULOSIS\tb_00405.png
tb,val,tb_00406.png,G:\Ai-CDD\data\raw\dataset\val\TUBERCULOSIS\tb_00406.png
tb,val,tb_00407.png,G:\Ai-CDD\data\raw\dataset\val\TUBERCULOSIS\tb_00407.png
tb,val,tb_00408.png,G:\Ai-CDD\data\raw\dataset\val\TUBERCULOSIS\tb_00408.png
tb,val,tb_00409.png,G:\Ai-CDD\data\raw\dataset\val\TUBERCULOSIS\tb_00409.png
tb,val,tb_00410.png,G:\Ai-CDD\data\raw\dataset\val\TUBERCULOSIS\tb_00410.png
tb,val,tb_00411.png,G:\Ai-CDD\data\raw\dataset\val\TUBERCULOSIS\tb_00411.png
tb,val,tb_00412.png,G:\Ai-CDD\data\raw\dataset\val\TUBERCULOSIS\tb_00412.png
tb,val,tb_00413.png,G:\Ai-CDD\data\raw\dataset\val\TUBERCULOSIS\tb_00413.png
tb,val,tb_00414.png,G:\Ai-CDD\data\raw\dataset\val\TUBERCULOSIS\tb_00414.png
tb,val,tb_00415.png,G:\Ai-CDD\data\raw\dataset\val\TUBERCULOSIS\tb_00415.png
tb,val,tb_00416.png,G:\Ai-CDD\data\raw\dataset\val\TUBERCULOSIS\tb_00416.png
tb,val,tb_00417.png,G:\Ai-CDD\data\raw\dataset\val\TUBERCULOSIS\tb_00417.png
tb,val,tb_00418.png,G:\Ai-CDD\data\raw\dataset\val\TUBERCULOSIS\tb_00418.png
tb,val,tb_00419.png,G:\Ai-CDD\data\raw\dataset\val\TUBERCULOSIS\tb_00419.png
tb,val,tb_00420.png,G:\Ai-CDD\data\raw\dataset\val\TUBERCULOSIS\tb_00420.png
tb,val,tb_00421.png,G:\Ai-CDD\data\raw\dataset\val\TUBERCULOSIS\tb_00421.png
tb,val,tb_00422.png,G:\Ai-CDD\data\raw\dataset\val\TUBERCULOSIS\tb_00422.png
tb,val,tb_00423.png,G:\Ai-CDD\data\raw\dataset\val\TUBERCULOSIS\tb_00423.png
tb,val,tb_00424.png,G:\Ai-CDD\data\raw\dataset\val\TUBERCULOSIS\tb_00424.png
tb,val,tb_00425.png,G:\Ai-CDD\data\raw\dataset\val\TUBERCULOSIS\tb_00425.png
tb,val,tb_00426.png,G:\Ai-CDD\data\raw\dataset\val\TUBERCULOSIS\tb_00426.png
tb,val,tb_00427.png,G:\Ai-CDD\data\raw\dataset\val\TUBERCULOSIS\tb_00427.png
tb,val,tb_00428.png,G:\Ai-CDD\data\raw\dataset\val\TUBERCULOSIS\tb_00428.png
tb,val,tb_00429.png,G:\Ai-CDD\data\raw\dataset\val\TUBERCULOSIS\tb_00429.png
tb,val,tb_00430.png,G:\Ai-CDD\data\raw\dataset\val\TUBERCULOSIS\tb_00430.png
tb,val,tb_00431.png,G:\Ai-CDD\data\raw\dataset\val\TUBERCULOSIS\tb_00431.png
tb,val,tb_00432.png,G:\Ai-CDD\data\raw\dataset\val\TUBERCULOSIS\tb_00432.png
tb,val,tb_00433.png,G:\Ai-CDD\data\raw\dataset\val\TUBERCULOSIS\tb_00433.png
tb,val,tb_00434.png,G:\Ai-CDD\data\raw\dataset\val\TUBERCULOSIS\tb_00434.png
tb,val,tb_00435.png,G:\Ai-CDD\data\raw\dataset\val\TUBERCULOSIS\tb_00435.png
tb,val,tb_00436.png,G:\Ai-CDD\data\raw\dataset\val\TUBERCULOSIS\tb_00436.png
tb,val,tb_00437.png,G:\Ai-CDD\data\raw\dataset\val\TUBERCULOSIS\tb_00437.png
tb,val,tb_00438.png,G:\Ai-CDD\data\raw\dataset\val\TUBERCULOSIS\tb_00438.png
tb,val,tb_00439.png,G:\Ai-CDD\data\raw\dataset\val\TUBERCULOSIS\tb_00439.png
tb,val,tb_00440.png,G:\Ai-CDD\data\raw\dataset\val\TUBERCULOSIS\tb_00440.png
tb,val,tb_00441.png,G:\Ai-CDD\data\raw\dataset\val\TUBERCULOSIS\tb_00441.png
tb,val,tb_00442.png,G:\Ai-CDD\data\raw\dataset\val\TUBERCULOSIS\tb_00442.png
tb,val,tb_00443.png,G:\Ai-CDD\data\raw\dataset\val\TUBERCULOSIS\tb_00443.png
tb,val,tb_00444.png,G:\Ai-CDD\data\raw\dataset\val\TUBERCULOSIS\tb_00444.png
tb,val,tb_00445.png,G:\Ai-CDD\data\raw\dataset\val\TUBERCULOSIS\tb_00445.png
tb,val,tb_00446.png,G:\Ai-CDD\data\raw\dataset\val\TUBERCULOSIS\tb_00446.png
tb,val,tb_00447.png,G:\Ai-CDD\data\raw\dataset\val\TUBERCULOSIS\tb_00447.png
tb,val,tb_00448.png,G:\Ai-CDD\data\raw\dataset\val\TUBERCULOSIS\tb_00448.png
tb,val,tb_00449.png,G:\Ai-CDD\data\raw\dataset\val\TUBERCULOSIS\tb_00449.png
tb,val,tb_00450.png,G:\Ai-CDD\data\raw\dataset\val\TUBERCULOSIS\tb_00450.png
tb,val,tb_00451.png,G:\Ai-CDD\data\raw\dataset\val\TUBERCULOSIS\tb_00451.png
tb,val,tb_00452.png,G:\Ai-CDD\data\raw\dataset\val\TUBERCULOSIS\tb_00452.png
tb,val,tb_00453.png,G:\Ai-CDD\data\raw\dataset\val\TUBERCULOSIS\tb_00453.png
tb,val,tb_00454.png,G:\Ai-CDD\data\raw\dataset\val\TUBERCULOSIS\tb_00454.png
tb,val,tb_00455.png,G:\Ai-CDD\data\raw\dataset\val\TUBERCULOSIS\tb_00455.png
tb,val,tb_00456.png,G:\Ai-CDD\data\raw\dataset\val\TUBERCULOSIS\tb_00456.png
tb,val,tb_00457.png,G:\Ai-CDD\data\raw\dataset\val\TUBERCULOSIS\tb_00457.png
tb,val,tb_00458.png,G:\Ai-CDD\data\raw\dataset\val\TUBERCULOSIS\tb_00458.png
tb,val,tb_00459.png,G:\Ai-CDD\data\raw\dataset\val\TUBERCULOSIS\tb_00459.png
tb,val,tb_00460.png,G:\Ai-CDD\data\raw\dataset\val\TUBERCULOSIS\tb_00460.png
tb,val,tb_00461.png,G:\Ai-CDD\data\raw\dataset\val\TUBERCULOSIS\tb_00461.png
tb,val,tb_00462.png,G:\Ai-CDD\data\raw\dataset\val\TUBERCULOSIS\tb_00462.png
tb,val,tb_00463.png,G:\Ai-CDD\data\raw\dataset\val\TUBERCULOSIS\tb_00463.png
tb,val,tb_00464.png,G:\Ai-CDD\data\raw\dataset\val\TUBERCULOSIS\tb_00464.png
tb,val,tb_00465.png,G:\Ai-CDD\data\raw\dataset\val\TUBERCULOSIS\tb_00465.png
tb,val,tb_00466.png,G:\Ai-CDD\data\raw\dataset\val\TUBERCULOSIS\tb_00466.png
tb,val,tb_00467.png,G:\Ai-CDD\data\raw\dataset\val\TUBERCULOSIS\tb_00467.png
tb,val,tb_00468.png,G:\Ai-CDD\data\raw\dataset\val\TUBERCULOSIS\tb_00468.png
tb,val,tb_00469.png,G:\Ai-CDD\data\raw\dataset\val\TUBERCULOSIS\tb_00469.png
tb,val,tb_00470.png,G:\Ai-CDD\data\raw\dataset\val\TUBERCULOSIS\tb_00470.png
tb,val,tb_00471.png,G:\Ai-CDD\data\raw\dataset\val\TUBERCULOSIS\tb_00471.png
tb,val,tb_00472.png,G:\Ai-CDD\data\raw\dataset\val\TUBERCULOSIS\tb_00472.png
tb,val,tb_00473.png,G:\Ai-CDD\data\raw\dataset\val\TUBERCULOSIS\tb_00473.png
tb,val,tb_00474.png,G:\Ai-CDD\data\raw\dataset\val\TUBERCULOSIS\tb_00474.png
tb,val,tb_00475.png,G:\Ai-CDD\data\raw\dataset\val\TUBERCULOSIS\tb_00475.png
tb,val,tb_00476.png,G:\Ai-CDD\data\raw\dataset\val\TUBERCULOSIS\tb_00476.png
tb,val,tb_00477.png,G:\Ai-CDD\data\raw\dataset\val\TUBERCULOSIS\tb_00477.png
tb,val,tb_00478.png,G:\Ai-CDD\data\raw\dataset\val\TUBERCULOSIS\tb_00478.png
tb,val,tb_00479.png,G:\Ai-CDD\data\raw\dataset\val\TUBERCULOSIS\tb_00479.png
tb,val,tb_00480.png,G:\Ai-CDD\data\raw\dataset\val\TUBERCULOSIS\tb_00480.png
tb,val,tb_00481.png,G:\Ai-CDD\data\raw\dataset\val\TUBERCULOSIS\tb_00481.png
tb,val,tb_00482.png,G:\Ai-CDD\data\raw\dataset\val\TUBERCULOSIS\tb_00482.png
tb,val,tb_00483.png,G:\Ai-CDD\data\raw\dataset\val\TUBERCULOSIS\tb_00483.png
tb,val,tb_00484.png,G:\Ai-CDD\data\raw\dataset\val\TUBERCULOSIS\tb_00484.png
tb,val,tb_00485.png,G:\Ai-CDD\data\raw\dataset\val\TUBERCULOSIS\tb_00485.png
tb,val,tb_00486.png,G:\Ai-CDD\data\raw\dataset\val\TUBERCULOSIS\tb_00486.png
tb,val,tb_00487.png,G:\Ai-CDD\data\raw\dataset\val\TUBERCULOSIS\tb_00487.png
tb,val,tb_00488.png,G:\Ai-CDD\data\raw\dataset\val\TUBERCULOSIS\tb_00488.png
tb,val,tb_00489.png,G:\Ai-CDD\data\raw\dataset\val\TUBERCULOSIS\tb_00489.png
tb,val,tb_00490.png,G:\Ai-CDD\data\raw\dataset\val\TUBERCULOSIS\tb_00490.png
tb,val,tb_00491.png,G:\Ai-CDD\data\raw\dataset\val\TUBERCULOSIS\tb_00491.png
tb,val,tb_00492.png,G:\Ai-CDD\data\raw\dataset\val\TUBERCULOSIS\tb_00492.png
tb,val,tb_00493.png,G:\Ai-CDD\data\raw\dataset\val\TUBERCULOSIS\tb_00493.png
tb,val,tb_00494.png,G:\Ai-CDD\data\raw\dataset\val\TUBERCULOSIS\tb_00494.png
tb,val,tb_00495.png,G:\Ai-CDD\data\raw\dataset\val\TUBERCULOSIS\tb_00495.png
tb,val,tb_00496.png,G:\Ai-CDD\data\raw\dataset\val\TUBERCULOSIS\tb_00496.png
tb,val,tb_00497.png,G:\Ai-CDD\data\raw\dataset\val\TUBERCULOSIS\tb_00497.png
tb,val,tb_00498.png,G:\Ai-CDD\data\raw\dataset\val\TUBERCULOSIS\tb_00498.png
tb,val,tb_00499.png,G:\Ai-CDD\data\raw\dataset\val\TUBERCULOSIS\tb_00499.png
tb,val,tb_00500.png,G:\Ai-CDD\data\raw\dataset\val\TUBERCULOSIS\tb_00500.png
tb,val,tb_00501.png,G:\Ai-CDD\data\raw\dataset\val\TUBERCULOSIS\tb_00501.png
tb,val,tb_00502.png,G:\Ai-CDD\data\raw\dataset\val\TUBERCULOSIS\tb_00502.png
tb,val,tb_00503.png,G:\Ai-CDD\data\raw\dataset\val\TUBERCULOSIS\tb_00503.png
tb,val,tb_00504.png,G:\Ai-CDD\data\raw\dataset\val\TUBERCULOSIS\tb_00504.png
tb,val,tb_00505.png,G:\Ai-CDD\data\raw\dataset\val\TUBERCULOSIS\tb_00505.png
tb,val,tb_00506.png,G:\Ai-CDD\data\raw\dataset\val\TUBERCULOSIS\tb_00506.png
tb,val,tb_00507.png,G:\Ai-CDD\data\raw\dataset\val\TUBERCULOSIS\tb_00507.png
tb,val,tb_00508.png,G:\Ai-CDD\data\raw\dataset\val\TUBERCULOSIS\tb_00508.png
tb,val,tb_00509.png,G:\Ai-CDD\data\raw\dataset\val\TUBERCULOSIS\tb_00509.png
tb,val,tb_00510.png,G:\Ai-CDD\data\raw\dataset\val\TUBERCULOSIS\tb_00510.png
tb,val,tb_00511.png,G:\Ai-CDD\data\raw\dataset\val\TUBERCULOSIS\tb_00511.png
tb,val,tb_00512.png,G:\Ai-CDD\data\raw\dataset\val\TUBERCULOSIS\tb_00512.png
tb,val,tb_00513.png,G:\Ai-CDD\data\raw\dataset\val\TUBERCULOSIS\tb_00513.png
tb,val,tb_00514.png,G:\Ai-CDD\data\raw\dataset\val\TUBERCULOSIS\tb_00514.png
tb,val,tb_00515.png,G:\Ai-CDD\data\raw\dataset\val\TUBERCULOSIS\tb_00515.png
tb,val,tb_00516.png,G:\Ai-CDD\data\raw\dataset\val\TUBERCULOSIS\tb_00516.png
tb,val,tb_00517.png,G:\Ai-CDD\data\raw\dataset\val\TUBERCULOSIS\tb_00517.png
tb,val,tb_00518.png,G:\Ai-CDD\data\raw\dataset\val\TUBERCULOSIS\tb_00518.png
tb,val,tb_00519.png,G:\Ai-CDD\data\raw\dataset\val\TUBERCULOSIS\tb_00519.png
tb,val,tb_00520.png,G:\Ai-CDD\data\raw\dataset\val\TUBERCULOSIS\tb_00520.png
tb,val,tb_00521.png,G:\Ai-CDD\data\raw\dataset\val\TUBERCULOSIS\tb_00521.png
tb,val,tb_00522.png,G:\Ai-CDD\data\raw\dataset\val\TUBERCULOSIS\tb_00522.png
tb,train,tb_00001.png,G:\Ai-CDD\data\raw\dataset\train\TUBERCULOSIS\tb_00001.png
tb,train,tb_00002.png,G:\Ai-CDD\data\raw\dataset\train\TUBERCULOSIS\tb_00002.png
tb,train,tb_00003.png,G:\Ai-CDD\data\raw\dataset\train\TUBERCULOSIS\tb_00003.png
tb,train,tb_00004.png,G:\Ai-CDD\data\raw\dataset\train\TUBERCULOSIS\tb_00004.png
tb,train,tb_00005.png,G:\Ai-CDD\data\raw\dataset\train\TUBERCULOSIS\tb_00005.png
tb,train,tb_00006.png,G:\Ai-CDD\data\raw\dataset\train\TUBERCULOSIS\tb_00006.png
tb,train,tb_00007.png,G:\Ai-CDD\data\raw\dataset\train\TUBERCULOSIS\tb_00007.png
tb,train,tb_00008.png,G:\Ai-CDD\data\raw\dataset\train\TUBERCULOSIS\tb_00008.png
tb,train,tb_00009.png,G:\Ai-CDD\data\raw\dataset\train\TUBERCULOSIS\tb_00009.png
tb,train,tb_00010.png,G:\Ai-CDD\data\raw\dataset\train\TUBERCULOSIS\tb_00010.png
tb,train,tb_00011.png,G:\Ai-CDD\data\raw\dataset\train\TUBERCULOSIS\tb_00011.png
tb,train,tb_00012.png,G:\Ai-CDD\data\raw\dataset\train\TUBERCULOSIS\tb_00012.png
tb,train,tb_00013.png,G:\Ai-CDD\data\raw\dataset\train\TUBERCULOSIS\tb_00013.png
tb,train,tb_00014.png,G:\Ai-CDD\data\raw\dataset\train\TUBERCULOSIS\tb_00014.png
tb,train,tb_00015.png,G:\Ai-CDD\data\raw\dataset\train\TUBERCULOSIS\tb_00015.png
tb,train,tb_00016.png,G:\Ai-CDD\data\raw\dataset\train\TUBERCULOSIS\tb_00016.png
tb,train,tb_00017.png,G:\Ai-CDD\data\raw\dataset\train\TUBERCULOSIS\tb_00017.png
tb,train,tb_00018.png,G:\Ai-CDD\data\raw\dataset\train\TUBERCULOSIS\tb_00018.png
tb,train,tb_00019.png,G:\Ai-CDD\data\raw\dataset\train\TUBERCULOSIS\tb_00019.png
tb,train,tb_00020.png,G:\Ai-CDD\data\raw\dataset\train\TUBERCULOSIS\tb_00020.png
tb,train,tb_00021.png,G:\Ai-CDD\data\raw\dataset\train\TUBERCULOSIS\tb_00021.png
tb,train,tb_00022.png,G:\Ai-CDD\data\raw\dataset\train\TUBERCULOSIS\tb_00022.png
tb,train,tb_00023.png,G:\Ai-CDD\data\raw\dataset\train\TUBERCULOSIS\tb_00023.png
tb,train,tb_00024.png,G:\Ai-CDD\data\raw\dataset\train\TUBERCULOSIS\tb_00024.png
tb,train,tb_00025.png,G:\Ai-CDD\data\raw\dataset\train\TUBERCULOSIS\tb_00025.png
tb,train,tb_00026.png,G:\Ai-CDD\data\raw\dataset\train\TUBERCULOSIS\tb_00026.png
tb,train,tb_00027.png,G:\Ai-CDD\data\raw\dataset\train\TUBERCULOSIS\tb_00027.png
tb,train,tb_00028.png,G:\Ai-CDD\data\raw\dataset\train\TUBERCULOSIS\tb_00028.png
tb,train,tb_00029.png,G:\Ai-CDD\data\raw\dataset\train\TUBERCULOSIS\tb_00029.png
tb,train,tb_00030.png,G:\Ai-CDD\data\raw\dataset\train\TUBERCULOSIS\tb_00030.png
tb,train,tb_00031.png,G:\Ai-CDD\data\raw\dataset\train\TUBERCULOSIS\tb_00031.png
tb,train,tb_00032.png,G:\Ai-CDD\data\raw\dataset\train\TUBERCULOSIS\tb_00032.png
tb,train,tb_00033.png,G:\Ai-CDD\data\raw\dataset\train\TUBERCULOSIS\tb_00033.png
tb,train,tb_00034.png,G:\Ai-CDD\data\raw\dataset\train\TUBERCULOSIS\tb_00034.png
tb,train,tb_00035.png,G:\Ai-CDD\data\raw\dataset\train\TUBERCULOSIS\tb_00035.png
tb,train,tb_00036.png,G:\Ai-CDD\data\raw\dataset\train\TUBERCULOSIS\tb_00036.png
tb,train,tb_00037.png,G:\Ai-CDD\data\raw\dataset\train\TUBERCULOSIS\tb_00037.png
tb,train,tb_00038.png,G:\Ai-CDD\data\raw\dataset\train\TUBERCULOSIS\tb_00038.png
tb,train,tb_00039.png,G:\Ai-CDD\data\raw\dataset\train\TUBERCULOSIS\tb_00039.png
tb,train,tb_00040.png,G:\Ai-CDD\data\raw\dataset\train\TUBERCULOSIS\tb_00040.png
tb,train,tb_00041.png,G:\Ai-CDD\data\raw\dataset\train\TUBERCULOSIS\tb_00041.png
tb,train,tb_00042.png,G:\Ai-CDD\data\raw\dataset\train\TUBERCULOSIS\tb_00042.png
tb,train,tb_00043.png,G:\Ai-CDD\data\raw\dataset\train\TUBERCULOSIS\tb_00043.png
tb,train,tb_00044.png,G:\Ai-CDD\data\raw\dataset\train\TUBERCULOSIS\tb_00044.png
tb,train,tb_00045.png,G:\Ai-CDD\data\raw\dataset\train\TUBERCULOSIS\tb_00045.png
tb,train,tb_00046.png,G:\Ai-CDD\data\raw\dataset\train\TUBERCULOSIS\tb_00046.png
tb,train,tb_00047.png,G:\Ai-CDD\data\raw\dataset\train\TUBERCULOSIS\tb_00047.png
tb,train,tb_00048.png,G:\Ai-CDD\data\raw\dataset\train\TUBERCULOSIS\tb_00048.png
tb,train,tb_00049.png,G:\Ai-CDD\data\raw\dataset\train\TUBERCULOSIS\tb_00049.png
tb,train,tb_00050.png,G:\Ai-CDD\data\raw\dataset\train\TUBERCULOSIS\tb_00050.png
tb,train,tb_00051.png,G:\Ai-CDD\data\raw\dataset\train\TUBERCULOSIS\tb_00051.png
tb,train,tb_00052.png,G:\Ai-CDD\data\raw\dataset\train\TUBERCULOSIS\tb_00052.png
tb,train,tb_00053.png,G:\Ai-CDD\data\raw\dataset\train\TUBERCULOSIS\tb_00053.png
tb,train,tb_00054.png,G:\Ai-CDD\data\raw\dataset\train\TUBERCULOSIS\tb_00054.png
tb,train,tb_00055.png,G:\Ai-CDD\data\raw\dataset\train\TUBERCULOSIS\tb_00055.png
tb,train,tb_00056.png,G:\Ai-CDD\data\raw\dataset\train\TUBERCULOSIS\tb_00056.png
tb,train,tb_00057.png,G:\Ai-CDD\data\raw\dataset\train\TUBERCULOSIS\tb_00057.png
tb,train,tb_00058.png,G:\Ai-CDD\data\raw\dataset\train\TUBERCULOSIS\tb_00058.png
tb,train,tb_00059.png,G:\Ai-CDD\data\raw\dataset\train\TUBERCULOSIS\tb_00059.png
tb,train,tb_00060.png,G:\Ai-CDD\data\raw\dataset\train\TUBERCULOSIS\tb_00060.png
tb,train,tb_00061.png,G:\Ai-CDD\data\raw\dataset\train\TUBERCULOSIS\tb_00061.png
tb,train,tb_00062.png,G:\Ai-CDD\data\raw\dataset\train\TUBERCULOSIS\tb_00062.png
tb,train,tb_00063.png,G:\Ai-CDD\data\raw\dataset\train\TUBERCULOSIS\tb_00063.png
tb,train,tb_00064.png,G:\Ai-CDD\data\raw\dataset\train\TUBERCULOSIS\tb_00064.png
tb,train,tb_00065.png,G:\Ai-CDD\data\raw\dataset\train\TUBERCULOSIS\tb_00065.png
tb,train,tb_00066.png,G:\Ai-CDD\data\raw\dataset\train\TUBERCULOSIS\tb_00066.png
tb,train,tb_00067.png,G:\Ai-CDD\data\raw\dataset\train\TUBERCULOSIS\tb_00067.png
tb,train,tb_00068.png,G:\Ai-CDD\data\raw\dataset\train\TUBERCULOSIS\tb_00068.png
tb,train,tb_00069.png,G:\Ai-CDD\data\raw\dataset\train\TUBERCULOSIS\tb_00069.png
tb,train,tb_00070.png,G:\Ai-CDD\data\raw\dataset\train\TUBERCULOSIS\tb_00070.png
tb,train,tb_00071.png,G:\Ai-CDD\data\raw\dataset\train\TUBERCULOSIS\tb_00071.png
tb,train,tb_00072.png,G:\Ai-CDD\data\raw\dataset\train\TUBERCULOSIS\tb_00072.png
tb,train,tb_00073.png,G:\Ai-CDD\data\raw\dataset\train\TUBERCULOSIS\tb_00073.png
tb,train,tb_00074.png,G:\Ai-CDD\data\raw\dataset\train\TUBERCULOSIS\tb_00074.png
tb,train,tb_00075.png,G:\Ai-CDD\data\raw\dataset\train\TUBERCULOSIS\tb_00075.png
tb,train,tb_00076.png,G:\Ai-CDD\data\raw\dataset\train\TUBERCULOSIS\tb_00076.png
tb,train,tb_00077.png,G:\Ai-CDD\data\raw\dataset\train\TUBERCULOSIS\tb_00077.png
tb,train,tb_00078.png,G:\Ai-CDD\data\raw\dataset\train\TUBERCULOSIS\tb_00078.png
tb,train,tb_00079.png,G:\Ai-CDD\data\raw\dataset\train\TUBERCULOSIS\tb_00079.png
tb,train,tb_00080.png,G:\Ai-CDD\data\raw\dataset\train\TUBERCULOSIS\tb_00080.png
tb,train,tb_00081.png,G:\Ai-CDD\data\raw\dataset\train\TUBERCULOSIS\tb_00081.png
tb,train,tb_00082.png,G:\Ai-CDD\data\raw\dataset\train\TUBERCULOSIS\tb_00082.png
tb,train,tb_00083.png,G:\Ai-CDD\data\raw\dataset\train\TUBERCULOSIS\tb_00083.png
tb,train,tb_00084.png,G:\Ai-CDD\data\raw\dataset\train\TUBERCULOSIS\tb_00084.png
tb,train,tb_00085.png,G:\Ai-CDD\data\raw\dataset\train\TUBERCULOSIS\tb_00085.png
tb,train,tb_00086.png,G:\Ai-CDD\data\raw\dataset\train\TUBERCULOSIS\tb_00086.png
tb,train,tb_00087.png,G:\Ai-CDD\data\raw\dataset\train\TUBERCULOSIS\tb_00087.png
tb,train,tb_00088.png,G:\Ai-CDD\data\raw\dataset\train\TUBERCULOSIS\tb_00088.png
tb,train,tb_00089.png,G:\Ai-CDD\data\raw\dataset\train\TUBERCULOSIS\tb_00089.png
tb,train,tb_00090.png,G:\Ai-CDD\data\raw\dataset\train\TUBERCULOSIS\tb_00090.png
tb,train,tb_00091.png,G:\Ai-CDD\data\raw\dataset\train\TUBERCULOSIS\tb_00091.png
tb,train,tb_00092.png,G:\Ai-CDD\data\raw\dataset\train\TUBERCULOSIS\tb_00092.png
tb,train,tb_00093.png,G:\Ai-CDD\data\raw\dataset\train\TUBERCULOSIS\tb_00093.png
tb,train,tb_00094.png,G:\Ai-CDD\data\raw\dataset\train\TUBERCULOSIS\tb_00094.png
tb,train,tb_00095.png,G:\Ai-CDD\data\raw\dataset\train\TUBERCULOSIS\tb_00095.png
tb,train,tb_00096.png,G:\Ai-CDD\data\raw\dataset\train\TUBERCULOSIS\tb_00096.png
tb,train,tb_00097.png,G:\Ai-CDD\data\raw\dataset\train\TUBERCULOSIS\tb_00097.png
tb,train,tb_00098.png,G:\Ai-CDD\data\raw\dataset\train\TUBERCULOSIS\tb_00098.png
tb,train,tb_00099.png,G:\Ai-CDD\data\raw\dataset\train\TUBERCULOSIS\tb_00099.png
tb,train,tb_00100.png,G:\Ai-CDD\data\raw\dataset\train\TUBERCULOSIS\tb_00100.png
tb,train,tb_00101.png,G:\Ai-CDD\data\raw\dataset\train\TUBERCULOSIS\tb_00101.png
tb,train,tb_00102.png,G:\Ai-CDD\data\raw\dataset\train\TUBERCULOSIS\tb_00102.png
tb,train,tb_00103.png,G:\Ai-CDD\data\raw\dataset\train\TUBERCULOSIS\tb_00103.png
tb,train,tb_00104.png,G:\Ai-CDD\data\raw\dataset\train\TUBERCULOSIS\tb_00104.png
tb,train,tb_00105.png,G:\Ai-CDD\data\raw\dataset\train\TUBERCULOSIS\tb_00105.png
tb,train,tb_00106.png,G:\Ai-CDD\data\raw\dataset\train\TUBERCULOSIS\tb_00106.png
tb,train,tb_00107.png,G:\Ai-CDD\data\raw\dataset\train\TUBERCULOSIS\tb_00107.png
tb,train,tb_00108.png,G:\Ai-CDD\data\raw\dataset\train\TUBERCULOSIS\tb_00108.png
tb,train,tb_00109.png,G:\Ai-CDD\data\raw\dataset\train\TUBERCULOSIS\tb_00109.png
tb,train,tb_00110.png,G:\Ai-CDD\data\raw\dataset\train\TUBERCULOSIS\tb_00110.png
tb,train,tb_00111.png,G:\Ai-CDD\data\raw\dataset\train\TUBERCULOSIS\tb_00111.png
tb,train,tb_00112.png,G:\Ai-CDD\data\raw\dataset\train\TUBERCULOSIS\tb_00112.png
tb,train,tb_00113.png,G:\Ai-CDD\data\raw\dataset\train\TUBERCULOSIS\tb_00113.png
tb,train,tb_00114.png,G:\Ai-CDD\data\raw\dataset\train\TUBERCULOSIS\tb_00114.png
tb,train,tb_00115.png,G:\Ai-CDD\data\raw\dataset\train\TUBERCULOSIS\tb_00115.png
tb,train,tb_00116.png,G:\Ai-CDD\data\raw\dataset\train\TUBERCULOSIS\tb_00116.png
tb,train,tb_00117.png,G:\Ai-CDD\data\raw\dataset\train\TUBERCULOSIS\tb_00117.png
tb,train,tb_00118.png,G:\Ai-CDD\data\raw\dataset\train\TUBERCULOSIS\tb_00118.png
tb,train,tb_00119.png,G:\Ai-CDD\data\raw\dataset\train\TUBERCULOSIS\tb_00119.png
tb,train,tb_00120.png,G:\Ai-CDD\data\raw\dataset\train\TUBERCULOSIS\tb_00120.png
tb,train,tb_00121.png,G:\Ai-CDD\data\raw\dataset\train\TUBERCULOSIS\tb_00121.png
tb,train,tb_00122.png,G:\Ai-CDD\data\raw\dataset\train\TUBERCULOSIS\tb_00122.png
tb,train,tb_00123.png,G:\Ai-CDD\data\raw\dataset\train\TUBERCULOSIS\tb_00123.png
tb,train,tb_00124.png,G:\Ai-CDD\data\raw\dataset\train\TUBERCULOSIS\tb_00124.png
tb,train,tb_00125.png,G:\Ai-CDD\data\raw\dataset\train\TUBERCULOSIS\tb_00125.png
tb,train,tb_00126.png,G:\Ai-CDD\data\raw\dataset\train\TUBERCULOSIS\tb_00126.png
tb,train,tb_00127.png,G:\Ai-CDD\data\raw\dataset\train\TUBERCULOSIS\tb_00127.png
tb,train,tb_00128.png,G:\Ai-CDD\data\raw\dataset\train\TUBERCULOSIS\tb_00128.png
tb,train,tb_00129.png,G:\Ai-CDD\data\raw\dataset\train\TUBERCULOSIS\tb_00129.png
tb,train,tb_00130.png,G:\Ai-CDD\data\raw\dataset\train\TUBERCULOSIS\tb_00130.png
tb,train,tb_00131.png,G:\Ai-CDD\data\raw\dataset\train\TUBERCULOSIS\tb_00131.png
tb,train,tb_00132.png,G:\Ai-CDD\data\raw\dataset\train\TUBERCULOSIS\tb_00132.png
tb,train,tb_00133.png,G:\Ai-CDD\data\raw\dataset\train\TUBERCULOSIS\tb_00133.png
tb,train,tb_00134.png,G:\Ai-CDD\data\raw\dataset\train\TUBERCULOSIS\tb_00134.png
tb,train,tb_00135.png,G:\Ai-CDD\data\raw\dataset\train\TUBERCULOSIS\tb_00135.png
tb,train,tb_00136.png,G:\Ai-CDD\data\raw\dataset\train\TUBERCULOSIS\tb_00136.png
tb,train,tb_00137.png,G:\Ai-CDD\data\raw\dataset\train\TUBERCULOSIS\tb_00137.png
tb,train,tb_00138.png,G:\Ai-CDD\data\raw\dataset\train\TUBERCULOSIS\tb_00138.png
tb,train,tb_00139.png,G:\Ai-CDD\data\raw\dataset\train\TUBERCULOSIS\tb_00139.png
tb,train,tb_00140.png,G:\Ai-CDD\data\raw\dataset\train\TUBERCULOSIS\tb_00140.png
tb,train,tb_00141.png,G:\Ai-CDD\data\raw\dataset\train\TUBERCULOSIS\tb_00141.png
tb,train,tb_00142.png,G:\Ai-CDD\data\raw\dataset\train\TUBERCULOSIS\tb_00142.png
tb,train,tb_00143.png,G:\Ai-CDD\data\raw\dataset\train\TUBERCULOSIS\tb_00143.png
tb,train,tb_00144.png,G:\Ai-CDD\data\raw\dataset\train\TUBERCULOSIS\tb_00144.png
tb,train,tb_00145.png,G:\Ai-CDD\data\raw\dataset\train\TUBERCULOSIS\tb_00145.png
tb,train,tb_00146.png,G:\Ai-CDD\data\raw\dataset\train\TUBERCULOSIS\tb_00146.png
tb,train,tb_00147.png,G:\Ai-CDD\data\raw\dataset\train\TUBERCULOSIS\tb_00147.png
tb,train,tb_00148.png,G:\Ai-CDD\data\raw\dataset\train\TUBERCULOSIS\tb_00148.png
tb,train,tb_00149.png,G:\Ai-CDD\data\raw\dataset\train\TUBERCULOSIS\tb_00149.png
tb,train,tb_00150.png,G:\Ai-CDD\data\raw\dataset\train\TUBERCULOSIS\tb_00150.png
tb,train,tb_00151.png,G:\Ai-CDD\data\raw\dataset\train\TUBERCULOSIS\tb_00151.png
tb,train,tb_00152.png,G:\Ai-CDD\data\raw\dataset\train\TUBERCULOSIS\tb_00152.png
tb,train,tb_00153.png,G:\Ai-CDD\data\raw\dataset\train\TUBERCULOSIS\tb_00153.png
tb,train,tb_00154.png,G:\Ai-CDD\data\raw\dataset\train\TUBERCULOSIS\tb_00154.png
tb,train,tb_00155.png,G:\Ai-CDD\data\raw\dataset\train\TUBERCULOSIS\tb_00155.png
tb,train,tb_00156.png,G:\Ai-CDD\data\raw\dataset\train\TUBERCULOSIS\tb_00156.png
tb,train,tb_00157.png,G:\Ai-CDD\data\raw\dataset\train\TUBERCULOSIS\tb_00157.png
tb,train,tb_00158.png,G:\Ai-CDD\data\raw\dataset\train\TUBERCULOSIS\tb_00158.png
tb,train,tb_00159.png,G:\Ai-CDD\data\raw\dataset\train\TUBERCULOSIS\tb_00159.png
tb,train,tb_00160.png,G:\Ai-CDD\data\raw\dataset\train\TUBERCULOSIS\tb_00160.png
tb,train,tb_00161.png,G:\Ai-CDD\data\raw\dataset\train\TUBERCULOSIS\tb_00161.png
tb,train,tb_00162.png,G:\Ai-CDD\data\raw\dataset\train\TUBERCULOSIS\tb_00162.png
tb,train,tb_00163.png,G:\Ai-CDD\data\raw\dataset\train\TUBERCULOSIS\tb_00163.png
tb,train,tb_00164.png,G:\Ai-CDD\data\raw\dataset\train\TUBERCULOSIS\tb_00164.png
tb,train,tb_00165.png,G:\Ai-CDD\data\raw\dataset\train\TUBERCULOSIS\tb_00165.png
tb,train,tb_00166.png,G:\Ai-CDD\data\raw\dataset\train\TUBERCULOSIS\tb_00166.png
tb,train,tb_00167.png,G:\Ai-CDD\data\raw\dataset\train\TUBERCULOSIS\tb_00167.png
tb,train,tb_00168.png,G:\Ai-CDD\data\raw\dataset\train\TUBERCULOSIS\tb_00168.png
tb,train,tb_00169.png,G:\Ai-CDD\data\raw\dataset\train\TUBERCULOSIS\tb_00169.png
tb,train,tb_00170.png,G:\Ai-CDD\data\raw\dataset\train\TUBERCULOSIS\tb_00170.png
tb,train,tb_00171.png,G:\Ai-CDD\data\raw\dataset\train\TUBERCULOSIS\tb_00171.png
tb,train,tb_00172.png,G:\Ai-CDD\data\raw\dataset\train\TUBERCULOSIS\tb_00172.png
tb,train,tb_00173.png,G:\Ai-CDD\data\raw\dataset\train\TUBERCULOSIS\tb_00173.png
tb,train,tb_00174.png,G:\Ai-CDD\data\raw\dataset\train\TUBERCULOSIS\tb_00174.png
tb,train,tb_00175.png,G:\Ai-CDD\data\raw\dataset\train\TUBERCULOSIS\tb_00175.png
tb,train,tb_00176.png,G:\Ai-CDD\data\raw\dataset\train\TUBERCULOSIS\tb_00176.png
tb,train,tb_00177.png,G:\Ai-CDD\data\raw\dataset\train\TUBERCULOSIS\tb_00177.png
tb,train,tb_00178.png,G:\Ai-CDD\data\raw\dataset\train\TUBERCULOSIS\tb_00178.png
tb,train,tb_00179.png,G:\Ai-CDD\data\raw\dataset\train\TUBERCULOSIS\tb_00179.png
tb,train,tb_00180.png,G:\Ai-CDD\data\raw\dataset\train\TUBERCULOSIS\tb_00180.png
tb,train,tb_00181.png,G:\Ai-CDD\data\raw\dataset\train\TUBERCULOSIS\tb_00181.png
tb,train,tb_00182.png,G:\Ai-CDD\data\raw\dataset\train\TUBERCULOSIS\tb_00182.png
tb,train,tb_00183.png,G:\Ai-CDD\data\raw\dataset\train\TUBERCULOSIS\tb_00183.png
tb,train,tb_00184.png,G:\Ai-CDD\data\raw\dataset\train\TUBERCULOSIS\tb_00184.png
tb,train,tb_00185.png,G:\Ai-CDD\data\raw\dataset\train\TUBERCULOSIS\tb_00185.png
tb,train,tb_00186.png,G:\Ai-CDD\data\raw\dataset\train\TUBERCULOSIS\tb_00186.png
tb,train,tb_00187.png,G:\Ai-CDD\data\raw\dataset\train\TUBERCULOSIS\tb_00187.png
tb,train,tb_00188.png,G:\Ai-CDD\data\raw\dataset\train\TUBERCULOSIS\tb_00188.png
tb,train,tb_00189.png,G:\Ai-CDD\data\raw\dataset\train\TUBERCULOSIS\tb_00189.png
tb,train,tb_00190.png,G:\Ai-CDD\data\raw\dataset\train\TUBERCULOSIS\tb_00190.png
tb,train,tb_00191.png,G:\Ai-CDD\data\raw\dataset\train\TUBERCULOSIS\tb_00191.png
tb,train,tb_00192.png,G:\Ai-CDD\data\raw\dataset\train\TUBERCULOSIS\tb_00192.png
tb,train,tb_00193.png,G:\Ai-CDD\data\raw\dataset\train\TUBERCULOSIS\tb_00193.png
tb,train,tb_00194.png,G:\Ai-CDD\data\raw\dataset\train\TUBERCULOSIS\tb_00194.png
tb,train,tb_00195.png,G:\Ai-CDD\data\raw\dataset\train\TUBERCULOSIS\tb_00195.png
tb,train,tb_00196.png,G:\Ai-CDD\data\raw\dataset\train\TUBERCULOSIS\tb_00196.png
tb,train,tb_00197.png,G:\Ai-CDD\data\raw\dataset\train\TUBERCULOSIS\tb_00197.png
tb,train,tb_00198.png,G:\Ai-CDD\data\raw\dataset\train\TUBERCULOSIS\tb_00198.png
tb,train,tb_00199.png,G:\Ai-CDD\data\raw\dataset\train\TUBERCULOSIS\tb_00199.png
tb,train,tb_00200.png,G:\Ai-CDD\data\raw\dataset\train\TUBERCULOSIS\tb_00200.png
tb,train,tb_00201.png,G:\Ai-CDD\data\raw\dataset\train\TUBERCULOSIS\tb_00201.png
tb,train,tb_00202.png,G:\Ai-CDD\data\raw\dataset\train\TUBERCULOSIS\tb_00202.png
tb,train,tb_00203.png,G:\Ai-CDD\data\raw\dataset\train\TUBERCULOSIS\tb_00203.png
tb,train,tb_00204.png,G:\Ai-CDD\data\raw\dataset\train\TUBERCULOSIS\tb_00204.png
tb,train,tb_00205.png,G:\Ai-CDD\data\raw\dataset\train\TUBERCULOSIS\tb_00205.png
tb,train,tb_00206.png,G:\Ai-CDD\data\raw\dataset\train\TUBERCULOSIS\tb_00206.png
tb,train,tb_00207.png,G:\Ai-CDD\data\raw\dataset\train\TUBERCULOSIS\tb_00207.png
tb,train,tb_00208.png,G:\Ai-CDD\data\raw\dataset\train\TUBERCULOSIS\tb_00208.png
tb,train,tb_00209.png,G:\Ai-CDD\data\raw\dataset\train\TUBERCULOSIS\tb_00209.png
tb,train,tb_00210.png,G:\Ai-CDD\data\raw\dataset\train\TUBERCULOSIS\tb_00210.png
tb,train,tb_00211.png,G:\Ai-CDD\data\raw\dataset\train\TUBERCULOSIS\tb_00211.png
tb,train,tb_00212.png,G:\Ai-CDD\data\raw\dataset\train\TUBERCULOSIS\tb_00212.png
tb,train,tb_00213.png,G:\Ai-CDD\data\raw\dataset\train\TUBERCULOSIS\tb_00213.png
tb,train,tb_00214.png,G:\Ai-CDD\data\raw\dataset\train\TUBERCULOSIS\tb_00214.png
tb,train,tb_00215.png,G:\Ai-CDD\data\raw\dataset\train\TUBERCULOSIS\tb_00215.png
tb,train,tb_00216.png,G:\Ai-CDD\data\raw\dataset\train\TUBERCULOSIS\tb_00216.png
tb,train,tb_00217.png,G:\Ai-CDD\data\raw\dataset\train\TUBERCULOSIS\tb_00217.png
tb,train,tb_00218.png,G:\Ai-CDD\data\raw\dataset\train\TUBERCULOSIS\tb_00218.png
tb,train,tb_00219.png,G:\Ai-CDD\data\raw\dataset\train\TUBERCULOSIS\tb_00219.png
tb,train,tb_00220.png,G:\Ai-CDD\data\raw\dataset\train\TUBERCULOSIS\tb_00220.png
tb,train,tb_00221.png,G:\Ai-CDD\data\raw\dataset\train\TUBERCULOSIS\tb_00221.png
tb,train,tb_00222.png,G:\Ai-CDD\data\raw\dataset\train\TUBERCULOSIS\tb_00222.png
tb,train,tb_00223.png,G:\Ai-CDD\data\raw\dataset\train\TUBERCULOSIS\tb_00223.png
tb,train,tb_00224.png,G:\Ai-CDD\data\raw\dataset\train\TUBERCULOSIS\tb_00224.png
tb,train,tb_00225.png,G:\Ai-CDD\data\raw\dataset\train\TUBERCULOSIS\tb_00225.png
tb,train,tb_00226.png,G:\Ai-CDD\data\raw\dataset\train\TUBERCULOSIS\tb_00226.png
tb,train,tb_00227.png,G:\Ai-CDD\data\raw\dataset\train\TUBERCULOSIS\tb_00227.png
tb,train,tb_00228.png,G:\Ai-CDD\data\raw\dataset\train\TUBERCULOSIS\tb_00228.png
tb,train,tb_00229.png,G:\Ai-CDD\data\raw\dataset\train\TUBERCULOSIS\tb_00229.png
tb,train,tb_00230.png,G:\Ai-CDD\data\raw\dataset\train\TUBERCULOSIS\tb_00230.png
tb,train,tb_00231.png,G:\Ai-CDD\data\raw\dataset\train\TUBERCULOSIS\tb_00231.png
tb,train,tb_00232.png,G:\Ai-CDD\data\raw\dataset\train\TUBERCULOSIS\tb_00232.png
tb,train,tb_00233.png,G:\Ai-CDD\data\raw\dataset\train\TUBERCULOSIS\tb_00233.png
tb,train,tb_00234.png,G:\Ai-CDD\data\raw\dataset\train\TUBERCULOSIS\tb_00234.png
tb,train,tb_00235.png,G:\Ai-CDD\data\raw\dataset\train\TUBERCULOSIS\tb_00235.png
tb,train,tb_00236.png,G:\Ai-CDD\data\raw\dataset\train\TUBERCULOSIS\tb_00236.png
tb,train,tb_00237.png,G:\Ai-CDD\data\raw\dataset\train\TUBERCULOSIS\tb_00237.png
tb,train,tb_00238.png,G:\Ai-CDD\data\raw\dataset\train\TUBERCULOSIS\tb_00238.png
tb,train,tb_00239.png,G:\Ai-CDD\data\raw\dataset\train\TUBERCULOSIS\tb_00239.png
tb,train,tb_00240.png,G:\Ai-CDD\data\raw\dataset\train\TUBERCULOSIS\tb_00240.png
tb,train,tb_00241.png,G:\Ai-CDD\data\raw\dataset\train\TUBERCULOSIS\tb_00241.png
tb,train,tb_00242.png,G:\Ai-CDD\data\raw\dataset\train\TUBERCULOSIS\tb_00242.png
tb,train,tb_00243.png,G:\Ai-CDD\data\raw\dataset\train\TUBERCULOSIS\tb_00243.png
tb,train,tb_00244.png,G:\Ai-CDD\data\raw\dataset\train\TUBERCULOSIS\tb_00244.png
tb,train,tb_00245.png,G:\Ai-CDD\data\raw\dataset\train\TUBERCULOSIS\tb_00245.png
tb,train,tb_00246.png,G:\Ai-CDD\data\raw\dataset\train\TUBERCULOSIS\tb_00246.png
tb,train,tb_00247.png,G:\Ai-CDD\data\raw\dataset\train\TUBERCULOSIS\tb_00247.png
tb,train,tb_00248.png,G:\Ai-CDD\data\raw\dataset\train\TUBERCULOSIS\tb_00248.png
tb,train,tb_00249.png,G:\Ai-CDD\data\raw\dataset\train\TUBERCULOSIS\tb_00249.png
tb,train,tb_00250.png,G:\Ai-CDD\data\raw\dataset\train\TUBERCULOSIS\tb_00250.png
tb,train,tb_00251.png,G:\Ai-CDD\data\raw\dataset\train\TUBERCULOSIS\tb_00251.png
tb,train,tb_00252.png,G:\Ai-CDD\data\raw\dataset\train\TUBERCULOSIS\tb_00252.png
tb,train,tb_00253.png,G:\Ai-CDD\data\raw\dataset\train\TUBERCULOSIS\tb_00253.png
tb,train,tb_00254.png,G:\Ai-CDD\data\raw\dataset\train\TUBERCULOSIS\tb_00254.png
tb,train,tb_00255.png,G:\Ai-CDD\data\raw\dataset\train\TUBERCULOSIS\tb_00255.png
tb,train,tb_00256.png,G:\Ai-CDD\data\raw\dataset\train\TUBERCULOSIS\tb_00256.png
tb,train,tb_00257.png,G:\Ai-CDD\data\raw\dataset\train\TUBERCULOSIS\tb_00257.png
tb,train,tb_00258.png,G:\Ai-CDD\data\raw\dataset\train\TUBERCULOSIS\tb_00258.png
tb,train,tb_00259.png,G:\Ai-CDD\data\raw\dataset\train\TUBERCULOSIS\tb_00259.png
tb,train,tb_00260.png,G:\Ai-CDD\data\raw\dataset\train\TUBERCULOSIS\tb_00260.png
tb,train,tb_00261.png,G:\Ai-CDD\data\raw\dataset\train\TUBERCULOSIS\tb_00261.png
tb,train,tb_00262.png,G:\Ai-CDD\data\raw\dataset\train\TUBERCULOSIS\tb_00262.png
tb,train,tb_00263.png,G:\Ai-CDD\data\raw\dataset\train\TUBERCULOSIS\tb_00263.png
tb,train,tb_00264.png,G:\Ai-CDD\data\raw\dataset\train\TUBERCULOSIS\tb_00264.png
tb,train,tb_00265.png,G:\Ai-CDD\data\raw\dataset\train\TUBERCULOSIS\tb_00265.png
tb,train,tb_00266.png,G:\Ai-CDD\data\raw\dataset\train\TUBERCULOSIS\tb_00266.png
tb,train,tb_00267.png,G:\Ai-CDD\data\raw\dataset\train\TUBERCULOSIS\tb_00267.png
tb,train,tb_00268.png,G:\Ai-CDD\data\raw\dataset\train\TUBERCULOSIS\tb_00268.png
tb,train,tb_00269.png,G:\Ai-CDD\data\raw\dataset\train\TUBERCULOSIS\tb_00269.png
tb,train,tb_00270.png,G:\Ai-CDD\data\raw\dataset\train\TUBERCULOSIS\tb_00270.png
tb,train,tb_00271.png,G:\Ai-CDD\data\raw\dataset\train\TUBERCULOSIS\tb_00271.png
tb,train,tb_00272.png,G:\Ai-CDD\data\raw\dataset\train\TUBERCULOSIS\tb_00272.png
tb,train,tb_00273.png,G:\Ai-CDD\data\raw\dataset\train\TUBERCULOSIS\tb_00273.png
tb,train,tb_00274.png,G:\Ai-CDD\data\raw\dataset\train\TUBERCULOSIS\tb_00274.png
tb,train,tb_00275.png,G:\Ai-CDD\data\raw\dataset\train\TUBERCULOSIS\tb_00275.png
tb,train,tb_00276.png,G:\Ai-CDD\data\raw\dataset\train\TUBERCULOSIS\tb_00276.png
tb,train,tb_00277.png,G:\Ai-CDD\data\raw\dataset\train\TUBERCULOSIS\tb_00277.png
tb,train,tb_00278.png,G:\Ai-CDD\data\raw\dataset\train\TUBERCULOSIS\tb_00278.png
tb,train,tb_00279.png,G:\Ai-CDD\data\raw\dataset\train\TUBERCULOSIS\tb_00279.png
tb,train,tb_00280.png,G:\Ai-CDD\data\raw\dataset\train\TUBERCULOSIS\tb_00280.png
tb,train,tb_00281.png,G:\Ai-CDD\data\raw\dataset\train\TUBERCULOSIS\tb_00281.png
tb,train,tb_00282.png,G:\Ai-CDD\data\raw\dataset\train\TUBERCULOSIS\tb_00282.png
tb,train,tb_00283.png,G:\Ai-CDD\data\raw\dataset\train\TUBERCULOSIS\tb_00283.png
tb,train,tb_00284.png,G:\Ai-CDD\data\raw\dataset\train\TUBERCULOSIS\tb_00284.png
tb,train,tb_00285.png,G:\Ai-CDD\data\raw\dataset\train\TUBERCULOSIS\tb_00285.png
tb,train,tb_00286.png,G:\Ai-CDD\data\raw\dataset\train\TUBERCULOSIS\tb_00286.png
tb,train,tb_00287.png,G:\Ai-CDD\data\raw\dataset\train\TUBERCULOSIS\tb_00287.png
tb,train,tb_00288.png,G:\Ai-CDD\data\raw\dataset\train\TUBERCULOSIS\tb_00288.png
tb,train,tb_00289.png,G:\Ai-CDD\data\raw\dataset\train\TUBERCULOSIS\tb_00289.png
tb,train,tb_00290.png,G:\Ai-CDD\data\raw\dataset\train\TUBERCULOSIS\tb_00290.png
tb,train,tb_00291.png,G:\Ai-CDD\data\raw\dataset\train\TUBERCULOSIS\tb_00291.png
tb,train,tb_00292.png,G:\Ai-CDD\data\raw\dataset\train\TUBERCULOSIS\tb_00292.png
tb,train,tb_00293.png,G:\Ai-CDD\data\raw\dataset\train\TUBERCULOSIS\tb_00293.png
tb,train,tb_00294.png,G:\Ai-CDD\data\raw\dataset\train\TUBERCULOSIS\tb_00294.png
tb,train,tb_00295.png,G:\Ai-CDD\data\raw\dataset\train\TUBERCULOSIS\tb_00295.png
tb,train,tb_00296.png,G:\Ai-CDD\data\raw\dataset\train\TUBERCULOSIS\tb_00296.png
tb,train,tb_00297.png,G:\Ai-CDD\data\raw\dataset\train\TUBERCULOSIS\tb_00297.png
tb,train,tb_00298.png,G:\Ai-CDD\data\raw\dataset\train\TUBERCULOSIS\tb_00298.png
tb,train,tb_00299.png,G:\Ai-CDD\data\raw\dataset\train\TUBERCULOSIS\tb_00299.png
tb,train,tb_00300.png,G:\Ai-CDD\data\raw\dataset\train\TUBERCULOSIS\tb_00300.png
tb,train,tb_00301.png,G:\Ai-CDD\data\raw\dataset\train\TUBERCULOSIS\tb_00301.png
tb,train,tb_00302.png,G:\Ai-CDD\data\raw\dataset\train\TUBERCULOSIS\tb_00302.png
tb,train,tb_00303.png,G:\Ai-CDD\data\raw\dataset\train\TUBERCULOSIS\tb_00303.png
tb,train,tb_00304.png,G:\Ai-CDD\data\raw\dataset\train\TUBERCULOSIS\tb_00304.png
tb,train,tb_00305.png,G:\Ai-CDD\data\raw\dataset\train\TUBERCULOSIS\tb_00305.png
tb,train,tb_00306.png,G:\Ai-CDD\data\raw\dataset\train\TUBERCULOSIS\tb_00306.png
tb,train,tb_00307.png,G:\Ai-CDD\data\raw\dataset\train\TUBERCULOSIS\tb_00307.png
tb,train,tb_00308.png,G:\Ai-CDD\data\raw\dataset\train\TUBERCULOSIS\tb_00308.png
tb,train,tb_00309.png,G:\Ai-CDD\data\raw\dataset\train\TUBERCULOSIS\tb_00309.png
tb,train,tb_00310.png,G:\Ai-CDD\data\raw\dataset\train\TUBERCULOSIS\tb_00310.png
tb,train,tb_00311.png,G:\Ai-CDD\data\raw\dataset\train\TUBERCULOSIS\tb_00311.png
tb,train,tb_00312.png,G:\Ai-CDD\data\raw\dataset\train\TUBERCULOSIS\tb_00312.png
tb,train,tb_00313.png,G:\Ai-CDD\data\raw\dataset\train\TUBERCULOSIS\tb_00313.png
tb,train,tb_00314.png,G:\Ai-CDD\data\raw\dataset\train\TUBERCULOSIS\tb_00314.png
tb,train,tb_00315.png,G:\Ai-CDD\data\raw\dataset\train\TUBERCULOSIS\tb_00315.png
tb,train,tb_00316.png,G:\Ai-CDD\data\raw\dataset\train\TUBERCULOSIS\tb_00316.png
tb,train,tb_00317.png,G:\Ai-CDD\data\raw\dataset\train\TUBERCULOSIS\tb_00317.png
tb,train,tb_00318.png,G:\Ai-CDD\data\raw\dataset\train\TUBERCULOSIS\tb_00318.png
tb,train,tb_00319.png,G:\Ai-CDD\data\raw\dataset\train\TUBERCULOSIS\tb_00319.png
tb,train,tb_00320.png,G:\Ai-CDD\data\raw\dataset\train\TUBERCULOSIS\tb_00320.png
tb,train,tb_00321.png,G:\Ai-CDD\data\raw\dataset\train\TUBERCULOSIS\tb_00321.png
tb,train,tb_00322.png,G:\Ai-CDD\data\raw\dataset\train\TUBERCULOSIS\tb_00322.png
tb,train,tb_00323.png,G:\Ai-CDD\data\raw\dataset\train\TUBERCULOSIS\tb_00323.png
tb,train,tb_00324.png,G:\Ai-CDD\data\raw\dataset\train\TUBERCULOSIS\tb_00324.png
tb,train,tb_00325.png,G:\Ai-CDD\data\raw\dataset\train\TUBERCULOSIS\tb_00325.png
tb,train,tb_00326.png,G:\Ai-CDD\data\raw\dataset\train\TUBERCULOSIS\tb_00326.png
tb,train,tb_00327.png,G:\Ai-CDD\data\raw\dataset\train\TUBERCULOSIS\tb_00327.png
tb,train,tb_00328.png,G:\Ai-CDD\data\raw\dataset\train\TUBERCULOSIS\tb_00328.png
tb,train,tb_00329.png,G:\Ai-CDD\data\raw\dataset\train\TUBERCULOSIS\tb_00329.png
tb,train,tb_00330.png,G:\Ai-CDD\data\raw\dataset\train\TUBERCULOSIS\tb_00330.png
tb,train,tb_00331.png,G:\Ai-CDD\data\raw\dataset\train\TUBERCULOSIS\tb_00331.png
tb,train,tb_00332.png,G:\Ai-CDD\data\raw\dataset\train\TUBERCULOSIS\tb_00332.png
tb,train,tb_00333.png,G:\Ai-CDD\data\raw\dataset\train\TUBERCULOSIS\tb_00333.png
tb,train,tb_00334.png,G:\Ai-CDD\data\raw\dataset\train\TUBERCULOSIS\tb_00334.png
tb,train,tb_00335.png,G:\Ai-CDD\data\raw\dataset\train\TUBERCULOSIS\tb_00335.png
tb,train,tb_00336.png,G:\Ai-CDD\data\raw\dataset\train\TUBERCULOSIS\tb_00336.png
tb,train,tb_00337.png,G:\Ai-CDD\data\raw\dataset\train\TUBERCULOSIS\tb_00337.png
tb,train,tb_00338.png,G:\Ai-CDD\data\raw\dataset\train\TUBERCULOSIS\tb_00338.png
tb,train,tb_00339.png,G:\Ai-CDD\data\raw\dataset\train\TUBERCULOSIS\tb_00339.png
tb,train,tb_00340.png,G:\Ai-CDD\data\raw\dataset\train\TUBERCULOSIS\tb_00340.png
tb,train,tb_00341.png,G:\Ai-CDD\data\raw\dataset\train\TUBERCULOSIS\tb_00341.png
tb,train,tb_00342.png,G:\Ai-CDD\data\raw\dataset\train\TUBERCULOSIS\tb_00342.png
tb,train,tb_00343.png,G:\Ai-CDD\data\raw\dataset\train\TUBERCULOSIS\tb_00343.png
tb,train,tb_00344.png,G:\Ai-CDD\data\raw\dataset\train\TUBERCULOSIS\tb_00344.png
tb,train,tb_00345.png,G:\Ai-CDD\data\raw\dataset\train\TUBERCULOSIS\tb_00345.png
tb,train,tb_00346.png,G:\Ai-CDD\data\raw\dataset\train\TUBERCULOSIS\tb_00346.png
tb,train,tb_00347.png,G:\Ai-CDD\data\raw\dataset\train\TUBERCULOSIS\tb_00347.png
tb,train,tb_00348.png,G:\Ai-CDD\data\raw\dataset\train\TUBERCULOSIS\tb_00348.png
tb,train,tb_00349.png,G:\Ai-CDD\data\raw\dataset\train\TUBERCULOSIS\tb_00349.png
tb,train,tb_00350.png,G:\Ai-CDD\data\raw\dataset\train\TUBERCULOSIS\tb_00350.png
tb,train,tb_00351.png,G:\Ai-CDD\data\raw\dataset\train\TUBERCULOSIS\tb_00351.png
tb,train,tb_00352.png,G:\Ai-CDD\data\raw\dataset\train\TUBERCULOSIS\tb_00352.png
tb,train,tb_00353.png,G:\Ai-CDD\data\raw\dataset\train\TUBERCULOSIS\tb_00353.png
tb,train,tb_00354.png,G:\Ai-CDD\data\raw\dataset\train\TUBERCULOSIS\tb_00354.png
tb,train,tb_00355.png,G:\Ai-CDD\data\raw\dataset\train\TUBERCULOSIS\tb_00355.png
tb,train,tb_00356.png,G:\Ai-CDD\data\raw\dataset\train\TUBERCULOSIS\tb_00356.png
tb,train,tb_00357.png,G:\Ai-CDD\data\raw\dataset\train\TUBERCULOSIS\tb_00357.png
tb,train,tb_00358.png,G:\Ai-CDD\data\raw\dataset\train\TUBERCULOSIS\tb_00358.png
tb,train,tb_00359.png,G:\Ai-CDD\data\raw\dataset\train\TUBERCULOSIS\tb_00359.png
tb,train,tb_00360.png,G:\Ai-CDD\data\raw\dataset\train\TUBERCULOSIS\tb_00360.png
tb,train,tb_00361.png,G:\Ai-CDD\data\raw\dataset\train\TUBERCULOSIS\tb_00361.png
tb,train,tb_00362.png,G:\Ai-CDD\data\raw\dataset\train\TUBERCULOSIS\tb_00362.png
tb,train,tb_00363.png,G:\Ai-CDD\data\raw\dataset\train\TUBERCULOSIS\tb_00363.png
tb,train,tb_00364.png,G:\Ai-CDD\data\raw\dataset\train\TUBERCULOSIS\tb_00364.png
tb,train,tb_00365.png,G:\Ai-CDD\data\raw\dataset\train\TUBERCULOSIS\tb_00365.png
tb,train,tb_00366.png,G:\Ai-CDD\data\raw\dataset\train\TUBERCULOSIS\tb_00366.png
tb,train,tb_00367.png,G:\Ai-CDD\data\raw\dataset\train\TUBERCULOSIS\tb_00367.png
tb,train,tb_00368.png,G:\Ai-CDD\data\raw\dataset\train\TUBERCULOSIS\tb_00368.png
tb,train,tb_00369.png,G:\Ai-CDD\data\raw\dataset\train\TUBERCULOSIS\tb_00369.png
tb,train,tb_00370.png,G:\Ai-CDD\data\raw\dataset\train\TUBERCULOSIS\tb_00370.png
tb,train,tb_00371.png,G:\Ai-CDD\data\raw\dataset\train\TUBERCULOSIS\tb_00371.png
tb,train,tb_00372.png,G:\Ai-CDD\data\raw\dataset\train\TUBERCULOSIS\tb_00372.png
tb,train,tb_00373.png,G:\Ai-CDD\data\raw\dataset\train\TUBERCULOSIS\tb_00373.png
tb,train,tb_00374.png,G:\Ai-CDD\data\raw\dataset\train\TUBERCULOSIS\tb_00374.png
tb,train,tb_00375.png,G:\Ai-CDD\data\raw\dataset\train\TUBERCULOSIS\tb_00375.png
tb,train,tb_00376.png,G:\Ai-CDD\data\raw\dataset\train\TUBERCULOSIS\tb_00376.png
tb,train,tb_00377.png,G:\Ai-CDD\data\raw\dataset\train\TUBERCULOSIS\tb_00377.png
tb,train,tb_00378.png,G:\Ai-CDD\data\raw\dataset\train\TUBERCULOSIS\tb_00378.png
tb,train,tb_00379.png,G:\Ai-CDD\data\raw\dataset\train\TUBERCULOSIS\tb_00379.png
tb,train,tb_00380.png,G:\Ai-CDD\data\raw\dataset\train\TUBERCULOSIS\tb_00380.png
tb,train,tb_00381.png,G:\Ai-CDD\data\raw\dataset\train\TUBERCULOSIS\tb_00381.png
tb,train,tb_00382.png,G:\Ai-CDD\data\raw\dataset\train\TUBERCULOSIS\tb_00382.png
tb,train,tb_00383.png,G:\Ai-CDD\data\raw\dataset\train\TUBERCULOSIS\tb_00383.png
tb,train,tb_00384.png,G:\Ai-CDD\data\raw\dataset\train\TUBERCULOSIS\tb_00384.png
tb,train,tb_00385.png,G:\Ai-CDD\data\raw\dataset\train\TUBERCULOSIS\tb_00385.png
tb,train,tb_00386.png,G:\Ai-CDD\data\raw\dataset\train\TUBERCULOSIS\tb_00386.png
tb,train,tb_00387.png,G:\Ai-CDD\data\raw\dataset\train\TUBERCULOSIS\tb_00387.png
tb,train,tb_00388.png,G:\Ai-CDD\data\raw\dataset\train\TUBERCULOSIS\tb_00388.png
tb,train,tb_00389.png,G:\Ai-CDD\data\raw\dataset\train\TUBERCULOSIS\tb_00389.png
tb,train,tb_00390.png,G:\Ai-CDD\data\raw\dataset\train\TUBERCULOSIS\tb_00390.png
tb,train,tb_00391.png,G:\Ai-CDD\data\raw\dataset\train\TUBERCULOSIS\tb_00391.png
tb,train,tb_00392.png,G:\Ai-CDD\data\raw\dataset\train\TUBERCULOSIS\tb_00392.png
tb,train,tb_00393.png,G:\Ai-CDD\data\raw\dataset\train\TUBERCULOSIS\tb_00393.png
tb,train,tb_00394.png,G:\Ai-CDD\data\raw\dataset\train\TUBERCULOSIS\tb_00394.png
tb,train,tb_00395.png,G:\Ai-CDD\data\raw\dataset\train\TUBERCULOSIS\tb_00395.png
tb,train,tb_00396.png,G:\Ai-CDD\data\raw\dataset\train\TUBERCULOSIS\tb_00396.png
tb,train,tb_00397.png,G:\Ai-CDD\data\raw\dataset\train\TUBERCULOSIS\tb_00397.png
tb,train,tb_00398.png,G:\Ai-CDD\data\raw\dataset\train\TUBERCULOSIS\tb_00398.png
tb,train,tb_00399.png,G:\Ai-CDD\data\raw\dataset\train\TUBERCULOSIS\tb_00399.png
tb,train,tb_00400.png,G:\Ai-CDD\data\raw\dataset\train\TUBERCULOSIS\tb_00400.png
tb,train,tb_00401.png,G:\Ai-CDD\data\raw\dataset\train\TUBERCULOSIS\tb_00401.png
tb,train,tb_00402.png,G:\Ai-CDD\data\raw\dataset\train\TUBERCULOSIS\tb_00402.png
tb,train,tb_00403.png,G:\Ai-CDD\data\raw\dataset\train\TUBERCULOSIS\tb_00403.png
tb,train,tb_00404.png,G:\Ai-CDD\data\raw\dataset\train\TUBERCULOSIS\tb_00404.png
tb,train,tb_00405.png,G:\Ai-CDD\data\raw\dataset\train\TUBERCULOSIS\tb_00405.png
tb,train,tb_00406.png,G:\Ai-CDD\data\raw\dataset\train\TUBERCULOSIS\tb_00406.png
tb,train,tb_00407.png,G:\Ai-CDD\data\raw\dataset\train\TUBERCULOSIS\tb_00407.png
tb,train,tb_00408.png,G:\Ai-CDD\data\raw\dataset\train\TUBERCULOSIS\tb_00408.png
tb,train,tb_00409.png,G:\Ai-CDD\data\raw\dataset\train\TUBERCULOSIS\tb_00409.png
tb,train,tb_00410.png,G:\Ai-CDD\data\raw\dataset\train\TUBERCULOSIS\tb_00410.png
tb,train,tb_00411.png,G:\Ai-CDD\data\raw\dataset\train\TUBERCULOSIS\tb_00411.png
tb,train,tb_00412.png,G:\Ai-CDD\data\raw\dataset\train\TUBERCULOSIS\tb_00412.png
tb,train,tb_00413.png,G:\Ai-CDD\data\raw\dataset\train\TUBERCULOSIS\tb_00413.png
tb,train,tb_00414.png,G:\Ai-CDD\data\raw\dataset\train\TUBERCULOSIS\tb_00414.png
tb,train,tb_00415.png,G:\Ai-CDD\data\raw\dataset\train\TUBERCULOSIS\tb_00415.png
tb,train,tb_00416.png,G:\Ai-CDD\data\raw\dataset\train\TUBERCULOSIS\tb_00416.png
tb,train,tb_00417.png,G:\Ai-CDD\data\raw\dataset\train\TUBERCULOSIS\tb_00417.png
tb,train,tb_00418.png,G:\Ai-CDD\data\raw\dataset\train\TUBERCULOSIS\tb_00418.png
tb,train,tb_00419.png,G:\Ai-CDD\data\raw\dataset\train\TUBERCULOSIS\tb_00419.png
tb,train,tb_00420.png,G:\Ai-CDD\data\raw\dataset\train\TUBERCULOSIS\tb_00420.png
tb,train,tb_00421.png,G:\Ai-CDD\data\raw\dataset\train\TUBERCULOSIS\tb_00421.png
tb,train,tb_00422.png,G:\Ai-CDD\data\raw\dataset\train\TUBERCULOSIS\tb_00422.png
tb,train,tb_00423.png,G:\Ai-CDD\data\raw\dataset\train\TUBERCULOSIS\tb_00423.png
tb,train,tb_00424.png,G:\Ai-CDD\data\raw\dataset\train\TUBERCULOSIS\tb_00424.png
tb,train,tb_00425.png,G:\Ai-CDD\data\raw\dataset\train\TUBERCULOSIS\tb_00425.png
tb,train,tb_00426.png,G:\Ai-CDD\data\raw\dataset\train\TUBERCULOSIS\tb_00426.png
tb,train,tb_00427.png,G:\Ai-CDD\data\raw\dataset\train\TUBERCULOSIS\tb_00427.png
tb,train,tb_00428.png,G:\Ai-CDD\data\raw\dataset\train\TUBERCULOSIS\tb_00428.png
tb,train,tb_00429.png,G:\Ai-CDD\data\raw\dataset\train\TUBERCULOSIS\tb_00429.png
tb,train,tb_00430.png,G:\Ai-CDD\data\raw\dataset\train\TUBERCULOSIS\tb_00430.png
tb,train,tb_00431.png,G:\Ai-CDD\data\raw\dataset\train\TUBERCULOSIS\tb_00431.png
tb,train,tb_00432.png,G:\Ai-CDD\data\raw\dataset\train\TUBERCULOSIS\tb_00432.png
tb,train,tb_00433.png,G:\Ai-CDD\data\raw\dataset\train\TUBERCULOSIS\tb_00433.png
tb,train,tb_00434.png,G:\Ai-CDD\data\raw\dataset\train\TUBERCULOSIS\tb_00434.png
tb,train,tb_00435.png,G:\Ai-CDD\data\raw\dataset\train\TUBERCULOSIS\tb_00435.png
tb,train,tb_00436.png,G:\Ai-CDD\data\raw\dataset\train\TUBERCULOSIS\tb_00436.png
tb,train,tb_00437.png,G:\Ai-CDD\data\raw\dataset\train\TUBERCULOSIS\tb_00437.png
tb,train,tb_00438.png,G:\Ai-CDD\data\raw\dataset\train\TUBERCULOSIS\tb_00438.png
tb,train,tb_00439.png,G:\Ai-CDD\data\raw\dataset\train\TUBERCULOSIS\tb_00439.png
tb,train,tb_00440.png,G:\Ai-CDD\data\raw\dataset\train\TUBERCULOSIS\tb_00440.png
tb,train,tb_00441.png,G:\Ai-CDD\data\raw\dataset\train\TUBERCULOSIS\tb_00441.png
tb,train,tb_00442.png,G:\Ai-CDD\data\raw\dataset\train\TUBERCULOSIS\tb_00442.png
tb,train,tb_00443.png,G:\Ai-CDD\data\raw\dataset\train\TUBERCULOSIS\tb_00443.png
tb,train,tb_00444.png,G:\Ai-CDD\data\raw\dataset\train\TUBERCULOSIS\tb_00444.png
tb,train,tb_00445.png,G:\Ai-CDD\data\raw\dataset\train\TUBERCULOSIS\tb_00445.png
tb,train,tb_00446.png,G:\Ai-CDD\data\raw\dataset\train\TUBERCULOSIS\tb_00446.png
tb,train,tb_00447.png,G:\Ai-CDD\data\raw\dataset\train\TUBERCULOSIS\tb_00447.png
tb,train,tb_00448.png,G:\Ai-CDD\data\raw\dataset\train\TUBERCULOSIS\tb_00448.png
tb,train,tb_00449.png,G:\Ai-CDD\data\raw\dataset\train\TUBERCULOSIS\tb_00449.png
tb,train,tb_00450.png,G:\Ai-CDD\data\raw\dataset\train\TUBERCULOSIS\tb_00450.png
tb,train,tb_00451.png,G:\Ai-CDD\data\raw\dataset\train\TUBERCULOSIS\tb_00451.png
tb,train,tb_00452.png,G:\Ai-CDD\data\raw\dataset\train\TUBERCULOSIS\tb_00452.png
tb,train,tb_00453.png,G:\Ai-CDD\data\raw\dataset\train\TUBERCULOSIS\tb_00453.png
tb,train,tb_00454.png,G:\Ai-CDD\data\raw\dataset\train\TUBERCULOSIS\tb_00454.png
tb,train,tb_00455.png,G:\Ai-CDD\data\raw\dataset\train\TUBERCULOSIS\tb_00455.png
tb,train,tb_00456.png,G:\Ai-CDD\data\raw\dataset\train\TUBERCULOSIS\tb_00456.png
tb,train,tb_00457.png,G:\Ai-CDD\data\raw\dataset\train\TUBERCULOSIS\tb_00457.png
tb,train,tb_00458.png,G:\Ai-CDD\data\raw\dataset\train\TUBERCULOSIS\tb_00458.png
tb,train,tb_00459.png,G:\Ai-CDD\data\raw\dataset\train\TUBERCULOSIS\tb_00459.png
tb,train,tb_00460.png,G:\Ai-CDD\data\raw\dataset\train\TUBERCULOSIS\tb_00460.png
tb,train,tb_00461.png,G:\Ai-CDD\data\raw\dataset\train\TUBERCULOSIS\tb_00461.png
tb,train,tb_00462.png,G:\Ai-CDD\data\raw\dataset\train\TUBERCULOSIS\tb_00462.png
tb,train,tb_00463.png,G:\Ai-CDD\data\raw\dataset\train\TUBERCULOSIS\tb_00463.png
tb,train,tb_00464.png,G:\Ai-CDD\data\raw\dataset\train\TUBERCULOSIS\tb_00464.png
tb,train,tb_00465.png,G:\Ai-CDD\data\raw\dataset\train\TUBERCULOSIS\tb_00465.png
tb,train,tb_00466.png,G:\Ai-CDD\data\raw\dataset\train\TUBERCULOSIS\tb_00466.png
tb,train,tb_00467.png,G:\Ai-CDD\data\raw\dataset\train\TUBERCULOSIS\tb_00467.png
tb,train,tb_00468.png,G:\Ai-CDD\data\raw\dataset\train\TUBERCULOSIS\tb_00468.png
tb,train,tb_00469.png,G:\Ai-CDD\data\raw\dataset\train\TUBERCULOSIS\tb_00469.png
tb,train,tb_00470.png,G:\Ai-CDD\data\raw\dataset\train\TUBERCULOSIS\tb_00470.png
tb,train,tb_00471.png,G:\Ai-CDD\data\raw\dataset\train\TUBERCULOSIS\tb_00471.png
tb,train,tb_00472.png,G:\Ai-CDD\data\raw\dataset\train\TUBERCULOSIS\tb_00472.png
tb,train,tb_00473.png,G:\Ai-CDD\data\raw\dataset\train\TUBERCULOSIS\tb_00473.png
tb,train,tb_00474.png,G:\Ai-CDD\data\raw\dataset\train\TUBERCULOSIS\tb_00474.png
tb,train,tb_00475.png,G:\Ai-CDD\data\raw\dataset\train\TUBERCULOSIS\tb_00475.png
tb,train,tb_00476.png,G:\Ai-CDD\data\raw\dataset\train\TUBERCULOSIS\tb_00476.png
tb,train,tb_00477.png,G:\Ai-CDD\data\raw\dataset\train\TUBERCULOSIS\tb_00477.png
tb,train,tb_00478.png,G:\Ai-CDD\data\raw\dataset\train\TUBERCULOSIS\tb_00478.png
tb,train,tb_00479.png,G:\Ai-CDD\data\raw\dataset\train\TUBERCULOSIS\tb_00479.png
tb,train,tb_00480.png,G:\Ai-CDD\data\raw\dataset\train\TUBERCULOSIS\tb_00480.png
tb,train,tb_00481.png,G:\Ai-CDD\data\raw\dataset\train\TUBERCULOSIS\tb_00481.png
tb,train,tb_00482.png,G:\Ai-CDD\data\raw\dataset\train\TUBERCULOSIS\tb_00482.png
tb,train,tb_00483.png,G:\Ai-CDD\data\raw\dataset\train\TUBERCULOSIS\tb_00483.png
tb,train,tb_00484.png,G:\Ai-CDD\data\raw\dataset\train\TUBERCULOSIS\tb_00484.png
tb,train,tb_00485.png,G:\Ai-CDD\data\raw\dataset\train\TUBERCULOSIS\tb_00485.png
tb,train,tb_00486.png,G:\Ai-CDD\data\raw\dataset\train\TUBERCULOSIS\tb_00486.png
tb,train,tb_00487.png,G:\Ai-CDD\data\raw\dataset\train\TUBERCULOSIS\tb_00487.png
tb,train,tb_00488.png,G:\Ai-CDD\data\raw\dataset\train\TUBERCULOSIS\tb_00488.png
tb,train,tb_00489.png,G:\Ai-CDD\data\raw\dataset\train\TUBERCULOSIS\tb_00489.png
tb,train,tb_00490.png,G:\Ai-CDD\data\raw\dataset\train\TUBERCULOSIS\tb_00490.png
tb,train,tb_00491.png,G:\Ai-CDD\data\raw\dataset\train\TUBERCULOSIS\tb_00491.png
tb,train,tb_00492.png,G:\Ai-CDD\data\raw\dataset\train\TUBERCULOSIS\tb_00492.png
tb,train,tb_00493.png,G:\Ai-CDD\data\raw\dataset\train\TUBERCULOSIS\tb_00493.png
tb,train,tb_00494.png,G:\Ai-CDD\data\raw\dataset\train\TUBERCULOSIS\tb_00494.png
tb,train,tb_00495.png,G:\Ai-CDD\data\raw\dataset\train\TUBERCULOSIS\tb_00495.png
tb,train,tb_00496.png,G:\Ai-CDD\data\raw\dataset\train\TUBERCULOSIS\tb_00496.png
tb,train,tb_00497.png,G:\Ai-CDD\data\raw\dataset\train\TUBERCULOSIS\tb_00497.png
tb,train,tb_00498.png,G:\Ai-CDD\data\raw\dataset\train\TUBERCULOSIS\tb_00498.png
tb,train,tb_00499.png,G:\Ai-CDD\data\raw\dataset\train\TUBERCULOSIS\tb_00499.png
tb,train,tb_00500.png,G:\Ai-CDD\data\raw\dataset\train\TUBERCULOSIS\tb_00500.png
tb,train,tb_00501.png,G:\Ai-CDD\data\raw\dataset\train\TUBERCULOSIS\tb_00501.png
tb,train,tb_00502.png,G:\Ai-CDD\data\raw\dataset\train\TUBERCULOSIS\tb_00502.png
tb,train,tb_00503.png,G:\Ai-CDD\data\raw\dataset\train\TUBERCULOSIS\tb_00503.png
tb,train,tb_00504.png,G:\Ai-CDD\data\raw\dataset\train\TUBERCULOSIS\tb_00504.png
tb,train,tb_00505.png,G:\Ai-CDD\data\raw\dataset\train\TUBERCULOSIS\tb_00505.png
tb,train,tb_00506.png,G:\Ai-CDD\data\raw\dataset\train\TUBERCULOSIS\tb_00506.png
tb,train,tb_00507.png,G:\Ai-CDD\data\raw\dataset\train\TUBERCULOSIS\tb_00507.png
tb,train,tb_00508.png,G:\Ai-CDD\data\raw\dataset\train\TUBERCULOSIS\tb_00508.png
tb,train,tb_00509.png,G:\Ai-CDD\data\raw\dataset\train\TUBERCULOSIS\tb_00509.png
tb,train,tb_00510.png,G:\Ai-CDD\data\raw\dataset\train\TUBERCULOSIS\tb_00510.png
tb,train,tb_00511.png,G:\Ai-CDD\data\raw\dataset\train\TUBERCULOSIS\tb_00511.png
tb,train,tb_00512.png,G:\Ai-CDD\data\raw\dataset\train\TUBERCULOSIS\tb_00512.png
tb,train,tb_00513.png,G:\Ai-CDD\data\raw\dataset\train\TUBERCULOSIS\tb_00513.png
tb,train,tb_00514.png,G:\Ai-CDD\data\raw\dataset\train\TUBERCULOSIS\tb_00514.png
tb,train,tb_00515.png,G:\Ai-CDD\data\raw\dataset\train\TUBERCULOSIS\tb_00515.png
tb,train,tb_00516.png,G:\Ai-CDD\data\raw\dataset\train\TUBERCULOSIS\tb_00516.png
tb,train,tb_00517.png,G:\Ai-CDD\data\raw\dataset\train\TUBERCULOSIS\tb_00517.png
tb,train,tb_00518.png,G:\Ai-CDD\data\raw\dataset\train\TUBERCULOSIS\tb_00518.png
tb,train,tb_00519.png,G:\Ai-CDD\data\raw\dataset\train\TUBERCULOSIS\tb_00519.png
tb,train,tb_00520.png,G:\Ai-CDD\data\raw\dataset\train\TUBERCULOSIS\tb_00520.png
tb,train,tb_00521.png,G:\Ai-CDD\data\raw\dataset\train\TUBERCULOSIS\tb_00521.png
tb,train,tb_00522.png,G:\Ai-CDD\data\raw\dataset\train\TUBERCULOSIS\tb_00522.png
tb,train,tb_00523.png,G:\Ai-CDD\data\raw\dataset\train\TUBERCULOSIS\tb_00523.png
tb,train,tb_00524.png,G:\Ai-CDD\data\raw\dataset\train\TUBERCULOSIS\tb_00524.png
tb,train,tb_00525.png,G:\Ai-CDD\data\raw\dataset\train\TUBERCULOSIS\tb_00525.png
tb,train,tb_00526.png,G:\Ai-CDD\data\raw\dataset\train\TUBERCULOSIS\tb_00526.png
tb,train,tb_00527.png,G:\Ai-CDD\data\raw\dataset\train\TUBERCULOSIS\tb_00527.png
tb,train,tb_00528.png,G:\Ai-CDD\data\raw\dataset\train\TUBERCULOSIS\tb_00528.png
tb,train,tb_00529.png,G:\Ai-CDD\data\raw\dataset\train\TUBERCULOSIS\tb_00529.png
tb,train,tb_00530.png,G:\Ai-CDD\data\raw\dataset\train\TUBERCULOSIS\tb_00530.png
tb,train,tb_00531.png,G:\Ai-CDD\data\raw\dataset\train\TUBERCULOSIS\tb_00531.png
tb,train,tb_00532.png,G:\Ai-CDD\data\raw\dataset\train\TUBERCULOSIS\tb_00532.png
tb,train,tb_00533.png,G:\Ai-CDD\data\raw\dataset\train\TUBERCULOSIS\tb_00533.png
tb,train,tb_00534.png,G:\Ai-CDD\data\raw\dataset\train\TUBERCULOSIS\tb_00534.png
tb,train,tb_00535.png,G:\Ai-CDD\data\raw\dataset\train\TUBERCULOSIS\tb_00535.png
tb,train,tb_00536.png,G:\Ai-CDD\data\raw\dataset\train\TUBERCULOSIS\tb_00536.png
tb,train,tb_00537.png,G:\Ai-CDD\data\raw\dataset\train\TUBERCULOSIS\tb_00537.png
tb,train,tb_00538.png,G:\Ai-CDD\data\raw\dataset\train\TUBERCULOSIS\tb_00538.png
tb,train,tb_00539.png,G:\Ai-CDD\data\raw\dataset\train\TUBERCULOSIS\tb_00539.png
tb,train,tb_00540.png,G:\Ai-CDD\data\raw\dataset\train\TUBERCULOSIS\tb_00540.png
tb,train,tb_00541.png,G:\Ai-CDD\data\raw\dataset\train\TUBERCULOSIS\tb_00541.png
tb,train,tb_00542.png,G:\Ai-CDD\data\raw\dataset\train\TUBERCULOSIS\tb_00542.png
tb,train,tb_00543.png,G:\Ai-CDD\data\raw\dataset\train\TUBERCULOSIS\tb_00543.png
tb,train,tb_00544.png,G:\Ai-CDD\data\raw\dataset\train\TUBERCULOSIS\tb_00544.png
tb,train,tb_00545.png,G:\Ai-CDD\data\raw\dataset\train\TUBERCULOSIS\tb_00545.png
tb,train,tb_00546.png,G:\Ai-CDD\data\raw\dataset\train\TUBERCULOSIS\tb_00546.png
tb,train,tb_00547.png,G:\Ai-CDD\data\raw\dataset\train\TUBERCULOSIS\tb_00547.png
tb,train,tb_00548.png,G:\Ai-CDD\data\raw\dataset\train\TUBERCULOSIS\tb_00548.png
tb,train,tb_00549.png,G:\Ai-CDD\data\raw\dataset\train\TUBERCULOSIS\tb_00549.png
tb,train,tb_00550.png,G:\Ai-CDD\data\raw\dataset\train\TUBERCULOSIS\tb_00550.png
tb,train,tb_00551.png,G:\Ai-CDD\data\raw\dataset\train\TUBERCULOSIS\tb_00551.png
tb,train,tb_00552.png,G:\Ai-CDD\data\raw\dataset\train\TUBERCULOSIS\tb_00552.png
tb,train,tb_00553.png,G:\Ai-CDD\data\raw\dataset\train\TUBERCULOSIS\tb_00553.png
tb,train,tb_00554.png,G:\Ai-CDD\data\raw\dataset\train\TUBERCULOSIS\tb_00554.png
tb,train,tb_00555.png,G:\Ai-CDD\data\raw\dataset\train\TUBERCULOSIS\tb_00555.png
tb,train,tb_00556.png,G:\Ai-CDD\data\raw\dataset\train\TUBERCULOSIS\tb_00556.png
tb,train,tb_00557.png,G:\Ai-CDD\data\raw\dataset\train\TUBERCULOSIS\tb_00557.png
tb,train,tb_00558.png,G:\Ai-CDD\data\raw\dataset\train\TUBERCULOSIS\tb_00558.png
tb,train,tb_00559.png,G:\Ai-CDD\data\raw\dataset\train\TUBERCULOSIS\tb_00559.png
tb,train,tb_00560.png,G:\Ai-CDD\data\raw\dataset\train\TUBERCULOSIS\tb_00560.png
tb,train,tb_00561.png,G:\Ai-CDD\data\raw\dataset\train\TUBERCULOSIS\tb_00561.png
tb,train,tb_00562.png,G:\Ai-CDD\data\raw\dataset\train\TUBERCULOSIS\tb_00562.png
tb,train,tb_00563.png,G:\Ai-CDD\data\raw\dataset\train\TUBERCULOSIS\tb_00563.png
tb,train,tb_00564.png,G:\Ai-CDD\data\raw\dataset\train\TUBERCULOSIS\tb_00564.png
tb,train,tb_00565.png,G:\Ai-CDD\data\raw\dataset\train\TUBERCULOSIS\tb_00565.png
tb,train,tb_00566.png,G:\Ai-CDD\data\raw\dataset\train\TUBERCULOSIS\tb_00566.png
tb,train,tb_00567.png,G:\Ai-CDD\data\raw\dataset\train\TUBERCULOSIS\tb_00567.png
tb,train,tb_00568.png,G:\Ai-CDD\data\raw\dataset\train\TUBERCULOSIS\tb_00568.png
tb,train,tb_00569.png,G:\Ai-CDD\data\raw\dataset\train\TUBERCULOSIS\tb_00569.png
tb,train,tb_00570.png,G:\Ai-CDD\data\raw\dataset\train\TUBERCULOSIS\tb_00570.png
tb,train,tb_00571.png,G:\Ai-CDD\data\raw\dataset\train\TUBERCULOSIS\tb_00571.png
tb,train,tb_00572.png,G:\Ai-CDD\data\raw\dataset\train\TUBERCULOSIS\tb_00572.png
tb,train,tb_00573.png,G:\Ai-CDD\data\raw\dataset\train\TUBERCULOSIS\tb_00573.png
tb,train,tb_00574.png,G:\Ai-CDD\data\raw\dataset\train\TUBERCULOSIS\tb_00574.png
tb,train,tb_00575.png,G:\Ai-CDD\data\raw\dataset\train\TUBERCULOSIS\tb_00575.png
tb,train,tb_00576.png,G:\Ai-CDD\data\raw\dataset\train\TUBERCULOSIS\tb_00576.png
tb,train,tb_00577.png,G:\Ai-CDD\data\raw\dataset\train\TUBERCULOSIS\tb_00577.png
tb,train,tb_00578.png,G:\Ai-CDD\data\raw\dataset\train\TUBERCULOSIS\tb_00578.png
tb,train,tb_00579.png,G:\Ai-CDD\data\raw\dataset\train\TUBERCULOSIS\tb_00579.png
tb,train,tb_00580.png,G:\Ai-CDD\data\raw\dataset\train\TUBERCULOSIS\tb_00580.png
tb,train,tb_00581.png,G:\Ai-CDD\data\raw\dataset\train\TUBERCULOSIS\tb_00581.png
tb,train,tb_00582.png,G:\Ai-CDD\data\raw\dataset\train\TUBERCULOSIS\tb_00582.png
tb,train,tb_00583.png,G:\Ai-CDD\data\raw\dataset\train\TUBERCULOSIS\tb_00583.png
tb,train,tb_00584.png,G:\Ai-CDD\data\raw\dataset\train\TUBERCULOSIS\tb_00584.png
tb,train,tb_00585.png,G:\Ai-CDD\data\raw\dataset\train\TUBERCULOSIS\tb_00585.png
tb,train,tb_00586.png,G:\Ai-CDD\data\raw\dataset\train\TUBERCULOSIS\tb_00586.png
tb,train,tb_00587.png,G:\Ai-CDD\data\raw\dataset\train\TUBERCULOSIS\tb_00587.png
tb,train,tb_00588.png,G:\Ai-CDD\data\raw\dataset\train\TUBERCULOSIS\tb_00588.png
tb,train,tb_00589.png,G:\Ai-CDD\data\raw\dataset\train\TUBERCULOSIS\tb_00589.png
tb,train,tb_00590.png,G:\Ai-CDD\data\raw\dataset\train\TUBERCULOSIS\tb_00590.png
tb,train,tb_00591.png,G:\Ai-CDD\data\raw\dataset\train\TUBERCULOSIS\tb_00591.png
tb,train,tb_00592.png,G:\Ai-CDD\data\raw\dataset\train\TUBERCULOSIS\tb_00592.png
tb,train,tb_00593.png,G:\Ai-CDD\data\raw\dataset\train\TUBERCULOSIS\tb_00593.png
tb,train,tb_00594.png,G:\Ai-CDD\data\raw\dataset\train\TUBERCULOSIS\tb_00594.png
tb,train,tb_00595.png,G:\Ai-CDD\data\raw\dataset\train\TUBERCULOSIS\tb_00595.png
tb,train,tb_00596.png,G:\Ai-CDD\data\raw\dataset\train\TUBERCULOSIS\tb_00596.png
tb,train,tb_00597.png,G:\Ai-CDD\data\raw\dataset\train\TUBERCULOSIS\tb_00597.png
tb,train,tb_00598.png,G:\Ai-CDD\data\raw\dataset\train\TUBERCULOSIS\tb_00598.png
tb,train,tb_00599.png,G:\Ai-CDD\data\raw\dataset\train\TUBERCULOSIS\tb_00599.png
tb,train,tb_00600.png,G:\Ai-CDD\data\raw\dataset\train\TUBERCULOSIS\tb_00600.png
tb,train,tb_00601.png,G:\Ai-CDD\data\raw\dataset\train\TUBERCULOSIS\tb_00601.png
tb,train,tb_00602.png,G:\Ai-CDD\data\raw\dataset\train\TUBERCULOSIS\tb_00602.png
tb,train,tb_00603.png,G:\Ai-CDD\data\raw\dataset\train\TUBERCULOSIS\tb_00603.png
tb,train,tb_00604.png,G:\Ai-CDD\data\raw\dataset\train\TUBERCULOSIS\tb_00604.png
tb,train,tb_00605.png,G:\Ai-CDD\data\raw\dataset\train\TUBERCULOSIS\tb_00605.png
tb,train,tb_00606.png,G:\Ai-CDD\data\raw\dataset\train\TUBERCULOSIS\tb_00606.png
tb,train,tb_00607.png,G:\Ai-CDD\data\raw\dataset\train\TUBERCULOSIS\tb_00607.png
tb,train,tb_00608.png,G:\Ai-CDD\data\raw\dataset\train\TUBERCULOSIS\tb_00608.png
tb,train,tb_00609.png,G:\Ai-CDD\data\raw\dataset\train\TUBERCULOSIS\tb_00609.png
tb,train,tb_00610.png,G:\Ai-CDD\data\raw\dataset\train\TUBERCULOSIS\tb_00610.png
tb,train,tb_00611.png,G:\Ai-CDD\data\raw\dataset\train\TUBERCULOSIS\tb_00611.png
tb,train,tb_00612.png,G:\Ai-CDD\data\raw\dataset\train\TUBERCULOSIS\tb_00612.png
tb,train,tb_00613.png,G:\Ai-CDD\data\raw\dataset\train\TUBERCULOSIS\tb_00613.png
tb,train,tb_00614.png,G:\Ai-CDD\data\raw\dataset\train\TUBERCULOSIS\tb_00614.png
tb,train,tb_00615.png,G:\Ai-CDD\data\raw\dataset\train\TUBERCULOSIS\tb_00615.png
tb,train,tb_00616.png,G:\Ai-CDD\data\raw\dataset\train\TUBERCULOSIS\tb_00616.png
tb,train,tb_00617.png,G:\Ai-CDD\data\raw\dataset\train\TUBERCULOSIS\tb_00617.png
tb,train,tb_00618.png,G:\Ai-CDD\data\raw\dataset\train\TUBERCULOSIS\tb_00618.png
tb,train,tb_00619.png,G:\Ai-CDD\data\raw\dataset\train\TUBERCULOSIS\tb_00619.png
tb,train,tb_00620.png,G:\Ai-CDD\data\raw\dataset\train\TUBERCULOSIS\tb_00620.png
tb,train,tb_00621.png,G:\Ai-CDD\data\raw\dataset\train\TUBERCULOSIS\tb_00621.png
tb,train,tb_00622.png,G:\Ai-CDD\data\raw\dataset\train\TUBERCULOSIS\tb_00622.png
tb,train,tb_00623.png,G:\Ai-CDD\data\raw\dataset\train\TUBERCULOSIS\tb_00623.png
tb,train,tb_00624.png,G:\Ai-CDD\data\raw\dataset\train\TUBERCULOSIS\tb_00624.png
tb,train,tb_00625.png,G:\Ai-CDD\data\raw\dataset\train\TUBERCULOSIS\tb_00625.png
tb,train,tb_00626.png,G:\Ai-CDD\data\raw\dataset\train\TUBERCULOSIS\tb_00626.png
tb,train,tb_00627.png,G:\Ai-CDD\data\raw\dataset\train\TUBERCULOSIS\tb_00627.png
tb,train,tb_00628.png,G:\Ai-CDD\data\raw\dataset\train\TUBERCULOSIS\tb_00628.png
tb,train,tb_00629.png,G:\Ai-CDD\data\raw\dataset\train\TUBERCULOSIS\tb_00629.png
tb,train,tb_00630.png,G:\Ai-CDD\data\raw\dataset\train\TUBERCULOSIS\tb_00630.png
tb,train,tb_00631.png,G:\Ai-CDD\data\raw\dataset\train\TUBERCULOSIS\tb_00631.png
tb,train,tb_00632.png,G:\Ai-CDD\data\raw\dataset\train\TUBERCULOSIS\tb_00632.png
tb,train,tb_00633.png,G:\Ai-CDD\data\raw\dataset\train\TUBERCULOSIS\tb_00633.png
tb,train,tb_00634.png,G:\Ai-CDD\data\raw\dataset\train\TUBERCULOSIS\tb_00634.png
tb,train,tb_00635.png,G:\Ai-CDD\data\raw\dataset\train\TUBERCULOSIS\tb_00635.png
tb,train,tb_00636.png,G:\Ai-CDD\data\raw\dataset\train\TUBERCULOSIS\tb_00636.png
tb,train,tb_00637.png,G:\Ai-CDD\data\raw\dataset\train\TUBERCULOSIS\tb_00637.png
tb,train,tb_00638.png,G:\Ai-CDD\data\raw\dataset\train\TUBERCULOSIS\tb_00638.png
tb,train,tb_00639.png,G:\Ai-CDD\data\raw\dataset\train\TUBERCULOSIS\tb_00639.png
tb,train,tb_00640.png,G:\Ai-CDD\data\raw\dataset\train\TUBERCULOSIS\tb_00640.png
tb,train,tb_00641.png,G:\Ai-CDD\data\raw\dataset\train\TUBERCULOSIS\tb_00641.png
tb,train,tb_00642.png,G:\Ai-CDD\data\raw\dataset\train\TUBERCULOSIS\tb_00642.png
tb,train,tb_00643.png,G:\Ai-CDD\data\raw\dataset\train\TUBERCULOSIS\tb_00643.png
tb,train,tb_00644.png,G:\Ai-CDD\data\raw\dataset\train\TUBERCULOSIS\tb_00644.png
tb,train,tb_00645.png,G:\Ai-CDD\data\raw\dataset\train\TUBERCULOSIS\tb_00645.png
tb,train,tb_00646.png,G:\Ai-CDD\data\raw\dataset\train\TUBERCULOSIS\tb_00646.png
tb,train,tb_00647.png,G:\Ai-CDD\data\raw\dataset\train\TUBERCULOSIS\tb_00647.png
tb,train,tb_00648.png,G:\Ai-CDD\data\raw\dataset\train\TUBERCULOSIS\tb_00648.png
tb,train,tb_00649.png,G:\Ai-CDD\data\raw\dataset\train\TUBERCULOSIS\tb_00649.png
tb,train,tb_00650.png,G:\Ai-CDD\data\raw\dataset\train\TUBERCULOSIS\tb_00650.png
tb,train,tb_00651.png,G:\Ai-CDD\data\raw\dataset\train\TUBERCULOSIS\tb_00651.png
tb,train,tb_00652.png,G:\Ai-CDD\data\raw\dataset\train\TUBERCULOSIS\tb_00652.png
tb,train,tb_00653.png,G:\Ai-CDD\data\raw\dataset\train\TUBERCULOSIS\tb_00653.png
tb,train,tb_00654.png,G:\Ai-CDD\data\raw\dataset\train\TUBERCULOSIS\tb_00654.png
tb,train,tb_00655.png,G:\Ai-CDD\data\raw\dataset\train\TUBERCULOSIS\tb_00655.png
tb,train,tb_00656.png,G:\Ai-CDD\data\raw\dataset\train\TUBERCULOSIS\tb_00656.png
tb,train,tb_00657.png,G:\Ai-CDD\data\raw\dataset\train\TUBERCULOSIS\tb_00657.png
tb,train,tb_00658.png,G:\Ai-CDD\data\raw\dataset\train\TUBERCULOSIS\tb_00658.png
tb,train,tb_00659.png,G:\Ai-CDD\data\raw\dataset\train\TUBERCULOSIS\tb_00659.png
tb,train,tb_00660.png,G:\Ai-CDD\data\raw\dataset\train\TUBERCULOSIS\tb_00660.png
tb,train,tb_00661.png,G:\Ai-CDD\data\raw\dataset\train\TUBERCULOSIS\tb_00661.png
tb,train,tb_00662.png,G:\Ai-CDD\data\raw\dataset\train\TUBERCULOSIS\tb_00662.png
tb,train,tb_00663.png,G:\Ai-CDD\data\raw\dataset\train\TUBERCULOSIS\tb_00663.png
tb,train,tb_00664.png,G:\Ai-CDD\data\raw\dataset\train\TUBERCULOSIS\tb_00664.png
tb,train,tb_00665.png,G:\Ai-CDD\data\raw\dataset\train\TUBERCULOSIS\tb_00665.png
tb,train,tb_00666.png,G:\Ai-CDD\data\raw\dataset\train\TUBERCULOSIS\tb_00666.png
tb,train,tb_00667.png,G:\Ai-CDD\data\raw\dataset\train\TUBERCULOSIS\tb_00667.png
tb,train,tb_00668.png,G:\Ai-CDD\data\raw\dataset\train\TUBERCULOSIS\tb_00668.png
tb,train,tb_00669.png,G:\Ai-CDD\data\raw\dataset\train\TUBERCULOSIS\tb_00669.png
tb,train,tb_00670.png,G:\Ai-CDD\data\raw\dataset\train\TUBERCULOSIS\tb_00670.png
tb,train,tb_00671.png,G:\Ai-CDD\data\raw\dataset\train\TUBERCULOSIS\tb_00671.png
tb,train,tb_00672.png,G:\Ai-CDD\data\raw\dataset\train\TUBERCULOSIS\tb_00672.png
tb,train,tb_00673.png,G:\Ai-CDD\data\raw\dataset\train\TUBERCULOSIS\tb_00673.png
tb,train,tb_00674.png,G:\Ai-CDD\data\raw\dataset\train\TUBERCULOSIS\tb_00674.png
tb,train,tb_00675.png,G:\Ai-CDD\data\raw\dataset\train\TUBERCULOSIS\tb_00675.png
tb,train,tb_00676.png,G:\Ai-CDD\data\raw\dataset\train\TUBERCULOSIS\tb_00676.png
tb,train,tb_00677.png,G:\Ai-CDD\data\raw\dataset\train\TUBERCULOSIS\tb_00677.png
tb,train,tb_00678.png,G:\Ai-CDD\data\raw\dataset\train\TUBERCULOSIS\tb_00678.png
tb,train,tb_00679.png,G:\Ai-CDD\data\raw\dataset\train\TUBERCULOSIS\tb_00679.png
tb,train,tb_00680.png,G:\Ai-CDD\data\raw\dataset\train\TUBERCULOSIS\tb_00680.png
tb,train,tb_00681.png,G:\Ai-CDD\data\raw\dataset\train\TUBERCULOSIS\tb_00681.png
tb,train,tb_00682.png,G:\Ai-CDD\data\raw\dataset\train\TUBERCULOSIS\tb_00682.png
tb,train,tb_00683.png,G:\Ai-CDD\data\raw\dataset\train\TUBERCULOSIS\tb_00683.png
tb,train,tb_00684.png,G:\Ai-CDD\data\raw\dataset\train\TUBERCULOSIS\tb_00684.png
tb,train,tb_00685.png,G:\Ai-CDD\data\raw\dataset\train\TUBERCULOSIS\tb_00685.png
tb,train,tb_00686.png,G:\Ai-CDD\data\raw\dataset\train\TUBERCULOSIS\tb_00686.png
tb,train,tb_00687.png,G:\Ai-CDD\data\raw\dataset\train\TUBERCULOSIS\tb_00687.png
tb,train,tb_00688.png,G:\Ai-CDD\data\raw\dataset\train\TUBERCULOSIS\tb_00688.png
tb,train,tb_00689.png,G:\Ai-CDD\data\raw\dataset\train\TUBERCULOSIS\tb_00689.png
tb,train,tb_00690.png,G:\Ai-CDD\data\raw\dataset\train\TUBERCULOSIS\tb_00690.png
tb,train,tb_00691.png,G:\Ai-CDD\data\raw\dataset\train\TUBERCULOSIS\tb_00691.png
tb,train,tb_00692.png,G:\Ai-CDD\data\raw\dataset\train\TUBERCULOSIS\tb_00692.png
tb,train,tb_00693.png,G:\Ai-CDD\data\raw\dataset\train\TUBERCULOSIS\tb_00693.png
tb,train,tb_00694.png,G:\Ai-CDD\data\raw\dataset\train\TUBERCULOSIS\tb_00694.png
tb,train,tb_00695.png,G:\Ai-CDD\data\raw\dataset\train\TUBERCULOSIS\tb_00695.png
tb,train,tb_00696.png,G:\Ai-CDD\data\raw\dataset\train\TUBERCULOSIS\tb_00696.png
tb,train,tb_00697.png,G:\Ai-CDD\data\raw\dataset\train\TUBERCULOSIS\tb_00697.png
tb,train,tb_00698.png,G:\Ai-CDD\data\raw\dataset\train\TUBERCULOSIS\tb_00698.png
tb,train,tb_00699.png,G:\Ai-CDD\data\raw\dataset\train\TUBERCULOSIS\tb_00699.png
tb,train,tb_00700.png,G:\Ai-CDD\data\raw\dataset\train\TUBERCULOSIS\tb_00700.png
tb,train,tb_00701.png,G:\Ai-CDD\data\raw\dataset\train\TUBERCULOSIS\tb_00701.png
tb,train,tb_00702.png,G:\Ai-CDD\data\raw\dataset\train\TUBERCULOSIS\tb_00702.png
tb,train,tb_00703.png,G:\Ai-CDD\data\raw\dataset\train\TUBERCULOSIS\tb_00703.png
tb,train,tb_00704.png,G:\Ai-CDD\data\raw\dataset\train\TUBERCULOSIS\tb_00704.png
tb,train,tb_00705.png,G:\Ai-CDD\data\raw\dataset\train\TUBERCULOSIS\tb_00705.png
tb,train,tb_00706.png,G:\Ai-CDD\data\raw\dataset\train\TUBERCULOSIS\tb_00706.png
tb,train,tb_00707.png,G:\Ai-CDD\data\raw\dataset\train\TUBERCULOSIS\tb_00707.png
tb,train,tb_00708.png,G:\Ai-CDD\data\raw\dataset\train\TUBERCULOSIS\tb_00708.png
tb,train,tb_00709.png,G:\Ai-CDD\data\raw\dataset\train\TUBERCULOSIS\tb_00709.png
tb,train,tb_00710.png,G:\Ai-CDD\data\raw\dataset\train\TUBERCULOSIS\tb_00710.png
tb,train,tb_00711.png,G:\Ai-CDD\data\raw\dataset\train\TUBERCULOSIS\tb_00711.png
tb,train,tb_00712.png,G:\Ai-CDD\data\raw\dataset\train\TUBERCULOSIS\tb_00712.png
tb,train,tb_00713.png,G:\Ai-CDD\data\raw\dataset\train\TUBERCULOSIS\tb_00713.png
tb,train,tb_00714.png,G:\Ai-CDD\data\raw\dataset\train\TUBERCULOSIS\tb_00714.png
tb,train,tb_00715.png,G:\Ai-CDD\data\raw\dataset\train\TUBERCULOSIS\tb_00715.png
tb,train,tb_00716.png,G:\Ai-CDD\data\raw\dataset\train\TUBERCULOSIS\tb_00716.png
tb,train,tb_00717.png,G:\Ai-CDD\data\raw\dataset\train\TUBERCULOSIS\tb_00717.png
tb,train,tb_00718.png,G:\Ai-CDD\data\raw\dataset\train\TUBERCULOSIS\tb_00718.png
tb,train,tb_00719.png,G:\Ai-CDD\data\raw\dataset\train\TUBERCULOSIS\tb_00719.png
tb,train,tb_00720.png,G:\Ai-CDD\data\raw\dataset\train\TUBERCULOSIS\tb_00720.png
tb,train,tb_00721.png,G:\Ai-CDD\data\raw\dataset\train\TUBERCULOSIS\tb_00721.png
tb,train,tb_00722.png,G:\Ai-CDD\data\raw\dataset\train\TUBERCULOSIS\tb_00722.png
tb,train,tb_00723.png,G:\Ai-CDD\data\raw\dataset\train\TUBERCULOSIS\tb_00723.png
tb,train,tb_00724.png,G:\Ai-CDD\data\raw\dataset\train\TUBERCULOSIS\tb_00724.png
tb,train,tb_00725.png,G:\Ai-CDD\data\raw\dataset\train\TUBERCULOSIS\tb_00725.png
tb,train,tb_00726.png,G:\Ai-CDD\data\raw\dataset\train\TUBERCULOSIS\tb_00726.png
tb,train,tb_00727.png,G:\Ai-CDD\data\raw\dataset\train\TUBERCULOSIS\tb_00727.png
tb,train,tb_00728.png,G:\Ai-CDD\data\raw\dataset\train\TUBERCULOSIS\tb_00728.png
tb,train,tb_00729.png,G:\Ai-CDD\data\raw\dataset\train\TUBERCULOSIS\tb_00729.png
tb,train,tb_00730.png,G:\Ai-CDD\data\raw\dataset\train\TUBERCULOSIS\tb_00730.png
tb,train,tb_00731.png,G:\Ai-CDD\data\raw\dataset\train\TUBERCULOSIS\tb_00731.png
tb,train,tb_00732.png,G:\Ai-CDD\data\raw\dataset\train\TUBERCULOSIS\tb_00732.png
tb,train,tb_00733.png,G:\Ai-CDD\data\raw\dataset\train\TUBERCULOSIS\tb_00733.png
tb,train,tb_00734.png,G:\Ai-CDD\data\raw\dataset\train\TUBERCULOSIS\tb_00734.png
tb,train,tb_00735.png,G:\Ai-CDD\data\raw\dataset\train\TUBERCULOSIS\tb_00735.png
tb,train,tb_00736.png,G:\Ai-CDD\data\raw\dataset\train\TUBERCULOSIS\tb_00736.png
tb,train,tb_00737.png,G:\Ai-CDD\data\raw\dataset\train\TUBERCULOSIS\tb_00737.png
tb,train,tb_00738.png,G:\Ai-CDD\data\raw\dataset\train\TUBERCULOSIS\tb_00738.png
tb,train,tb_00739.png,G:\Ai-CDD\data\raw\dataset\train\TUBERCULOSIS\tb_00739.png
tb,train,tb_00740.png,G:\Ai-CDD\data\raw\dataset\train\TUBERCULOSIS\tb_00740.png
tb,train,tb_00741.png,G:\Ai-CDD\data\raw\dataset\train\TUBERCULOSIS\tb_00741.png
tb,train,tb_00742.png,G:\Ai-CDD\data\raw\dataset\train\TUBERCULOSIS\tb_00742.png
tb,train,tb_00743.png,G:\Ai-CDD\data\raw\dataset\train\TUBERCULOSIS\tb_00743.png
tb,train,tb_00744.png,G:\Ai-CDD\data\raw\dataset\train\TUBERCULOSIS\tb_00744.png
tb,train,tb_00745.png,G:\Ai-CDD\data\raw\dataset\train\TUBERCULOSIS\tb_00745.png
tb,train,tb_00746.png,G:\Ai-CDD\data\raw\dataset\train\TUBERCULOSIS\tb_00746.png
tb,train,tb_00747.png,G:\Ai-CDD\data\raw\dataset\train\TUBERCULOSIS\tb_00747.png
tb,train,tb_00748.png,G:\Ai-CDD\data\raw\dataset\train\TUBERCULOSIS\tb_00748.png
tb,train,tb_00749.png,G:\Ai-CDD\data\raw\dataset\train\TUBERCULOSIS\tb_00749.png
tb,train,tb_00750.png,G:\Ai-CDD\data\raw\dataset\train\TUBERCULOSIS\tb_00750.png
tb,train,tb_00751.png,G:\Ai-CDD\data\raw\dataset\train\TUBERCULOSIS\tb_00751.png
tb,train,tb_00752.png,G:\Ai-CDD\data\raw\dataset\train\TUBERCULOSIS\tb_00752.png
tb,train,tb_00753.png,G:\Ai-CDD\data\raw\dataset\train\TUBERCULOSIS\tb_00753.png
tb,train,tb_00754.png,G:\Ai-CDD\data\raw\dataset\train\TUBERCULOSIS\tb_00754.png
tb,train,tb_00755.png,G:\Ai-CDD\data\raw\dataset\train\TUBERCULOSIS\tb_00755.png
tb,train,tb_00756.png,G:\Ai-CDD\data\raw\dataset\train\TUBERCULOSIS\tb_00756.png
tb,train,tb_00757.png,G:\Ai-CDD\data\raw\dataset\train\TUBERCULOSIS\tb_00757.png
tb,train,tb_00758.png,G:\Ai-CDD\data\raw\dataset\train\TUBERCULOSIS\tb_00758.png
tb,train,tb_00759.png,G:\Ai-CDD\data\raw\dataset\train\TUBERCULOSIS\tb_00759.png
tb,train,tb_00760.png,G:\Ai-CDD\data\raw\dataset\train\TUBERCULOSIS\tb_00760.png
tb,train,tb_00761.png,G:\Ai-CDD\data\raw\dataset\train\TUBERCULOSIS\tb_00761.png
tb,train,tb_00762.png,G:\Ai-CDD\data\raw\dataset\train\TUBERCULOSIS\tb_00762.png
tb,train,tb_00763.png,G:\Ai-CDD\data\raw\dataset\train\TUBERCULOSIS\tb_00763.png
tb,train,tb_00764.png,G:\Ai-CDD\data\raw\dataset\train\TUBERCULOSIS\tb_00764.png
tb,train,tb_00765.png,G:\Ai-CDD\data\raw\dataset\train\TUBERCULOSIS\tb_00765.png
tb,train,tb_00766.png,G:\Ai-CDD\data\raw\dataset\train\TUBERCULOSIS\tb_00766.png
tb,train,tb_00767.png,G:\Ai-CDD\data\raw\dataset\train\TUBERCULOSIS\tb_00767.png
tb,train,tb_00768.png,G:\Ai-CDD\data\raw\dataset\train\TUBERCULOSIS\tb_00768.png
tb,train,tb_00769.png,G:\Ai-CDD\data\raw\dataset\train\TUBERCULOSIS\tb_00769.png
tb,train,tb_00770.png,G:\Ai-CDD\data\raw\dataset\train\TUBERCULOSIS\tb_00770.png
tb,train,tb_00771.png,G:\Ai-CDD\data\raw\dataset\train\TUBERCULOSIS\tb_00771.png
tb,train,tb_00772.png,G:\Ai-CDD\data\raw\dataset\train\TUBERCULOSIS\tb_00772.png
tb,train,tb_00773.png,G:\Ai-CDD\data\raw\dataset\train\TUBERCULOSIS\tb_00773.png
tb,train,tb_00774.png,G:\Ai-CDD\data\raw\dataset\train\TUBERCULOSIS\tb_00774.png
tb,train,tb_00775.png,G:\Ai-CDD\data\raw\dataset\train\TUBERCULOSIS\tb_00775.png
tb,train,tb_00776.png,G:\Ai-CDD\data\raw\dataset\train\TUBERCULOSIS\tb_00776.png
tb,train,tb_00777.png,G:\Ai-CDD\data\raw\dataset\train\TUBERCULOSIS\tb_00777.png
tb,train,tb_00778.png,G:\Ai-CDD\data\raw\dataset\train\TUBERCULOSIS\tb_00778.png
tb,train,tb_00779.png,G:\Ai-CDD\data\raw\dataset\train\TUBERCULOSIS\tb_00779.png
tb,train,tb_00780.png,G:\Ai-CDD\data\raw\dataset\train\TUBERCULOSIS\tb_00780.png
tb,train,tb_00781.png,G:\Ai-CDD\data\raw\dataset\train\TUBERCULOSIS\tb_00781.png
tb,train,tb_00782.png,G:\Ai-CDD\data\raw\dataset\train\TUBERCULOSIS\tb_00782.png
tb,train,tb_00783.png,G:\Ai-CDD\data\raw\dataset\train\TUBERCULOSIS\tb_00783.png
tb,train,tb_00784.png,G:\Ai-CDD\data\raw\dataset\train\TUBERCULOSIS\tb_00784.png
tb,train,tb_00785.png,G:\Ai-CDD\data\raw\dataset\train\TUBERCULOSIS\tb_00785.png
tb,train,tb_00786.png,G:\Ai-CDD\data\raw\dataset\train\TUBERCULOSIS\tb_00786.png
tb,train,tb_00787.png,G:\Ai-CDD\data\raw\dataset\train\TUBERCULOSIS\tb_00787.png
tb,train,tb_00788.png,G:\Ai-CDD\data\raw\dataset\train\TUBERCULOSIS\tb_00788.png
tb,train,tb_00789.png,G:\Ai-CDD\data\raw\dataset\train\TUBERCULOSIS\tb_00789.png
tb,train,tb_00790.png,G:\Ai-CDD\data\raw\dataset\train\TUBERCULOSIS\tb_00790.png
tb,train,tb_00791.png,G:\Ai-CDD\data\raw\dataset\train\TUBERCULOSIS\tb_00791.png
tb,train,tb_00792.png,G:\Ai-CDD\data\raw\dataset\train\TUBERCULOSIS\tb_00792.png
tb,train,tb_00793.png,G:\Ai-CDD\data\raw\dataset\train\TUBERCULOSIS\tb_00793.png
tb,train,tb_00794.png,G:\Ai-CDD\data\raw\dataset\train\TUBERCULOSIS\tb_00794.png
tb,train,tb_00795.png,G:\Ai-CDD\data\raw\dataset\train\TUBERCULOSIS\tb_00795.png
tb,train,tb_00796.png,G:\Ai-CDD\data\raw\dataset\train\TUBERCULOSIS\tb_00796.png
tb,train,tb_00797.png,G:\Ai-CDD\data\raw\dataset\train\TUBERCULOSIS\tb_00797.png
tb,train,tb_00798.png,G:\Ai-CDD\data\raw\dataset\train\TUBERCULOSIS\tb_00798.png
tb,train,tb_00799.png,G:\Ai-CDD\data\raw\dataset\train\TUBERCULOSIS\tb_00799.png
tb,train,tb_00800.png,G:\Ai-CDD\data\raw\dataset\train\TUBERCULOSIS\tb_00800.png
tb,train,tb_00801.png,G:\Ai-CDD\data\raw\dataset\train\TUBERCULOSIS\tb_00801.png
tb,train,tb_00802.png,G:\Ai-CDD\data\raw\dataset\train\TUBERCULOSIS\tb_00802.png
tb,train,tb_00803.png,G:\Ai-CDD\data\raw\dataset\train\TUBERCULOSIS\tb_00803.png
tb,train,tb_00804.png,G:\Ai-CDD\data\raw\dataset\train\TUBERCULOSIS\tb_00804.png
tb,train,tb_00805.png,G:\Ai-CDD\data\raw\dataset\train\TUBERCULOSIS\tb_00805.png
tb,train,tb_00806.png,G:\Ai-CDD\data\raw\dataset\train\TUBERCULOSIS\tb_00806.png
tb,train,tb_00807.png,G:\Ai-CDD\data\raw\dataset\train\TUBERCULOSIS\tb_00807.png
tb,train,tb_00808.png,G:\Ai-CDD\data\raw\dataset\train\TUBERCULOSIS\tb_00808.png
tb,train,tb_00809.png,G:\Ai-CDD\data\raw\dataset\train\TUBERCULOSIS\tb_00809.png
tb,train,tb_00810.png,G:\Ai-CDD\data\raw\dataset\train\TUBERCULOSIS\tb_00810.png
tb,train,tb_00811.png,G:\Ai-CDD\data\raw\dataset\train\TUBERCULOSIS\tb_00811.png
tb,train,tb_00812.png,G:\Ai-CDD\data\raw\dataset\train\TUBERCULOSIS\tb_00812.png
tb,train,tb_00813.png,G:\Ai-CDD\data\raw\dataset\train\TUBERCULOSIS\tb_00813.png
tb,train,tb_00814.png,G:\Ai-CDD\data\raw\dataset\train\TUBERCULOSIS\tb_00814.png
tb,train,tb_00815.png,G:\Ai-CDD\data\raw\dataset\train\TUBERCULOSIS\tb_00815.png
tb,train,tb_00816.png,G:\Ai-CDD\data\raw\dataset\train\TUBERCULOSIS\tb_00816.png
tb,train,tb_00817.png,G:\Ai-CDD\data\raw\dataset\train\TUBERCULOSIS\tb_00817.png
tb,train,tb_00818.png,G:\Ai-CDD\data\raw\dataset\train\TUBERCULOSIS\tb_00818.png
tb,train,tb_00819.png,G:\Ai-CDD\data\raw\dataset\train\TUBERCULOSIS\tb_00819.png
tb,train,tb_00820.png,G:\Ai-CDD\data\raw\dataset\train\TUBERCULOSIS\tb_00820.png
tb,train,tb_00821.png,G:\Ai-CDD\data\raw\dataset\train\TUBERCULOSIS\tb_00821.png
tb,train,tb_00822.png,G:\Ai-CDD\data\raw\dataset\train\TUBERCULOSIS\tb_00822.png
tb,train,tb_00823.png,G:\Ai-CDD\data\raw\dataset\train\TUBERCULOSIS\tb_00823.png
tb,train,tb_00824.png,G:\Ai-CDD\data\raw\dataset\train\TUBERCULOSIS\tb_00824.png
tb,train,tb_00825.png,G:\Ai-CDD\data\raw\dataset\train\TUBERCULOSIS\tb_00825.png
tb,train,tb_00826.png,G:\Ai-CDD\data\raw\dataset\train\TUBERCULOSIS\tb_00826.png
tb,train,tb_00827.png,G:\Ai-CDD\data\raw\dataset\train\TUBERCULOSIS\tb_00827.png
tb,train,tb_00828.png,G:\Ai-CDD\data\raw\dataset\train\TUBERCULOSIS\tb_00828.png
tb,train,tb_00829.png,G:\Ai-CDD\data\raw\dataset\train\TUBERCULOSIS\tb_00829.png
tb,train,tb_00830.png,G:\Ai-CDD\data\raw\dataset\train\TUBERCULOSIS\tb_00830.png
tb,train,tb_00831.png,G:\Ai-CDD\data\raw\dataset\train\TUBERCULOSIS\tb_00831.png
tb,train,tb_00832.png,G:\Ai-CDD\data\raw\dataset\train\TUBERCULOSIS\tb_00832.png
tb,train,tb_00833.png,G:\Ai-CDD\data\raw\dataset\train\TUBERCULOSIS\tb_00833.png
tb,train,tb_00834.png,G:\Ai-CDD\data\raw\dataset\train\TUBERCULOSIS\tb_00834.png
tb,train,tb_00835.png,G:\Ai-CDD\data\raw\dataset\train\TUBERCULOSIS\tb_00835.png
tb,train,tb_00836.png,G:\Ai-CDD\data\raw\dataset\train\TUBERCULOSIS\tb_00836.png
tb,train,tb_00837.png,G:\Ai-CDD\data\raw\dataset\train\TUBERCULOSIS\tb_00837.png
tb,train,tb_00838.png,G:\Ai-CDD\data\raw\dataset\train\TUBERCULOSIS\tb_00838.png
tb,train,tb_00839.png,G:\Ai-CDD\data\raw\dataset\train\TUBERCULOSIS\tb_00839.png
tb,train,tb_00840.png,G:\Ai-CDD\data\raw\dataset\train\TUBERCULOSIS\tb_00840.png
tb,train,tb_00841.png,G:\Ai-CDD\data\raw\dataset\train\TUBERCULOSIS\tb_00841.png
tb,train,tb_00842.png,G:\Ai-CDD\data\raw\dataset\train\TUBERCULOSIS\tb_00842.png
tb,train,tb_00843.png,G:\Ai-CDD\data\raw\dataset\train\TUBERCULOSIS\tb_00843.png
tb,train,tb_00844.png,G:\Ai-CDD\data\raw\dataset\train\TUBERCULOSIS\tb_00844.png
tb,train,tb_00845.png,G:\Ai-CDD\data\raw\dataset\train\TUBERCULOSIS\tb_00845.png
tb,train,tb_00846.png,G:\Ai-CDD\data\raw\dataset\train\TUBERCULOSIS\tb_00846.png
tb,train,tb_00847.png,G:\Ai-CDD\data\raw\dataset\train\TUBERCULOSIS\tb_00847.png
tb,train,tb_00848.png,G:\Ai-CDD\data\raw\dataset\train\TUBERCULOSIS\tb_00848.png
tb,train,tb_00849.png,G:\Ai-CDD\data\raw\dataset\train\TUBERCULOSIS\tb_00849.png
tb,train,tb_00850.png,G:\Ai-CDD\data\raw\dataset\train\TUBERCULOSIS\tb_00850.png
tb,train,tb_00851.png,G:\Ai-CDD\data\raw\dataset\train\TUBERCULOSIS\tb_00851.png
tb,train,tb_00852.png,G:\Ai-CDD\data\raw\dataset\train\TUBERCULOSIS\tb_00852.png
tb,train,tb_00853.png,G:\Ai-CDD\data\raw\dataset\train\TUBERCULOSIS\tb_00853.png
tb,train,tb_00854.png,G:\Ai-CDD\data\raw\dataset\train\TUBERCULOSIS\tb_00854.png
tb,train,tb_00855.png,G:\Ai-CDD\data\raw\dataset\train\TUBERCULOSIS\tb_00855.png
tb,train,tb_00856.png,G:\Ai-CDD\data\raw\dataset\train\TUBERCULOSIS\tb_00856.png
tb,train,tb_00857.png,G:\Ai-CDD\data\raw\dataset\train\TUBERCULOSIS\tb_00857.png
tb,train,tb_00858.png,G:\Ai-CDD\data\raw\dataset\train\TUBERCULOSIS\tb_00858.png
tb,train,tb_00859.png,G:\Ai-CDD\data\raw\dataset\train\TUBERCULOSIS\tb_00859.png
tb,train,tb_00860.png,G:\Ai-CDD\data\raw\dataset\train\TUBERCULOSIS\tb_00860.png
tb,train,tb_00861.png,G:\Ai-CDD\data\raw\dataset\train\TUBERCULOSIS\tb_00861.png
tb,train,tb_00862.png,G:\Ai-CDD\data\raw\dataset\train\TUBERCULOSIS\tb_00862.png
tb,train,tb_00863.png,G:\Ai-CDD\data\raw\dataset\train\TUBERCULOSIS\tb_00863.png
tb,train,tb_00864.png,G:\Ai-CDD\data\raw\dataset\train\TUBERCULOSIS\tb_00864.png
tb,train,tb_00865.png,G:\Ai-CDD\data\raw\dataset\train\TUBERCULOSIS\tb_00865.png
tb,train,tb_00866.png,G:\Ai-CDD\data\raw\dataset\train\TUBERCULOSIS\tb_00866.png
tb,train,tb_00867.png,G:\Ai-CDD\data\raw\dataset\train\TUBERCULOSIS\tb_00867.png
tb,train,tb_00868.png,G:\Ai-CDD\data\raw\dataset\train\TUBERCULOSIS\tb_00868.png
tb,train,tb_00869.png,G:\Ai-CDD\data\raw\dataset\train\TUBERCULOSIS\tb_00869.png
tb,train,tb_00870.png,G:\Ai-CDD\data\raw\dataset\train\TUBERCULOSIS\tb_00870.png
tb,train,tb_00871.png,G:\Ai-CDD\data\raw\dataset\train\TUBERCULOSIS\tb_00871.png
tb,train,tb_00872.png,G:\Ai-CDD\data\raw\dataset\train\TUBERCULOSIS\tb_00872.png
tb,train,tb_00873.png,G:\Ai-CDD\data\raw\dataset\train\TUBERCULOSIS\tb_00873.png
tb,train,tb_00874.png,G:\Ai-CDD\data\raw\dataset\train\TUBERCULOSIS\tb_00874.png
tb,train,tb_00875.png,G:\Ai-CDD\data\raw\dataset\train\TUBERCULOSIS\tb_00875.png
tb,train,tb_00876.png,G:\Ai-CDD\data\raw\dataset\train\TUBERCULOSIS\tb_00876.png
tb,train,tb_00877.png,G:\Ai-CDD\data\raw\dataset\train\TUBERCULOSIS\tb_00877.png
tb,train,tb_00878.png,G:\Ai-CDD\data\raw\dataset\train\TUBERCULOSIS\tb_00878.png
tb,train,tb_00879.png,G:\Ai-CDD\data\raw\dataset\train\TUBERCULOSIS\tb_00879.png
tb,train,tb_00880.png,G:\Ai-CDD\data\raw\dataset\train\TUBERCULOSIS\tb_00880.png
tb,train,tb_00881.png,G:\Ai-CDD\data\raw\dataset\train\TUBERCULOSIS\tb_00881.png
tb,train,tb_00882.png,G:\Ai-CDD\data\raw\dataset\train\TUBERCULOSIS\tb_00882.png
tb,train,tb_00883.png,G:\Ai-CDD\data\raw\dataset\train\TUBERCULOSIS\tb_00883.png
tb,train,tb_00884.png,G:\Ai-CDD\data\raw\dataset\train\TUBERCULOSIS\tb_00884.png
tb,train,tb_00885.png,G:\Ai-CDD\data\raw\dataset\train\TUBERCULOSIS\tb_00885.png
tb,train,tb_00886.png,G:\Ai-CDD\data\raw\dataset\train\TUBERCULOSIS\tb_00886.png
tb,train,tb_00887.png,G:\Ai-CDD\data\raw\dataset\train\TUBERCULOSIS\tb_00887.png
tb,train,tb_00888.png,G:\Ai-CDD\data\raw\dataset\train\TUBERCULOSIS\tb_00888.png
tb,train,tb_00889.png,G:\Ai-CDD\data\raw\dataset\train\TUBERCULOSIS\tb_00889.png
tb,train,tb_00890.png,G:\Ai-CDD\data\raw\dataset\train\TUBERCULOSIS\tb_00890.png
tb,train,tb_00891.png,G:\Ai-CDD\data\raw\dataset\train\TUBERCULOSIS\tb_00891.png
tb,train,tb_00892.png,G:\Ai-CDD\data\raw\dataset\train\TUBERCULOSIS\tb_00892.png
tb,train,tb_00893.png,G:\Ai-CDD\data\raw\dataset\train\TUBERCULOSIS\tb_00893.png
tb,train,tb_00894.png,G:\Ai-CDD\data\raw\dataset\train\TUBERCULOSIS\tb_00894.png
tb,train,tb_00895.png,G:\Ai-CDD\data\raw\dataset\train\TUBERCULOSIS\tb_00895.png
tb,train,tb_00896.png,G:\Ai-CDD\data\raw\dataset\train\TUBERCULOSIS\tb_00896.png
tb,train,tb_00897.png,G:\Ai-CDD\data\raw\dataset\train\TUBERCULOSIS\tb_00897.png
tb,train,tb_00898.png,G:\Ai-CDD\data\raw\dataset\train\TUBERCULOSIS\tb_00898.png
tb,train,tb_00899.png,G:\Ai-CDD\data\raw\dataset\train\TUBERCULOSIS\tb_00899.png
tb,train,tb_00900.png,G:\Ai-CDD\data\raw\dataset\train\TUBERCULOSIS\tb_00900.png
tb,train,tb_00901.png,G:\Ai-CDD\data\raw\dataset\train\TUBERCULOSIS\tb_00901.png
tb,train,tb_00902.png,G:\Ai-CDD\data\raw\dataset\train\TUBERCULOSIS\tb_00902.png
tb,train,tb_00903.png,G:\Ai-CDD\data\raw\dataset\train\TUBERCULOSIS\tb_00903.png
tb,train,tb_00904.png,G:\Ai-CDD\data\raw\dataset\train\TUBERCULOSIS\tb_00904.png
tb,train,tb_00905.png,G:\Ai-CDD\data\raw\dataset\train\TUBERCULOSIS\tb_00905.png
tb,train,tb_00906.png,G:\Ai-CDD\data\raw\dataset\train\TUBERCULOSIS\tb_00906.png
tb,train,tb_00907.png,G:\Ai-CDD\data\raw\dataset\train\TUBERCULOSIS\tb_00907.png
tb,train,tb_00908.png,G:\Ai-CDD\data\raw\dataset\train\TUBERCULOSIS\tb_00908.png
tb,train,tb_00909.png,G:\Ai-CDD\data\raw\dataset\train\TUBERCULOSIS\tb_00909.png
tb,train,tb_00910.png,G:\Ai-CDD\data\raw\dataset\train\TUBERCULOSIS\tb_00910.png
tb,train,tb_00911.png,G:\Ai-CDD\data\raw\dataset\train\TUBERCULOSIS\tb_00911.png
tb,train,tb_00912.png,G:\Ai-CDD\data\raw\dataset\train\TUBERCULOSIS\tb_00912.png
tb,train,tb_00913.png,G:\Ai-CDD\data\raw\dataset\train\TUBERCULOSIS\tb_00913.png
tb,train,tb_00914.png,G:\Ai-CDD\data\raw\dataset\train\TUBERCULOSIS\tb_00914.png
tb,train,tb_00915.png,G:\Ai-CDD\data\raw\dataset\train\TUBERCULOSIS\tb_00915.png
tb,train,tb_00916.png,G:\Ai-CDD\data\raw\dataset\train\TUBERCULOSIS\tb_00916.png
tb,train,tb_00917.png,G:\Ai-CDD\data\raw\dataset\train\TUBERCULOSIS\tb_00917.png
tb,train,tb_00918.png,G:\Ai-CDD\data\raw\dataset\train\TUBERCULOSIS\tb_00918.png
tb,train,tb_00919.png,G:\Ai-CDD\data\raw\dataset\train\TUBERCULOSIS\tb_00919.png
tb,train,tb_00920.png,G:\Ai-CDD\data\raw\dataset\train\TUBERCULOSIS\tb_00920.png
tb,train,tb_00921.png,G:\Ai-CDD\data\raw\dataset\train\TUBERCULOSIS\tb_00921.png
tb,train,tb_00922.png,G:\Ai-CDD\data\raw\dataset\train\TUBERCULOSIS\tb_00922.png
tb,train,tb_00923.png,G:\Ai-CDD\data\raw\dataset\train\TUBERCULOSIS\tb_00923.png
tb,train,tb_00924.png,G:\Ai-CDD\data\raw\dataset\train\TUBERCULOSIS\tb_00924.png
tb,train,tb_00925.png,G:\Ai-CDD\data\raw\dataset\train\TUBERCULOSIS\tb_00925.png
tb,train,tb_00926.png,G:\Ai-CDD\data\raw\dataset\train\TUBERCULOSIS\tb_00926.png
tb,train,tb_00927.png,G:\Ai-CDD\data\raw\dataset\train\TUBERCULOSIS\tb_00927.png
tb,train,tb_00928.png,G:\Ai-CDD\data\raw\dataset\train\TUBERCULOSIS\tb_00928.png
tb,train,tb_00929.png,G:\Ai-CDD\data\raw\dataset\train\TUBERCULOSIS\tb_00929.png
tb,train,tb_00930.png,G:\Ai-CDD\data\raw\dataset\train\TUBERCULOSIS\tb_00930.png
tb,train,tb_00931.png,G:\Ai-CDD\data\raw\dataset\train\TUBERCULOSIS\tb_00931.png
tb,train,tb_00932.png,G:\Ai-CDD\data\raw\dataset\train\TUBERCULOSIS\tb_00932.png
tb,train,tb_00933.png,G:\Ai-CDD\data\raw\dataset\train\TUBERCULOSIS\tb_00933.png
tb,train,tb_00934.png,G:\Ai-CDD\data\raw\dataset\train\TUBERCULOSIS\tb_00934.png
tb,train,tb_00935.png,G:\Ai-CDD\data\raw\dataset\train\TUBERCULOSIS\tb_00935.png
tb,train,tb_00936.png,G:\Ai-CDD\data\raw\dataset\train\TUBERCULOSIS\tb_00936.png
tb,train,tb_00937.png,G:\Ai-CDD\data\raw\dataset\train\TUBERCULOSIS\tb_00937.png
tb,train,tb_00938.png,G:\Ai-CDD\data\raw\dataset\train\TUBERCULOSIS\tb_00938.png
tb,train,tb_00939.png,G:\Ai-CDD\data\raw\dataset\train\TUBERCULOSIS\tb_00939.png
tb,train,tb_00940.png,G:\Ai-CDD\data\raw\dataset\train\TUBERCULOSIS\tb_00940.png
tb,train,tb_00941.png,G:\Ai-CDD\data\raw\dataset\train\TUBERCULOSIS\tb_00941.png
tb,train,tb_00942.png,G:\Ai-CDD\data\raw\dataset\train\TUBERCULOSIS\tb_00942.png
tb,train,tb_00943.png,G:\Ai-CDD\data\raw\dataset\train\TUBERCULOSIS\tb_00943.png
tb,train,tb_00944.png,G:\Ai-CDD\data\raw\dataset\train\TUBERCULOSIS\tb_00944.png
tb,train,tb_00945.png,G:\Ai-CDD\data\raw\dataset\train\TUBERCULOSIS\tb_00945.png
tb,train,tb_00946.png,G:\Ai-CDD\data\raw\dataset\train\TUBERCULOSIS\tb_00946.png
tb,train,tb_00947.png,G:\Ai-CDD\data\raw\dataset\train\TUBERCULOSIS\tb_00947.png
tb,train,tb_00948.png,G:\Ai-CDD\data\raw\dataset\train\TUBERCULOSIS\tb_00948.png
tb,train,tb_00949.png,G:\Ai-CDD\data\raw\dataset\train\TUBERCULOSIS\tb_00949.png
tb,train,tb_00950.png,G:\Ai-CDD\data\raw\dataset\train\TUBERCULOSIS\tb_00950.png
tb,train,tb_00951.png,G:\Ai-CDD\data\raw\dataset\train\TUBERCULOSIS\tb_00951.png
tb,train,tb_00952.png,G:\Ai-CDD\data\raw\dataset\train\TUBERCULOSIS\tb_00952.png
tb,train,tb_00953.png,G:\Ai-CDD\data\raw\dataset\train\TUBERCULOSIS\tb_00953.png
tb,train,tb_00954.png,G:\Ai-CDD\data\raw\dataset\train\TUBERCULOSIS\tb_00954.png
tb,train,tb_00955.png,G:\Ai-CDD\data\raw\dataset\train\TUBERCULOSIS\tb_00955.png
tb,train,tb_00956.png,G:\Ai-CDD\data\raw\dataset\train\TUBERCULOSIS\tb_00956.png
tb,train,tb_00957.png,G:\Ai-CDD\data\raw\dataset\train\TUBERCULOSIS\tb_00957.png
tb,train,tb_00958.png,G:\Ai-CDD\data\raw\dataset\train\TUBERCULOSIS\tb_00958.png
tb,train,tb_00959.png,G:\Ai-CDD\data\raw\dataset\train\TUBERCULOSIS\tb_00959.png
tb,train,tb_00960.png,G:\Ai-CDD\data\raw\dataset\train\TUBERCULOSIS\tb_00960.png
tb,train,tb_00961.png,G:\Ai-CDD\data\raw\dataset\train\TUBERCULOSIS\tb_00961.png
tb,train,tb_00962.png,G:\Ai-CDD\data\raw\dataset\train\TUBERCULOSIS\tb_00962.png
tb,train,tb_00963.png,G:\Ai-CDD\data\raw\dataset\train\TUBERCULOSIS\tb_00963.png
tb,train,tb_00964.png,G:\Ai-CDD\data\raw\dataset\train\TUBERCULOSIS\tb_00964.png
tb,train,tb_00965.png,G:\Ai-CDD\data\raw\dataset\train\TUBERCULOSIS\tb_00965.png
tb,train,tb_00966.png,G:\Ai-CDD\data\raw\dataset\train\TUBERCULOSIS\tb_00966.png
tb,train,tb_00967.png,G:\Ai-CDD\data\raw\dataset\train\TUBERCULOSIS\tb_00967.png
tb,train,tb_00968.png,G:\Ai-CDD\data\raw\dataset\train\TUBERCULOSIS\tb_00968.png
tb,train,tb_00969.png,G:\Ai-CDD\data\raw\dataset\train\TUBERCULOSIS\tb_00969.png
tb,train,tb_00970.png,G:\Ai-CDD\data\raw\dataset\train\TUBERCULOSIS\tb_00970.png
tb,train,tb_00971.png,G:\Ai-CDD\data\raw\dataset\train\TUBERCULOSIS\tb_00971.png
tb,train,tb_00972.png,G:\Ai-CDD\data\raw\dataset\train\TUBERCULOSIS\tb_00972.png
tb,train,tb_00973.png,G:\Ai-CDD\data\raw\dataset\train\TUBERCULOSIS\tb_00973.png
tb,train,tb_00974.png,G:\Ai-CDD\data\raw\dataset\train\TUBERCULOSIS\tb_00974.png
tb,train,tb_00975.png,G:\Ai-CDD\data\raw\dataset\train\TUBERCULOSIS\tb_00975.png
tb,train,tb_00976.png,G:\Ai-CDD\data\raw\dataset\train\TUBERCULOSIS\tb_00976.png
tb,train,tb_00977.png,G:\Ai-CDD\data\raw\dataset\train\TUBERCULOSIS\tb_00977.png
tb,train,tb_00978.png,G:\Ai-CDD\data\raw\dataset\train\TUBERCULOSIS\tb_00978.png
tb,train,tb_00979.png,G:\Ai-CDD\data\raw\dataset\train\TUBERCULOSIS\tb_00979.png
tb,train,tb_00980.png,G:\Ai-CDD\data\raw\dataset\train\TUBERCULOSIS\tb_00980.png
tb,train,tb_00981.png,G:\Ai-CDD\data\raw\dataset\train\TUBERCULOSIS\tb_00981.png
tb,train,tb_00982.png,G:\Ai-CDD\data\raw\dataset\train\TUBERCULOSIS\tb_00982.png
tb,train,tb_00983.png,G:\Ai-CDD\data\raw\dataset\train\TUBERCULOSIS\tb_00983.png
tb,train,tb_00984.png,G:\Ai-CDD\data\raw\dataset\train\TUBERCULOSIS\tb_00984.png
tb,train,tb_00985.png,G:\Ai-CDD\data\raw\dataset\train\TUBERCULOSIS\tb_00985.png
tb,train,tb_00986.png,G:\Ai-CDD\data\raw\dataset\train\TUBERCULOSIS\tb_00986.png
tb,train,tb_00987.png,G:\Ai-CDD\data\raw\dataset\train\TUBERCULOSIS\tb_00987.png
tb,train,tb_00988.png,G:\Ai-CDD\data\raw\dataset\train\TUBERCULOSIS\tb_00988.png
tb,train,tb_00989.png,G:\Ai-CDD\data\raw\dataset\train\TUBERCULOSIS\tb_00989.png
tb,train,tb_00990.png,G:\Ai-CDD\data\raw\dataset\train\TUBERCULOSIS\tb_00990.png
tb,train,tb_00991.png,G:\Ai-CDD\data\raw\dataset\train\TUBERCULOSIS\tb_00991.png
tb,train,tb_00992.png,G:\Ai-CDD\data\raw\dataset\train\TUBERCULOSIS\tb_00992.png
tb,train,tb_00993.png,G:\Ai-CDD\data\raw\dataset\train\TUBERCULOSIS\tb_00993.png
tb,train,tb_00994.png,G:\Ai-CDD\data\raw\dataset\train\TUBERCULOSIS\tb_00994.png
tb,train,tb_00995.png,G:\Ai-CDD\data\raw\dataset\train\TUBERCULOSIS\tb_00995.png
tb,train,tb_00996.png,G:\Ai-CDD\data\raw\dataset\train\TUBERCULOSIS\tb_00996.png
tb,train,tb_00997.png,G:\Ai-CDD\data\raw\dataset\train\TUBERCULOSIS\tb_00997.png
tb,train,tb_00998.png,G:\Ai-CDD\data\raw\dataset\train\TUBERCULOSIS\tb_00998.png
tb,train,tb_00999.png,G:\Ai-CDD\data\raw\dataset\train\TUBERCULOSIS\tb_00999.png
tb,train,tb_01000.png,G:\Ai-CDD\data\raw\dataset\train\TUBERCULOSIS\tb_01000.png
tb,train,tb_01001.png,G:\Ai-CDD\data\raw\dataset\train\TUBERCULOSIS\tb_01001.png
tb,train,tb_01003.png,G:\Ai-CDD\data\raw\dataset\train\TUBERCULOSIS\tb_01003.png
tb,train,tb_01004.png,G:\Ai-CDD\data\raw\dataset\train\TUBERCULOSIS\tb_01004.png
tb,train,tb_01005.png,G:\Ai-CDD\data\raw\dataset\train\TUBERCULOSIS\tb_01005.png
tb,train,tb_01006.png,G:\Ai-CDD\data\raw\dataset\train\TUBERCULOSIS\tb_01006.png
tb,train,tb_01007.png,G:\Ai-CDD\data\raw\dataset\train\TUBERCULOSIS\tb_01007.png
tb,train,tb_01008.png,G:\Ai-CDD\data\raw\dataset\train\TUBERCULOSIS\tb_01008.png
tb,train,tb_01009.png,G:\Ai-CDD\data\raw\dataset\train\TUBERCULOSIS\tb_01009.png
tb,train,tb_01010.png,G:\Ai-CDD\data\raw\dataset\train\TUBERCULOSIS\tb_01010.png
tb,train,tb_01011.png,G:\Ai-CDD\data\raw\dataset\train\TUBERCULOSIS\tb_01011.png
tb,train,tb_01012.png,G:\Ai-CDD\data\raw\dataset\train\TUBERCULOSIS\tb_01012.png
tb,train,tb_01013.png,G:\Ai-CDD\data\raw\dataset\train\TUBERCULOSIS\tb_01013.png
tb,train,tb_01014.png,G:\Ai-CDD\data\raw\dataset\train\TUBERCULOSIS\tb_01014.png
tb,train,tb_01015.png,G:\Ai-CDD\data\raw\dataset\train\TUBERCULOSIS\tb_01015.png
tb,train,tb_01016.png,G:\Ai-CDD\data\raw\dataset\train\TUBERCULOSIS\tb_01016.png
tb,train,tb_01017.png,G:\Ai-CDD\data\raw\dataset\train\TUBERCULOSIS\tb_01017.png
tb,train,tb_01018.png,G:\Ai-CDD\data\raw\dataset\train\TUBERCULOSIS\tb_01018.png
tb,train,tb_01019.png,G:\Ai-CDD\data\raw\dataset\train\TUBERCULOSIS\tb_01019.png
tb,train,tb_01020.png,G:\Ai-CDD\data\raw\dataset\train\TUBERCULOSIS\tb_01020.png
tb,train,tb_01021.png,G:\Ai-CDD\data\raw\dataset\train\TUBERCULOSIS\tb_01021.png
tb,train,tb_01022.png,G:\Ai-CDD\data\raw\dataset\train\TUBERCULOSIS\tb_01022.png
tb,train,tb_01023.png,G:\Ai-CDD\data\raw\dataset\train\TUBERCULOSIS\tb_01023.png
tb,train,tb_01024.png,G:\Ai-CDD\data\raw\dataset\train\TUBERCULOSIS\tb_01024.png
tb,train,tb_01025.png,G:\Ai-CDD\data\raw\dataset\train\TUBERCULOSIS\tb_01025.png
tb,train,tb_01026.png,G:\Ai-CDD\data\raw\dataset\train\TUBERCULOSIS\tb_01026.png
tb,train,tb_01027.png,G:\Ai-CDD\data\raw\dataset\train\TUBERCULOSIS\tb_01027.png
tb,train,tb_01028.png,G:\Ai-CDD\data\raw\dataset\train\TUBERCULOSIS\tb_01028.png
tb,train,tb_01029.png,G:\Ai-CDD\data\raw\dataset\train\TUBERCULOSIS\tb_01029.png
tb,train,tb_01030.png,G:\Ai-CDD\data\raw\dataset\train\TUBERCULOSIS\tb_01030.png
tb,train,tb_01031.png,G:\Ai-CDD\data\raw\dataset\train\TUBERCULOSIS\tb_01031.png
tb,train,tb_01032.png,G:\Ai-CDD\data\raw\dataset\train\TUBERCULOSIS\tb_01032.png
tb,train,tb_01033.png,G:\Ai-CDD\data\raw\dataset\train\TUBERCULOSIS\tb_01033.png
tb,train,tb_01034.png,G:\Ai-CDD\data\raw\dataset\train\TUBERCULOSIS\tb_01034.png
tb,train,tb_01035.png,G:\Ai-CDD\data\raw\dataset\train\TUBERCULOSIS\tb_01035.png
tb,train,tb_01036.png,G:\Ai-CDD\data\raw\dataset\train\TUBERCULOSIS\tb_01036.png
tb,train,tb_01037.png,G:\Ai-CDD\data\raw\dataset\train\TUBERCULOSIS\tb_01037.png
tb,train,tb_01038.png,G:\Ai-CDD\data\raw\dataset\train\TUBERCULOSIS\tb_01038.png
tb,train,tb_01039.png,G:\Ai-CDD\data\raw\dataset\train\TUBERCULOSIS\tb_01039.png
tb,train,tb_01040.png,G:\Ai-CDD\data\raw\dataset\train\TUBERCULOSIS\tb_01040.png
tb,train,tb_01041.png,G:\Ai-CDD\data\raw\dataset\train\TUBERCULOSIS\tb_01041.png
tb,train,tb_01042.png,G:\Ai-CDD\data\raw\dataset\train\TUBERCULOSIS\tb_01042.png
tb,train,tb_01043.png,G:\Ai-CDD\data\raw\dataset\train\TUBERCULOSIS\tb_01043.png
tb,train,tb_01044.png,G:\Ai-CDD\data\raw\dataset\train\TUBERCULOSIS\tb_01044.png
tb,train,tb_01045.png,G:\Ai-CDD\data\raw\dataset\train\TUBERCULOSIS\tb_01045.png
tb,train,tb_01046.png,G:\Ai-CDD\data\raw\dataset\train\TUBERCULOSIS\tb_01046.png
tb,train,tb_01047.png,G:\Ai-CDD\data\raw\dataset\train\TUBERCULOSIS\tb_01047.png
tb,train,tb_01048.png,G:\Ai-CDD\data\raw\dataset\train\TUBERCULOSIS\tb_01048.png
tb,train,tb_01049.png,G:\Ai-CDD\data\raw\dataset\train\TUBERCULOSIS\tb_01049.png
tb,train,tb_01050.png,G:\Ai-CDD\data\raw\dataset\train\TUBERCULOSIS\tb_01050.png
tb,train,tb_01051.png,G:\Ai-CDD\data\raw\dataset\train\TUBERCULOSIS\tb_01051.png
tb,train,tb_01052.png,G:\Ai-CDD\data\raw\dataset\train\TUBERCULOSIS\tb_01052.png
tb,train,tb_01053.png,G:\Ai-CDD\data\raw\dataset\train\TUBERCULOSIS\tb_01053.png
tb,train,tb_01054.png,G:\Ai-CDD\data\raw\dataset\train\TUBERCULOSIS\tb_01054.png
tb,train,tb_01055.png,G:\Ai-CDD\data\raw\dataset\train\TUBERCULOSIS\tb_01055.png
tb,train,tb_01056.png,G:\Ai-CDD\data\raw\dataset\train\TUBERCULOSIS\tb_01056.png
tb,train,tb_01057.png,G:\Ai-CDD\data\raw\dataset\train\TUBERCULOSIS\tb_01057.png
tb,train,tb_01058.png,G:\Ai-CDD\data\raw\dataset\train\TUBERCULOSIS\tb_01058.png
tb,train,tb_01059.png,G:\Ai-CDD\data\raw\dataset\train\TUBERCULOSIS\tb_01059.png
tb,train,tb_01060.png,G:\Ai-CDD\data\raw\dataset\train\TUBERCULOSIS\tb_01060.png
tb,train,tb_01061.png,G:\Ai-CDD\data\raw\dataset\train\TUBERCULOSIS\tb_01061.png
tb,train,tb_01062.png,G:\Ai-CDD\data\raw\dataset\train\TUBERCULOSIS\tb_01062.png
tb,train,tb_01063.png,G:\Ai-CDD\data\raw\dataset\train\TUBERCULOSIS\tb_01063.png
tb,train,tb_01064.png,G:\Ai-CDD\data\raw\dataset\train\TUBERCULOSIS\tb_01064.png
tb,train,tb_01065.png,G:\Ai-CDD\data\raw\dataset\train\TUBERCULOSIS\tb_01065.png
tb,train,tb_01066.png,G:\Ai-CDD\data\raw\dataset\train\TUBERCULOSIS\tb_01066.png
tb,train,tb_01067.png,G:\Ai-CDD\data\raw\dataset\train\TUBERCULOSIS\tb_01067.png
tb,train,tb_01068.png,G:\Ai-CDD\data\raw\dataset\train\TUBERCULOSIS\tb_01068.png
tb,train,tb_01069.png,G:\Ai-CDD\data\raw\dataset\train\TUBERCULOSIS\tb_01069.png
tb,train,tb_01070.png,G:\Ai-CDD\data\raw\dataset\train\TUBERCULOSIS\tb_01070.png
tb,train,tb_01071.png,G:\Ai-CDD\data\raw\dataset\train\TUBERCULOSIS\tb_01071.png
tb,train,tb_01072.png,G:\Ai-CDD\data\raw\dataset\train\TUBERCULOSIS\tb_01072.png
tb,train,tb_01073.png,G:\Ai-CDD\data\raw\dataset\train\TUBERCULOSIS\tb_01073.png
tb,train,tb_01074.png,G:\Ai-CDD\data\raw\dataset\train\TUBERCULOSIS\tb_01074.png
tb,train,tb_01075.png,G:\Ai-CDD\data\raw\dataset\train\TUBERCULOSIS\tb_01075.png
tb,train,tb_01076.png,G:\Ai-CDD\data\raw\dataset\train\TUBERCULOSIS\tb_01076.png
tb,train,tb_01077.png,G:\Ai-CDD\data\raw\dataset\train\TUBERCULOSIS\tb_01077.png
tb,train,tb_01078.png,G:\Ai-CDD\data\raw\dataset\train\TUBERCULOSIS\tb_01078.png
tb,train,tb_01079.png,G:\Ai-CDD\data\raw\dataset\train\TUBERCULOSIS\tb_01079.png
tb,train,tb_01080.png,G:\Ai-CDD\data\raw\dataset\train\TUBERCULOSIS\tb_01080.png
tb,train,tb_01081.png,G:\Ai-CDD\data\raw\dataset\train\TUBERCULOSIS\tb_01081.png
tb,train,tb_01082.png,G:\Ai-CDD\data\raw\dataset\train\TUBERCULOSIS\tb_01082.png
tb,train,tb_01083.png,G:\Ai-CDD\data\raw\dataset\train\TUBERCULOSIS\tb_01083.png
tb,train,tb_01084.png,G:\Ai-CDD\data\raw\dataset\train\TUBERCULOSIS\tb_01084.png
tb,train,tb_01085.png,G:\Ai-CDD\data\raw\dataset\train\TUBERCULOSIS\tb_01085.png
tb,train,tb_01086.png,G:\Ai-CDD\data\raw\dataset\train\TUBERCULOSIS\tb_01086.png
tb,train,tb_01087.png,G:\Ai-CDD\data\raw\dataset\train\TUBERCULOSIS\tb_01087.png
tb,train,tb_01088.png,G:\Ai-CDD\data\raw\dataset\train\TUBERCULOSIS\tb_01088.png
tb,train,tb_01089.png,G:\Ai-CDD\data\raw\dataset\train\TUBERCULOSIS\tb_01089.png
tb,train,tb_01090.png,G:\Ai-CDD\data\raw\dataset\train\TUBERCULOSIS\tb_01090.png
tb,train,tb_01091.png,G:\Ai-CDD\data\raw\dataset\train\TUBERCULOSIS\tb_01091.png
tb,train,tb_01092.png,G:\Ai-CDD\data\raw\dataset\train\TUBERCULOSIS\tb_01092.png
tb,train,tb_01093.png,G:\Ai-CDD\data\raw\dataset\train\TUBERCULOSIS\tb_01093.png
tb,train,tb_01094.png,G:\Ai-CDD\data\raw\dataset\train\TUBERCULOSIS\tb_01094.png
tb,train,tb_01095.png,G:\Ai-CDD\data\raw\dataset\train\TUBERCULOSIS\tb_01095.png
tb,train,tb_01096.png,G:\Ai-CDD\data\raw\dataset\train\TUBERCULOSIS\tb_01096.png
tb,train,tb_01097.png,G:\Ai-CDD\data\raw\dataset\train\TUBERCULOSIS\tb_01097.png
tb,train,tb_01098.png,G:\Ai-CDD\data\raw\dataset\train\TUBERCULOSIS\tb_01098.png
tb,train,tb_01099.png,G:\Ai-CDD\data\raw\dataset\train\TUBERCULOSIS\tb_01099.png
tb,train,tb_01100.png,G:\Ai-CDD\data\raw\dataset\train\TUBERCULOSIS\tb_01100.png
tb,train,tb_01101.png,G:\Ai-CDD\data\raw\dataset\train\TUBERCULOSIS\tb_01101.png
tb,train,tb_01102.png,G:\Ai-CDD\data\raw\dataset\train\TUBERCULOSIS\tb_01102.png
tb,train,tb_01103.png,G:\Ai-CDD\data\raw\dataset\train\TUBERCULOSIS\tb_01103.png
tb,train,tb_01104.png,G:\Ai-CDD\data\raw\dataset\train\TUBERCULOSIS\tb_01104.png
tb,train,tb_01105.png,G:\Ai-CDD\data\raw\dataset\train\TUBERCULOSIS\tb_01105.png
tb,train,tb_01106.png,G:\Ai-CDD\data\raw\dataset\train\TUBERCULOSIS\tb_01106.png
tb,train,tb_01107.png,G:\Ai-CDD\data\raw\dataset\train\TUBERCULOSIS\tb_01107.png
tb,train,tb_01108.png,G:\Ai-CDD\data\raw\dataset\train\TUBERCULOSIS\tb_01108.png
tb,train,tb_01109.png,G:\Ai-CDD\data\raw\dataset\train\TUBERCULOSIS\tb_01109.png
tb,train,tb_01110.png,G:\Ai-CDD\data\raw\dataset\train\TUBERCULOSIS\tb_01110.png
tb,train,tb_01111.png,G:\Ai-CDD\data\raw\dataset\train\TUBERCULOSIS\tb_01111.png
tb,train,tb_01112.png,G:\Ai-CDD\data\raw\dataset\train\TUBERCULOSIS\tb_01112.png
tb,train,tb_01113.png,G:\Ai-CDD\data\raw\dataset\train\TUBERCULOSIS\tb_01113.png
tb,train,tb_01114.png,G:\Ai-CDD\data\raw\dataset\train\TUBERCULOSIS\tb_01114.png
tb,train,tb_01115.png,G:\Ai-CDD\data\raw\dataset\train\TUBERCULOSIS\tb_01115.png
tb,train,tb_01116.png,G:\Ai-CDD\data\raw\dataset\train\TUBERCULOSIS\tb_01116.png
tb,train,tb_01117.png,G:\Ai-CDD\data\raw\dataset\train\TUBERCULOSIS\tb_01117.png
tb,train,tb_01118.png,G:\Ai-CDD\data\raw\dataset\train\TUBERCULOSIS\tb_01118.png
tb,train,tb_01119.png,G:\Ai-CDD\data\raw\dataset\train\TUBERCULOSIS\tb_01119.png
tb,train,tb_01120.png,G:\Ai-CDD\data\raw\dataset\train\TUBERCULOSIS\tb_01120.png
tb,train,tb_01121.png,G:\Ai-CDD\data\raw\dataset\train\TUBERCULOSIS\tb_01121.png
tb,train,tb_01122.png,G:\Ai-CDD\data\raw\dataset\train\TUBERCULOSIS\tb_01122.png
tb,train,tb_01123.png,G:\Ai-CDD\data\raw\dataset\train\TUBERCULOSIS\tb_01123.png
tb,train,tb_01124.png,G:\Ai-CDD\data\raw\dataset\train\TUBERCULOSIS\tb_01124.png
tb,train,tb_01125.png,G:\Ai-CDD\data\raw\dataset\train\TUBERCULOSIS\tb_01125.png
tb,train,tb_01126.png,G:\Ai-CDD\data\raw\dataset\train\TUBERCULOSIS\tb_01126.png
tb,train,tb_01127.png,G:\Ai-CDD\data\raw\dataset\train\TUBERCULOSIS\tb_01127.png
tb,train,tb_01128.png,G:\Ai-CDD\data\raw\dataset\train\TUBERCULOSIS\tb_01128.png
tb,train,tb_01129.png,G:\Ai-CDD\data\raw\dataset\train\TUBERCULOSIS\tb_01129.png
tb,train,tb_01130.png,G:\Ai-CDD\data\raw\dataset\train\TUBERCULOSIS\tb_01130.png
tb,train,tb_01131.png,G:\Ai-CDD\data\raw\dataset\train\TUBERCULOSIS\tb_01131.png
tb,train,tb_01132.png,G:\Ai-CDD\data\raw\dataset\train\TUBERCULOSIS\tb_01132.png
tb,train,tb_01133.png,G:\Ai-CDD\data\raw\dataset\train\TUBERCULOSIS\tb_01133.png
tb,train,tb_01134.png,G:\Ai-CDD\data\raw\dataset\train\TUBERCULOSIS\tb_01134.png
tb,train,tb_01135.png,G:\Ai-CDD\data\raw\dataset\train\TUBERCULOSIS\tb_01135.png
tb,train,tb_01136.png,G:\Ai-CDD\data\raw\dataset\train\TUBERCULOSIS\tb_01136.png
tb,train,tb_01137.png,G:\Ai-CDD\data\raw\dataset\train\TUBERCULOSIS\tb_01137.png
tb,train,tb_01138.png,G:\Ai-CDD\data\raw\dataset\train\TUBERCULOSIS\tb_01138.png
tb,train,tb_01139.png,G:\Ai-CDD\data\raw\dataset\train\TUBERCULOSIS\tb_01139.png
tb,train,tb_01140.png,G:\Ai-CDD\data\raw\dataset\train\TUBERCULOSIS\tb_01140.png
tb,train,tb_01141.png,G:\Ai-CDD\data\raw\dataset\train\TUBERCULOSIS\tb_01141.png
tb,train,tb_01142.png,G:\Ai-CDD\data\raw\dataset\train\TUBERCULOSIS\tb_01142.png
tb,train,tb_01143.png,G:\Ai-CDD\data\raw\dataset\train\TUBERCULOSIS\tb_01143.png
tb,train,tb_01144.png,G:\Ai-CDD\data\raw\dataset\train\TUBERCULOSIS\tb_01144.png
tb,train,tb_01145.png,G:\Ai-CDD\data\raw\dataset\train\TUBERCULOSIS\tb_01145.png
tb,train,tb_01146.png,G:\Ai-CDD\data\raw\dataset\train\TUBERCULOSIS\tb_01146.png
tb,train,tb_01147.png,G:\Ai-CDD\data\raw\dataset\train\TUBERCULOSIS\tb_01147.png
tb,train,tb_01148.png,G:\Ai-CDD\data\raw\dataset\train\TUBERCULOSIS\tb_01148.png
tb,train,tb_01149.png,G:\Ai-CDD\data\raw\dataset\train\TUBERCULOSIS\tb_01149.png
tb,train,tb_01150.png,G:\Ai-CDD\data\raw\dataset\train\TUBERCULOSIS\tb_01150.png
tb,train,tb_01151.png,G:\Ai-CDD\data\raw\dataset\train\TUBERCULOSIS\tb_01151.png
tb,train,tb_01152.png,G:\Ai-CDD\data\raw\dataset\train\TUBERCULOSIS\tb_01152.png
tb,train,tb_01153.png,G:\Ai-CDD\data\raw\dataset\train\TUBERCULOSIS\tb_01153.png
tb,train,tb_01154.png,G:\Ai-CDD\data\raw\dataset\train\TUBERCULOSIS\tb_01154.png
tb,train,tb_01155.png,G:\Ai-CDD\data\raw\dataset\train\TUBERCULOSIS\tb_01155.png
tb,train,tb_01156.png,G:\Ai-CDD\data\raw\dataset\train\TUBERCULOSIS\tb_01156.png
tb,train,tb_01157.png,G:\Ai-CDD\data\raw\dataset\train\TUBERCULOSIS\tb_01157.png
tb,train,tb_01158.png,G:\Ai-CDD\data\raw\dataset\train\TUBERCULOSIS\tb_01158.png
tb,train,tb_01159.png,G:\Ai-CDD\data\raw\dataset\train\TUBERCULOSIS\tb_01159.png
tb,train,tb_01160.png,G:\Ai-CDD\data\raw\dataset\train\TUBERCULOSIS\tb_01160.png
tb,train,tb_01161.png,G:\Ai-CDD\data\raw\dataset\train\TUBERCULOSIS\tb_01161.png
tb,train,tb_01162.png,G:\Ai-CDD\data\raw\dataset\train\TUBERCULOSIS\tb_01162.png
tb,train,tb_01163.png,G:\Ai-CDD\data\raw\dataset\train\TUBERCULOSIS\tb_01163.png
tb,train,tb_01164.png,G:\Ai-CDD\data\raw\dataset\train\TUBERCULOSIS\tb_01164.png
tb,train,tb_01165.png,G:\Ai-CDD\data\raw\dataset\train\TUBERCULOSIS\tb_01165.png
tb,train,tb_01166.png,G:\Ai-CDD\data\raw\dataset\train\TUBERCULOSIS\tb_01166.png
tb,train,tb_01167.png,G:\Ai-CDD\data\raw\dataset\train\TUBERCULOSIS\tb_01167.png
tb,train,tb_01168.png,G:\Ai-CDD\data\raw\dataset\train\TUBERCULOSIS\tb_01168.png
tb,train,tb_01169.png,G:\Ai-CDD\data\raw\dataset\train\TUBERCULOSIS\tb_01169.png
tb,train,tb_01170.png,G:\Ai-CDD\data\raw\dataset\train\TUBERCULOSIS\tb_01170.png
tb,train,tb_01171.png,G:\Ai-CDD\data\raw\dataset\train\TUBERCULOSIS\tb_01171.png
tb,train,tb_01172.png,G:\Ai-CDD\data\raw\dataset\train\TUBERCULOSIS\tb_01172.png
tb,train,tb_01173.png,G:\Ai-CDD\data\raw\dataset\train\TUBERCULOSIS\tb_01173.png
tb,train,tb_01174.png,G:\Ai-CDD\data\raw\dataset\train\TUBERCULOSIS\tb_01174.png
tb,train,tb_01175.png,G:\Ai-CDD\data\raw\dataset\train\TUBERCULOSIS\tb_01175.png
tb,train,tb_01176.png,G:\Ai-CDD\data\raw\dataset\train\TUBERCULOSIS\tb_01176.png
tb,train,tb_01177.png,G:\Ai-CDD\data\raw\dataset\train\TUBERCULOSIS\tb_01177.png
tb,train,tb_01178.png,G:\Ai-CDD\data\raw\dataset\train\TUBERCULOSIS\tb_01178.png
tb,train,tb_01179.png,G:\Ai-CDD\data\raw\dataset\train\TUBERCULOSIS\tb_01179.png
tb,train,tb_01180.png,G:\Ai-CDD\data\raw\dataset\train\TUBERCULOSIS\tb_01180.png
tb,train,tb_01181.png,G:\Ai-CDD\data\raw\dataset\train\TUBERCULOSIS\tb_01181.png
tb,train,tb_01182.png,G:\Ai-CDD\data\raw\dataset\train\TUBERCULOSIS\tb_01182.png
tb,train,tb_01183.png,G:\Ai-CDD\data\raw\dataset\train\TUBERCULOSIS\tb_01183.png
tb,train,tb_01184.png,G:\Ai-CDD\data\raw\dataset\train\TUBERCULOSIS\tb_01184.png
tb,train,tb_01185.png,G:\Ai-CDD\data\raw\dataset\train\TUBERCULOSIS\tb_01185.png
tb,train,tb_01186.png,G:\Ai-CDD\data\raw\dataset\train\TUBERCULOSIS\tb_01186.png
tb,train,tb_01187.png,G:\Ai-CDD\data\raw\dataset\train\TUBERCULOSIS\tb_01187.png
tb,train,tb_01188.png,G:\Ai-CDD\data\raw\dataset\train\TUBERCULOSIS\tb_01188.png
tb,train,tb_01189.png,G:\Ai-CDD\data\raw\dataset\train\TUBERCULOSIS\tb_01189.png
tb,train,tb_01190.png,G:\Ai-CDD\data\raw\dataset\train\TUBERCULOSIS\tb_01190.png
tb,train,tb_01191.png,G:\Ai-CDD\data\raw\dataset\train\TUBERCULOSIS\tb_01191.png
tb,train,tb_01192.png,G:\Ai-CDD\data\raw\dataset\train\TUBERCULOSIS\tb_01192.png
tb,train,tb_01193.png,G:\Ai-CDD\data\raw\dataset\train\TUBERCULOSIS\tb_01193.png
tb,train,tb_01194.png,G:\Ai-CDD\data\raw\dataset\train\TUBERCULOSIS\tb_01194.png
tb,train,tb_01195.png,G:\Ai-CDD\data\raw\dataset\train\TUBERCULOSIS\tb_01195.png
tb,train,tb_01196.png,G:\Ai-CDD\data\raw\dataset\train\TUBERCULOSIS\tb_01196.png
tb,train,tb_01197.png,G:\Ai-CDD\data\raw\dataset\train\TUBERCULOSIS\tb_01197.png
tb,train,tb_01198.png,G:\Ai-CDD\data\raw\dataset\train\TUBERCULOSIS\tb_01198.png
tb,train,tb_01199.png,G:\Ai-CDD\data\raw\dataset\train\TUBERCULOSIS\tb_01199.png
tb,train,tb_01200.png,G:\Ai-CDD\data\raw\dataset\train\TUBERCULOSIS\tb_01200.png
tb,train,tb_01201.png,G:\Ai-CDD\data\raw\dataset\train\TUBERCULOSIS\tb_01201.png
tb,train,tb_01202.png,G:\Ai-CDD\data\raw\dataset\train\TUBERCULOSIS\tb_01202.png
tb,train,tb_01203.png,G:\Ai-CDD\data\raw\dataset\train\TUBERCULOSIS\tb_01203.png
tb,train,tb_01204.png,G:\Ai-CDD\data\raw\dataset\train\TUBERCULOSIS\tb_01204.png
tb,train,tb_01205.png,G:\Ai-CDD\data\raw\dataset\train\TUBERCULOSIS\tb_01205.png
tb,train,tb_01206.png,G:\Ai-CDD\data\raw\dataset\train\TUBERCULOSIS\tb_01206.png
tb,train,tb_01207.png,G:\Ai-CDD\data\raw\dataset\train\TUBERCULOSIS\tb_01207.png
tb,train,tb_01208.png,G:\Ai-CDD\data\raw\dataset\train\TUBERCULOSIS\tb_01208.png
tb,train,tb_01209.png,G:\Ai-CDD\data\raw\dataset\train\TUBERCULOSIS\tb_01209.png
tb,train,tb_01210.png,G:\Ai-CDD\data\raw\dataset\train\TUBERCULOSIS\tb_01210.png
tb,train,tb_01211.png,G:\Ai-CDD\data\raw\dataset\train\TUBERCULOSIS\tb_01211.png
tb,train,tb_01212.png,G:\Ai-CDD\data\raw\dataset\train\TUBERCULOSIS\tb_01212.png
tb,train,tb_01213.png,G:\Ai-CDD\data\raw\dataset\train\TUBERCULOSIS\tb_01213.png
tb,train,tb_01214.png,G:\Ai-CDD\data\raw\dataset\train\TUBERCULOSIS\tb_01214.png
tb,train,tb_01215.png,G:\Ai-CDD\data\raw\dataset\train\TUBERCULOSIS\tb_01215.png
tb,train,tb_01216.png,G:\Ai-CDD\data\raw\dataset\train\TUBERCULOSIS\tb_01216.png
tb,train,tb_01217.png,G:\Ai-CDD\data\raw\dataset\train\TUBERCULOSIS\tb_01217.png
tb,train,tb_01218.png,G:\Ai-CDD\data\raw\dataset\train\TUBERCULOSIS\tb_01218.png
tb,train,tb_01219.png,G:\Ai-CDD\data\raw\dataset\train\TUBERCULOSIS\tb_01219.png
tb,train,tb_01220.png,G:\Ai-CDD\data\raw\dataset\train\TUBERCULOSIS\tb_01220.png
tb,train,tb_01221.png,G:\Ai-CDD\data\raw\dataset\train\TUBERCULOSIS\tb_01221.png
tb,train,tb_01222.png,G:\Ai-CDD\data\raw\dataset\train\TUBERCULOSIS\tb_01222.png
tb,train,tb_01223.png,G:\Ai-CDD\data\raw\dataset\train\TUBERCULOSIS\tb_01223.png
tb,train,tb_01224.png,G:\Ai-CDD\data\raw\dataset\train\TUBERCULOSIS\tb_01224.png
tb,train,tb_01225.png,G:\Ai-CDD\data\raw\dataset\train\TUBERCULOSIS\tb_01225.png
tb,train,tb_01226.png,G:\Ai-CDD\data\raw\dataset\train\TUBERCULOSIS\tb_01226.png
tb,train,tb_01227.png,G:\Ai-CDD\data\raw\dataset\train\TUBERCULOSIS\tb_01227.png
tb,train,tb_01228.png,G:\Ai-CDD\data\raw\dataset\train\TUBERCULOSIS\tb_01228.png
tb,train,tb_01229.png,G:\Ai-CDD\data\raw\dataset\train\TUBERCULOSIS\tb_01229.png
tb,train,tb_01230.png,G:\Ai-CDD\data\raw\dataset\train\TUBERCULOSIS\tb_01230.png
tb,train,tb_01231.png,G:\Ai-CDD\data\raw\dataset\train\TUBERCULOSIS\tb_01231.png
tb,train,tb_01232.png,G:\Ai-CDD\data\raw\dataset\train\TUBERCULOSIS\tb_01232.png
tb,train,tb_01233.png,G:\Ai-CDD\data\raw\dataset\train\TUBERCULOSIS\tb_01233.png
tb,train,tb_01234.png,G:\Ai-CDD\data\raw\dataset\train\TUBERCULOSIS\tb_01234.png
tb,train,tb_01235.png,G:\Ai-CDD\data\raw\dataset\train\TUBERCULOSIS\tb_01235.png
tb,train,tb_01236.png,G:\Ai-CDD\data\raw\dataset\train\TUBERCULOSIS\tb_01236.png
tb,train,tb_01237.png,G:\Ai-CDD\data\raw\dataset\train\TUBERCULOSIS\tb_01237.png
tb,train,tb_01238.png,G:\Ai-CDD\data\raw\dataset\train\TUBERCULOSIS\tb_01238.png
tb,train,tb_01239.png,G:\Ai-CDD\data\raw\dataset\train\TUBERCULOSIS\tb_01239.png
tb,train,tb_01240.png,G:\Ai-CDD\data\raw\dataset\train\TUBERCULOSIS\tb_01240.png
tb,train,tb_01241.png,G:\Ai-CDD\data\raw\dataset\train\TUBERCULOSIS\tb_01241.png
tb,train,tb_01242.png,G:\Ai-CDD\data\raw\dataset\train\TUBERCULOSIS\tb_01242.png
tb,train,tb_01243.png,G:\Ai-CDD\data\raw\dataset\train\TUBERCULOSIS\tb_01243.png
tb,train,tb_01244.png,G:\Ai-CDD\data\raw\dataset\train\TUBERCULOSIS\tb_01244.png
tb,train,tb_01245.png,G:\Ai-CDD\data\raw\dataset\train\TUBERCULOSIS\tb_01245.png
tb,train,tb_01246.png,G:\Ai-CDD\data\raw\dataset\train\TUBERCULOSIS\tb_01246.png
tb,train,tb_01247.png,G:\Ai-CDD\data\raw\dataset\train\TUBERCULOSIS\tb_01247.png
tb,train,tb_01248.png,G:\Ai-CDD\data\raw\dataset\train\TUBERCULOSIS\tb_01248.png
tb,train,tb_01249.png,G:\Ai-CDD\data\raw\dataset\train\TUBERCULOSIS\tb_01249.png
tb,train,tb_01250.png,G:\Ai-CDD\data\raw\dataset\train\TUBERCULOSIS\tb_01250.png
tb,train,tb_01251.png,G:\Ai-CDD\data\raw\dataset\train\TUBERCULOSIS\tb_01251.png
tb,train,tb_01252.png,G:\Ai-CDD\data\raw\dataset\train\TUBERCULOSIS\tb_01252.png
tb,train,tb_01253.png,G:\Ai-CDD\data\raw\dataset\train\TUBERCULOSIS\tb_01253.png
tb,train,tb_01254.png,G:\Ai-CDD\data\raw\dataset\train\TUBERCULOSIS\tb_01254.png
tb,train,tb_01255.png,G:\Ai-CDD\data\raw\dataset\train\TUBERCULOSIS\tb_01255.png
tb,train,tb_01256.png,G:\Ai-CDD\data\raw\dataset\train\TUBERCULOSIS\tb_01256.png
tb,train,tb_01257.png,G:\Ai-CDD\data\raw\dataset\train\TUBERCULOSIS\tb_01257.png
tb,train,tb_01258.png,G:\Ai-CDD\data\raw\dataset\train\TUBERCULOSIS\tb_01258.png
tb,train,tb_01259.png,G:\Ai-CDD\data\raw\dataset\train\TUBERCULOSIS\tb_01259.png
tb,train,tb_01260.png,G:\Ai-CDD\data\raw\dataset\train\TUBERCULOSIS\tb_01260.png
tb,train,tb_01261.png,G:\Ai-CDD\data\raw\dataset\train\TUBERCULOSIS\tb_01261.png
tb,train,tb_01262.png,G:\Ai-CDD\data\raw\dataset\train\TUBERCULOSIS\tb_01262.png
tb,train,tb_01263.png,G:\Ai-CDD\data\raw\dataset\train\TUBERCULOSIS\tb_01263.png
tb,train,tb_01264.png,G:\Ai-CDD\data\raw\dataset\train\TUBERCULOSIS\tb_01264.png
tb,train,tb_01265.png,G:\Ai-CDD\data\raw\dataset\train\TUBERCULOSIS\tb_01265.png
tb,train,tb_01266.png,G:\Ai-CDD\data\raw\dataset\train\TUBERCULOSIS\tb_01266.png
tb,train,tb_01267.png,G:\Ai-CDD\data\raw\dataset\train\TUBERCULOSIS\tb_01267.png
tb,train,tb_01268.png,G:\Ai-CDD\data\raw\dataset\train\TUBERCULOSIS\tb_01268.png
tb,train,tb_01269.png,G:\Ai-CDD\data\raw\dataset\train\TUBERCULOSIS\tb_01269.png
tb,train,tb_01270.png,G:\Ai-CDD\data\raw\dataset\train\TUBERCULOSIS\tb_01270.png
tb,train,tb_01271.png,G:\Ai-CDD\data\raw\dataset\train\TUBERCULOSIS\tb_01271.png
tb,train,tb_01272.png,G:\Ai-CDD\data\raw\dataset\train\TUBERCULOSIS\tb_01272.png
tb,train,tb_01273.png,G:\Ai-CDD\data\raw\dataset\train\TUBERCULOSIS\tb_01273.png
tb,train,tb_01274.png,G:\Ai-CDD\data\raw\dataset\train\TUBERCULOSIS\tb_01274.png
tb,train,tb_01275.png,G:\Ai-CDD\data\raw\dataset\train\TUBERCULOSIS\tb_01275.png
tb,train,tb_01276.png,G:\Ai-CDD\data\raw\dataset\train\TUBERCULOSIS\tb_01276.png
tb,train,tb_01277.png,G:\Ai-CDD\data\raw\dataset\train\TUBERCULOSIS\tb_01277.png
tb,train,tb_01278.png,G:\Ai-CDD\data\raw\dataset\train\TUBERCULOSIS\tb_01278.png
tb,train,tb_01279.png,G:\Ai-CDD\data\raw\dataset\train\TUBERCULOSIS\tb_01279.png
tb,train,tb_01280.png,G:\Ai-CDD\data\raw\dataset\train\TUBERCULOSIS\tb_01280.png
tb,train,tb_01281.png,G:\Ai-CDD\data\raw\dataset\train\TUBERCULOSIS\tb_01281.png
tb,train,tb_01282.png,G:\Ai-CDD\data\raw\dataset\train\TUBERCULOSIS\tb_01282.png
tb,train,tb_01283.png,G:\Ai-CDD\data\raw\dataset\train\TUBERCULOSIS\tb_01283.png
tb,train,tb_01284.png,G:\Ai-CDD\data\raw\dataset\train\TUBERCULOSIS\tb_01284.png
tb,train,tb_01285.png,G:\Ai-CDD\data\raw\dataset\train\TUBERCULOSIS\tb_01285.png
tb,train,tb_01286.png,G:\Ai-CDD\data\raw\dataset\train\TUBERCULOSIS\tb_01286.png
tb,train,tb_01287.png,G:\Ai-CDD\data\raw\dataset\train\TUBERCULOSIS\tb_01287.png
tb,train,tb_01288.png,G:\Ai-CDD\data\raw\dataset\train\TUBERCULOSIS\tb_01288.png
tb,train,tb_01289.png,G:\Ai-CDD\data\raw\dataset\train\TUBERCULOSIS\tb_01289.png
tb,train,tb_01290.png,G:\Ai-CDD\data\raw\dataset\train\TUBERCULOSIS\tb_01290.png
tb,train,tb_01291.png,G:\Ai-CDD\data\raw\dataset\train\TUBERCULOSIS\tb_01291.png
tb,train,tb_01292.png,G:\Ai-CDD\data\raw\dataset\train\TUBERCULOSIS\tb_01292.png
tb,train,tb_01293.png,G:\Ai-CDD\data\raw\dataset\train\TUBERCULOSIS\tb_01293.png
tb,train,tb_01294.png,G:\Ai-CDD\data\raw\dataset\train\TUBERCULOSIS\tb_01294.png
tb,train,tb_01295.png,G:\Ai-CDD\data\raw\dataset\train\TUBERCULOSIS\tb_01295.png
tb,train,tb_01296.png,G:\Ai-CDD\data\raw\dataset\train\TUBERCULOSIS\tb_01296.png
tb,train,tb_01297.png,G:\Ai-CDD\data\raw\dataset\train\TUBERCULOSIS\tb_01297.png
tb,train,tb_01298.png,G:\Ai-CDD\data\raw\dataset\train\TUBERCULOSIS\tb_01298.png
tb,train,tb_01299.png,G:\Ai-CDD\data\raw\dataset\train\TUBERCULOSIS\tb_01299.png
tb,train,tb_01300.png,G:\Ai-CDD\data\raw\dataset\train\TUBERCULOSIS\tb_01300.png
tb,train,tb_01301.png,G:\Ai-CDD\data\raw\dataset\train\TUBERCULOSIS\tb_01301.png
tb,train,tb_01302.png,G:\Ai-CDD\data\raw\dataset\train\TUBERCULOSIS\tb_01302.png
tb,train,tb_01303.png,G:\Ai-CDD\data\raw\dataset\train\TUBERCULOSIS\tb_01303.png
tb,train,tb_01304.png,G:\Ai-CDD\data\raw\dataset\train\TUBERCULOSIS\tb_01304.png
tb,train,tb_01305.png,G:\Ai-CDD\data\raw\dataset\train\TUBERCULOSIS\tb_01305.png
tb,train,tb_01306.png,G:\Ai-CDD\data\raw\dataset\train\TUBERCULOSIS\tb_01306.png
tb,train,tb_01307.png,G:\Ai-CDD\data\raw\dataset\train\TUBERCULOSIS\tb_01307.png
tb,train,tb_01308.png,G:\Ai-CDD\data\raw\dataset\train\TUBERCULOSIS\tb_01308.png
tb,train,tb_01309.png,G:\Ai-CDD\data\raw\dataset\train\TUBERCULOSIS\tb_01309.png
tb,train,tb_01310.png,G:\Ai-CDD\data\raw\dataset\train\TUBERCULOSIS\tb_01310.png
tb,train,tb_01311.png,G:\Ai-CDD\data\raw\dataset\train\TUBERCULOSIS\tb_01311.png
tb,train,tb_01312.png,G:\Ai-CDD\data\raw\dataset\train\TUBERCULOSIS\tb_01312.png
tb,train,tb_01313.png,G:\Ai-CDD\data\raw\dataset\train\TUBERCULOSIS\tb_01313.png
tb,train,tb_01314.png,G:\Ai-CDD\data\raw\dataset\train\TUBERCULOSIS\tb_01314.png
tb,train,tb_01315.png,G:\Ai-CDD\data\raw\dataset\train\TUBERCULOSIS\tb_01315.png
tb,train,tb_01316.png,G:\Ai-CDD\data\raw\dataset\train\TUBERCULOSIS\tb_01316.png
tb,train,tb_01317.png,G:\Ai-CDD\data\raw\dataset\train\TUBERCULOSIS\tb_01317.png
tb,train,tb_01318.png,G:\Ai-CDD\data\raw\dataset\train\TUBERCULOSIS\tb_01318.png
tb,train,tb_01319.png,G:\Ai-CDD\data\raw\dataset\train\TUBERCULOSIS\tb_01319.png
tb,train,tb_01320.png,G:\Ai-CDD\data\raw\dataset\train\TUBERCULOSIS\tb_01320.png
tb,train,tb_01321.png,G:\Ai-CDD\data\raw\dataset\train\TUBERCULOSIS\tb_01321.png
tb,train,tb_01322.png,G:\Ai-CDD\data\raw\dataset\train\TUBERCULOSIS\tb_01322.png
tb,train,tb_01323.png,G:\Ai-CDD\data\raw\dataset\train\TUBERCULOSIS\tb_01323.png
tb,train,tb_01324.png,G:\Ai-CDD\data\raw\dataset\train\TUBERCULOSIS\tb_01324.png
tb,train,tb_01325.png,G:\Ai-CDD\data\raw\dataset\train\TUBERCULOSIS\tb_01325.png
tb,train,tb_01326.png,G:\Ai-CDD\data\raw\dataset\train\TUBERCULOSIS\tb_01326.png
tb,train,tb_01327.png,G:\Ai-CDD\data\raw\dataset\train\TUBERCULOSIS\tb_01327.png
tb,train,tb_01328.png,G:\Ai-CDD\data\raw\dataset\train\TUBERCULOSIS\tb_01328.png
tb,train,tb_01329.png,G:\Ai-CDD\data\raw\dataset\train\TUBERCULOSIS\tb_01329.png
tb,train,tb_01330.png,G:\Ai-CDD\data\raw\dataset\train\TUBERCULOSIS\tb_01330.png
tb,train,tb_01331.png,G:\Ai-CDD\data\raw\dataset\train\TUBERCULOSIS\tb_01331.png
tb,train,tb_01332.png,G:\Ai-CDD\data\raw\dataset\train\TUBERCULOSIS\tb_01332.png
tb,train,tb_01333.png,G:\Ai-CDD\data\raw\dataset\train\TUBERCULOSIS\tb_01333.png
tb,train,tb_01334.png,G:\Ai-CDD\data\raw\dataset\train\TUBERCULOSIS\tb_01334.png
tb,train,tb_01335.png,G:\Ai-CDD\data\raw\dataset\train\TUBERCULOSIS\tb_01335.png
tb,train,tb_01336.png,G:\Ai-CDD\data\raw\dataset\train\TUBERCULOSIS\tb_01336.png
tb,train,tb_01337.png,G:\Ai-CDD\data\raw\dataset\train\TUBERCULOSIS\tb_01337.png
tb,train,tb_01338.png,G:\Ai-CDD\data\raw\dataset\train\TUBERCULOSIS\tb_01338.png
tb,train,tb_01339.png,G:\Ai-CDD\data\raw\dataset\train\TUBERCULOSIS\tb_01339.png
tb,train,tb_01340.png,G:\Ai-CDD\data\raw\dataset\train\TUBERCULOSIS\tb_01340.png
tb,train,tb_01341.png,G:\Ai-CDD\data\raw\dataset\train\TUBERCULOSIS\tb_01341.png
tb,train,tb_01342.png,G:\Ai-CDD\data\raw\dataset\train\TUBERCULOSIS\tb_01342.png
tb,train,tb_01343.png,G:\Ai-CDD\data\raw\dataset\train\TUBERCULOSIS\tb_01343.png
tb,train,tb_01344.png,G:\Ai-CDD\data\raw\dataset\train\TUBERCULOSIS\tb_01344.png
tb,train,tb_01345.png,G:\Ai-CDD\data\raw\dataset\train\TUBERCULOSIS\tb_01345.png
tb,train,tb_01346.png,G:\Ai-CDD\data\raw\dataset\train\TUBERCULOSIS\tb_01346.png
tb,train,tb_01347.png,G:\Ai-CDD\data\raw\dataset\train\TUBERCULOSIS\tb_01347.png
tb,train,tb_01348.png,G:\Ai-CDD\data\raw\dataset\train\TUBERCULOSIS\tb_01348.png
tb,train,tb_01349.png,G:\Ai-CDD\data\raw\dataset\train\TUBERCULOSIS\tb_01349.png
tb,train,tb_01350.png,G:\Ai-CDD\data\raw\dataset\train\TUBERCULOSIS\tb_01350.png
tb,train,tb_01351.png,G:\Ai-CDD\data\raw\dataset\train\TUBERCULOSIS\tb_01351.png
tb,train,tb_01352.png,G:\Ai-CDD\data\raw\dataset\train\TUBERCULOSIS\tb_01352.png
tb,train,tb_01353.png,G:\Ai-CDD\data\raw\dataset\train\TUBERCULOSIS\tb_01353.png
tb,train,tb_01354.png,G:\Ai-CDD\data\raw\dataset\train\TUBERCULOSIS\tb_01354.png
tb,train,tb_01355.png,G:\Ai-CDD\data\raw\dataset\train\TUBERCULOSIS\tb_01355.png
tb,train,tb_01356.png,G:\Ai-CDD\data\raw\dataset\train\TUBERCULOSIS\tb_01356.png
tb,train,tb_01357.png,G:\Ai-CDD\data\raw\dataset\train\TUBERCULOSIS\tb_01357.png
tb,train,tb_01358.png,G:\Ai-CDD\data\raw\dataset\train\TUBERCULOSIS\tb_01358.png
tb,train,tb_01359.png,G:\Ai-CDD\data\raw\dataset\train\TUBERCULOSIS\tb_01359.png
tb,train,tb_01360.png,G:\Ai-CDD\data\raw\dataset\train\TUBERCULOSIS\tb_01360.png
tb,train,tb_01361.png,G:\Ai-CDD\data\raw\dataset\train\TUBERCULOSIS\tb_01361.png
tb,train,tb_01362.png,G:\Ai-CDD\data\raw\dataset\train\TUBERCULOSIS\tb_01362.png
tb,train,tb_01363.png,G:\Ai-CDD\data\raw\dataset\train\TUBERCULOSIS\tb_01363.png
tb,train,tb_01364.png,G:\Ai-CDD\data\raw\dataset\train\TUBERCULOSIS\tb_01364.png
tb,train,tb_01365.png,G:\Ai-CDD\data\raw\dataset\train\TUBERCULOSIS\tb_01365.png
tb,train,tb_01366.png,G:\Ai-CDD\data\raw\dataset\train\TUBERCULOSIS\tb_01366.png
tb,train,tb_01367.png,G:\Ai-CDD\data\raw\dataset\train\TUBERCULOSIS\tb_01367.png
tb,train,tb_01368.png,G:\Ai-CDD\data\raw\dataset\train\TUBERCULOSIS\tb_01368.png
tb,train,tb_01369.png,G:\Ai-CDD\data\raw\dataset\train\TUBERCULOSIS\tb_01369.png
tb,train,tb_01370.png,G:\Ai-CDD\data\raw\dataset\train\TUBERCULOSIS\tb_01370.png
tb,train,tb_01371.png,G:\Ai-CDD\data\raw\dataset\train\TUBERCULOSIS\tb_01371.png
tb,train,tb_01372.png,G:\Ai-CDD\data\raw\dataset\train\TUBERCULOSIS\tb_01372.png
tb,train,tb_01373.png,G:\Ai-CDD\data\raw\dataset\train\TUBERCULOSIS\tb_01373.png
tb,train,tb_01374.png,G:\Ai-CDD\data\raw\dataset\train\TUBERCULOSIS\tb_01374.png
tb,train,tb_01375.png,G:\Ai-CDD\data\raw\dataset\train\TUBERCULOSIS\tb_01375.png
tb,train,tb_01376.png,G:\Ai-CDD\data\raw\dataset\train\TUBERCULOSIS\tb_01376.png
tb,train,tb_01377.png,G:\Ai-CDD\data\raw\dataset\train\TUBERCULOSIS\tb_01377.png
tb,train,tb_01378.png,G:\Ai-CDD\data\raw\dataset\train\TUBERCULOSIS\tb_01378.png
tb,train,tb_01379.png,G:\Ai-CDD\data\raw\dataset\train\TUBERCULOSIS\tb_01379.png
tb,train,tb_01380.png,G:\Ai-CDD\data\raw\dataset\train\TUBERCULOSIS\tb_01380.png
tb,train,tb_01381.png,G:\Ai-CDD\data\raw\dataset\train\TUBERCULOSIS\tb_01381.png
tb,train,tb_01382.png,G:\Ai-CDD\data\raw\dataset\train\TUBERCULOSIS\tb_01382.png
tb,train,tb_01383.png,G:\Ai-CDD\data\raw\dataset\train\TUBERCULOSIS\tb_01383.png
tb,train,tb_01384.png,G:\Ai-CDD\data\raw\dataset\train\TUBERCULOSIS\tb_01384.png
tb,train,tb_01385.png,G:\Ai-CDD\data\raw\dataset\train\TUBERCULOSIS\tb_01385.png
tb,train,tb_01386.png,G:\Ai-CDD\data\raw\dataset\train\TUBERCULOSIS\tb_01386.png
tb,train,tb_01387.png,G:\Ai-CDD\data\raw\dataset\train\TUBERCULOSIS\tb_01387.png
tb,train,tb_01388.png,G:\Ai-CDD\data\raw\dataset\train\TUBERCULOSIS\tb_01388.png
tb,train,tb_01389.png,G:\Ai-CDD\data\raw\dataset\train\TUBERCULOSIS\tb_01389.png
tb,train,tb_01390.png,G:\Ai-CDD\data\raw\dataset\train\TUBERCULOSIS\tb_01390.png
tb,train,tb_01391.png,G:\Ai-CDD\data\raw\dataset\train\TUBERCULOSIS\tb_01391.png
tb,train,tb_01392.png,G:\Ai-CDD\data\raw\dataset\train\TUBERCULOSIS\tb_01392.png
tb,train,tb_01393.png,G:\Ai-CDD\data\raw\dataset\train\TUBERCULOSIS\tb_01393.png
tb,train,tb_01394.png,G:\Ai-CDD\data\raw\dataset\train\TUBERCULOSIS\tb_01394.png
tb,train,tb_01395.png,G:\Ai-CDD\data\raw\dataset\train\TUBERCULOSIS\tb_01395.png
tb,train,tb_01396.png,G:\Ai-CDD\data\raw\dataset\train\TUBERCULOSIS\tb_01396.png
tb,train,tb_01397.png,G:\Ai-CDD\data\raw\dataset\train\TUBERCULOSIS\tb_01397.png
tb,train,tb_01398.png,G:\Ai-CDD\data\raw\dataset\train\TUBERCULOSIS\tb_01398.png
tb,train,tb_01399.png,G:\Ai-CDD\data\raw\dataset\train\TUBERCULOSIS\tb_01399.png
tb,train,tb_01400.png,G:\Ai-CDD\data\raw\dataset\train\TUBERCULOSIS\tb_01400.png
tb,train,tb_01401.png,G:\Ai-CDD\data\raw\dataset\train\TUBERCULOSIS\tb_01401.png
tb,train,tb_01402.png,G:\Ai-CDD\data\raw\dataset\train\TUBERCULOSIS\tb_01402.png
tb,train,tb_01403.png,G:\Ai-CDD\data\raw\dataset\train\TUBERCULOSIS\tb_01403.png
tb,train,tb_01404.png,G:\Ai-CDD\data\raw\dataset\train\TUBERCULOSIS\tb_01404.png
tb,train,tb_01405.png,G:\Ai-CDD\data\raw\dataset\train\TUBERCULOSIS\tb_01405.png
tb,train,tb_01406.png,G:\Ai-CDD\data\raw\dataset\train\TUBERCULOSIS\tb_01406.png
tb,train,tb_01407.png,G:\Ai-CDD\data\raw\dataset\train\TUBERCULOSIS\tb_01407.png
tb,train,tb_01408.png,G:\Ai-CDD\data\raw\dataset\train\TUBERCULOSIS\tb_01408.png
tb,train,tb_01409.png,G:\Ai-CDD\data\raw\dataset\train\TUBERCULOSIS\tb_01409.png
tb,train,tb_01410.png,G:\Ai-CDD\data\raw\dataset\train\TUBERCULOSIS\tb_01410.png
tb,train,tb_01411.png,G:\Ai-CDD\data\raw\dataset\train\TUBERCULOSIS\tb_01411.png
tb,train,tb_01412.png,G:\Ai-CDD\data\raw\dataset\train\TUBERCULOSIS\tb_01412.png
tb,train,tb_01413.png,G:\Ai-CDD\data\raw\dataset\train\TUBERCULOSIS\tb_01413.png
tb,train,tb_01414.png,G:\Ai-CDD\data\raw\dataset\train\TUBERCULOSIS\tb_01414.png
tb,train,tb_01415.png,G:\Ai-CDD\data\raw\dataset\train\TUBERCULOSIS\tb_01415.png
tb,train,tb_01416.png,G:\Ai-CDD\data\raw\dataset\train\TUBERCULOSIS\tb_01416.png
tb,train,tb_01417.png,G:\Ai-CDD\data\raw\dataset\train\TUBERCULOSIS\tb_01417.png
tb,train,tb_01418.png,G:\Ai-CDD\data\raw\dataset\train\TUBERCULOSIS\tb_01418.png
tb,train,tb_01419.png,G:\Ai-CDD\data\raw\dataset\train\TUBERCULOSIS\tb_01419.png
tb,train,tb_01420.png,G:\Ai-CDD\data\raw\dataset\train\TUBERCULOSIS\tb_01420.png
tb,train,tb_01421.png,G:\Ai-CDD\data\raw\dataset\train\TUBERCULOSIS\tb_01421.png
tb,train,tb_01422.png,G:\Ai-CDD\data\raw\dataset\train\TUBERCULOSIS\tb_01422.png
tb,train,tb_01423.png,G:\Ai-CDD\data\raw\dataset\train\TUBERCULOSIS\tb_01423.png
tb,train,tb_01424.png,G:\Ai-CDD\data\raw\dataset\train\TUBERCULOSIS\tb_01424.png
tb,train,tb_01425.png,G:\Ai-CDD\data\raw\dataset\train\TUBERCULOSIS\tb_01425.png
tb,train,tb_01426.png,G:\Ai-CDD\data\raw\dataset\train\TUBERCULOSIS\tb_01426.png
tb,train,tb_01427.png,G:\Ai-CDD\data\raw\dataset\train\TUBERCULOSIS\tb_01427.png
tb,train,tb_01428.png,G:\Ai-CDD\data\raw\dataset\train\TUBERCULOSIS\tb_01428.png
tb,train,tb_01429.png,G:\Ai-CDD\data\raw\dataset\train\TUBERCULOSIS\tb_01429.png
tb,train,tb_01430.png,G:\Ai-CDD\data\raw\dataset\train\TUBERCULOSIS\tb_01430.png
tb,train,tb_01431.png,G:\Ai-CDD\data\raw\dataset\train\TUBERCULOSIS\tb_01431.png
tb,train,tb_01432.png,G:\Ai-CDD\data\raw\dataset\train\TUBERCULOSIS\tb_01432.png
tb,train,tb_01433.png,G:\Ai-CDD\data\raw\dataset\train\TUBERCULOSIS\tb_01433.png
tb,train,tb_01434.png,G:\Ai-CDD\data\raw\dataset\train\TUBERCULOSIS\tb_01434.png
tb,train,tb_01435.png,G:\Ai-CDD\data\raw\dataset\train\TUBERCULOSIS\tb_01435.png
tb,train,tb_01436.png,G:\Ai-CDD\data\raw\dataset\train\TUBERCULOSIS\tb_01436.png
tb,train,tb_01437.png,G:\Ai-CDD\data\raw\dataset\train\TUBERCULOSIS\tb_01437.png
tb,train,tb_01438.png,G:\Ai-CDD\data\raw\dataset\train\TUBERCULOSIS\tb_01438.png
tb,train,tb_01439.png,G:\Ai-CDD\data\raw\dataset\train\TUBERCULOSIS\tb_01439.png
tb,train,tb_01440.png,G:\Ai-CDD\data\raw\dataset\train\TUBERCULOSIS\tb_01440.png
tb,train,tb_01441.png,G:\Ai-CDD\data\raw\dataset\train\TUBERCULOSIS\tb_01441.png
tb,train,tb_01442.png,G:\Ai-CDD\data\raw\dataset\train\TUBERCULOSIS\tb_01442.png
tb,train,tb_01443.png,G:\Ai-CDD\data\raw\dataset\train\TUBERCULOSIS\tb_01443.png
tb,train,tb_01444.png,G:\Ai-CDD\data\raw\dataset\train\TUBERCULOSIS\tb_01444.png
tb,train,tb_01445.png,G:\Ai-CDD\data\raw\dataset\train\TUBERCULOSIS\tb_01445.png
tb,train,tb_01446.png,G:\Ai-CDD\data\raw\dataset\train\TUBERCULOSIS\tb_01446.png
tb,train,tb_01447.png,G:\Ai-CDD\data\raw\dataset\train\TUBERCULOSIS\tb_01447.png
tb,train,tb_01448.png,G:\Ai-CDD\data\raw\dataset\train\TUBERCULOSIS\tb_01448.png
tb,train,tb_01449.png,G:\Ai-CDD\data\raw\dataset\train\TUBERCULOSIS\tb_01449.png
tb,train,tb_01450.png,G:\Ai-CDD\data\raw\dataset\train\TUBERCULOSIS\tb_01450.png
tb,train,tb_01451.png,G:\Ai-CDD\data\raw\dataset\train\TUBERCULOSIS\tb_01451.png
tb,train,tb_01452.png,G:\Ai-CDD\data\raw\dataset\train\TUBERCULOSIS\tb_01452.png
tb,train,tb_01453.png,G:\Ai-CDD\data\raw\dataset\train\TUBERCULOSIS\tb_01453.png
tb,train,tb_01454.png,G:\Ai-CDD\data\raw\dataset\train\TUBERCULOSIS\tb_01454.png
tb,train,tb_01455.png,G:\Ai-CDD\data\raw\dataset\train\TUBERCULOSIS\tb_01455.png
tb,train,tb_01456.png,G:\Ai-CDD\data\raw\dataset\train\TUBERCULOSIS\tb_01456.png
tb,train,tb_01457.png,G:\Ai-CDD\data\raw\dataset\train\TUBERCULOSIS\tb_01457.png
tb,train,tb_01458.png,G:\Ai-CDD\data\raw\dataset\train\TUBERCULOSIS\tb_01458.png
tb,train,tb_01459.png,G:\Ai-CDD\data\raw\dataset\train\TUBERCULOSIS\tb_01459.png
tb,train,tb_01460.png,G:\Ai-CDD\data\raw\dataset\train\TUBERCULOSIS\tb_01460.png
tb,train,tb_01461.png,G:\Ai-CDD\data\raw\dataset\train\TUBERCULOSIS\tb_01461.png
tb,train,tb_01462.png,G:\Ai-CDD\data\raw\dataset\train\TUBERCULOSIS\tb_01462.png
tb,train,tb_01463.png,G:\Ai-CDD\data\raw\dataset\train\TUBERCULOSIS\tb_01463.png
tb,train,tb_01464.png,G:\Ai-CDD\data\raw\dataset\train\TUBERCULOSIS\tb_01464.png
tb,train,tb_01465.png,G:\Ai-CDD\data\raw\dataset\train\TUBERCULOSIS\tb_01465.png
tb,train,tb_01466.png,G:\Ai-CDD\data\raw\dataset\train\TUBERCULOSIS\tb_01466.png
tb,train,tb_01467.png,G:\Ai-CDD\data\raw\dataset\train\TUBERCULOSIS\tb_01467.png
tb,train,tb_01468.png,G:\Ai-CDD\data\raw\dataset\train\TUBERCULOSIS\tb_01468.png
tb,train,tb_01469.png,G:\Ai-CDD\data\raw\dataset\train\TUBERCULOSIS\tb_01469.png
tb,train,tb_01470.png,G:\Ai-CDD\data\raw\dataset\train\TUBERCULOSIS\tb_01470.png
tb,train,tb_01471.png,G:\Ai-CDD\data\raw\dataset\train\TUBERCULOSIS\tb_01471.png
tb,train,tb_01472.png,G:\Ai-CDD\data\raw\dataset\train\TUBERCULOSIS\tb_01472.png
tb,train,tb_01473.png,G:\Ai-CDD\data\raw\dataset\train\TUBERCULOSIS\tb_01473.png
tb,train,tb_01474.png,G:\Ai-CDD\data\raw\dataset\train\TUBERCULOSIS\tb_01474.png
tb,train,tb_01475.png,G:\Ai-CDD\data\raw\dataset\train\TUBERCULOSIS\tb_01475.png
tb,train,tb_01476.png,G:\Ai-CDD\data\raw\dataset\train\TUBERCULOSIS\tb_01476.png
tb,train,tb_01477.png,G:\Ai-CDD\data\raw\dataset\train\TUBERCULOSIS\tb_01477.png
tb,train,tb_01478.png,G:\Ai-CDD\data\raw\dataset\train\TUBERCULOSIS\tb_01478.png
tb,train,tb_01479.png,G:\Ai-CDD\data\raw\dataset\train\TUBERCULOSIS\tb_01479.png
tb,train,tb_01480.png,G:\Ai-CDD\data\raw\dataset\train\TUBERCULOSIS\tb_01480.png
tb,train,tb_01481.png,G:\Ai-CDD\data\raw\dataset\train\TUBERCULOSIS\tb_01481.png
tb,train,tb_01482.png,G:\Ai-CDD\data\raw\dataset\train\TUBERCULOSIS\tb_01482.png
tb,train,tb_01483.png,G:\Ai-CDD\data\raw\dataset\train\TUBERCULOSIS\tb_01483.png
tb,train,tb_01484.png,G:\Ai-CDD\data\raw\dataset\train\TUBERCULOSIS\tb_01484.png
tb,train,tb_01485.png,G:\Ai-CDD\data\raw\dataset\train\TUBERCULOSIS\tb_01485.png
tb,train,tb_01486.png,G:\Ai-CDD\data\raw\dataset\train\TUBERCULOSIS\tb_01486.png
tb,train,tb_01487.png,G:\Ai-CDD\data\raw\dataset\train\TUBERCULOSIS\tb_01487.png
tb,train,tb_01488.png,G:\Ai-CDD\data\raw\dataset\train\TUBERCULOSIS\tb_01488.png
tb,train,tb_01489.png,G:\Ai-CDD\data\raw\dataset\train\TUBERCULOSIS\tb_01489.png
tb,train,tb_01490.png,G:\Ai-CDD\data\raw\dataset\train\TUBERCULOSIS\tb_01490.png
tb,train,tb_01491.png,G:\Ai-CDD\data\raw\dataset\train\TUBERCULOSIS\tb_01491.png
tb,train,tb_01492.png,G:\Ai-CDD\data\raw\dataset\train\TUBERCULOSIS\tb_01492.png
tb,train,tb_01493.png,G:\Ai-CDD\data\raw\dataset\train\TUBERCULOSIS\tb_01493.png
tb,train,tb_01494.png,G:\Ai-CDD\data\raw\dataset\train\TUBERCULOSIS\tb_01494.png
tb,train,tb_01495.png,G:\Ai-CDD\data\raw\dataset\train\TUBERCULOSIS\tb_01495.png
tb,train,tb_01496.png,G:\Ai-CDD\data\raw\dataset\train\TUBERCULOSIS\tb_01496.png
tb,train,tb_01497.png,G:\Ai-CDD\data\raw\dataset\train\TUBERCULOSIS\tb_01497.png
tb,train,tb_01498.png,G:\Ai-CDD\data\raw\dataset\train\TUBERCULOSIS\tb_01498.png
tb,train,tb_01499.png,G:\Ai-CDD\data\raw\dataset\train\TUBERCULOSIS\tb_01499.png
tb,train,tb_01500.png,G:\Ai-CDD\data\raw\dataset\train\TUBERCULOSIS\tb_01500.png
tb,train,tb_01501.png,G:\Ai-CDD\data\raw\dataset\train\TUBERCULOSIS\tb_01501.png
tb,train,tb_01502.png,G:\Ai-CDD\data\raw\dataset\train\TUBERCULOSIS\tb_01502.png
tb,train,tb_01503.png,G:\Ai-CDD\data\raw\dataset\train\TUBERCULOSIS\tb_01503.png
tb,train,tb_01504.png,G:\Ai-CDD\data\raw\dataset\train\TUBERCULOSIS\tb_01504.png
tb,train,tb_01505.png,G:\Ai-CDD\data\raw\dataset\train\TUBERCULOSIS\tb_01505.png
tb,train,tb_01506.png,G:\Ai-CDD\data\raw\dataset\train\TUBERCULOSIS\tb_01506.png
tb,train,tb_01507.png,G:\Ai-CDD\data\raw\dataset\train\TUBERCULOSIS\tb_01507.png
tb,train,tb_01508.png,G:\Ai-CDD\data\raw\dataset\train\TUBERCULOSIS\tb_01508.png
tb,train,tb_01509.png,G:\Ai-CDD\data\raw\dataset\train\TUBERCULOSIS\tb_01509.png
tb,train,tb_01510.png,G:\Ai-CDD\data\raw\dataset\train\TUBERCULOSIS\tb_01510.png
tb,train,tb_01511.png,G:\Ai-CDD\data\raw\dataset\train\TUBERCULOSIS\tb_01511.png
tb,train,tb_01512.png,G:\Ai-CDD\data\raw\dataset\train\TUBERCULOSIS\tb_01512.png
tb,train,tb_01513.png,G:\Ai-CDD\data\raw\dataset\train\TUBERCULOSIS\tb_01513.png
tb,train,tb_01514.png,G:\Ai-CDD\data\raw\dataset\train\TUBERCULOSIS\tb_01514.png
tb,train,tb_01515.png,G:\Ai-CDD\data\raw\dataset\train\TUBERCULOSIS\tb_01515.png
tb,train,tb_01516.png,G:\Ai-CDD\data\raw\dataset\train\TUBERCULOSIS\tb_01516.png
tb,train,tb_01517.png,G:\Ai-CDD\data\raw\dataset\train\TUBERCULOSIS\tb_01517.png
tb,train,tb_01518.png,G:\Ai-CDD\data\raw\dataset\train\TUBERCULOSIS\tb_01518.png
tb,train,tb_01519.png,G:\Ai-CDD\data\raw\dataset\train\TUBERCULOSIS\tb_01519.png
tb,train,tb_01520.png,G:\Ai-CDD\data\raw\dataset\train\TUBERCULOSIS\tb_01520.png
tb,train,tb_01521.png,G:\Ai-CDD\data\raw\dataset\train\TUBERCULOSIS\tb_01521.png
tb,train,tb_01522.png,G:\Ai-CDD\data\raw\dataset\train\TUBERCULOSIS\tb_01522.png
tb,train,tb_01523.png,G:\Ai-CDD\data\raw\dataset\train\TUBERCULOSIS\tb_01523.png
tb,train,tb_01524.png,G:\Ai-CDD\data\raw\dataset\train\TUBERCULOSIS\tb_01524.png
tb,train,tb_01525.png,G:\Ai-CDD\data\raw\dataset\train\TUBERCULOSIS\tb_01525.png
tb,train,tb_01526.png,G:\Ai-CDD\data\raw\dataset\train\TUBERCULOSIS\tb_01526.png
tb,train,tb_01527.png,G:\Ai-CDD\data\raw\dataset\train\TUBERCULOSIS\tb_01527.png
tb,train,tb_01528.png,G:\Ai-CDD\data\raw\dataset\train\TUBERCULOSIS\tb_01528.png
tb,train,tb_01529.png,G:\Ai-CDD\data\raw\dataset\train\TUBERCULOSIS\tb_01529.png
tb,train,tb_01530.png,G:\Ai-CDD\data\raw\dataset\train\TUBERCULOSIS\tb_01530.png
tb,train,tb_01531.png,G:\Ai-CDD\data\raw\dataset\train\TUBERCULOSIS\tb_01531.png
tb,train,tb_01532.png,G:\Ai-CDD\data\raw\dataset\train\TUBERCULOSIS\tb_01532.png
tb,train,tb_01533.png,G:\Ai-CDD\data\raw\dataset\train\TUBERCULOSIS\tb_01533.png
tb,train,tb_01534.png,G:\Ai-CDD\data\raw\dataset\train\TUBERCULOSIS\tb_01534.png
tb,train,tb_01535.png,G:\Ai-CDD\data\raw\dataset\train\TUBERCULOSIS\tb_01535.png
tb,train,tb_01536.png,G:\Ai-CDD\data\raw\dataset\train\TUBERCULOSIS\tb_01536.png
tb,train,tb_01537.png,G:\Ai-CDD\data\raw\dataset\train\TUBERCULOSIS\tb_01537.png
tb,train,tb_01538.png,G:\Ai-CDD\data\raw\dataset\train\TUBERCULOSIS\tb_01538.png
tb,train,tb_01539.png,G:\Ai-CDD\data\raw\dataset\train\TUBERCULOSIS\tb_01539.png
tb,train,tb_01540.png,G:\Ai-CDD\data\raw\dataset\train\TUBERCULOSIS\tb_01540.png
tb,train,tb_01541.png,G:\Ai-CDD\data\raw\dataset\train\TUBERCULOSIS\tb_01541.png
tb,train,tb_01542.png,G:\Ai-CDD\data\raw\dataset\train\TUBERCULOSIS\tb_01542.png
tb,train,tb_01543.png,G:\Ai-CDD\data\raw\dataset\train\TUBERCULOSIS\tb_01543.png
tb,train,tb_01544.png,G:\Ai-CDD\data\raw\dataset\train\TUBERCULOSIS\tb_01544.png
tb,train,tb_01545.png,G:\Ai-CDD\data\raw\dataset\train\TUBERCULOSIS\tb_01545.png
tb,train,tb_01546.png,G:\Ai-CDD\data\raw\dataset\train\TUBERCULOSIS\tb_01546.png
tb,train,tb_01547.png,G:\Ai-CDD\data\raw\dataset\train\TUBERCULOSIS\tb_01547.png
tb,train,tb_01548.png,G:\Ai-CDD\data\raw\dataset\train\TUBERCULOSIS\tb_01548.png
tb,train,tb_01549.png,G:\Ai-CDD\data\raw\dataset\train\TUBERCULOSIS\tb_01549.png
tb,train,tb_01550.png,G:\Ai-CDD\data\raw\dataset\train\TUBERCULOSIS\tb_01550.png
tb,train,tb_01551.png,G:\Ai-CDD\data\raw\dataset\train\TUBERCULOSIS\tb_01551.png
tb,train,tb_01552.png,G:\Ai-CDD\data\raw\dataset\train\TUBERCULOSIS\tb_01552.png
tb,train,tb_01553.png,G:\Ai-CDD\data\raw\dataset\train\TUBERCULOSIS\tb_01553.png
tb,train,tb_01554.png,G:\Ai-CDD\data\raw\dataset\train\TUBERCULOSIS\tb_01554.png
tb,train,tb_01555.png,G:\Ai-CDD\data\raw\dataset\train\TUBERCULOSIS\tb_01555.png
tb,train,tb_01556.png,G:\Ai-CDD\data\raw\dataset\train\TUBERCULOSIS\tb_01556.png
tb,train,tb_01557.png,G:\Ai-CDD\data\raw\dataset\train\TUBERCULOSIS\tb_01557.png
tb,train,tb_01558.png,G:\Ai-CDD\data\raw\dataset\train\TUBERCULOSIS\tb_01558.png
tb,train,tb_01559.png,G:\Ai-CDD\data\raw\dataset\train\TUBERCULOSIS\tb_01559.png
tb,train,tb_01560.png,G:\Ai-CDD\data\raw\dataset\train\TUBERCULOSIS\tb_01560.png
tb,train,tb_01561.png,G:\Ai-CDD\data\raw\dataset\train\TUBERCULOSIS\tb_01561.png
tb,train,tb_01562.png,G:\Ai-CDD\data\raw\dataset\train\TUBERCULOSIS\tb_01562.png
tb,train,tb_01563.png,G:\Ai-CDD\data\raw\dataset\train\TUBERCULOSIS\tb_01563.png
tb,train,tb_01564.png,G:\Ai-CDD\data\raw\dataset\train\TUBERCULOSIS\tb_01564.png
tb,train,tb_01565.png,G:\Ai-CDD\data\raw\dataset\train\TUBERCULOSIS\tb_01565.png
tb,train,tb_01566.png,G:\Ai-CDD\data\raw\dataset\train\TUBERCULOSIS\tb_01566.png
tb,train,tb_01567.png,G:\Ai-CDD\data\raw\dataset\train\TUBERCULOSIS\tb_01567.png
tb,train,tb_01568.png,G:\Ai-CDD\data\raw\dataset\train\TUBERCULOSIS\tb_01568.png
tb,train,tb_01569.png,G:\Ai-CDD\data\raw\dataset\train\TUBERCULOSIS\tb_01569.png
tb,train,tb_01570.png,G:\Ai-CDD\data\raw\dataset\train\TUBERCULOSIS\tb_01570.png
tb,train,tb_01571.png,G:\Ai-CDD\data\raw\dataset\train\TUBERCULOSIS\tb_01571.png
tb,train,tb_01572.png,G:\Ai-CDD\data\raw\dataset\train\TUBERCULOSIS\tb_01572.png
tb,train,tb_01573.png,G:\Ai-CDD\data\raw\dataset\train\TUBERCULOSIS\tb_01573.png
tb,train,tb_01574.png,G:\Ai-CDD\data\raw\dataset\train\TUBERCULOSIS\tb_01574.png
tb,train,tb_01575.png,G:\Ai-CDD\data\raw\dataset\train\TUBERCULOSIS\tb_01575.png
tb,train,tb_01576.png,G:\Ai-CDD\data\raw\dataset\train\TUBERCULOSIS\tb_01576.png
tb,train,tb_01577.png,G:\Ai-CDD\data\raw\dataset\train\TUBERCULOSIS\tb_01577.png
tb,train,tb_01578.png,G:\Ai-CDD\data\raw\dataset\train\TUBERCULOSIS\tb_01578.png
tb,train,tb_01579.png,G:\Ai-CDD\data\raw\dataset\train\TUBERCULOSIS\tb_01579.png
tb,train,tb_01580.png,G:\Ai-CDD\data\raw\dataset\train\TUBERCULOSIS\tb_01580.png
tb,train,tb_01581.png,G:\Ai-CDD\data\raw\dataset\train\TUBERCULOSIS\tb_01581.png
tb,train,tb_01582.png,G:\Ai-CDD\data\raw\dataset\train\TUBERCULOSIS\tb_01582.png
tb,train,tb_01583.png,G:\Ai-CDD\data\raw\dataset\train\TUBERCULOSIS\tb_01583.png
tb,train,tb_01584.png,G:\Ai-CDD\data\raw\dataset\train\TUBERCULOSIS\tb_01584.png
tb,train,tb_01585.png,G:\Ai-CDD\data\raw\dataset\train\TUBERCULOSIS\tb_01585.png
tb,train,tb_01586.png,G:\Ai-CDD\data\raw\dataset\train\TUBERCULOSIS\tb_01586.png
tb,train,tb_01587.png,G:\Ai-CDD\data\raw\dataset\train\TUBERCULOSIS\tb_01587.png
tb,train,tb_01588.png,G:\Ai-CDD\data\raw\dataset\train\TUBERCULOSIS\tb_01588.png
tb,train,tb_01589.png,G:\Ai-CDD\data\raw\dataset\train\TUBERCULOSIS\tb_01589.png
tb,train,tb_01590.png,G:\Ai-CDD\data\raw\dataset\train\TUBERCULOSIS\tb_01590.png
tb,train,tb_01591.png,G:\Ai-CDD\data\raw\dataset\train\TUBERCULOSIS\tb_01591.png
tb,train,tb_01592.png,G:\Ai-CDD\data\raw\dataset\train\TUBERCULOSIS\tb_01592.png
tb,train,tb_01593.png,G:\Ai-CDD\data\raw\dataset\train\TUBERCULOSIS\tb_01593.png
tb,train,tb_01594.png,G:\Ai-CDD\data\raw\dataset\train\TUBERCULOSIS\tb_01594.png
tb,train,tb_01595.png,G:\Ai-CDD\data\raw\dataset\train\TUBERCULOSIS\tb_01595.png
tb,train,tb_01596.png,G:\Ai-CDD\data\raw\dataset\train\TUBERCULOSIS\tb_01596.png
tb,train,tb_01597.png,G:\Ai-CDD\data\raw\dataset\train\TUBERCULOSIS\tb_01597.png
tb,train,tb_01598.png,G:\Ai-CDD\data\raw\dataset\train\TUBERCULOSIS\tb_01598.png
tb,train,tb_01599.png,G:\Ai-CDD\data\raw\dataset\train\TUBERCULOSIS\tb_01599.png
tb,train,tb_01600.png,G:\Ai-CDD\data\raw\dataset\train\TUBERCULOSIS\tb_01600.png
tb,train,tb_01601.png,G:\Ai-CDD\data\raw\dataset\train\TUBERCULOSIS\tb_01601.png
tb,train,tb_01602.png,G:\Ai-CDD\data\raw\dataset\train\TUBERCULOSIS\tb_01602.png
tb,train,tb_01603.png,G:\Ai-CDD\data\raw\dataset\train\TUBERCULOSIS\tb_01603.png
tb,train,tb_01604.png,G:\Ai-CDD\data\raw\dataset\train\TUBERCULOSIS\tb_01604.png
tb,train,tb_01605.png,G:\Ai-CDD\data\raw\dataset\train\TUBERCULOSIS\tb_01605.png
tb,train,tb_01606.png,G:\Ai-CDD\data\raw\dataset\train\TUBERCULOSIS\tb_01606.png
tb,train,tb_01607.png,G:\Ai-CDD\data\raw\dataset\train\TUBERCULOSIS\tb_01607.png
tb,train,tb_01608.png,G:\Ai-CDD\data\raw\dataset\train\TUBERCULOSIS\tb_01608.png
tb,train,tb_01609.png,G:\Ai-CDD\data\raw\dataset\train\TUBERCULOSIS\tb_01609.png
tb,train,tb_01610.png,G:\Ai-CDD\data\raw\dataset\train\TUBERCULOSIS\tb_01610.png
tb,train,tb_01611.png,G:\Ai-CDD\data\raw\dataset\train\TUBERCULOSIS\tb_01611.png
tb,train,tb_01612.png,G:\Ai-CDD\data\raw\dataset\train\TUBERCULOSIS\tb_01612.png
tb,train,tb_01613.png,G:\Ai-CDD\data\raw\dataset\train\TUBERCULOSIS\tb_01613.png
tb,train,tb_01614.png,G:\Ai-CDD\data\raw\dataset\train\TUBERCULOSIS\tb_01614.png
tb,train,tb_01615.png,G:\Ai-CDD\data\raw\dataset\train\TUBERCULOSIS\tb_01615.png
tb,train,tb_01616.png,G:\Ai-CDD\data\raw\dataset\train\TUBERCULOSIS\tb_01616.png
tb,train,tb_01617.png,G:\Ai-CDD\data\raw\dataset\train\TUBERCULOSIS\tb_01617.png
tb,train,tb_01618.png,G:\Ai-CDD\data\raw\dataset\train\TUBERCULOSIS\tb_01618.png
tb,train,tb_01619.png,G:\Ai-CDD\data\raw\dataset\train\TUBERCULOSIS\tb_01619.png
tb,train,tb_01620.png,G:\Ai-CDD\data\raw\dataset\train\TUBERCULOSIS\tb_01620.png
tb,train,tb_01621.png,G:\Ai-CDD\data\raw\dataset\train\TUBERCULOSIS\tb_01621.png
tb,train,tb_01622.png,G:\Ai-CDD\data\raw\dataset\train\TUBERCULOSIS\tb_01622.png
tb,train,tb_01623.png,G:\Ai-CDD\data\raw\dataset\train\TUBERCULOSIS\tb_01623.png
tb,train,tb_01624.png,G:\Ai-CDD\data\raw\dataset\train\TUBERCULOSIS\tb_01624.png
tb,train,tb_01625.png,G:\Ai-CDD\data\raw\dataset\train\TUBERCULOSIS\tb_01625.png
tb,train,tb_01626.png,G:\Ai-CDD\data\raw\dataset\train\TUBERCULOSIS\tb_01626.png
tb,train,tb_01627.png,G:\Ai-CDD\data\raw\dataset\train\TUBERCULOSIS\tb_01627.png
tb,train,tb_01628.png,G:\Ai-CDD\data\raw\dataset\train\TUBERCULOSIS\tb_01628.png
tb,train,tb_01629.png,G:\Ai-CDD\data\raw\dataset\train\TUBERCULOSIS\tb_01629.png
tb,train,tb_01630.png,G:\Ai-CDD\data\raw\dataset\train\TUBERCULOSIS\tb_01630.png
tb,train,tb_01631.png,G:\Ai-CDD\data\raw\dataset\train\TUBERCULOSIS\tb_01631.png
tb,train,tb_01632.png,G:\Ai-CDD\data\raw\dataset\train\TUBERCULOSIS\tb_01632.png
tb,train,tb_01633.png,G:\Ai-CDD\data\raw\dataset\train\TUBERCULOSIS\tb_01633.png
tb,train,tb_01634.png,G:\Ai-CDD\data\raw\dataset\train\TUBERCULOSIS\tb_01634.png
tb,train,tb_01635.png,G:\Ai-CDD\data\raw\dataset\train\TUBERCULOSIS\tb_01635.png
tb,train,tb_01636.png,G:\Ai-CDD\data\raw\dataset\train\TUBERCULOSIS\tb_01636.png
tb,train,tb_01637.png,G:\Ai-CDD\data\raw\dataset\train\TUBERCULOSIS\tb_01637.png
tb,train,tb_01638.png,G:\Ai-CDD\data\raw\dataset\train\TUBERCULOSIS\tb_01638.png
tb,train,tb_01639.png,G:\Ai-CDD\data\raw\dataset\train\TUBERCULOSIS\tb_01639.png
tb,train,tb_01640.png,G:\Ai-CDD\data\raw\dataset\train\TUBERCULOSIS\tb_01640.png
tb,train,tb_01641.png,G:\Ai-CDD\data\raw\dataset\train\TUBERCULOSIS\tb_01641.png
tb,train,tb_01642.png,G:\Ai-CDD\data\raw\dataset\train\TUBERCULOSIS\tb_01642.png
tb,train,tb_01643.png,G:\Ai-CDD\data\raw\dataset\train\TUBERCULOSIS\tb_01643.png
tb,train,tb_01644.png,G:\Ai-CDD\data\raw\dataset\train\TUBERCULOSIS\tb_01644.png
tb,train,tb_01645.png,G:\Ai-CDD\data\raw\dataset\train\TUBERCULOSIS\tb_01645.png
tb,train,tb_01646.png,G:\Ai-CDD\data\raw\dataset\train\TUBERCULOSIS\tb_01646.png
tb,train,tb_01647.png,G:\Ai-CDD\data\raw\dataset\train\TUBERCULOSIS\tb_01647.png
tb,train,tb_01648.png,G:\Ai-CDD\data\raw\dataset\train\TUBERCULOSIS\tb_01648.png
tb,train,tb_01649.png,G:\Ai-CDD\data\raw\dataset\train\TUBERCULOSIS\tb_01649.png
tb,train,tb_01650.png,G:\Ai-CDD\data\raw\dataset\train\TUBERCULOSIS\tb_01650.png
tb,train,tb_01651.png,G:\Ai-CDD\data\raw\dataset\train\TUBERCULOSIS\tb_01651.png
tb,train,tb_01652.png,G:\Ai-CDD\data\raw\dataset\train\TUBERCULOSIS\tb_01652.png
tb,train,tb_01653.png,G:\Ai-CDD\data\raw\dataset\train\TUBERCULOSIS\tb_01653.png
tb,train,tb_01654.png,G:\Ai-CDD\data\raw\dataset\train\TUBERCULOSIS\tb_01654.png
tb,train,tb_01655.png,G:\Ai-CDD\data\raw\dataset\train\TUBERCULOSIS\tb_01655.png
tb,train,tb_01656.png,G:\Ai-CDD\data\raw\dataset\train\TUBERCULOSIS\tb_01656.png
tb,train,tb_01657.png,G:\Ai-CDD\data\raw\dataset\train\TUBERCULOSIS\tb_01657.png
tb,train,tb_01658.png,G:\Ai-CDD\data\raw\dataset\train\TUBERCULOSIS\tb_01658.png
tb,train,tb_01659.png,G:\Ai-CDD\data\raw\dataset\train\TUBERCULOSIS\tb_01659.png
tb,train,tb_01660.png,G:\Ai-CDD\data\raw\dataset\train\TUBERCULOSIS\tb_01660.png
tb,train,tb_01661.png,G:\Ai-CDD\data\raw\dataset\train\TUBERCULOSIS\tb_01661.png
tb,train,tb_01662.png,G:\Ai-CDD\data\raw\dataset\train\TUBERCULOSIS\tb_01662.png
tb,train,tb_01663.png,G:\Ai-CDD\data\raw\dataset\train\TUBERCULOSIS\tb_01663.png
tb,train,tb_01664.png,G:\Ai-CDD\data\raw\dataset\train\TUBERCULOSIS\tb_01664.png
tb,train,tb_01665.png,G:\Ai-CDD\data\raw\dataset\train\TUBERCULOSIS\tb_01665.png
tb,train,tb_01666.png,G:\Ai-CDD\data\raw\dataset\train\TUBERCULOSIS\tb_01666.png
tb,train,tb_01667.png,G:\Ai-CDD\data\raw\dataset\train\TUBERCULOSIS\tb_01667.png
tb,train,tb_01668.png,G:\Ai-CDD\data\raw\dataset\train\TUBERCULOSIS\tb_01668.png
tb,train,tb_01669.png,G:\Ai-CDD\data\raw\dataset\train\TUBERCULOSIS\tb_01669.png
tb,train,tb_01670.png,G:\Ai-CDD\data\raw\dataset\train\TUBERCULOSIS\tb_01670.png
tb,train,tb_01671.png,G:\Ai-CDD\data\raw\dataset\train\TUBERCULOSIS\tb_01671.png
tb,train,tb_01672.png,G:\Ai-CDD\data\raw\dataset\train\TUBERCULOSIS\tb_01672.png
tb,train,tb_01673.png,G:\Ai-CDD\data\raw\dataset\train\TUBERCULOSIS\tb_01673.png
tb,train,tb_01674.png,G:\Ai-CDD\data\raw\dataset\train\TUBERCULOSIS\tb_01674.png
tb,train,tb_01675.png,G:\Ai-CDD\data\raw\dataset\train\TUBERCULOSIS\tb_01675.png
tb,train,tb_01676.png,G:\Ai-CDD\data\raw\dataset\train\TUBERCULOSIS\tb_01676.png
tb,train,tb_01677.png,G:\Ai-CDD\data\raw\dataset\train\TUBERCULOSIS\tb_01677.png
tb,train,tb_01678.png,G:\Ai-CDD\data\raw\dataset\train\TUBERCULOSIS\tb_01678.png
tb,train,tb_01679.png,G:\Ai-CDD\data\raw\dataset\train\TUBERCULOSIS\tb_01679.png
tb,train,tb_01680.png,G:\Ai-CDD\data\raw\dataset\train\TUBERCULOSIS\tb_01680.png
tb,train,tb_01681.png,G:\Ai-CDD\data\raw\dataset\train\TUBERCULOSIS\tb_01681.png
tb,train,tb_01682.png,G:\Ai-CDD\data\raw\dataset\train\TUBERCULOSIS\tb_01682.png
tb,train,tb_01683.png,G:\Ai-CDD\data\raw\dataset\train\TUBERCULOSIS\tb_01683.png
tb,train,tb_01684.png,G:\Ai-CDD\data\raw\dataset\train\TUBERCULOSIS\tb_01684.png
tb,train,tb_01685.png,G:\Ai-CDD\data\raw\dataset\train\TUBERCULOSIS\tb_01685.png
tb,train,tb_01686.png,G:\Ai-CDD\data\raw\dataset\train\TUBERCULOSIS\tb_01686.png
tb,train,tb_01687.png,G:\Ai-CDD\data\raw\dataset\train\TUBERCULOSIS\tb_01687.png
tb,train,tb_01688.png,G:\Ai-CDD\data\raw\dataset\train\TUBERCULOSIS\tb_01688.png
tb,train,tb_01689.png,G:\Ai-CDD\data\raw\dataset\train\TUBERCULOSIS\tb_01689.png
tb,train,tb_01690.png,G:\Ai-CDD\data\raw\dataset\train\TUBERCULOSIS\tb_01690.png
tb,train,tb_01691.png,G:\Ai-CDD\data\raw\dataset\train\TUBERCULOSIS\tb_01691.png
tb,train,tb_01692.png,G:\Ai-CDD\data\raw\dataset\train\TUBERCULOSIS\tb_01692.png
tb,train,tb_01693.png,G:\Ai-CDD\data\raw\dataset\train\TUBERCULOSIS\tb_01693.png
tb,train,tb_01694.png,G:\Ai-CDD\data\raw\dataset\train\TUBERCULOSIS\tb_01694.png
tb,train,tb_01695.png,G:\Ai-CDD\data\raw\dataset\train\TUBERCULOSIS\tb_01695.png
tb,train,tb_01696.png,G:\Ai-CDD\data\raw\dataset\train\TUBERCULOSIS\tb_01696.png
tb,train,tb_01697.png,G:\Ai-CDD\data\raw\dataset\train\TUBERCULOSIS\tb_01697.png
tb,train,tb_01698.png,G:\Ai-CDD\data\raw\dataset\train\TUBERCULOSIS\tb_01698.png
tb,train,tb_01699.png,G:\Ai-CDD\data\raw\dataset\train\TUBERCULOSIS\tb_01699.png
tb,train,tb_01700.png,G:\Ai-CDD\data\raw\dataset\train\TUBERCULOSIS\tb_01700.png
tb,train,tb_01701.png,G:\Ai-CDD\data\raw\dataset\train\TUBERCULOSIS\tb_01701.png
tb,train,tb_01702.png,G:\Ai-CDD\data\raw\dataset\train\TUBERCULOSIS\tb_01702.png
tb,train,tb_01703.png,G:\Ai-CDD\data\raw\dataset\train\TUBERCULOSIS\tb_01703.png
tb,train,tb_01704.png,G:\Ai-CDD\data\raw\dataset\train\TUBERCULOSIS\tb_01704.png
tb,train,tb_01705.png,G:\Ai-CDD\data\raw\dataset\train\TUBERCULOSIS\tb_01705.png
tb,train,tb_01706.png,G:\Ai-CDD\data\raw\dataset\train\TUBERCULOSIS\tb_01706.png
tb,train,tb_01707.png,G:\Ai-CDD\data\raw\dataset\train\TUBERCULOSIS\tb_01707.png
tb,train,tb_01708.png,G:\Ai-CDD\data\raw\dataset\train\TUBERCULOSIS\tb_01708.png
tb,train,tb_01709.png,G:\Ai-CDD\data\raw\dataset\train\TUBERCULOSIS\tb_01709.png
tb,train,tb_01710.png,G:\Ai-CDD\data\raw\dataset\train\TUBERCULOSIS\tb_01710.png
tb,train,tb_01711.png,G:\Ai-CDD\data\raw\dataset\train\TUBERCULOSIS\tb_01711.png
tb,train,tb_01712.png,G:\Ai-CDD\data\raw\dataset\train\TUBERCULOSIS\tb_01712.png
tb,train,tb_01713.png,G:\Ai-CDD\data\raw\dataset\train\TUBERCULOSIS\tb_01713.png
tb,train,tb_01714.png,G:\Ai-CDD\data\raw\dataset\train\TUBERCULOSIS\tb_01714.png
tb,train,tb_01715.png,G:\Ai-CDD\data\raw\dataset\train\TUBERCULOSIS\tb_01715.png
tb,train,tb_01716.png,G:\Ai-CDD\data\raw\dataset\train\TUBERCULOSIS\tb_01716.png
tb,train,tb_01717.png,G:\Ai-CDD\data\raw\dataset\train\TUBERCULOSIS\tb_01717.png
tb,train,tb_01718.png,G:\Ai-CDD\data\raw\dataset\train\TUBERCULOSIS\tb_01718.png
tb,train,tb_01719.png,G:\Ai-CDD\data\raw\dataset\train\TUBERCULOSIS\tb_01719.png
tb,train,tb_01720.png,G:\Ai-CDD\data\raw\dataset\train\TUBERCULOSIS\tb_01720.png
tb,train,tb_01721.png,G:\Ai-CDD\data\raw\dataset\train\TUBERCULOSIS\tb_01721.png
tb,train,tb_01722.png,G:\Ai-CDD\data\raw\dataset\train\TUBERCULOSIS\tb_01722.png
tb,train,tb_01723.png,G:\Ai-CDD\data\raw\dataset\train\TUBERCULOSIS\tb_01723.png
tb,train,tb_01724.png,G:\Ai-CDD\data\raw\dataset\train\TUBERCULOSIS\tb_01724.png
tb,train,tb_01725.png,G:\Ai-CDD\data\raw\dataset\train\TUBERCULOSIS\tb_01725.png
tb,train,tb_01726.png,G:\Ai-CDD\data\raw\dataset\train\TUBERCULOSIS\tb_01726.png
tb,train,tb_01727.png,G:\Ai-CDD\data\raw\dataset\train\TUBERCULOSIS\tb_01727.png
tb,train,tb_01728.png,G:\Ai-CDD\data\raw\dataset\train\TUBERCULOSIS\tb_01728.png
tb,train,tb_01729.png,G:\Ai-CDD\data\raw\dataset\train\TUBERCULOSIS\tb_01729.png
tb,train,tb_01730.png,G:\Ai-CDD\data\raw\dataset\train\TUBERCULOSIS\tb_01730.png
tb,train,tb_01731.png,G:\Ai-CDD\data\raw\dataset\train\TUBERCULOSIS\tb_01731.png
tb,train,tb_01732.png,G:\Ai-CDD\data\raw\dataset\train\TUBERCULOSIS\tb_01732.png
tb,train,tb_01733.png,G:\Ai-CDD\data\raw\dataset\train\TUBERCULOSIS\tb_01733.png
tb,train,tb_01734.png,G:\Ai-CDD\data\raw\dataset\train\TUBERCULOSIS\tb_01734.png
tb,train,tb_01735.png,G:\Ai-CDD\data\raw\dataset\train\TUBERCULOSIS\tb_01735.png
tb,train,tb_01736.png,G:\Ai-CDD\data\raw\dataset\train\TUBERCULOSIS\tb_01736.png
tb,train,tb_01737.png,G:\Ai-CDD\data\raw\dataset\train\TUBERCULOSIS\tb_01737.png
tb,train,tb_01738.png,G:\Ai-CDD\data\raw\dataset\train\TUBERCULOSIS\tb_01738.png
tb,train,tb_01739.png,G:\Ai-CDD\data\raw\dataset\train\TUBERCULOSIS\tb_01739.png
tb,train,tb_01740.png,G:\Ai-CDD\data\raw\dataset\train\TUBERCULOSIS\tb_01740.png
tb,train,tb_01741.png,G:\Ai-CDD\data\raw\dataset\train\TUBERCULOSIS\tb_01741.png
tb,train,tb_01742.png,G:\Ai-CDD\data\raw\dataset\train\TUBERCULOSIS\tb_01742.png
tb,train,tb_01743.png,G:\Ai-CDD\data\raw\dataset\train\TUBERCULOSIS\tb_01743.png
tb,train,tb_01744.png,G:\Ai-CDD\data\raw\dataset\train\TUBERCULOSIS\tb_01744.png
tb,train,tb_01745.png,G:\Ai-CDD\data\raw\dataset\train\TUBERCULOSIS\tb_01745.png
tb,train,tb_01746.png,G:\Ai-CDD\data\raw\dataset\train\TUBERCULOSIS\tb_01746.png
tb,train,tb_01747.png,G:\Ai-CDD\data\raw\dataset\train\TUBERCULOSIS\tb_01747.png
tb,train,tb_01748.png,G:\Ai-CDD\data\raw\dataset\train\TUBERCULOSIS\tb_01748.png
tb,train,tb_01749.png,G:\Ai-CDD\data\raw\dataset\train\TUBERCULOSIS\tb_01749.png
tb,train,tb_01750.png,G:\Ai-CDD\data\raw\dataset\train\TUBERCULOSIS\tb_01750.png
tb,train,tb_01751.png,G:\Ai-CDD\data\raw\dataset\train\TUBERCULOSIS\tb_01751.png
tb,train,tb_01752.png,G:\Ai-CDD\data\raw\dataset\train\TUBERCULOSIS\tb_01752.png
tb,train,tb_01753.png,G:\Ai-CDD\data\raw\dataset\train\TUBERCULOSIS\tb_01753.png
tb,train,tb_01754.png,G:\Ai-CDD\data\raw\dataset\train\TUBERCULOSIS\tb_01754.png
tb,train,tb_01755.png,G:\Ai-CDD\data\raw\dataset\train\TUBERCULOSIS\tb_01755.png
tb,train,tb_01756.png,G:\Ai-CDD\data\raw\dataset\train\TUBERCULOSIS\tb_01756.png
tb,train,tb_01757.png,G:\Ai-CDD\data\raw\dataset\train\TUBERCULOSIS\tb_01757.png
tb,train,tb_01758.png,G:\Ai-CDD\data\raw\dataset\train\TUBERCULOSIS\tb_01758.png
tb,train,tb_01759.png,G:\Ai-CDD\data\raw\dataset\train\TUBERCULOSIS\tb_01759.png
tb,train,tb_01760.png,G:\Ai-CDD\data\raw\dataset\train\TUBERCULOSIS\tb_01760.png
tb,train,tb_01761.png,G:\Ai-CDD\data\raw\dataset\train\TUBERCULOSIS\tb_01761.png
tb,train,tb_01762.png,G:\Ai-CDD\data\raw\dataset\train\TUBERCULOSIS\tb_01762.png
tb,train,tb_01763.png,G:\Ai-CDD\data\raw\dataset\train\TUBERCULOSIS\tb_01763.png
tb,train,tb_01764.png,G:\Ai-CDD\data\raw\dataset\train\TUBERCULOSIS\tb_01764.png
tb,train,tb_01765.png,G:\Ai-CDD\data\raw\dataset\train\TUBERCULOSIS\tb_01765.png
tb,train,tb_01766.png,G:\Ai-CDD\data\raw\dataset\train\TUBERCULOSIS\tb_01766.png
tb,train,tb_01767.png,G:\Ai-CDD\data\raw\dataset\train\TUBERCULOSIS\tb_01767.png
tb,train,tb_01768.png,G:\Ai-CDD\data\raw\dataset\train\TUBERCULOSIS\tb_01768.png
tb,train,tb_01769.png,G:\Ai-CDD\data\raw\dataset\train\TUBERCULOSIS\tb_01769.png
tb,train,tb_01770.png,G:\Ai-CDD\data\raw\dataset\train\TUBERCULOSIS\tb_01770.png
tb,train,tb_01771.png,G:\Ai-CDD\data\raw\dataset\train\TUBERCULOSIS\tb_01771.png
tb,train,tb_01772.png,G:\Ai-CDD\data\raw\dataset\train\TUBERCULOSIS\tb_01772.png
tb,train,tb_01773.png,G:\Ai-CDD\data\raw\dataset\train\TUBERCULOSIS\tb_01773.png
tb,train,tb_01774.png,G:\Ai-CDD\data\raw\dataset\train\TUBERCULOSIS\tb_01774.png
tb,train,tb_01775.png,G:\Ai-CDD\data\raw\dataset\train\TUBERCULOSIS\tb_01775.png
tb,train,tb_01776.png,G:\Ai-CDD\data\raw\dataset\train\TUBERCULOSIS\tb_01776.png
tb,train,tb_01777.png,G:\Ai-CDD\data\raw\dataset\train\TUBERCULOSIS\tb_01777.png
tb,train,tb_01778.png,G:\Ai-CDD\data\raw\dataset\train\TUBERCULOSIS\tb_01778.png
tb,train,tb_01779.png,G:\Ai-CDD\data\raw\dataset\train\TUBERCULOSIS\tb_01779.png
tb,train,tb_01780.png,G:\Ai-CDD\data\raw\dataset\train\TUBERCULOSIS\tb_01780.png
tb,train,tb_01781.png,G:\Ai-CDD\data\raw\dataset\train\TUBERCULOSIS\tb_01781.png
tb,train,tb_01782.png,G:\Ai-CDD\data\raw\dataset\train\TUBERCULOSIS\tb_01782.png
tb,train,tb_01783.png,G:\Ai-CDD\data\raw\dataset\train\TUBERCULOSIS\tb_01783.png
tb,train,tb_01784.png,G:\Ai-CDD\data\raw\dataset\train\TUBERCULOSIS\tb_01784.png
tb,train,tb_01785.png,G:\Ai-CDD\data\raw\dataset\train\TUBERCULOSIS\tb_01785.png
tb,train,tb_01786.png,G:\Ai-CDD\data\raw\dataset\train\TUBERCULOSIS\tb_01786.png
tb,train,tb_01787.png,G:\Ai-CDD\data\raw\dataset\train\TUBERCULOSIS\tb_01787.png
tb,train,tb_01788.png,G:\Ai-CDD\data\raw\dataset\train\TUBERCULOSIS\tb_01788.png
tb,train,tb_01789.png,G:\Ai-CDD\data\raw\dataset\train\TUBERCULOSIS\tb_01789.png
tb,train,tb_01790.png,G:\Ai-CDD\data\raw\dataset\train\TUBERCULOSIS\tb_01790.png
tb,train,tb_01791.png,G:\Ai-CDD\data\raw\dataset\train\TUBERCULOSIS\tb_01791.png
tb,train,tb_01792.png,G:\Ai-CDD\data\raw\dataset\train\TUBERCULOSIS\tb_01792.png
tb,train,tb_01793.png,G:\Ai-CDD\data\raw\dataset\train\TUBERCULOSIS\tb_01793.png
tb,train,tb_01794.png,G:\Ai-CDD\data\raw\dataset\train\TUBERCULOSIS\tb_01794.png
tb,train,tb_01795.png,G:\Ai-CDD\data\raw\dataset\train\TUBERCULOSIS\tb_01795.png
tb,train,tb_01796.png,G:\Ai-CDD\data\raw\dataset\train\TUBERCULOSIS\tb_01796.png
tb,train,tb_01797.png,G:\Ai-CDD\data\raw\dataset\train\TUBERCULOSIS\tb_01797.png
tb,train,tb_01798.png,G:\Ai-CDD\data\raw\dataset\train\TUBERCULOSIS\tb_01798.png
tb,train,tb_01799.png,G:\Ai-CDD\data\raw\dataset\train\TUBERCULOSIS\tb_01799.png
tb,train,tb_01800.png,G:\Ai-CDD\data\raw\dataset\train\TUBERCULOSIS\tb_01800.png
tb,train,tb_01801.png,G:\Ai-CDD\data\raw\dataset\train\TUBERCULOSIS\tb_01801.png
tb,train,tb_01802.png,G:\Ai-CDD\data\raw\dataset\train\TUBERCULOSIS\tb_01802.png
tb,train,tb_01803.png,G:\Ai-CDD\data\raw\dataset\train\TUBERCULOSIS\tb_01803.png
tb,train,tb_01804.png,G:\Ai-CDD\data\raw\dataset\train\TUBERCULOSIS\tb_01804.png
tb,train,tb_01805.png,G:\Ai-CDD\data\raw\dataset\train\TUBERCULOSIS\tb_01805.png
tb,train,tb_01806.png,G:\Ai-CDD\data\raw\dataset\train\TUBERCULOSIS\tb_01806.png
tb,train,tb_01807.png,G:\Ai-CDD\data\raw\dataset\train\TUBERCULOSIS\tb_01807.png
tb,train,tb_01808.png,G:\Ai-CDD\data\raw\dataset\train\TUBERCULOSIS\tb_01808.png
tb,train,tb_01809.png,G:\Ai-CDD\data\raw\dataset\train\TUBERCULOSIS\tb_01809.png
tb,train,tb_01810.png,G:\Ai-CDD\data\raw\dataset\train\TUBERCULOSIS\tb_01810.png
tb,train,tb_01811.png,G:\Ai-CDD\data\raw\dataset\train\TUBERCULOSIS\tb_01811.png
tb,train,tb_01812.png,G:\Ai-CDD\data\raw\dataset\train\TUBERCULOSIS\tb_01812.png
tb,train,tb_01813.png,G:\Ai-CDD\data\raw\dataset\train\TUBERCULOSIS\tb_01813.png
tb,train,tb_01814.png,G:\Ai-CDD\data\raw\dataset\train\TUBERCULOSIS\tb_01814.png
tb,train,tb_01815.png,G:\Ai-CDD\data\raw\dataset\train\TUBERCULOSIS\tb_01815.png
tb,train,tb_01816.png,G:\Ai-CDD\data\raw\dataset\train\TUBERCULOSIS\tb_01816.png
tb,train,tb_01817.png,G:\Ai-CDD\data\raw\dataset\train\TUBERCULOSIS\tb_01817.png
tb,train,tb_01818.png,G:\Ai-CDD\data\raw\dataset\train\TUBERCULOSIS\tb_01818.png
tb,train,tb_01819.png,G:\Ai-CDD\data\raw\dataset\train\TUBERCULOSIS\tb_01819.png
tb,train,tb_01820.png,G:\Ai-CDD\data\raw\dataset\train\TUBERCULOSIS\tb_01820.png
tb,train,tb_01821.png,G:\Ai-CDD\data\raw\dataset\train\TUBERCULOSIS\tb_01821.png
tb,train,tb_01822.png,G:\Ai-CDD\data\raw\dataset\train\TUBERCULOSIS\tb_01822.png
tb,train,tb_01823.png,G:\Ai-CDD\data\raw\dataset\train\TUBERCULOSIS\tb_01823.png
tb,train,tb_01824.png,G:\Ai-CDD\data\raw\dataset\train\TUBERCULOSIS\tb_01824.png
tb,train,tb_01825.png,G:\Ai-CDD\data\raw\dataset\train\TUBERCULOSIS\tb_01825.png
tb,train,tb_01826.png,G:\Ai-CDD\data\raw\dataset\train\TUBERCULOSIS\tb_01826.png
tb,train,tb_01827.png,G:\Ai-CDD\data\raw\dataset\train\TUBERCULOSIS\tb_01827.png
tb,train,tb_01828.png,G:\Ai-CDD\data\raw\dataset\train\TUBERCULOSIS\tb_01828.png
tb,train,tb_01829.png,G:\Ai-CDD\data\raw\dataset\train\TUBERCULOSIS\tb_01829.png
tb,train,tb_01830.png,G:\Ai-CDD\data\raw\dataset\train\TUBERCULOSIS\tb_01830.png
tb,train,tb_01831.png,G:\Ai-CDD\data\raw\dataset\train\TUBERCULOSIS\tb_01831.png
tb,train,tb_01832.png,G:\Ai-CDD\data\raw\dataset\train\TUBERCULOSIS\tb_01832.png
tb,train,tb_01833.png,G:\Ai-CDD\data\raw\dataset\train\TUBERCULOSIS\tb_01833.png
tb,train,tb_01834.png,G:\Ai-CDD\data\raw\dataset\train\TUBERCULOSIS\tb_01834.png
tb,train,tb_01835.png,G:\Ai-CDD\data\raw\dataset\train\TUBERCULOSIS\tb_01835.png
tb,train,tb_01836.png,G:\Ai-CDD\data\raw\dataset\train\TUBERCULOSIS\tb_01836.png
tb,train,tb_01837.png,G:\Ai-CDD\data\raw\dataset\train\TUBERCULOSIS\tb_01837.png
tb,train,tb_01838.png,G:\Ai-CDD\data\raw\dataset\train\TUBERCULOSIS\tb_01838.png
tb,train,tb_01839.png,G:\Ai-CDD\data\raw\dataset\train\TUBERCULOSIS\tb_01839.png
tb,train,tb_01840.png,G:\Ai-CDD\data\raw\dataset\train\TUBERCULOSIS\tb_01840.png
tb,train,tb_01841.png,G:\Ai-CDD\data\raw\dataset\train\TUBERCULOSIS\tb_01841.png
tb,train,tb_01842.png,G:\Ai-CDD\data\raw\dataset\train\TUBERCULOSIS\tb_01842.png
tb,train,tb_01843.png,G:\Ai-CDD\data\raw\dataset\train\TUBERCULOSIS\tb_01843.png
tb,train,tb_01844.png,G:\Ai-CDD\data\raw\dataset\train\TUBERCULOSIS\tb_01844.png
tb,train,tb_01845.png,G:\Ai-CDD\data\raw\dataset\train\TUBERCULOSIS\tb_01845.png
tb,train,tb_01846.png,G:\Ai-CDD\data\raw\dataset\train\TUBERCULOSIS\tb_01846.png
tb,train,tb_01847.png,G:\Ai-CDD\data\raw\dataset\train\TUBERCULOSIS\tb_01847.png
tb,train,tb_01848.png,G:\Ai-CDD\data\raw\dataset\train\TUBERCULOSIS\tb_01848.png
tb,train,tb_01849.png,G:\Ai-CDD\data\raw\dataset\train\TUBERCULOSIS\tb_01849.png
tb,train,tb_01850.png,G:\Ai-CDD\data\raw\dataset\train\TUBERCULOSIS\tb_01850.png
tb,train,tb_01851.png,G:\Ai-CDD\data\raw\dataset\train\TUBERCULOSIS\tb_01851.png
tb,train,tb_01852.png,G:\Ai-CDD\data\raw\dataset\train\TUBERCULOSIS\tb_01852.png
tb,train,tb_01853.png,G:\Ai-CDD\data\raw\dataset\train\TUBERCULOSIS\tb_01853.png
tb,train,tb_01854.png,G:\Ai-CDD\data\raw\dataset\train\TUBERCULOSIS\tb_01854.png
tb,train,tb_01855.png,G:\Ai-CDD\data\raw\dataset\train\TUBERCULOSIS\tb_01855.png
tb,train,tb_01856.png,G:\Ai-CDD\data\raw\dataset\train\TUBERCULOSIS\tb_01856.png
tb,train,tb_01857.png,G:\Ai-CDD\data\raw\dataset\train\TUBERCULOSIS\tb_01857.png
tb,train,tb_01858.png,G:\Ai-CDD\data\raw\dataset\train\TUBERCULOSIS\tb_01858.png
tb,train,tb_01859.png,G:\Ai-CDD\data\raw\dataset\train\TUBERCULOSIS\tb_01859.png
tb,train,tb_01860.png,G:\Ai-CDD\data\raw\dataset\train\TUBERCULOSIS\tb_01860.png
tb,train,tb_01861.png,G:\Ai-CDD\data\raw\dataset\train\TUBERCULOSIS\tb_01861.png
tb,train,tb_01862.png,G:\Ai-CDD\data\raw\dataset\train\TUBERCULOSIS\tb_01862.png
tb,train,tb_01863.png,G:\Ai-CDD\data\raw\dataset\train\TUBERCULOSIS\tb_01863.png
tb,train,tb_01864.png,G:\Ai-CDD\data\raw\dataset\train\TUBERCULOSIS\tb_01864.png
tb,train,tb_01865.png,G:\Ai-CDD\data\raw\dataset\train\TUBERCULOSIS\tb_01865.png
tb,train,tb_01866.png,G:\Ai-CDD\data\raw\dataset\train\TUBERCULOSIS\tb_01866.png
tb,train,tb_01867.png,G:\Ai-CDD\data\raw\dataset\train\TUBERCULOSIS\tb_01867.png
tb,train,tb_01868.png,G:\Ai-CDD\data\raw\dataset\train\TUBERCULOSIS\tb_01868.png
tb,train,tb_01869.png,G:\Ai-CDD\data\raw\dataset\train\TUBERCULOSIS\tb_01869.png
tb,train,tb_01870.png,G:\Ai-CDD\data\raw\dataset\train\TUBERCULOSIS\tb_01870.png
tb,train,tb_01871.png,G:\Ai-CDD\data\raw\dataset\train\TUBERCULOSIS\tb_01871.png
tb,train,tb_01872.png,G:\Ai-CDD\data\raw\dataset\train\TUBERCULOSIS\tb_01872.png
tb,train,tb_01873.png,G:\Ai-CDD\data\raw\dataset\train\TUBERCULOSIS\tb_01873.png
tb,train,tb_01874.png,G:\Ai-CDD\data\raw\dataset\train\TUBERCULOSIS\tb_01874.png
tb,train,tb_01875.png,G:\Ai-CDD\data\raw\dataset\train\TUBERCULOSIS\tb_01875.png
tb,train,tb_01876.png,G:\Ai-CDD\data\raw\dataset\train\TUBERCULOSIS\tb_01876.png
tb,train,tb_01877.png,G:\Ai-CDD\data\raw\dataset\train\TUBERCULOSIS\tb_01877.png
tb,train,tb_01878.png,G:\Ai-CDD\data\raw\dataset\train\TUBERCULOSIS\tb_01878.png
tb,train,tb_01879.png,G:\Ai-CDD\data\raw\dataset\train\TUBERCULOSIS\tb_01879.png
tb,train,tb_01880.png,G:\Ai-CDD\data\raw\dataset\train\TUBERCULOSIS\tb_01880.png
tb,train,tb_01881.png,G:\Ai-CDD\data\raw\dataset\train\TUBERCULOSIS\tb_01881.png
tb,train,tb_01882.png,G:\Ai-CDD\data\raw\dataset\train\TUBERCULOSIS\tb_01882.png
tb,train,tb_01883.png,G:\Ai-CDD\data\raw\dataset\train\TUBERCULOSIS\tb_01883.png
tb,train,tb_01884.png,G:\Ai-CDD\data\raw\dataset\train\TUBERCULOSIS\tb_01884.png
tb,train,tb_01885.png,G:\Ai-CDD\data\raw\dataset\train\TUBERCULOSIS\tb_01885.png
tb,train,tb_01886.png,G:\Ai-CDD\data\raw\dataset\train\TUBERCULOSIS\tb_01886.png
tb,train,tb_01887.png,G:\Ai-CDD\data\raw\dataset\train\TUBERCULOSIS\tb_01887.png
tb,train,tb_01888.png,G:\Ai-CDD\data\raw\dataset\train\TUBERCULOSIS\tb_01888.png
tb,train,tb_01889.png,G:\Ai-CDD\data\raw\dataset\train\TUBERCULOSIS\tb_01889.png
tb,train,tb_01890.png,G:\Ai-CDD\data\raw\dataset\train\TUBERCULOSIS\tb_01890.png
tb,train,tb_01891.png,G:\Ai-CDD\data\raw\dataset\train\TUBERCULOSIS\tb_01891.png
tb,train,tb_01892.png,G:\Ai-CDD\data\raw\dataset\train\TUBERCULOSIS\tb_01892.png
tb,train,tb_01893.png,G:\Ai-CDD\data\raw\dataset\train\TUBERCULOSIS\tb_01893.png
tb,train,tb_01894.png,G:\Ai-CDD\data\raw\dataset\train\TUBERCULOSIS\tb_01894.png
tb,train,tb_01895.png,G:\Ai-CDD\data\raw\dataset\train\TUBERCULOSIS\tb_01895.png
tb,train,tb_01896.png,G:\Ai-CDD\data\raw\dataset\train\TUBERCULOSIS\tb_01896.png
tb,train,tb_01897.png,G:\Ai-CDD\data\raw\dataset\train\TUBERCULOSIS\tb_01897.png
tb,train,tb_01898.png,G:\Ai-CDD\data\raw\dataset\train\TUBERCULOSIS\tb_01898.png
tb,train,tb_01899.png,G:\Ai-CDD\data\raw\dataset\train\TUBERCULOSIS\tb_01899.png
tb,train,tb_01900.png,G:\Ai-CDD\data\raw\dataset\train\TUBERCULOSIS\tb_01900.png
tb,train,tb_01901.png,G:\Ai-CDD\data\raw\dataset\train\TUBERCULOSIS\tb_01901.png
tb,train,tb_01902.png,G:\Ai-CDD\data\raw\dataset\train\TUBERCULOSIS\tb_01902.png
tb,train,tb_01903.png,G:\Ai-CDD\data\raw\dataset\train\TUBERCULOSIS\tb_01903.png
tb,train,tb_01904.png,G:\Ai-CDD\data\raw\dataset\train\TUBERCULOSIS\tb_01904.png
tb,train,tb_01905.png,G:\Ai-CDD\data\raw\dataset\train\TUBERCULOSIS\tb_01905.png
tb,train,tb_01906.png,G:\Ai-CDD\data\raw\dataset\train\TUBERCULOSIS\tb_01906.png
tb,train,tb_01907.png,G:\Ai-CDD\data\raw\dataset\train\TUBERCULOSIS\tb_01907.png
tb,train,tb_01908.png,G:\Ai-CDD\data\raw\dataset\train\TUBERCULOSIS\tb_01908.png
tb,train,tb_01909.png,G:\Ai-CDD\data\raw\dataset\train\TUBERCULOSIS\tb_01909.png
tb,train,tb_01910.png,G:\Ai-CDD\data\raw\dataset\train\TUBERCULOSIS\tb_01910.png
tb,train,tb_01911.png,G:\Ai-CDD\data\raw\dataset\train\TUBERCULOSIS\tb_01911.png
tb,train,tb_01912.png,G:\Ai-CDD\data\raw\dataset\train\TUBERCULOSIS\tb_01912.png
tb,train,tb_01913.png,G:\Ai-CDD\data\raw\dataset\train\TUBERCULOSIS\tb_01913.png
tb,train,tb_01914.png,G:\Ai-CDD\data\raw\dataset\train\TUBERCULOSIS\tb_01914.png
tb,train,tb_01915.png,G:\Ai-CDD\data\raw\dataset\train\TUBERCULOSIS\tb_01915.png
tb,train,tb_01916.png,G:\Ai-CDD\data\raw\dataset\train\TUBERCULOSIS\tb_01916.png
tb,train,tb_01917.png,G:\Ai-CDD\data\raw\dataset\train\TUBERCULOSIS\tb_01917.png
tb,train,tb_01918.png,G:\Ai-CDD\data\raw\dataset\train\TUBERCULOSIS\tb_01918.png
tb,train,tb_01919.png,G:\Ai-CDD\data\raw\dataset\train\TUBERCULOSIS\tb_01919.png
tb,train,tb_01920.png,G:\Ai-CDD\data\raw\dataset\train\TUBERCULOSIS\tb_01920.png
tb,train,tb_01921.png,G:\Ai-CDD\data\raw\dataset\train\TUBERCULOSIS\tb_01921.png
tb,train,tb_01922.png,G:\Ai-CDD\data\raw\dataset\train\TUBERCULOSIS\tb_01922.png
tb,train,tb_01923.png,G:\Ai-CDD\data\raw\dataset\train\TUBERCULOSIS\tb_01923.png
tb,train,tb_01924.png,G:\Ai-CDD\data\raw\dataset\train\TUBERCULOSIS\tb_01924.png
tb,train,tb_01925.png,G:\Ai-CDD\data\raw\dataset\train\TUBERCULOSIS\tb_01925.png
tb,train,tb_01926.png,G:\Ai-CDD\data\raw\dataset\train\TUBERCULOSIS\tb_01926.png
tb,train,tb_01927.png,G:\Ai-CDD\data\raw\dataset\train\TUBERCULOSIS\tb_01927.png
tb,train,tb_01928.png,G:\Ai-CDD\data\raw\dataset\train\TUBERCULOSIS\tb_01928.png
tb,train,tb_01929.png,G:\Ai-CDD\data\raw\dataset\train\TUBERCULOSIS\tb_01929.png
tb,train,tb_01930.png,G:\Ai-CDD\data\raw\dataset\train\TUBERCULOSIS\tb_01930.png
tb,train,tb_01931.png,G:\Ai-CDD\data\raw\dataset\train\TUBERCULOSIS\tb_01931.png
tb,train,tb_01932.png,G:\Ai-CDD\data\raw\dataset\train\TUBERCULOSIS\tb_01932.png
tb,train,tb_01933.png,G:\Ai-CDD\data\raw\dataset\train\TUBERCULOSIS\tb_01933.png
tb,train,tb_01934.png,G:\Ai-CDD\data\raw\dataset\train\TUBERCULOSIS\tb_01934.png
tb,train,tb_01935.png,G:\Ai-CDD\data\raw\dataset\train\TUBERCULOSIS\tb_01935.png
tb,train,tb_01936.png,G:\Ai-CDD\data\raw\dataset\train\TUBERCULOSIS\tb_01936.png
tb,train,tb_01937.png,G:\Ai-CDD\data\raw\dataset\train\TUBERCULOSIS\tb_01937.png
tb,train,tb_01938.png,G:\Ai-CDD\data\raw\dataset\train\TUBERCULOSIS\tb_01938.png
tb,train,tb_01939.png,G:\Ai-CDD\data\raw\dataset\train\TUBERCULOSIS\tb_01939.png
tb,train,tb_01940.png,G:\Ai-CDD\data\raw\dataset\train\TUBERCULOSIS\tb_01940.png
tb,train,tb_01941.png,G:\Ai-CDD\data\raw\dataset\train\TUBERCULOSIS\tb_01941.png
tb,train,tb_01942.png,G:\Ai-CDD\data\raw\dataset\train\TUBERCULOSIS\tb_01942.png
tb,train,tb_01943.png,G:\Ai-CDD\data\raw\dataset\train\TUBERCULOSIS\tb_01943.png
tb,train,tb_01944.png,G:\Ai-CDD\data\raw\dataset\train\TUBERCULOSIS\tb_01944.png
tb,train,tb_01945.png,G:\Ai-CDD\data\raw\dataset\train\TUBERCULOSIS\tb_01945.png
tb,train,tb_01946.png,G:\Ai-CDD\data\raw\dataset\train\TUBERCULOSIS\tb_01946.png
tb,train,tb_01947.png,G:\Ai-CDD\data\raw\dataset\train\TUBERCULOSIS\tb_01947.png
tb,train,tb_01948.png,G:\Ai-CDD\data\raw\dataset\train\TUBERCULOSIS\tb_01948.png
tb,train,tb_01949.png,G:\Ai-CDD\data\raw\dataset\train\TUBERCULOSIS\tb_01949.png
tb,train,tb_01950.png,G:\Ai-CDD\data\raw\dataset\train\TUBERCULOSIS\tb_01950.png
tb,train,tb_01951.png,G:\Ai-CDD\data\raw\dataset\train\TUBERCULOSIS\tb_01951.png
tb,train,tb_01952.png,G:\Ai-CDD\data\raw\dataset\train\TUBERCULOSIS\tb_01952.png
tb,train,tb_01953.png,G:\Ai-CDD\data\raw\dataset\train\TUBERCULOSIS\tb_01953.png
tb,train,tb_01954.png,G:\Ai-CDD\data\raw\dataset\train\TUBERCULOSIS\tb_01954.png
tb,train,tb_01955.png,G:\Ai-CDD\data\raw\dataset\train\TUBERCULOSIS\tb_01955.png
tb,train,tb_01956.png,G:\Ai-CDD\data\raw\dataset\train\TUBERCULOSIS\tb_01956.png
tb,train,tb_01957.png,G:\Ai-CDD\data\raw\dataset\train\TUBERCULOSIS\tb_01957.png
tb,train,tb_01958.png,G:\Ai-CDD\data\raw\dataset\train\TUBERCULOSIS\tb_01958.png
tb,train,tb_01959.png,G:\Ai-CDD\data\raw\dataset\train\TUBERCULOSIS\tb_01959.png
tb,train,tb_01960.png,G:\Ai-CDD\data\raw\dataset\train\TUBERCULOSIS\tb_01960.png
tb,train,tb_01961.png,G:\Ai-CDD\data\raw\dataset\train\TUBERCULOSIS\tb_01961.png
tb,train,tb_01962.png,G:\Ai-CDD\data\raw\dataset\train\TUBERCULOSIS\tb_01962.png
tb,train,tb_01963.png,G:\Ai-CDD\data\raw\dataset\train\TUBERCULOSIS\tb_01963.png
tb,train,tb_01964.png,G:\Ai-CDD\data\raw\dataset\train\TUBERCULOSIS\tb_01964.png
tb,train,tb_01965.png,G:\Ai-CDD\data\raw\dataset\train\TUBERCULOSIS\tb_01965.png
tb,train,tb_01966.png,G:\Ai-CDD\data\raw\dataset\train\TUBERCULOSIS\tb_01966.png
tb,train,tb_01967.png,G:\Ai-CDD\data\raw\dataset\train\TUBERCULOSIS\tb_01967.png
tb,train,tb_01968.png,G:\Ai-CDD\data\raw\dataset\train\TUBERCULOSIS\tb_01968.png
tb,train,tb_01969.png,G:\Ai-CDD\data\raw\dataset\train\TUBERCULOSIS\tb_01969.png
tb,train,tb_01970.png,G:\Ai-CDD\data\raw\dataset\train\TUBERCULOSIS\tb_01970.png
tb,train,tb_01971.png,G:\Ai-CDD\data\raw\dataset\train\TUBERCULOSIS\tb_01971.png
tb,train,tb_01972.png,G:\Ai-CDD\data\raw\dataset\train\TUBERCULOSIS\tb_01972.png
tb,train,tb_01973.png,G:\Ai-CDD\data\raw\dataset\train\TUBERCULOSIS\tb_01973.png
tb,train,tb_01974.png,G:\Ai-CDD\data\raw\dataset\train\TUBERCULOSIS\tb_01974.png
tb,train,tb_01975.png,G:\Ai-CDD\data\raw\dataset\train\TUBERCULOSIS\tb_01975.png
tb,train,tb_01976.png,G:\Ai-CDD\data\raw\dataset\train\TUBERCULOSIS\tb_01976.png
tb,train,tb_01977.png,G:\Ai-CDD\data\raw\dataset\train\TUBERCULOSIS\tb_01977.png
tb,train,tb_01978.png,G:\Ai-CDD\data\raw\dataset\train\TUBERCULOSIS\tb_01978.png
tb,train,tb_01979.png,G:\Ai-CDD\data\raw\dataset\train\TUBERCULOSIS\tb_01979.png
tb,train,tb_01980.png,G:\Ai-CDD\data\raw\dataset\train\TUBERCULOSIS\tb_01980.png
tb,train,tb_01981.png,G:\Ai-CDD\data\raw\dataset\train\TUBERCULOSIS\tb_01981.png
tb,train,tb_01982.png,G:\Ai-CDD\data\raw\dataset\train\TUBERCULOSIS\tb_01982.png
tb,train,tb_01983.png,G:\Ai-CDD\data\raw\dataset\train\TUBERCULOSIS\tb_01983.png
tb,train,tb_01984.png,G:\Ai-CDD\data\raw\dataset\train\TUBERCULOSIS\tb_01984.png
tb,train,tb_01985.png,G:\Ai-CDD\data\raw\dataset\train\TUBERCULOSIS\tb_01985.png
tb,train,tb_01986.png,G:\Ai-CDD\data\raw\dataset\train\TUBERCULOSIS\tb_01986.png
tb,train,tb_01987.png,G:\Ai-CDD\data\raw\dataset\train\TUBERCULOSIS\tb_01987.png
tb,train,tb_01988.png,G:\Ai-CDD\data\raw\dataset\train\TUBERCULOSIS\tb_01988.png
tb,train,tb_01989.png,G:\Ai-CDD\data\raw\dataset\train\TUBERCULOSIS\tb_01989.png
tb,train,tb_01990.png,G:\Ai-CDD\data\raw\dataset\train\TUBERCULOSIS\tb_01990.png
tb,train,tb_01991.png,G:\Ai-CDD\data\raw\dataset\train\TUBERCULOSIS\tb_01991.png
tb,train,tb_01992.png,G:\Ai-CDD\data\raw\dataset\train\TUBERCULOSIS\tb_01992.png
tb,train,tb_01993.png,G:\Ai-CDD\data\raw\dataset\train\TUBERCULOSIS\tb_01993.png
tb,train,tb_01994.png,G:\Ai-CDD\data\raw\dataset\train\TUBERCULOSIS\tb_01994.png
tb,train,tb_01995.png,G:\Ai-CDD\data\raw\dataset\train\TUBERCULOSIS\tb_01995.png
tb,train,tb_01996.png,G:\Ai-CDD\data\raw\dataset\train\TUBERCULOSIS\tb_01996.png
tb,train,tb_01997.png,G:\Ai-CDD\data\raw\dataset\train\TUBERCULOSIS\tb_01997.png
tb,train,tb_01998.png,G:\Ai-CDD\data\raw\dataset\train\TUBERCULOSIS\tb_01998.png
tb,train,tb_01999.png,G:\Ai-CDD\data\raw\dataset\train\TUBERCULOSIS\tb_01999.png
tb,train,tb_02000.png,G:\Ai-CDD\data\raw\dataset\train\TUBERCULOSIS\tb_02000.png
tb,train,tb_02001.png,G:\Ai-CDD\data\raw\dataset\train\TUBERCULOSIS\tb_02001.png
tb,train,tb_02002.png,G:\Ai-CDD\data\raw\dataset\train\TUBERCULOSIS\tb_02002.png
tb,train,tb_02003.png,G:\Ai-CDD\data\raw\dataset\train\TUBERCULOSIS\tb_02003.png
tb,train,tb_02004.png,G:\Ai-CDD\data\raw\dataset\train\TUBERCULOSIS\tb_02004.png
tb,train,tb_02005.png,G:\Ai-CDD\data\raw\dataset\train\TUBERCULOSIS\tb_02005.png
tb,train,tb_02006.png,G:\Ai-CDD\data\raw\dataset\train\TUBERCULOSIS\tb_02006.png
tb,train,tb_02007.png,G:\Ai-CDD\data\raw\dataset\train\TUBERCULOSIS\tb_02007.png
tb,train,tb_02008.png,G:\Ai-CDD\data\raw\dataset\train\TUBERCULOSIS\tb_02008.png
tb,train,tb_02009.png,G:\Ai-CDD\data\raw\dataset\train\TUBERCULOSIS\tb_02009.png
tb,train,tb_02010.png,G:\Ai-CDD\data\raw\dataset\train\TUBERCULOSIS\tb_02010.png
tb,train,tb_02011.png,G:\Ai-CDD\data\raw\dataset\train\TUBERCULOSIS\tb_02011.png
tb,train,tb_02012.png,G:\Ai-CDD\data\raw\dataset\train\TUBERCULOSIS\tb_02012.png
tb,train,tb_02013.png,G:\Ai-CDD\data\raw\dataset\train\TUBERCULOSIS\tb_02013.png
tb,train,tb_02014.png,G:\Ai-CDD\data\raw\dataset\train\TUBERCULOSIS\tb_02014.png
tb,train,tb_02015.png,G:\Ai-CDD\data\raw\dataset\train\TUBERCULOSIS\tb_02015.png
tb,train,tb_02016.png,G:\Ai-CDD\data\raw\dataset\train\TUBERCULOSIS\tb_02016.png
tb,train,tb_02017.png,G:\Ai-CDD\data\raw\dataset\train\TUBERCULOSIS\tb_02017.png
tb,train,tb_02018.png,G:\Ai-CDD\data\raw\dataset\train\TUBERCULOSIS\tb_02018.png
tb,train,tb_02019.png,G:\Ai-CDD\data\raw\dataset\train\TUBERCULOSIS\tb_02019.png
tb,train,tb_02020.png,G:\Ai-CDD\data\raw\dataset\train\TUBERCULOSIS\tb_02020.png
tb,train,tb_02021.png,G:\Ai-CDD\data\raw\dataset\train\TUBERCULOSIS\tb_02021.png
tb,train,tb_02022.png,G:\Ai-CDD\data\raw\dataset\train\TUBERCULOSIS\tb_02022.png
tb,train,tb_02023.png,G:\Ai-CDD\data\raw\dataset\train\TUBERCULOSIS\tb_02023.png
tb,train,tb_02024.png,G:\Ai-CDD\data\raw\dataset\train\TUBERCULOSIS\tb_02024.png
tb,train,tb_02025.png,G:\Ai-CDD\data\raw\dataset\train\TUBERCULOSIS\tb_02025.png
tb,train,tb_02026.png,G:\Ai-CDD\data\raw\dataset\train\TUBERCULOSIS\tb_02026.png
tb,train,tb_02027.png,G:\Ai-CDD\data\raw\dataset\train\TUBERCULOSIS\tb_02027.png
tb,train,tb_02028.png,G:\Ai-CDD\data\raw\dataset\train\TUBERCULOSIS\tb_02028.png
tb,train,tb_02029.png,G:\Ai-CDD\data\raw\dataset\train\TUBERCULOSIS\tb_02029.png
tb,train,tb_02030.png,G:\Ai-CDD\data\raw\dataset\train\TUBERCULOSIS\tb_02030.png
tb,train,tb_02031.png,G:\Ai-CDD\data\raw\dataset\train\TUBERCULOSIS\tb_02031.png
tb,train,tb_02032.png,G:\Ai-CDD\data\raw\dataset\train\TUBERCULOSIS\tb_02032.png
tb,train,tb_02033.png,G:\Ai-CDD\data\raw\dataset\train\TUBERCULOSIS\tb_02033.png
tb,train,tb_02034.png,G:\Ai-CDD\data\raw\dataset\train\TUBERCULOSIS\tb_02034.png
tb,train,tb_02035.png,G:\Ai-CDD\data\raw\dataset\train\TUBERCULOSIS\tb_02035.png
tb,train,tb_02036.png,G:\Ai-CDD\data\raw\dataset\train\TUBERCULOSIS\tb_02036.png
tb,train,tb_02037.png,G:\Ai-CDD\data\raw\dataset\train\TUBERCULOSIS\tb_02037.png
tb,train,tb_02038.png,G:\Ai-CDD\data\raw\dataset\train\TUBERCULOSIS\tb_02038.png
tb,train,tb_02039.png,G:\Ai-CDD\data\raw\dataset\train\TUBERCULOSIS\tb_02039.png
tb,train,tb_02040.png,G:\Ai-CDD\data\raw\dataset\train\TUBERCULOSIS\tb_02040.png
tb,train,tb_02041.png,G:\Ai-CDD\data\raw\dataset\train\TUBERCULOSIS\tb_02041.png
tb,train,tb_02042.png,G:\Ai-CDD\data\raw\dataset\train\TUBERCULOSIS\tb_02042.png
tb,train,tb_02043.png,G:\Ai-CDD\data\raw\dataset\train\TUBERCULOSIS\tb_02043.png
tb,train,tb_02044.png,G:\Ai-CDD\data\raw\dataset\train\TUBERCULOSIS\tb_02044.png
tb,train,tb_02045.png,G:\Ai-CDD\data\raw\dataset\train\TUBERCULOSIS\tb_02045.png
tb,train,tb_02046.png,G:\Ai-CDD\data\raw\dataset\train\TUBERCULOSIS\tb_02046.png
tb,train,tb_02047.png,G:\Ai-CDD\data\raw\dataset\train\TUBERCULOSIS\tb_02047.png
tb,train,tb_02048.png,G:\Ai-CDD\data\raw\dataset\train\TUBERCULOSIS\tb_02048.png
tb,train,tb_02049.png,G:\Ai-CDD\data\raw\dataset\train\TUBERCULOSIS\tb_02049.png
tb,train,tb_02050.png,G:\Ai-CDD\data\raw\dataset\train\TUBERCULOSIS\tb_02050.png
tb,train,tb_02051.png,G:\Ai-CDD\data\raw\dataset\train\TUBERCULOSIS\tb_02051.png
tb,train,tb_02052.png,G:\Ai-CDD\data\raw\dataset\train\TUBERCULOSIS\tb_02052.png
tb,train,tb_02053.png,G:\Ai-CDD\data\raw\dataset\train\TUBERCULOSIS\tb_02053.png
tb,train,tb_02054.png,G:\Ai-CDD\data\raw\dataset\train\TUBERCULOSIS\tb_02054.png
tb,train,tb_02055.png,G:\Ai-CDD\data\raw\dataset\train\TUBERCULOSIS\tb_02055.png
tb,train,tb_02056.png,G:\Ai-CDD\data\raw\dataset\train\TUBERCULOSIS\tb_02056.png
tb,train,tb_02057.png,G:\Ai-CDD\data\raw\dataset\train\TUBERCULOSIS\tb_02057.png
tb,train,tb_02058.png,G:\Ai-CDD\data\raw\dataset\train\TUBERCULOSIS\tb_02058.png
tb,train,tb_02059.png,G:\Ai-CDD\data\raw\dataset\train\TUBERCULOSIS\tb_02059.png
tb,train,tb_02060.png,G:\Ai-CDD\data\raw\dataset\train\TUBERCULOSIS\tb_02060.png
tb,train,tb_02061.png,G:\Ai-CDD\data\raw\dataset\train\TUBERCULOSIS\tb_02061.png
tb,train,tb_02062.png,G:\Ai-CDD\data\raw\dataset\train\TUBERCULOSIS\tb_02062.png
tb,train,tb_02063.png,G:\Ai-CDD\data\raw\dataset\train\TUBERCULOSIS\tb_02063.png
tb,train,tb_02064.png,G:\Ai-CDD\data\raw\dataset\train\TUBERCULOSIS\tb_02064.png
tb,train,tb_02065.png,G:\Ai-CDD\data\raw\dataset\train\TUBERCULOSIS\tb_02065.png
tb,train,tb_02066.png,G:\Ai-CDD\data\raw\dataset\train\TUBERCULOSIS\tb_02066.png
tb,train,tb_02067.png,G:\Ai-CDD\data\raw\dataset\train\TUBERCULOSIS\tb_02067.png
tb,train,tb_02068.png,G:\Ai-CDD\data\raw\dataset\train\TUBERCULOSIS\tb_02068.png
tb,train,tb_02069.png,G:\Ai-CDD\data\raw\dataset\train\TUBERCULOSIS\tb_02069.png
tb,train,tb_02070.png,G:\Ai-CDD\data\raw\dataset\train\TUBERCULOSIS\tb_02070.png
tb,train,tb_02071.png,G:\Ai-CDD\data\raw\dataset\train\TUBERCULOSIS\tb_02071.png
tb,train,tb_02072.png,G:\Ai-CDD\data\raw\dataset\train\TUBERCULOSIS\tb_02072.png
tb,train,tb_02073.png,G:\Ai-CDD\data\raw\dataset\train\TUBERCULOSIS\tb_02073.png
tb,train,tb_02074.png,G:\Ai-CDD\data\raw\dataset\train\TUBERCULOSIS\tb_02074.png
tb,train,tb_02075.png,G:\Ai-CDD\data\raw\dataset\train\TUBERCULOSIS\tb_02075.png
tb,train,tb_02076.png,G:\Ai-CDD\data\raw\dataset\train\TUBERCULOSIS\tb_02076.png
tb,train,tb_02077.png,G:\Ai-CDD\data\raw\dataset\train\TUBERCULOSIS\tb_02077.png
tb,train,tb_02078.png,G:\Ai-CDD\data\raw\dataset\train\TUBERCULOSIS\tb_02078.png
tb,train,tb_02079.png,G:\Ai-CDD\data\raw\dataset\train\TUBERCULOSIS\tb_02079.png
tb,train,tb_02080.png,G:\Ai-CDD\data\raw\dataset\train\TUBERCULOSIS\tb_02080.png
tb,train,tb_02081.png,G:\Ai-CDD\data\raw\dataset\train\TUBERCULOSIS\tb_02081.png
tb,train,tb_02082.png,G:\Ai-CDD\data\raw\dataset\train\TUBERCULOSIS\tb_02082.png
tb,train,tb_02083.png,G:\Ai-CDD\data\raw\dataset\train\TUBERCULOSIS\tb_02083.png
tb,train,tb_02084.png,G:\Ai-CDD\data\raw\dataset\train\TUBERCULOSIS\tb_02084.png
tb,train,tb_02085.png,G:\Ai-CDD\data\raw\dataset\train\TUBERCULOSIS\tb_02085.png
tb,train,tb_02086.png,G:\Ai-CDD\data\raw\dataset\train\TUBERCULOSIS\tb_02086.png
tb,train,tb_02087.png,G:\Ai-CDD\data\raw\dataset\train\TUBERCULOSIS\tb_02087.png
tb,train,tb_02088.png,G:\Ai-CDD\data\raw\dataset\train\TUBERCULOSIS\tb_02088.png
tb,train,tb_02089.png,G:\Ai-CDD\data\raw\dataset\train\TUBERCULOSIS\tb_02089.png
tb,train,tb_02090.png,G:\Ai-CDD\data\raw\dataset\train\TUBERCULOSIS\tb_02090.png
tb,train,tb_02091.png,G:\Ai-CDD\data\raw\dataset\train\TUBERCULOSIS\tb_02091.png
tb,train,tb_02092.png,G:\Ai-CDD\data\raw\dataset\train\TUBERCULOSIS\tb_02092.png
tb,train,tb_02093.png,G:\Ai-CDD\data\raw\dataset\train\TUBERCULOSIS\tb_02093.png
tb,train,tb_02094.png,G:\Ai-CDD\data\raw\dataset\train\TUBERCULOSIS\tb_02094.png
tb,train,tb_02095.png,G:\Ai-CDD\data\raw\dataset\train\TUBERCULOSIS\tb_02095.png
tb,train,tb_02096.png,G:\Ai-CDD\data\raw\dataset\train\TUBERCULOSIS\tb_02096.png
tb,train,tb_02097.png,G:\Ai-CDD\data\raw\dataset\train\TUBERCULOSIS\tb_02097.png
tb,train,tb_02098.png,G:\Ai-CDD\data\raw\dataset\train\TUBERCULOSIS\tb_02098.png
tb,train,tb_02099.png,G:\Ai-CDD\data\raw\dataset\train\TUBERCULOSIS\tb_02099.png
tb,train,tb_02100.png,G:\Ai-CDD\data\raw\dataset\train\TUBERCULOSIS\tb_02100.png
tb,train,tb_02101.png,G:\Ai-CDD\data\raw\dataset\train\TUBERCULOSIS\tb_02101.png
tb,train,tb_02102.png,G:\Ai-CDD\data\raw\dataset\train\TUBERCULOSIS\tb_02102.png
tb,train,tb_02103.png,G:\Ai-CDD\data\raw\dataset\train\TUBERCULOSIS\tb_02103.png
tb,train,tb_02104.png,G:\Ai-CDD\data\raw\dataset\train\TUBERCULOSIS\tb_02104.png
tb,train,tb_02105.png,G:\Ai-CDD\data\raw\dataset\train\TUBERCULOSIS\tb_02105.png
tb,train,tb_02106.png,G:\Ai-CDD\data\raw\dataset\train\TUBERCULOSIS\tb_02106.png
tb,train,tb_02107.png,G:\Ai-CDD\data\raw\dataset\train\TUBERCULOSIS\tb_02107.png
tb,train,tb_02108.png,G:\Ai-CDD\data\raw\dataset\train\TUBERCULOSIS\tb_02108.png
tb,train,tb_02109.png,G:\Ai-CDD\data\raw\dataset\train\TUBERCULOSIS\tb_02109.png
tb,train,tb_02110.png,G:\Ai-CDD\data\raw\dataset\train\TUBERCULOSIS\tb_02110.png
tb,train,tb_02111.png,G:\Ai-CDD\data\raw\dataset\train\TUBERCULOSIS\tb_02111.png
tb,train,tb_02112.png,G:\Ai-CDD\data\raw\dataset\train\TUBERCULOSIS\tb_02112.png
tb,train,tb_02113.png,G:\Ai-CDD\data\raw\dataset\train\TUBERCULOSIS\tb_02113.png
tb,train,tb_02114.png,G:\Ai-CDD\data\raw\dataset\train\TUBERCULOSIS\tb_02114.png
tb,train,tb_02115.png,G:\Ai-CDD\data\raw\dataset\train\TUBERCULOSIS\tb_02115.png
tb,train,tb_02116.png,G:\Ai-CDD\data\raw\dataset\train\TUBERCULOSIS\tb_02116.png
tb,train,tb_02117.png,G:\Ai-CDD\data\raw\dataset\train\TUBERCULOSIS\tb_02117.png
tb,train,tb_02118.png,G:\Ai-CDD\data\raw\dataset\train\TUBERCULOSIS\tb_02118.png
tb,train,tb_02119.png,G:\Ai-CDD\data\raw\dataset\train\TUBERCULOSIS\tb_02119.png
tb,train,tb_02120.png,G:\Ai-CDD\data\raw\dataset\train\TUBERCULOSIS\tb_02120.png
tb,train,tb_02121.png,G:\Ai-CDD\data\raw\dataset\train\TUBERCULOSIS\tb_02121.png
tb,train,tb_02122.png,G:\Ai-CDD\data\raw\dataset\train\TUBERCULOSIS\tb_02122.png
tb,train,tb_02123.png,G:\Ai-CDD\data\raw\dataset\train\TUBERCULOSIS\tb_02123.png
tb,train,tb_02124.png,G:\Ai-CDD\data\raw\dataset\train\TUBERCULOSIS\tb_02124.png
tb,train,tb_02125.png,G:\Ai-CDD\data\raw\dataset\train\TUBERCULOSIS\tb_02125.png
tb,train,tb_02126.png,G:\Ai-CDD\data\raw\dataset\train\TUBERCULOSIS\tb_02126.png
tb,train,tb_02127.png,G:\Ai-CDD\data\raw\dataset\train\TUBERCULOSIS\tb_02127.png
tb,train,tb_02128.png,G:\Ai-CDD\data\raw\dataset\train\TUBERCULOSIS\tb_02128.png
tb,train,tb_02129.png,G:\Ai-CDD\data\raw\dataset\train\TUBERCULOSIS\tb_02129.png
tb,train,tb_02130.png,G:\Ai-CDD\data\raw\dataset\train\TUBERCULOSIS\tb_02130.png
tb,train,tb_02131.png,G:\Ai-CDD\data\raw\dataset\train\TUBERCULOSIS\tb_02131.png
tb,train,tb_02132.png,G:\Ai-CDD\data\raw\dataset\train\TUBERCULOSIS\tb_02132.png
tb,train,tb_02133.png,G:\Ai-CDD\data\raw\dataset\train\TUBERCULOSIS\tb_02133.png
tb,train,tb_02134.png,G:\Ai-CDD\data\raw\dataset\train\TUBERCULOSIS\tb_02134.png
tb,train,tb_02135.png,G:\Ai-CDD\data\raw\dataset\train\TUBERCULOSIS\tb_02135.png
tb,train,tb_02136.png,G:\Ai-CDD\data\raw\dataset\train\TUBERCULOSIS\tb_02136.png
tb,train,tb_02137.png,G:\Ai-CDD\data\raw\dataset\train\TUBERCULOSIS\tb_02137.png
tb,train,tb_02138.png,G:\Ai-CDD\data\raw\dataset\train\TUBERCULOSIS\tb_02138.png
tb,train,tb_02139.png,G:\Ai-CDD\data\raw\dataset\train\TUBERCULOSIS\tb_02139.png
tb,train,tb_02140.png,G:\Ai-CDD\data\raw\dataset\train\TUBERCULOSIS\tb_02140.png
tb,train,tb_02141.png,G:\Ai-CDD\data\raw\dataset\train\TUBERCULOSIS\tb_02141.png
tb,train,tb_02142.png,G:\Ai-CDD\data\raw\dataset\train\TUBERCULOSIS\tb_02142.png
tb,train,tb_02143.png,G:\Ai-CDD\data\raw\dataset\train\TUBERCULOSIS\tb_02143.png
tb,train,tb_02144.png,G:\Ai-CDD\data\raw\dataset\train\TUBERCULOSIS\tb_02144.png
tb,train,tb_02145.png,G:\Ai-CDD\data\raw\dataset\train\TUBERCULOSIS\tb_02145.png
tb,train,tb_02146.png,G:\Ai-CDD\data\raw\dataset\train\TUBERCULOSIS\tb_02146.png
tb,train,tb_02147.png,G:\Ai-CDD\data\raw\dataset\train\TUBERCULOSIS\tb_02147.png
tb,train,tb_02148.png,G:\Ai-CDD\data\raw\dataset\train\TUBERCULOSIS\tb_02148.png
tb,train,tb_02149.png,G:\Ai-CDD\data\raw\dataset\train\TUBERCULOSIS\tb_02149.png
tb,train,tb_02150.png,G:\Ai-CDD\data\raw\dataset\train\TUBERCULOSIS\tb_02150.png
tb,train,tb_02151.png,G:\Ai-CDD\data\raw\dataset\train\TUBERCULOSIS\tb_02151.png
tb,train,tb_02152.png,G:\Ai-CDD\data\raw\dataset\train\TUBERCULOSIS\tb_02152.png
tb,train,tb_02153.png,G:\Ai-CDD\data\raw\dataset\train\TUBERCULOSIS\tb_02153.png
tb,train,tb_02154.png,G:\Ai-CDD\data\raw\dataset\train\TUBERCULOSIS\tb_02154.png
tb,train,tb_02155.png,G:\Ai-CDD\data\raw\dataset\train\TUBERCULOSIS\tb_02155.png
tb,train,tb_02156.png,G:\Ai-CDD\data\raw\dataset\train\TUBERCULOSIS\tb_02156.png
tb,train,tb_02157.png,G:\Ai-CDD\data\raw\dataset\train\TUBERCULOSIS\tb_02157.png
tb,train,tb_02158.png,G:\Ai-CDD\data\raw\dataset\train\TUBERCULOSIS\tb_02158.png
tb,train,tb_02159.png,G:\Ai-CDD\data\raw\dataset\train\TUBERCULOSIS\tb_02159.png
tb,train,tb_02160.png,G:\Ai-CDD\data\raw\dataset\train\TUBERCULOSIS\tb_02160.png
tb,train,tb_02161.png,G:\Ai-CDD\data\raw\dataset\train\TUBERCULOSIS\tb_02161.png
tb,train,tb_02162.png,G:\Ai-CDD\data\raw\dataset\train\TUBERCULOSIS\tb_02162.png
tb,train,tb_02163.png,G:\Ai-CDD\data\raw\dataset\train\TUBERCULOSIS\tb_02163.png
tb,train,tb_02164.png,G:\Ai-CDD\data\raw\dataset\train\TUBERCULOSIS\tb_02164.png
tb,train,tb_02165.png,G:\Ai-CDD\data\raw\dataset\train\TUBERCULOSIS\tb_02165.png
tb,train,tb_02166.png,G:\Ai-CDD\data\raw\dataset\train\TUBERCULOSIS\tb_02166.png
tb,train,tb_02167.png,G:\Ai-CDD\data\raw\dataset\train\TUBERCULOSIS\tb_02167.png
tb,train,tb_02168.png,G:\Ai-CDD\data\raw\dataset\train\TUBERCULOSIS\tb_02168.png
tb,train,tb_02169.png,G:\Ai-CDD\data\raw\dataset\train\TUBERCULOSIS\tb_02169.png
tb,train,tb_02170.png,G:\Ai-CDD\data\raw\dataset\train\TUBERCULOSIS\tb_02170.png
tb,train,tb_02171.png,G:\Ai-CDD\data\raw\dataset\train\TUBERCULOSIS\tb_02171.png
tb,train,tb_02172.png,G:\Ai-CDD\data\raw\dataset\train\TUBERCULOSIS\tb_02172.png
tb,train,tb_02173.png,G:\Ai-CDD\data\raw\dataset\train\TUBERCULOSIS\tb_02173.png
tb,train,tb_02174.png,G:\Ai-CDD\data\raw\dataset\train\TUBERCULOSIS\tb_02174.png
tb,train,tb_02175.png,G:\Ai-CDD\data\raw\dataset\train\TUBERCULOSIS\tb_02175.png
tb,train,tb_02176.png,G:\Ai-CDD\data\raw\dataset\train\TUBERCULOSIS\tb_02176.png
tb,train,tb_02177.png,G:\Ai-CDD\data\raw\dataset\train\TUBERCULOSIS\tb_02177.png
tb,train,tb_02178.png,G:\Ai-CDD\data\raw\dataset\train\TUBERCULOSIS\tb_02178.png
tb,train,tb_02179.png,G:\Ai-CDD\data\raw\dataset\train\TUBERCULOSIS\tb_02179.png
tb,train,tb_02180.png,G:\Ai-CDD\data\raw\dataset\train\TUBERCULOSIS\tb_02180.png
tb,train,tb_02181.png,G:\Ai-CDD\data\raw\dataset\train\TUBERCULOSIS\tb_02181.png
tb,train,tb_02182.png,G:\Ai-CDD\data\raw\dataset\train\TUBERCULOSIS\tb_02182.png
tb,train,tb_02183.png,G:\Ai-CDD\data\raw\dataset\train\TUBERCULOSIS\tb_02183.png
tb,train,tb_02184.png,G:\Ai-CDD\data\raw\dataset\train\TUBERCULOSIS\tb_02184.png
tb,train,tb_02185.png,G:\Ai-CDD\data\raw\dataset\train\TUBERCULOSIS\tb_02185.png
tb,train,tb_02186.png,G:\Ai-CDD\data\raw\dataset\train\TUBERCULOSIS\tb_02186.png
tb,train,tb_02187.png,G:\Ai-CDD\data\raw\dataset\train\TUBERCULOSIS\tb_02187.png
tb,train,tb_02188.png,G:\Ai-CDD\data\raw\dataset\train\TUBERCULOSIS\tb_02188.png
tb,train,tb_02189.png,G:\Ai-CDD\data\raw\dataset\train\TUBERCULOSIS\tb_02189.png
tb,train,tb_02190.png,G:\Ai-CDD\data\raw\dataset\train\TUBERCULOSIS\tb_02190.png
tb,train,tb_02191.png,G:\Ai-CDD\data\raw\dataset\train\TUBERCULOSIS\tb_02191.png
tb,train,tb_02192.png,G:\Ai-CDD\data\raw\dataset\train\TUBERCULOSIS\tb_02192.png
tb,train,tb_02193.png,G:\Ai-CDD\data\raw\dataset\train\TUBERCULOSIS\tb_02193.png
tb,train,tb_02194.png,G:\Ai-CDD\data\raw\dataset\train\TUBERCULOSIS\tb_02194.png
tb,train,tb_02195.png,G:\Ai-CDD\data\raw\dataset\train\TUBERCULOSIS\tb_02195.png
tb,train,tb_02196.png,G:\Ai-CDD\data\raw\dataset\train\TUBERCULOSIS\tb_02196.png
tb,train,tb_02197.png,G:\Ai-CDD\data\raw\dataset\train\TUBERCULOSIS\tb_02197.png
tb,train,tb_02198.png,G:\Ai-CDD\data\raw\dataset\train\TUBERCULOSIS\tb_02198.png
tb,train,tb_02199.png,G:\Ai-CDD\data\raw\dataset\train\TUBERCULOSIS\tb_02199.png
tb,train,tb_02200.png,G:\Ai-CDD\data\raw\dataset\train\TUBERCULOSIS\tb_02200.png
tb,train,tb_02201.png,G:\Ai-CDD\data\raw\dataset\train\TUBERCULOSIS\tb_02201.png
tb,train,tb_02202.png,G:\Ai-CDD\data\raw\dataset\train\TUBERCULOSIS\tb_02202.png
tb,train,tb_02203.png,G:\Ai-CDD\data\raw\dataset\train\TUBERCULOSIS\tb_02203.png
tb,train,tb_02204.png,G:\Ai-CDD\data\raw\dataset\train\TUBERCULOSIS\tb_02204.png
tb,train,tb_02205.png,G:\Ai-CDD\data\raw\dataset\train\TUBERCULOSIS\tb_02205.png
tb,train,tb_02206.png,G:\Ai-CDD\data\raw\dataset\train\TUBERCULOSIS\tb_02206.png
tb,train,tb_02207.png,G:\Ai-CDD\data\raw\dataset\train\TUBERCULOSIS\tb_02207.png
tb,train,tb_02208.png,G:\Ai-CDD\data\raw\dataset\train\TUBERCULOSIS\tb_02208.png
tb,train,tb_02209.png,G:\Ai-CDD\data\raw\dataset\train\TUBERCULOSIS\tb_02209.png
tb,train,tb_02210.png,G:\Ai-CDD\data\raw\dataset\train\TUBERCULOSIS\tb_02210.png
tb,train,tb_02211.png,G:\Ai-CDD\data\raw\dataset\train\TUBERCULOSIS\tb_02211.png
tb,train,tb_02212.png,G:\Ai-CDD\data\raw\dataset\train\TUBERCULOSIS\tb_02212.png
tb,train,tb_02213.png,G:\Ai-CDD\data\raw\dataset\train\TUBERCULOSIS\tb_02213.png
tb,train,tb_02214.png,G:\Ai-CDD\data\raw\dataset\train\TUBERCULOSIS\tb_02214.png
tb,train,tb_02215.png,G:\Ai-CDD\data\raw\dataset\train\TUBERCULOSIS\tb_02215.png
tb,train,tb_02216.png,G:\Ai-CDD\data\raw\dataset\train\TUBERCULOSIS\tb_02216.png
tb,train,tb_02217.png,G:\Ai-CDD\data\raw\dataset\train\TUBERCULOSIS\tb_02217.png
tb,train,tb_02218.png,G:\Ai-CDD\data\raw\dataset\train\TUBERCULOSIS\tb_02218.png
tb,train,tb_02219.png,G:\Ai-CDD\data\raw\dataset\train\TUBERCULOSIS\tb_02219.png
tb,train,tb_02220.png,G:\Ai-CDD\data\raw\dataset\train\TUBERCULOSIS\tb_02220.png
tb,train,tb_02221.png,G:\Ai-CDD\data\raw\dataset\train\TUBERCULOSIS\tb_02221.png
tb,train,tb_02222.png,G:\Ai-CDD\data\raw\dataset\train\TUBERCULOSIS\tb_02222.png
tb,train,tb_02223.png,G:\Ai-CDD\data\raw\dataset\train\TUBERCULOSIS\tb_02223.png
tb,train,tb_02224.png,G:\Ai-CDD\data\raw\dataset\train\TUBERCULOSIS\tb_02224.png
tb,train,tb_02225.png,G:\Ai-CDD\data\raw\dataset\train\TUBERCULOSIS\tb_02225.png
tb,train,tb_02226.png,G:\Ai-CDD\data\raw\dataset\train\TUBERCULOSIS\tb_02226.png
tb,train,tb_02227.png,G:\Ai-CDD\data\raw\dataset\train\TUBERCULOSIS\tb_02227.png
tb,train,tb_02228.png,G:\Ai-CDD\data\raw\dataset\train\TUBERCULOSIS\tb_02228.png
tb,train,tb_02229.png,G:\Ai-CDD\data\raw\dataset\train\TUBERCULOSIS\tb_02229.png
tb,train,tb_02230.png,G:\Ai-CDD\data\raw\dataset\train\TUBERCULOSIS\tb_02230.png
tb,train,tb_02231.png,G:\Ai-CDD\data\raw\dataset\train\TUBERCULOSIS\tb_02231.png
tb,train,tb_02232.png,G:\Ai-CDD\data\raw\dataset\train\TUBERCULOSIS\tb_02232.png
tb,train,tb_02233.png,G:\Ai-CDD\data\raw\dataset\train\TUBERCULOSIS\tb_02233.png
tb,train,tb_02234.png,G:\Ai-CDD\data\raw\dataset\train\TUBERCULOSIS\tb_02234.png
tb,train,tb_02235.png,G:\Ai-CDD\data\raw\dataset\train\TUBERCULOSIS\tb_02235.png
tb,train,tb_02236.png,G:\Ai-CDD\data\raw\dataset\train\TUBERCULOSIS\tb_02236.png
tb,train,tb_02237.png,G:\Ai-CDD\data\raw\dataset\train\TUBERCULOSIS\tb_02237.png
tb,train,tb_02238.png,G:\Ai-CDD\data\raw\dataset\train\TUBERCULOSIS\tb_02238.png
tb,train,tb_02239.png,G:\Ai-CDD\data\raw\dataset\train\TUBERCULOSIS\tb_02239.png
tb,train,tb_02240.png,G:\Ai-CDD\data\raw\dataset\train\TUBERCULOSIS\tb_02240.png
tb,train,tb_02241.png,G:\Ai-CDD\data\raw\dataset\train\TUBERCULOSIS\tb_02241.png
tb,train,tb_02242.png,G:\Ai-CDD\data\raw\dataset\train\TUBERCULOSIS\tb_02242.png
tb,train,tb_02243.png,G:\Ai-CDD\data\raw\dataset\train\TUBERCULOSIS\tb_02243.png
tb,train,tb_02244.png,G:\Ai-CDD\data\raw\dataset\train\TUBERCULOSIS\tb_02244.png
tb,train,tb_02245.png,G:\Ai-CDD\data\raw\dataset\train\TUBERCULOSIS\tb_02245.png
tb,train,tb_02246.png,G:\Ai-CDD\data\raw\dataset\train\TUBERCULOSIS\tb_02246.png
tb,train,tb_02247.png,G:\Ai-CDD\data\raw\dataset\train\TUBERCULOSIS\tb_02247.png
tb,train,tb_02248.png,G:\Ai-CDD\data\raw\dataset\train\TUBERCULOSIS\tb_02248.png
tb,train,tb_02249.png,G:\Ai-CDD\data\raw\dataset\train\TUBERCULOSIS\tb_02249.png
tb,train,tb_02250.png,G:\Ai-CDD\data\raw\dataset\train\TUBERCULOSIS\tb_02250.png
tb,train,tb_02251.png,G:\Ai-CDD\data\raw\dataset\train\TUBERCULOSIS\tb_02251.png
tb,train,tb_02252.png,G:\Ai-CDD\data\raw\dataset\train\TUBERCULOSIS\tb_02252.png
tb,train,tb_02253.png,G:\Ai-CDD\data\raw\dataset\train\TUBERCULOSIS\tb_02253.png
tb,train,tb_02254.png,G:\Ai-CDD\data\raw\dataset\train\TUBERCULOSIS\tb_02254.png
tb,train,tb_02255.png,G:\Ai-CDD\data\raw\dataset\train\TUBERCULOSIS\tb_02255.png
tb,train,tb_02256.png,G:\Ai-CDD\data\raw\dataset\train\TUBERCULOSIS\tb_02256.png
tb,train,tb_02257.png,G:\Ai-CDD\data\raw\dataset\train\TUBERCULOSIS\tb_02257.png
tb,train,tb_02258.png,G:\Ai-CDD\data\raw\dataset\train\TUBERCULOSIS\tb_02258.png
tb,train,tb_02259.png,G:\Ai-CDD\data\raw\dataset\train\TUBERCULOSIS\tb_02259.png
tb,train,tb_02260.png,G:\Ai-CDD\data\raw\dataset\train\TUBERCULOSIS\tb_02260.png
tb,train,tb_02261.png,G:\Ai-CDD\data\raw\dataset\train\TUBERCULOSIS\tb_02261.png
tb,train,tb_02262.png,G:\Ai-CDD\data\raw\dataset\train\TUBERCULOSIS\tb_02262.png
tb,train,tb_02263.png,G:\Ai-CDD\data\raw\dataset\train\TUBERCULOSIS\tb_02263.png
tb,train,tb_02264.png,G:\Ai-CDD\data\raw\dataset\train\TUBERCULOSIS\tb_02264.png
tb,train,tb_02265.png,G:\Ai-CDD\data\raw\dataset\train\TUBERCULOSIS\tb_02265.png
tb,train,tb_02266.png,G:\Ai-CDD\data\raw\dataset\train\TUBERCULOSIS\tb_02266.png
tb,train,tb_02267.png,G:\Ai-CDD\data\raw\dataset\train\TUBERCULOSIS\tb_02267.png
tb,train,tb_02268.png,G:\Ai-CDD\data\raw\dataset\train\TUBERCULOSIS\tb_02268.png
tb,train,tb_02269.png,G:\Ai-CDD\data\raw\dataset\train\TUBERCULOSIS\tb_02269.png
tb,train,tb_02270.png,G:\Ai-CDD\data\raw\dataset\train\TUBERCULOSIS\tb_02270.png
tb,train,tb_02271.png,G:\Ai-CDD\data\raw\dataset\train\TUBERCULOSIS\tb_02271.png
tb,train,tb_02272.png,G:\Ai-CDD\data\raw\dataset\train\TUBERCULOSIS\tb_02272.png
tb,train,tb_02273.png,G:\Ai-CDD\data\raw\dataset\train\TUBERCULOSIS\tb_02273.png
tb,train,tb_02274.png,G:\Ai-CDD\data\raw\dataset\train\TUBERCULOSIS\tb_02274.png
tb,train,tb_02275.png,G:\Ai-CDD\data\raw\dataset\train\TUBERCULOSIS\tb_02275.png
tb,train,tb_02276.png,G:\Ai-CDD\data\raw\dataset\train\TUBERCULOSIS\tb_02276.png
tb,train,tb_02277.png,G:\Ai-CDD\data\raw\dataset\train\TUBERCULOSIS\tb_02277.png
tb,train,tb_02278.png,G:\Ai-CDD\data\raw\dataset\train\TUBERCULOSIS\tb_02278.png
tb,train,tb_02279.png,G:\Ai-CDD\data\raw\dataset\train\TUBERCULOSIS\tb_02279.png
tb,train,tb_02280.png,G:\Ai-CDD\data\raw\dataset\train\TUBERCULOSIS\tb_02280.png
tb,train,tb_02281.png,G:\Ai-CDD\data\raw\dataset\train\TUBERCULOSIS\tb_02281.png
tb,train,tb_02282.png,G:\Ai-CDD\data\raw\dataset\train\TUBERCULOSIS\tb_02282.png
tb,train,tb_02283.png,G:\Ai-CDD\data\raw\dataset\train\TUBERCULOSIS\tb_02283.png
tb,train,tb_02284.png,G:\Ai-CDD\data\raw\dataset\train\TUBERCULOSIS\tb_02284.png
tb,train,tb_02285.png,G:\Ai-CDD\data\raw\dataset\train\TUBERCULOSIS\tb_02285.png
tb,train,tb_02286.png,G:\Ai-CDD\data\raw\dataset\train\TUBERCULOSIS\tb_02286.png
tb,train,tb_02287.png,G:\Ai-CDD\data\raw\dataset\train\TUBERCULOSIS\tb_02287.png
tb,train,tb_02288.png,G:\Ai-CDD\data\raw\dataset\train\TUBERCULOSIS\tb_02288.png
tb,train,tb_02289.png,G:\Ai-CDD\data\raw\dataset\train\TUBERCULOSIS\tb_02289.png
tb,train,tb_02290.png,G:\Ai-CDD\data\raw\dataset\train\TUBERCULOSIS\tb_02290.png
tb,train,tb_02291.png,G:\Ai-CDD\data\raw\dataset\train\TUBERCULOSIS\tb_02291.png
tb,train,tb_02292.png,G:\Ai-CDD\data\raw\dataset\train\TUBERCULOSIS\tb_02292.png
tb,train,tb_02293.png,G:\Ai-CDD\data\raw\dataset\train\TUBERCULOSIS\tb_02293.png
tb,train,tb_02294.png,G:\Ai-CDD\data\raw\dataset\train\TUBERCULOSIS\tb_02294.png
tb,train,tb_02295.png,G:\Ai-CDD\data\raw\dataset\train\TUBERCULOSIS\tb_02295.png
tb,train,tb_02296.png,G:\Ai-CDD\data\raw\dataset\train\TUBERCULOSIS\tb_02296.png
tb,train,tb_02297.png,G:\Ai-CDD\data\raw\dataset\train\TUBERCULOSIS\tb_02297.png
tb,train,tb_02298.png,G:\Ai-CDD\data\raw\dataset\train\TUBERCULOSIS\tb_02298.png
tb,train,tb_02299.png,G:\Ai-CDD\data\raw\dataset\train\TUBERCULOSIS\tb_02299.png
tb,train,tb_02300.png,G:\Ai-CDD\data\raw\dataset\train\TUBERCULOSIS\tb_02300.png
tb,train,tb_02301.png,G:\Ai-CDD\data\raw\dataset\train\TUBERCULOSIS\tb_02301.png
tb,train,tb_02302.png,G:\Ai-CDD\data\raw\dataset\train\TUBERCULOSIS\tb_02302.png
tb,train,tb_02303.png,G:\Ai-CDD\data\raw\dataset\train\TUBERCULOSIS\tb_02303.png
tb,train,tb_02304.png,G:\Ai-CDD\data\raw\dataset\train\TUBERCULOSIS\tb_02304.png
tb,train,tb_02305.png,G:\Ai-CDD\data\raw\dataset\train\TUBERCULOSIS\tb_02305.png
tb,train,tb_02306.png,G:\Ai-CDD\data\raw\dataset\train\TUBERCULOSIS\tb_02306.png
tb,train,tb_02307.png,G:\Ai-CDD\data\raw\dataset\train\TUBERCULOSIS\tb_02307.png
tb,train,tb_02308.png,G:\Ai-CDD\data\raw\dataset\train\TUBERCULOSIS\tb_02308.png
tb,train,tb_02309.png,G:\Ai-CDD\data\raw\dataset\train\TUBERCULOSIS\tb_02309.png
tb,train,tb_02310.png,G:\Ai-CDD\data\raw\dataset\train\TUBERCULOSIS\tb_02310.png
tb,train,tb_02311.png,G:\Ai-CDD\data\raw\dataset\train\TUBERCULOSIS\tb_02311.png
tb,train,tb_02312.png,G:\Ai-CDD\data\raw\dataset\train\TUBERCULOSIS\tb_02312.png
tb,train,tb_02313.png,G:\Ai-CDD\data\raw\dataset\train\TUBERCULOSIS\tb_02313.png
tb,train,tb_02314.png,G:\Ai-CDD\data\raw\dataset\train\TUBERCULOSIS\tb_02314.png
tb,train,tb_02315.png,G:\Ai-CDD\data\raw\dataset\train\TUBERCULOSIS\tb_02315.png
tb,train,tb_02316.png,G:\Ai-CDD\data\raw\dataset\train\TUBERCULOSIS\tb_02316.png
tb,train,tb_02317.png,G:\Ai-CDD\data\raw\dataset\train\TUBERCULOSIS\tb_02317.png
tb,train,tb_02318.png,G:\Ai-CDD\data\raw\dataset\train\TUBERCULOSIS\tb_02318.png
tb,train,tb_02319.png,G:\Ai-CDD\data\raw\dataset\train\TUBERCULOSIS\tb_02319.png
tb,train,tb_02320.png,G:\Ai-CDD\data\raw\dataset\train\TUBERCULOSIS\tb_02320.png
tb,train,tb_02321.png,G:\Ai-CDD\data\raw\dataset\train\TUBERCULOSIS\tb_02321.png
tb,train,tb_02322.png,G:\Ai-CDD\data\raw\dataset\train\TUBERCULOSIS\tb_02322.png
tb,train,tb_02323.png,G:\Ai-CDD\data\raw\dataset\train\TUBERCULOSIS\tb_02323.png
tb,train,tb_02324.png,G:\Ai-CDD\data\raw\dataset\train\TUBERCULOSIS\tb_02324.png
tb,train,tb_02325.png,G:\Ai-CDD\data\raw\dataset\train\TUBERCULOSIS\tb_02325.png
tb,train,tb_02326.png,G:\Ai-CDD\data\raw\dataset\train\TUBERCULOSIS\tb_02326.png
tb,train,tb_02327.png,G:\Ai-CDD\data\raw\dataset\train\TUBERCULOSIS\tb_02327.png
tb,train,tb_02328.png,G:\Ai-CDD\data\raw\dataset\train\TUBERCULOSIS\tb_02328.png
tb,train,tb_02329.png,G:\Ai-CDD\data\raw\dataset\train\TUBERCULOSIS\tb_02329.png
tb,train,tb_02330.png,G:\Ai-CDD\data\raw\dataset\train\TUBERCULOSIS\tb_02330.png
tb,train,tb_02331.png,G:\Ai-CDD\data\raw\dataset\train\TUBERCULOSIS\tb_02331.png
tb,train,tb_02332.png,G:\Ai-CDD\data\raw\dataset\train\TUBERCULOSIS\tb_02332.png
tb,train,tb_02333.png,G:\Ai-CDD\data\raw\dataset\train\TUBERCULOSIS\tb_02333.png
tb,train,tb_02334.png,G:\Ai-CDD\data\raw\dataset\train\TUBERCULOSIS\tb_02334.png
tb,train,tb_02335.png,G:\Ai-CDD\data\raw\dataset\train\TUBERCULOSIS\tb_02335.png
tb,train,tb_02336.png,G:\Ai-CDD\data\raw\dataset\train\TUBERCULOSIS\tb_02336.png
tb,train,tb_02337.png,G:\Ai-CDD\data\raw\dataset\train\TUBERCULOSIS\tb_02337.png
tb,train,tb_02338.png,G:\Ai-CDD\data\raw\dataset\train\TUBERCULOSIS\tb_02338.png
tb,train,tb_02339.png,G:\Ai-CDD\data\raw\dataset\train\TUBERCULOSIS\tb_02339.png
tb,train,tb_02340.png,G:\Ai-CDD\data\raw\dataset\train\TUBERCULOSIS\tb_02340.png
tb,train,tb_02341.png,G:\Ai-CDD\data\raw\dataset\train\TUBERCULOSIS\tb_02341.png
tb,train,tb_02342.png,G:\Ai-CDD\data\raw\dataset\train\TUBERCULOSIS\tb_02342.png
tb,train,tb_02343.png,G:\Ai-CDD\data\raw\dataset\train\TUBERCULOSIS\tb_02343.png
tb,train,tb_02344.png,G:\Ai-CDD\data\raw\dataset\train\TUBERCULOSIS\tb_02344.png
tb,train,tb_02345.png,G:\Ai-CDD\data\raw\dataset\train\TUBERCULOSIS\tb_02345.png
tb,train,tb_02346.png,G:\Ai-CDD\data\raw\dataset\train\TUBERCULOSIS\tb_02346.png
tb,train,tb_02347.png,G:\Ai-CDD\data\raw\dataset\train\TUBERCULOSIS\tb_02347.png
tb,train,tb_02348.png,G:\Ai-CDD\data\raw\dataset\train\TUBERCULOSIS\tb_02348.png
tb,train,tb_02349.png,G:\Ai-CDD\data\raw\dataset\train\TUBERCULOSIS\tb_02349.png
tb,train,tb_02350.png,G:\Ai-CDD\data\raw\dataset\train\TUBERCULOSIS\tb_02350.png
tb,train,tb_02351.png,G:\Ai-CDD\data\raw\dataset\train\TUBERCULOSIS\tb_02351.png
tb,train,tb_02352.png,G:\Ai-CDD\data\raw\dataset\train\TUBERCULOSIS\tb_02352.png
tb,train,tb_02353.png,G:\Ai-CDD\data\raw\dataset\train\TUBERCULOSIS\tb_02353.png
tb,train,tb_02354.png,G:\Ai-CDD\data\raw\dataset\train\TUBERCULOSIS\tb_02354.png
tb,train,tb_02355.png,G:\Ai-CDD\data\raw\dataset\train\TUBERCULOSIS\tb_02355.png
tb,train,tb_02356.png,G:\Ai-CDD\data\raw\dataset\train\TUBERCULOSIS\tb_02356.png
tb,train,tb_02357.png,G:\Ai-CDD\data\raw\dataset\train\TUBERCULOSIS\tb_02357.png
tb,train,tb_02358.png,G:\Ai-CDD\data\raw\dataset\train\TUBERCULOSIS\tb_02358.png
tb,train,tb_02359.png,G:\Ai-CDD\data\raw\dataset\train\TUBERCULOSIS\tb_02359.png
tb,test,tb_00001.png,G:\Ai-CDD\data\raw\dataset\test\TUBERCULOSIS\tb_00001.png
tb,test,tb_00002.png,G:\Ai-CDD\data\raw\dataset\test\TUBERCULOSIS\tb_00002.png
tb,test,tb_00003.png,G:\Ai-CDD\data\raw\dataset\test\TUBERCULOSIS\tb_00003.png
tb,test,tb_00004.png,G:\Ai-CDD\data\raw\dataset\test\TUBERCULOSIS\tb_00004.png
tb,test,tb_00005.png,G:\Ai-CDD\data\raw\dataset\test\TUBERCULOSIS\tb_00005.png
tb,test,tb_00006.png,G:\Ai-CDD\data\raw\dataset\test\TUBERCULOSIS\tb_00006.png
tb,test,tb_00007.png,G:\Ai-CDD\data\raw\dataset\test\TUBERCULOSIS\tb_00007.png
tb,test,tb_00008.png,G:\Ai-CDD\data\raw\dataset\test\TUBERCULOSIS\tb_00008.png
tb,test,tb_00009.png,G:\Ai-CDD\data\raw\dataset\test\TUBERCULOSIS\tb_00009.png
tb,test,tb_00010.png,G:\Ai-CDD\data\raw\dataset\test\TUBERCULOSIS\tb_00010.png
tb,test,tb_00011.png,G:\Ai-CDD\data\raw\dataset\test\TUBERCULOSIS\tb_00011.png
tb,test,tb_00012.png,G:\Ai-CDD\data\raw\dataset\test\TUBERCULOSIS\tb_00012.png
tb,test,tb_00013.png,G:\Ai-CDD\data\raw\dataset\test\TUBERCULOSIS\tb_00013.png
tb,test,tb_00014.png,G:\Ai-CDD\data\raw\dataset\test\TUBERCULOSIS\tb_00014.png
tb,test,tb_00015.png,G:\Ai-CDD\data\raw\dataset\test\TUBERCULOSIS\tb_00015.png
tb,test,tb_00016.png,G:\Ai-CDD\data\raw\dataset\test\TUBERCULOSIS\tb_00016.png
tb,test,tb_00017.png,G:\Ai-CDD\data\raw\dataset\test\TUBERCULOSIS\tb_00017.png
tb,test,tb_00018.png,G:\Ai-CDD\data\raw\dataset\test\TUBERCULOSIS\tb_00018.png
tb,test,tb_00019.png,G:\Ai-CDD\data\raw\dataset\test\TUBERCULOSIS\tb_00019.png
tb,test,tb_00020.png,G:\Ai-CDD\data\raw\dataset\test\TUBERCULOSIS\tb_00020.png
tb,test,tb_00021.png,G:\Ai-CDD\data\raw\dataset\test\TUBERCULOSIS\tb_00021.png
tb,test,tb_00022.png,G:\Ai-CDD\data\raw\dataset\test\TUBERCULOSIS\tb_00022.png
tb,test,tb_00023.png,G:\Ai-CDD\data\raw\dataset\test\TUBERCULOSIS\tb_00023.png
tb,test,tb_00024.png,G:\Ai-CDD\data\raw\dataset\test\TUBERCULOSIS\tb_00024.png
tb,test,tb_00025.png,G:\Ai-CDD\data\raw\dataset\test\TUBERCULOSIS\tb_00025.png
tb,test,tb_00026.png,G:\Ai-CDD\data\raw\dataset\test\TUBERCULOSIS\tb_00026.png
tb,test,tb_00027.png,G:\Ai-CDD\data\raw\dataset\test\TUBERCULOSIS\tb_00027.png
tb,test,tb_00028.png,G:\Ai-CDD\data\raw\dataset\test\TUBERCULOSIS\tb_00028.png
tb,test,tb_00029.png,G:\Ai-CDD\data\raw\dataset\test\TUBERCULOSIS\tb_00029.png
tb,test,tb_00030.png,G:\Ai-CDD\data\raw\dataset\test\TUBERCULOSIS\tb_00030.png
tb,test,tb_00031.png,G:\Ai-CDD\data\raw\dataset\test\TUBERCULOSIS\tb_00031.png
tb,test,tb_00032.png,G:\Ai-CDD\data\raw\dataset\test\TUBERCULOSIS\tb_00032.png
tb,test,tb_00033.png,G:\Ai-CDD\data\raw\dataset\test\TUBERCULOSIS\tb_00033.png
tb,test,tb_00034.png,G:\Ai-CDD\data\raw\dataset\test\TUBERCULOSIS\tb_00034.png
tb,test,tb_00035.png,G:\Ai-CDD\data\raw\dataset\test\TUBERCULOSIS\tb_00035.png
tb,test,tb_00036.png,G:\Ai-CDD\data\raw\dataset\test\TUBERCULOSIS\tb_00036.png
tb,test,tb_00037.png,G:\Ai-CDD\data\raw\dataset\test\TUBERCULOSIS\tb_00037.png
tb,test,tb_00038.png,G:\Ai-CDD\data\raw\dataset\test\TUBERCULOSIS\tb_00038.png
tb,test,tb_00039.png,G:\Ai-CDD\data\raw\dataset\test\TUBERCULOSIS\tb_00039.png
tb,test,tb_00040.png,G:\Ai-CDD\data\raw\dataset\test\TUBERCULOSIS\tb_00040.png
tb,test,tb_00041.png,G:\Ai-CDD\data\raw\dataset\test\TUBERCULOSIS\tb_00041.png
tb,test,tb_00042.png,G:\Ai-CDD\data\raw\dataset\test\TUBERCULOSIS\tb_00042.png
tb,test,tb_00043.png,G:\Ai-CDD\data\raw\dataset\test\TUBERCULOSIS\tb_00043.png
tb,test,tb_00044.png,G:\Ai-CDD\data\raw\dataset\test\TUBERCULOSIS\tb_00044.png
tb,test,tb_00045.png,G:\Ai-CDD\data\raw\dataset\test\TUBERCULOSIS\tb_00045.png
tb,test,tb_00046.png,G:\Ai-CDD\data\raw\dataset\test\TUBERCULOSIS\tb_00046.png
tb,test,tb_00047.png,G:\Ai-CDD\data\raw\dataset\test\TUBERCULOSIS\tb_00047.png
tb,test,tb_00048.png,G:\Ai-CDD\data\raw\dataset\test\TUBERCULOSIS\tb_00048.png
tb,test,tb_00049.png,G:\Ai-CDD\data\raw\dataset\test\TUBERCULOSIS\tb_00049.png
tb,test,tb_00050.png,G:\Ai-CDD\data\raw\dataset\test\TUBERCULOSIS\tb_00050.png
tb,test,tb_00051.png,G:\Ai-CDD\data\raw\dataset\test\TUBERCULOSIS\tb_00051.png
tb,test,tb_00052.png,G:\Ai-CDD\data\raw\dataset\test\TUBERCULOSIS\tb_00052.png
tb,test,tb_00053.png,G:\Ai-CDD\data\raw\dataset\test\TUBERCULOSIS\tb_00053.png
tb,test,tb_00054.png,G:\Ai-CDD\data\raw\dataset\test\TUBERCULOSIS\tb_00054.png
tb,test,tb_00055.png,G:\Ai-CDD\data\raw\dataset\test\TUBERCULOSIS\tb_00055.png
tb,test,tb_00056.png,G:\Ai-CDD\data\raw\dataset\test\TUBERCULOSIS\tb_00056.png
tb,test,tb_00057.png,G:\Ai-CDD\data\raw\dataset\test\TUBERCULOSIS\tb_00057.png
tb,test,tb_00058.png,G:\Ai-CDD\data\raw\dataset\test\TUBERCULOSIS\tb_00058.png
tb,test,tb_00059.png,G:\Ai-CDD\data\raw\dataset\test\TUBERCULOSIS\tb_00059.png
tb,test,tb_00060.png,G:\Ai-CDD\data\raw\dataset\test\TUBERCULOSIS\tb_00060.png
tb,test,tb_00061.png,G:\Ai-CDD\data\raw\dataset\test\TUBERCULOSIS\tb_00061.png
tb,test,tb_00062.png,G:\Ai-CDD\data\raw\dataset\test\TUBERCULOSIS\tb_00062.png
tb,test,tb_00063.png,G:\Ai-CDD\data\raw\dataset\test\TUBERCULOSIS\tb_00063.png
tb,test,tb_00064.png,G:\Ai-CDD\data\raw\dataset\test\TUBERCULOSIS\tb_00064.png
tb,test,tb_00065.png,G:\Ai-CDD\data\raw\dataset\test\TUBERCULOSIS\tb_00065.png
tb,test,tb_00066.png,G:\Ai-CDD\data\raw\dataset\test\TUBERCULOSIS\tb_00066.png
tb,test,tb_00067.png,G:\Ai-CDD\data\raw\dataset\test\TUBERCULOSIS\tb_00067.png
tb,test,tb_00068.png,G:\Ai-CDD\data\raw\dataset\test\TUBERCULOSIS\tb_00068.png
tb,test,tb_00069.png,G:\Ai-CDD\data\raw\dataset\test\TUBERCULOSIS\tb_00069.png
tb,test,tb_00070.png,G:\Ai-CDD\data\raw\dataset\test\TUBERCULOSIS\tb_00070.png
tb,test,tb_00071.png,G:\Ai-CDD\data\raw\dataset\test\TUBERCULOSIS\tb_00071.png
tb,test,tb_00072.png,G:\Ai-CDD\data\raw\dataset\test\TUBERCULOSIS\tb_00072.png
tb,test,tb_00073.png,G:\Ai-CDD\data\raw\dataset\test\TUBERCULOSIS\tb_00073.png
tb,test,tb_00074.png,G:\Ai-CDD\data\raw\dataset\test\TUBERCULOSIS\tb_00074.png
tb,test,tb_00075.png,G:\Ai-CDD\data\raw\dataset\test\TUBERCULOSIS\tb_00075.png
tb,test,tb_00076.png,G:\Ai-CDD\data\raw\dataset\test\TUBERCULOSIS\tb_00076.png
tb,test,tb_00077.png,G:\Ai-CDD\data\raw\dataset\test\TUBERCULOSIS\tb_00077.png
tb,test,tb_00078.png,G:\Ai-CDD\data\raw\dataset\test\TUBERCULOSIS\tb_00078.png
tb,test,tb_00079.png,G:\Ai-CDD\data\raw\dataset\test\TUBERCULOSIS\tb_00079.png
tb,test,tb_00080.png,G:\Ai-CDD\data\raw\dataset\test\TUBERCULOSIS\tb_00080.png
tb,test,tb_00081.png,G:\Ai-CDD\data\raw\dataset\test\TUBERCULOSIS\tb_00081.png
tb,test,tb_00082.png,G:\Ai-CDD\data\raw\dataset\test\TUBERCULOSIS\tb_00082.png
tb,test,tb_00083.png,G:\Ai-CDD\data\raw\dataset\test\TUBERCULOSIS\tb_00083.png
tb,test,tb_00084.png,G:\Ai-CDD\data\raw\dataset\test\TUBERCULOSIS\tb_00084.png
tb,test,tb_00085.png,G:\Ai-CDD\data\raw\dataset\test\TUBERCULOSIS\tb_00085.png
tb,test,tb_00086.png,G:\Ai-CDD\data\raw\dataset\test\TUBERCULOSIS\tb_00086.png
tb,test,tb_00087.png,G:\Ai-CDD\data\raw\dataset\test\TUBERCULOSIS\tb_00087.png
tb,test,tb_00088.png,G:\Ai-CDD\data\raw\dataset\test\TUBERCULOSIS\tb_00088.png
tb,test,tb_00089.png,G:\Ai-CDD\data\raw\dataset\test\TUBERCULOSIS\tb_00089.png
tb,test,tb_00090.png,G:\Ai-CDD\data\raw\dataset\test\TUBERCULOSIS\tb_00090.png
tb,test,tb_00091.png,G:\Ai-CDD\data\raw\dataset\test\TUBERCULOSIS\tb_00091.png
tb,test,tb_00092.png,G:\Ai-CDD\data\raw\dataset\test\TUBERCULOSIS\tb_00092.png
tb,test,tb_00093.png,G:\Ai-CDD\data\raw\dataset\test\TUBERCULOSIS\tb_00093.png
tb,test,tb_00094.png,G:\Ai-CDD\data\raw\dataset\test\TUBERCULOSIS\tb_00094.png
tb,test,tb_00095.png,G:\Ai-CDD\data\raw\dataset\test\TUBERCULOSIS\tb_00095.png
tb,test,tb_00096.png,G:\Ai-CDD\data\raw\dataset\test\TUBERCULOSIS\tb_00096.png
tb,test,tb_00097.png,G:\Ai-CDD\data\raw\dataset\test\TUBERCULOSIS\tb_00097.png
tb,test,tb_00098.png,G:\Ai-CDD\data\raw\dataset\test\TUBERCULOSIS\tb_00098.png
tb,test,tb_00099.png,G:\Ai-CDD\data\raw\dataset\test\TUBERCULOSIS\tb_00099.png
tb,test,tb_00100.png,G:\Ai-CDD\data\raw\dataset\test\TUBERCULOSIS\tb_00100.png
tb,test,tb_00101.png,G:\Ai-CDD\data\raw\dataset\test\TUBERCULOSIS\tb_00101.png
tb,test,tb_00102.png,G:\Ai-CDD\data\raw\dataset\test\TUBERCULOSIS\tb_00102.png
tb,test,tb_00103.png,G:\Ai-CDD\data\raw\dataset\test\TUBERCULOSIS\tb_00103.png
tb,test,tb_00104.png,G:\Ai-CDD\data\raw\dataset\test\TUBERCULOSIS\tb_00104.png
tb,test,tb_00105.png,G:\Ai-CDD\data\raw\dataset\test\TUBERCULOSIS\tb_00105.png
tb,test,tb_00106.png,G:\Ai-CDD\data\raw\dataset\test\TUBERCULOSIS\tb_00106.png
tb,test,tb_00107.png,G:\Ai-CDD\data\raw\dataset\test\TUBERCULOSIS\tb_00107.png
tb,test,tb_00108.png,G:\Ai-CDD\data\raw\dataset\test\TUBERCULOSIS\tb_00108.png
tb,test,tb_00109.png,G:\Ai-CDD\data\raw\dataset\test\TUBERCULOSIS\tb_00109.png
tb,test,tb_00110.png,G:\Ai-CDD\data\raw\dataset\test\TUBERCULOSIS\tb_00110.png
tb,test,tb_00111.png,G:\Ai-CDD\data\raw\dataset\test\TUBERCULOSIS\tb_00111.png
tb,test,tb_00112.png,G:\Ai-CDD\data\raw\dataset\test\TUBERCULOSIS\tb_00112.png
tb,test,tb_00113.png,G:\Ai-CDD\data\raw\dataset\test\TUBERCULOSIS\tb_00113.png
tb,test,tb_00114.png,G:\Ai-CDD\data\raw\dataset\test\TUBERCULOSIS\tb_00114.png
tb,test,tb_00115.png,G:\Ai-CDD\data\raw\dataset\test\TUBERCULOSIS\tb_00115.png
tb,test,tb_00116.png,G:\Ai-CDD\data\raw\dataset\test\TUBERCULOSIS\tb_00116.png
tb,test,tb_00117.png,G:\Ai-CDD\data\raw\dataset\test\TUBERCULOSIS\tb_00117.png
tb,test,tb_00118.png,G:\Ai-CDD\data\raw\dataset\test\TUBERCULOSIS\tb_00118.png
tb,test,tb_00119.png,G:\Ai-CDD\data\raw\dataset\test\TUBERCULOSIS\tb_00119.png
tb,test,tb_00120.png,G:\Ai-CDD\data\raw\dataset\test\TUBERCULOSIS\tb_00120.png
tb,test,tb_00121.png,G:\Ai-CDD\data\raw\dataset\test\TUBERCULOSIS\tb_00121.png
tb,test,tb_00122.png,G:\Ai-CDD\data\raw\dataset\test\TUBERCULOSIS\tb_00122.png
tb,test,tb_00123.png,G:\Ai-CDD\data\raw\dataset\test\TUBERCULOSIS\tb_00123.png
tb,test,tb_00124.png,G:\Ai-CDD\data\raw\dataset\test\TUBERCULOSIS\tb_00124.png
tb,test,tb_00125.png,G:\Ai-CDD\data\raw\dataset\test\TUBERCULOSIS\tb_00125.png
tb,test,tb_00126.png,G:\Ai-CDD\data\raw\dataset\test\TUBERCULOSIS\tb_00126.png
tb,test,tb_00127.png,G:\Ai-CDD\data\raw\dataset\test\TUBERCULOSIS\tb_00127.png
tb,test,tb_00128.png,G:\Ai-CDD\data\raw\dataset\test\TUBERCULOSIS\tb_00128.png
tb,test,tb_00129.png,G:\Ai-CDD\data\raw\dataset\test\TUBERCULOSIS\tb_00129.png
tb,test,tb_00130.png,G:\Ai-CDD\data\raw\dataset\test\TUBERCULOSIS\tb_00130.png
tb,test,tb_00131.png,G:\Ai-CDD\data\raw\dataset\test\TUBERCULOSIS\tb_00131.png
tb,test,tb_00132.png,G:\Ai-CDD\data\raw\dataset\test\TUBERCULOSIS\tb_00132.png
tb,test,tb_00133.png,G:\Ai-CDD\data\raw\dataset\test\TUBERCULOSIS\tb_00133.png
tb,test,tb_00134.png,G:\Ai-CDD\data\raw\dataset\test\TUBERCULOSIS\tb_00134.png
tb,test,tb_00135.png,G:\Ai-CDD\data\raw\dataset\test\TUBERCULOSIS\tb_00135.png
tb,test,tb_00136.png,G:\Ai-CDD\data\raw\dataset\test\TUBERCULOSIS\tb_00136.png
tb,test,tb_00137.png,G:\Ai-CDD\data\raw\dataset\test\TUBERCULOSIS\tb_00137.png
tb,test,tb_00138.png,G:\Ai-CDD\data\raw\dataset\test\TUBERCULOSIS\tb_00138.png
tb,test,tb_00139.png,G:\Ai-CDD\data\raw\dataset\test\TUBERCULOSIS\tb_00139.png
tb,test,tb_00140.png,G:\Ai-CDD\data\raw\dataset\test\TUBERCULOSIS\tb_00140.png
tb,test,tb_00141.png,G:\Ai-CDD\data\raw\dataset\test\TUBERCULOSIS\tb_00141.png
tb,test,tb_00142.png,G:\Ai-CDD\data\raw\dataset\test\TUBERCULOSIS\tb_00142.png
tb,test,tb_00143.png,G:\Ai-CDD\data\raw\dataset\test\TUBERCULOSIS\tb_00143.png
tb,test,tb_00144.png,G:\Ai-CDD\data\raw\dataset\test\TUBERCULOSIS\tb_00144.png
tb,test,tb_00145.png,G:\Ai-CDD\data\raw\dataset\test\TUBERCULOSIS\tb_00145.png
tb,test,tb_00146.png,G:\Ai-CDD\data\raw\dataset\test\TUBERCULOSIS\tb_00146.png
tb,test,tb_00147.png,G:\Ai-CDD\data\raw\dataset\test\TUBERCULOSIS\tb_00147.png
tb,test,tb_00148.png,G:\Ai-CDD\data\raw\dataset\test\TUBERCULOSIS\tb_00148.png
tb,test,tb_00149.png,G:\Ai-CDD\data\raw\dataset\test\TUBERCULOSIS\tb_00149.png
tb,test,tb_00150.png,G:\Ai-CDD\data\raw\dataset\test\TUBERCULOSIS\tb_00150.png
tb,test,tb_00151.png,G:\Ai-CDD\data\raw\dataset\test\TUBERCULOSIS\tb_00151.png
tb,test,tb_00152.png,G:\Ai-CDD\data\raw\dataset\test\TUBERCULOSIS\tb_00152.png
tb,test,tb_00153.png,G:\Ai-CDD\data\raw\dataset\test\TUBERCULOSIS\tb_00153.png
tb,test,tb_00154.png,G:\Ai-CDD\data\raw\dataset\test\TUBERCULOSIS\tb_00154.png
tb,test,tb_00155.png,G:\Ai-CDD\data\raw\dataset\test\TUBERCULOSIS\tb_00155.png
tb,test,tb_00156.png,G:\Ai-CDD\data\raw\dataset\test\TUBERCULOSIS\tb_00156.png
tb,test,tb_00157.png,G:\Ai-CDD\data\raw\dataset\test\TUBERCULOSIS\tb_00157.png
tb,test,tb_00158.png,G:\Ai-CDD\data\raw\dataset\test\TUBERCULOSIS\tb_00158.png
tb,test,tb_00159.png,G:\Ai-CDD\data\raw\dataset\test\TUBERCULOSIS\tb_00159.png
tb,test,tb_00160.png,G:\Ai-CDD\data\raw\dataset\test\TUBERCULOSIS\tb_00160.png
tb,test,tb_00161.png,G:\Ai-CDD\data\raw\dataset\test\TUBERCULOSIS\tb_00161.png
tb,test,tb_00162.png,G:\Ai-CDD\data\raw\dataset\test\TUBERCULOSIS\tb_00162.png
tb,test,tb_00163.png,G:\Ai-CDD\data\raw\dataset\test\TUBERCULOSIS\tb_00163.png
tb,test,tb_00164.png,G:\Ai-CDD\data\raw\dataset\test\TUBERCULOSIS\tb_00164.png
tb,test,tb_00165.png,G:\Ai-CDD\data\raw\dataset\test\TUBERCULOSIS\tb_00165.png
tb,test,tb_00166.png,G:\Ai-CDD\data\raw\dataset\test\TUBERCULOSIS\tb_00166.png
tb,test,tb_00167.png,G:\Ai-CDD\data\raw\dataset\test\TUBERCULOSIS\tb_00167.png
tb,test,tb_00168.png,G:\Ai-CDD\data\raw\dataset\test\TUBERCULOSIS\tb_00168.png
tb,test,tb_00169.png,G:\Ai-CDD\data\raw\dataset\test\TUBERCULOSIS\tb_00169.png
tb,test,tb_00170.png,G:\Ai-CDD\data\raw\dataset\test\TUBERCULOSIS\tb_00170.png
tb,test,tb_00171.png,G:\Ai-CDD\data\raw\dataset\test\TUBERCULOSIS\tb_00171.png
tb,test,tb_00172.png,G:\Ai-CDD\data\raw\dataset\test\TUBERCULOSIS\tb_00172.png
tb,test,tb_00173.png,G:\Ai-CDD\data\raw\dataset\test\TUBERCULOSIS\tb_00173.png
tb,test,tb_00174.png,G:\Ai-CDD\data\raw\dataset\test\TUBERCULOSIS\tb_00174.png
tb,test,tb_00175.png,G:\Ai-CDD\data\raw\dataset\test\TUBERCULOSIS\tb_00175.png
tb,test,tb_00176.png,G:\Ai-CDD\data\raw\dataset\test\TUBERCULOSIS\tb_00176.png
tb,test,tb_00177.png,G:\Ai-CDD\data\raw\dataset\test\TUBERCULOSIS\tb_00177.png
tb,test,tb_00178.png,G:\Ai-CDD\data\raw\dataset\test\TUBERCULOSIS\tb_00178.png
tb,test,tb_00179.png,G:\Ai-CDD\data\raw\dataset\test\TUBERCULOSIS\tb_00179.png
tb,test,tb_00180.png,G:\Ai-CDD\data\raw\dataset\test\TUBERCULOSIS\tb_00180.png
tb,test,tb_00181.png,G:\Ai-CDD\data\raw\dataset\test\TUBERCULOSIS\tb_00181.png
tb,test,tb_00182.png,G:\Ai-CDD\data\raw\dataset\test\TUBERCULOSIS\tb_00182.png
tb,test,tb_00183.png,G:\Ai-CDD\data\raw\dataset\test\TUBERCULOSIS\tb_00183.png
tb,test,tb_00184.png,G:\Ai-CDD\data\raw\dataset\test\TUBERCULOSIS\tb_00184.png
tb,test,tb_00185.png,G:\Ai-CDD\data\raw\dataset\test\TUBERCULOSIS\tb_00185.png
tb,test,tb_00186.png,G:\Ai-CDD\data\raw\dataset\test\TUBERCULOSIS\tb_00186.png
tb,test,tb_00187.png,G:\Ai-CDD\data\raw\dataset\test\TUBERCULOSIS\tb_00187.png
tb,test,tb_00188.png,G:\Ai-CDD\data\raw\dataset\test\TUBERCULOSIS\tb_00188.png
tb,test,tb_00189.png,G:\Ai-CDD\data\raw\dataset\test\TUBERCULOSIS\tb_00189.png
tb,test,tb_00190.png,G:\Ai-CDD\data\raw\dataset\test\TUBERCULOSIS\tb_00190.png
tb,test,tb_00191.png,G:\Ai-CDD\data\raw\dataset\test\TUBERCULOSIS\tb_00191.png
tb,test,tb_00192.png,G:\Ai-CDD\data\raw\dataset\test\TUBERCULOSIS\tb_00192.png
tb,test,tb_00193.png,G:\Ai-CDD\data\raw\dataset\test\TUBERCULOSIS\tb_00193.png
tb,test,tb_00194.png,G:\Ai-CDD\data\raw\dataset\test\TUBERCULOSIS\tb_00194.png
tb,test,tb_00195.png,G:\Ai-CDD\data\raw\dataset\test\TUBERCULOSIS\tb_00195.png
tb,test,tb_00196.png,G:\Ai-CDD\data\raw\dataset\test\TUBERCULOSIS\tb_00196.png
tb,test,tb_00197.png,G:\Ai-CDD\data\raw\dataset\test\TUBERCULOSIS\tb_00197.png
tb,test,tb_00198.png,G:\Ai-CDD\data\raw\dataset\test\TUBERCULOSIS\tb_00198.png
tb,test,tb_00199.png,G:\Ai-CDD\data\raw\dataset\test\TUBERCULOSIS\tb_00199.png
tb,test,tb_00200.png,G:\Ai-CDD\data\raw\dataset\test\TUBERCULOSIS\tb_00200.png
tb,test,tb_00201.png,G:\Ai-CDD\data\raw\dataset\test\TUBERCULOSIS\tb_00201.png
tb,test,tb_00202.png,G:\Ai-CDD\data\raw\dataset\test\TUBERCULOSIS\tb_00202.png
tb,test,tb_00203.png,G:\Ai-CDD\data\raw\dataset\test\TUBERCULOSIS\tb_00203.png
tb,test,tb_00204.png,G:\Ai-CDD\data\raw\dataset\test\TUBERCULOSIS\tb_00204.png
tb,test,tb_00205.png,G:\Ai-CDD\data\raw\dataset\test\TUBERCULOSIS\tb_00205.png
tb,test,tb_00206.png,G:\Ai-CDD\data\raw\dataset\test\TUBERCULOSIS\tb_00206.png
tb,test,tb_00207.png,G:\Ai-CDD\data\raw\dataset\test\TUBERCULOSIS\tb_00207.png
tb,test,tb_00208.png,G:\Ai-CDD\data\raw\dataset\test\TUBERCULOSIS\tb_00208.png
tb,test,tb_00209.png,G:\Ai-CDD\data\raw\dataset\test\TUBERCULOSIS\tb_00209.png
tb,test,tb_00210.png,G:\Ai-CDD\data\raw\dataset\test\TUBERCULOSIS\tb_00210.png
tb,test,tb_00211.png,G:\Ai-CDD\data\raw\dataset\test\TUBERCULOSIS\tb_00211.png
tb,test,tb_00212.png,G:\Ai-CDD\data\raw\dataset\test\TUBERCULOSIS\tb_00212.png
tb,test,tb_00213.png,G:\Ai-CDD\data\raw\dataset\test\TUBERCULOSIS\tb_00213.png
tb,test,tb_00214.png,G:\Ai-CDD\data\raw\dataset\test\TUBERCULOSIS\tb_00214.png
tb,test,tb_00215.png,G:\Ai-CDD\data\raw\dataset\test\TUBERCULOSIS\tb_00215.png
tb,test,tb_00216.png,G:\Ai-CDD\data\raw\dataset\test\TUBERCULOSIS\tb_00216.png
tb,test,tb_00217.png,G:\Ai-CDD\data\raw\dataset\test\TUBERCULOSIS\tb_00217.png
tb,test,tb_00218.png,G:\Ai-CDD\data\raw\dataset\test\TUBERCULOSIS\tb_00218.png
tb,test,tb_00219.png,G:\Ai-CDD\data\raw\dataset\test\TUBERCULOSIS\tb_00219.png
tb,test,tb_00220.png,G:\Ai-CDD\data\raw\dataset\test\TUBERCULOSIS\tb_00220.png
tb,test,tb_00221.png,G:\Ai-CDD\data\raw\dataset\test\TUBERCULOSIS\tb_00221.png
tb,test,tb_00222.png,G:\Ai-CDD\data\raw\dataset\test\TUBERCULOSIS\tb_00222.png
tb,test,tb_00223.png,G:\Ai-CDD\data\raw\dataset\test\TUBERCULOSIS\tb_00223.png
tb,test,tb_00224.png,G:\Ai-CDD\data\raw\dataset\test\TUBERCULOSIS\tb_00224.png
tb,test,tb_00225.png,G:\Ai-CDD\data\raw\dataset\test\TUBERCULOSIS\tb_00225.png
tb,test,tb_00226.png,G:\Ai-CDD\data\raw\dataset\test\TUBERCULOSIS\tb_00226.png
tb,test,tb_00227.png,G:\Ai-CDD\data\raw\dataset\test\TUBERCULOSIS\tb_00227.png
tb,test,tb_00228.png,G:\Ai-CDD\data\raw\dataset\test\TUBERCULOSIS\tb_00228.png
tb,test,tb_00229.png,G:\Ai-CDD\data\raw\dataset\test\TUBERCULOSIS\tb_00229.png
tb,test,tb_00230.png,G:\Ai-CDD\data\raw\dataset\test\TUBERCULOSIS\tb_00230.png
tb,test,tb_00231.png,G:\Ai-CDD\data\raw\dataset\test\TUBERCULOSIS\tb_00231.png
tb,test,tb_00232.png,G:\Ai-CDD\data\raw\dataset\test\TUBERCULOSIS\tb_00232.png
tb,test,tb_00233.png,G:\Ai-CDD\data\raw\dataset\test\TUBERCULOSIS\tb_00233.png
tb,test,tb_00234.png,G:\Ai-CDD\data\raw\dataset\test\TUBERCULOSIS\tb_00234.png
tb,test,tb_00235.png,G:\Ai-CDD\data\raw\dataset\test\TUBERCULOSIS\tb_00235.png
tb,test,tb_00236.png,G:\Ai-CDD\data\raw\dataset\test\TUBERCULOSIS\tb_00236.png
tb,test,tb_00237.png,G:\Ai-CDD\data\raw\dataset\test\TUBERCULOSIS\tb_00237.png
tb,test,tb_00238.png,G:\Ai-CDD\data\raw\dataset\test\TUBERCULOSIS\tb_00238.png
tb,test,tb_00239.png,G:\Ai-CDD\data\raw\dataset\test\TUBERCULOSIS\tb_00239.png
tb,test,tb_00240.png,G:\Ai-CDD\data\raw\dataset\test\TUBERCULOSIS\tb_00240.png
tb,test,tb_00241.png,G:\Ai-CDD\data\raw\dataset\test\TUBERCULOSIS\tb_00241.png
tb,test,tb_00242.png,G:\Ai-CDD\data\raw\dataset\test\TUBERCULOSIS\tb_00242.png
tb,test,tb_00243.png,G:\Ai-CDD\data\raw\dataset\test\TUBERCULOSIS\tb_00243.png
tb,test,tb_00244.png,G:\Ai-CDD\data\raw\dataset\test\TUBERCULOSIS\tb_00244.png
tb,test,tb_00245.png,G:\Ai-CDD\data\raw\dataset\test\TUBERCULOSIS\tb_00245.png
tb,test,tb_00246.png,G:\Ai-CDD\data\raw\dataset\test\TUBERCULOSIS\tb_00246.png
tb,test,tb_00247.png,G:\Ai-CDD\data\raw\dataset\test\TUBERCULOSIS\tb_00247.png
tb,test,tb_00248.png,G:\Ai-CDD\data\raw\dataset\test\TUBERCULOSIS\tb_00248.png
tb,test,tb_00249.png,G:\Ai-CDD\data\raw\dataset\test\TUBERCULOSIS\tb_00249.png
tb,test,tb_00250.png,G:\Ai-CDD\data\raw\dataset\test\TUBERCULOSIS\tb_00250.png
tb,test,tb_00251.png,G:\Ai-CDD\data\raw\dataset\test\TUBERCULOSIS\tb_00251.png
tb,test,tb_00252.png,G:\Ai-CDD\data\raw\dataset\test\TUBERCULOSIS\tb_00252.png
tb,test,tb_00253.png,G:\Ai-CDD\data\raw\dataset\test\TUBERCULOSIS\tb_00253.png
tb,test,tb_00254.png,G:\Ai-CDD\data\raw\dataset\test\TUBERCULOSIS\tb_00254.png
tb,test,tb_00255.png,G:\Ai-CDD\data\raw\dataset\test\TUBERCULOSIS\tb_00255.png
tb,test,tb_00256.png,G:\Ai-CDD\data\raw\dataset\test\TUBERCULOSIS\tb_00256.png
tb,test,tb_00257.png,G:\Ai-CDD\data\raw\dataset\test\TUBERCULOSIS\tb_00257.png
tb,test,tb_00258.png,G:\Ai-CDD\data\raw\dataset\test\TUBERCULOSIS\tb_00258.png
tb,test,tb_00259.png,G:\Ai-CDD\data\raw\dataset\test\TUBERCULOSIS\tb_00259.png
tb,test,tb_00260.png,G:\Ai-CDD\data\raw\dataset\test\TUBERCULOSIS\tb_00260.png
tb,test,tb_00261.png,G:\Ai-CDD\data\raw\dataset\test\TUBERCULOSIS\tb_00261.png
tb,test,tb_00262.png,G:\Ai-CDD\data\raw\dataset\test\TUBERCULOSIS\tb_00262.png
tb,test,tb_00263.png,G:\Ai-CDD\data\raw\dataset\test\TUBERCULOSIS\tb_00263.png
tb,test,tb_00264.png,G:\Ai-CDD\data\raw\dataset\test\TUBERCULOSIS\tb_00264.png
tb,test,tb_00265.png,G:\Ai-CDD\data\raw\dataset\test\TUBERCULOSIS\tb_00265.png
tb,test,tb_00266.png,G:\Ai-CDD\data\raw\dataset\test\TUBERCULOSIS\tb_00266.png
tb,test,tb_00267.png,G:\Ai-CDD\data\raw\dataset\test\TUBERCULOSIS\tb_00267.png
tb,test,tb_00268.png,G:\Ai-CDD\data\raw\dataset\test\TUBERCULOSIS\tb_00268.png
tb,test,tb_00269.png,G:\Ai-CDD\data\raw\dataset\test\TUBERCULOSIS\tb_00269.png
tb,test,tb_00270.png,G:\Ai-CDD\data\raw\dataset\test\TUBERCULOSIS\tb_00270.png
tb,test,tb_00271.png,G:\Ai-CDD\data\raw\dataset\test\TUBERCULOSIS\tb_00271.png
tb,test,tb_00272.png,G:\Ai-CDD\data\raw\dataset\test\TUBERCULOSIS\tb_00272.png
tb,test,tb_00273.png,G:\Ai-CDD\data\raw\dataset\test\TUBERCULOSIS\tb_00273.png
tb,test,tb_00274.png,G:\Ai-CDD\data\raw\dataset\test\TUBERCULOSIS\tb_00274.png
tb,test,tb_00275.png,G:\Ai-CDD\data\raw\dataset\test\TUBERCULOSIS\tb_00275.png
tb,test,tb_00276.png,G:\Ai-CDD\data\raw\dataset\test\TUBERCULOSIS\tb_00276.png
tb,test,tb_00277.png,G:\Ai-CDD\data\raw\dataset\test\TUBERCULOSIS\tb_00277.png
tb,test,tb_00278.png,G:\Ai-CDD\data\raw\dataset\test\TUBERCULOSIS\tb_00278.png
tb,test,tb_00279.png,G:\Ai-CDD\data\raw\dataset\test\TUBERCULOSIS\tb_00279.png
tb,test,tb_00280.png,G:\Ai-CDD\data\raw\dataset\test\TUBERCULOSIS\tb_00280.png
tb,test,tb_00281.png,G:\Ai-CDD\data\raw\dataset\test\TUBERCULOSIS\tb_00281.png
tb,test,tb_00282.png,G:\Ai-CDD\data\raw\dataset\test\TUBERCULOSIS\tb_00282.png
tb,test,tb_00283.png,G:\Ai-CDD\data\raw\dataset\test\TUBERCULOSIS\tb_00283.png
tb,test,tb_00284.png,G:\Ai-CDD\data\raw\dataset\test\TUBERCULOSIS\tb_00284.png
tb,test,tb_00285.png,G:\Ai-CDD\data\raw\dataset\test\TUBERCULOSIS\tb_00285.png
tb,test,tb_00286.png,G:\Ai-CDD\data\raw\dataset\test\TUBERCULOSIS\tb_00286.png
tb,test,tb_00287.png,G:\Ai-CDD\data\raw\dataset\test\TUBERCULOSIS\tb_00287.png
tb,test,tb_00288.png,G:\Ai-CDD\data\raw\dataset\test\TUBERCULOSIS\tb_00288.png
tb,test,tb_00289.png,G:\Ai-CDD\data\raw\dataset\test\TUBERCULOSIS\tb_00289.png
tb,test,tb_00290.png,G:\Ai-CDD\data\raw\dataset\test\TUBERCULOSIS\tb_00290.png
tb,test,tb_00291.png,G:\Ai-CDD\data\raw\dataset\test\TUBERCULOSIS\tb_00291.png
tb,test,tb_00292.png,G:\Ai-CDD\data\raw\dataset\test\TUBERCULOSIS\tb_00292.png
tb,test,tb_00293.png,G:\Ai-CDD\data\raw\dataset\test\TUBERCULOSIS\tb_00293.png
tb,test,tb_00294.png,G:\Ai-CDD\data\raw\dataset\test\TUBERCULOSIS\tb_00294.png
tb,test,tb_00295.png,G:\Ai-CDD\data\raw\dataset\test\TUBERCULOSIS\tb_00295.png
tb,test,tb_00296.png,G:\Ai-CDD\data\raw\dataset\test\TUBERCULOSIS\tb_00296.png
tb,test,tb_00297.png,G:\Ai-CDD\data\raw\dataset\test\TUBERCULOSIS\tb_00297.png
tb,test,tb_00298.png,G:\Ai-CDD\data\raw\dataset\test\TUBERCULOSIS\tb_00298.png
tb,test,tb_00299.png,G:\Ai-CDD\data\raw\dataset\test\TUBERCULOSIS\tb_00299.png
tb,test,tb_00300.png,G:\Ai-CDD\data\raw\dataset\test\TUBERCULOSIS\tb_00300.png
tb,test,tb_00301.png,G:\Ai-CDD\data\raw\dataset\test\TUBERCULOSIS\tb_00301.png
tb,test,tb_00302.png,G:\Ai-CDD\data\raw\dataset\test\TUBERCULOSIS\tb_00302.png
tb,test,tb_00303.png,G:\Ai-CDD\data\raw\dataset\test\TUBERCULOSIS\tb_00303.png
tb,test,tb_00304.png,G:\Ai-CDD\data\raw\dataset\test\TUBERCULOSIS\tb_00304.png
tb,test,tb_00305.png,G:\Ai-CDD\data\raw\dataset\test\TUBERCULOSIS\tb_00305.png
tb,test,tb_00306.png,G:\Ai-CDD\data\raw\dataset\test\TUBERCULOSIS\tb_00306.png
tb,test,tb_00307.png,G:\Ai-CDD\data\raw\dataset\test\TUBERCULOSIS\tb_00307.png
tb,test,tb_00308.png,G:\Ai-CDD\data\raw\dataset\test\TUBERCULOSIS\tb_00308.png
tb,test,tb_00309.png,G:\Ai-CDD\data\raw\dataset\test\TUBERCULOSIS\tb_00309.png
tb,test,tb_00310.png,G:\Ai-CDD\data\raw\dataset\test\TUBERCULOSIS\tb_00310.png
tb,test,tb_00311.png,G:\Ai-CDD\data\raw\dataset\test\TUBERCULOSIS\tb_00311.png
tb,test,tb_00312.png,G:\Ai-CDD\data\raw\dataset\test\TUBERCULOSIS\tb_00312.png
tb,test,tb_00313.png,G:\Ai-CDD\data\raw\dataset\test\TUBERCULOSIS\tb_00313.png
tb,test,tb_00314.png,G:\Ai-CDD\data\raw\dataset\test\TUBERCULOSIS\tb_00314.png
tb,test,tb_00315.png,G:\Ai-CDD\data\raw\dataset\test\TUBERCULOSIS\tb_00315.png
tb,test,tb_00316.png,G:\Ai-CDD\data\raw\dataset\test\TUBERCULOSIS\tb_00316.png
tb,test,tb_00317.png,G:\Ai-CDD\data\raw\dataset\test\TUBERCULOSIS\tb_00317.png
tb,test,tb_00318.png,G:\Ai-CDD\data\raw\dataset\test\TUBERCULOSIS\tb_00318.png
tb,test,tb_00319.png,G:\Ai-CDD\data\raw\dataset\test\TUBERCULOSIS\tb_00319.png
tb,test,tb_00320.png,G:\Ai-CDD\data\raw\dataset\test\TUBERCULOSIS\tb_00320.png
tb,test,tb_00321.png,G:\Ai-CDD\data\raw\dataset\test\TUBERCULOSIS\tb_00321.png
tb,test,tb_00322.png,G:\Ai-CDD\data\raw\dataset\test\TUBERCULOSIS\tb_00322.png
tb,test,tb_00323.png,G:\Ai-CDD\data\raw\dataset\test\TUBERCULOSIS\tb_00323.png
tb,test,tb_00324.png,G:\Ai-CDD\data\raw\dataset\test\TUBERCULOSIS\tb_00324.png
tb,test,tb_00325.png,G:\Ai-CDD\data\raw\dataset\test\TUBERCULOSIS\tb_00325.png
tb,test,tb_00326.png,G:\Ai-CDD\data\raw\dataset\test\TUBERCULOSIS\tb_00326.png
tb,test,tb_00327.png,G:\Ai-CDD\data\raw\dataset\test\TUBERCULOSIS\tb_00327.png
tb,test,tb_00328.png,G:\Ai-CDD\data\raw\dataset\test\TUBERCULOSIS\tb_00328.png
tb,test,tb_00329.png,G:\Ai-CDD\data\raw\dataset\test\TUBERCULOSIS\tb_00329.png
tb,test,tb_00330.png,G:\Ai-CDD\data\raw\dataset\test\TUBERCULOSIS\tb_00330.png
tb,test,tb_00331.png,G:\Ai-CDD\data\raw\dataset\test\TUBERCULOSIS\tb_00331.png
tb,test,tb_00332.png,G:\Ai-CDD\data\raw\dataset\test\TUBERCULOSIS\tb_00332.png
tb,test,tb_00333.png,G:\Ai-CDD\data\raw\dataset\test\TUBERCULOSIS\tb_00333.png
tb,test,tb_00334.png,G:\Ai-CDD\data\raw\dataset\test\TUBERCULOSIS\tb_00334.png
tb,test,tb_00335.png,G:\Ai-CDD\data\raw\dataset\test\TUBERCULOSIS\tb_00335.png
tb,test,tb_00336.png,G:\Ai-CDD\data\raw\dataset\test\TUBERCULOSIS\tb_00336.png
tb,test,tb_00337.png,G:\Ai-CDD\data\raw\dataset\test\TUBERCULOSIS\tb_00337.png
tb,test,tb_00338.png,G:\Ai-CDD\data\raw\dataset\test\TUBERCULOSIS\tb_00338.png
tb,test,tb_00339.png,G:\Ai-CDD\data\raw\dataset\test\TUBERCULOSIS\tb_00339.png
tb,test,tb_00340.png,G:\Ai-CDD\data\raw\dataset\test\TUBERCULOSIS\tb_00340.png
tb,test,tb_00341.png,G:\Ai-CDD\data\raw\dataset\test\TUBERCULOSIS\tb_00341.png
tb,test,tb_00342.png,G:\Ai-CDD\data\raw\dataset\test\TUBERCULOSIS\tb_00342.png
tb,test,tb_00343.png,G:\Ai-CDD\data\raw\dataset\test\TUBERCULOSIS\tb_00343.png
tb,test,tb_00344.png,G:\Ai-CDD\data\raw\dataset\test\TUBERCULOSIS\tb_00344.png
tb,test,tb_00345.png,G:\Ai-CDD\data\raw\dataset\test\TUBERCULOSIS\tb_00345.png
tb,test,tb_00346.png,G:\Ai-CDD\data\raw\dataset\test\TUBERCULOSIS\tb_00346.png
tb,test,tb_00347.png,G:\Ai-CDD\data\raw\dataset\test\TUBERCULOSIS\tb_00347.png
tb,test,tb_00348.png,G:\Ai-CDD\data\raw\dataset\test\TUBERCULOSIS\tb_00348.png
tb,test,tb_00349.png,G:\Ai-CDD\data\raw\dataset\test\TUBERCULOSIS\tb_00349.png
tb,test,tb_00350.png,G:\Ai-CDD\data\raw\dataset\test\TUBERCULOSIS\tb_00350.png
tb,test,tb_00351.png,G:\Ai-CDD\data\raw\dataset\test\TUBERCULOSIS\tb_00351.png
tb,test,tb_00352.png,G:\Ai-CDD\data\raw\dataset\test\TUBERCULOSIS\tb_00352.png
tb,test,tb_00353.png,G:\Ai-CDD\data\raw\dataset\test\TUBERCULOSIS\tb_00353.png
tb,test,tb_00354.png,G:\Ai-CDD\data\raw\dataset\test\TUBERCULOSIS\tb_00354.png
tb,test,tb_00355.png,G:\Ai-CDD\data\raw\dataset\test\TUBERCULOSIS\tb_00355.png
tb,test,tb_00356.png,G:\Ai-CDD\data\raw\dataset\test\TUBERCULOSIS\tb_00356.png
tb,test,tb_00357.png,G:\Ai-CDD\data\raw\dataset\test\TUBERCULOSIS\tb_00357.png
tb,test,tb_00358.png,G:\Ai-CDD\data\raw\dataset\test\TUBERCULOSIS\tb_00358.png
tb,test,tb_00359.png,G:\Ai-CDD\data\raw\dataset\test\TUBERCULOSIS\tb_00359.png
tb,test,tb_00360.png,G:\Ai-CDD\data\raw\dataset\test\TUBERCULOSIS\tb_00360.png
tb,test,tb_00361.png,G:\Ai-CDD\data\raw\dataset\test\TUBERCULOSIS\tb_00361.png
tb,test,tb_00362.png,G:\Ai-CDD\data\raw\dataset\test\TUBERCULOSIS\tb_00362.png
tb,test,tb_00363.png,G:\Ai-CDD\data\raw\dataset\test\TUBERCULOSIS\tb_00363.png
tb,test,tb_00364.png,G:\Ai-CDD\data\raw\dataset\test\TUBERCULOSIS\tb_00364.png
tb,test,tb_00365.png,G:\Ai-CDD\data\raw\dataset\test\TUBERCULOSIS\tb_00365.png
tb,test,tb_00366.png,G:\Ai-CDD\data\raw\dataset\test\TUBERCULOSIS\tb_00366.png
tb,test,tb_00367.png,G:\Ai-CDD\data\raw\dataset\test\TUBERCULOSIS\tb_00367.png
tb,test,tb_00368.png,G:\Ai-CDD\data\raw\dataset\test\TUBERCULOSIS\tb_00368.png
tb,test,tb_00369.png,G:\Ai-CDD\data\raw\dataset\test\TUBERCULOSIS\tb_00369.png
tb,test,tb_00370.png,G:\Ai-CDD\data\raw\dataset\test\TUBERCULOSIS\tb_00370.png
tb,test,tb_00371.png,G:\Ai-CDD\data\raw\dataset\test\TUBERCULOSIS\tb_00371.png
tb,test,tb_00372.png,G:\Ai-CDD\data\raw\dataset\test\TUBERCULOSIS\tb_00372.png
tb,test,tb_00373.png,G:\Ai-CDD\data\raw\dataset\test\TUBERCULOSIS\tb_00373.png
tb,test,tb_00374.png,G:\Ai-CDD\data\raw\dataset\test\TUBERCULOSIS\tb_00374.png
tb,test,tb_00375.png,G:\Ai-CDD\data\raw\dataset\test\TUBERCULOSIS\tb_00375.png
tb,test,tb_00376.png,G:\Ai-CDD\data\raw\dataset\test\TUBERCULOSIS\tb_00376.png
tb,test,tb_00377.png,G:\Ai-CDD\data\raw\dataset\test\TUBERCULOSIS\tb_00377.png
tb,test,tb_00378.png,G:\Ai-CDD\data\raw\dataset\test\TUBERCULOSIS\tb_00378.png
tb,test,tb_00379.png,G:\Ai-CDD\data\raw\dataset\test\TUBERCULOSIS\tb_00379.png
tb,test,tb_00380.png,G:\Ai-CDD\data\raw\dataset\test\TUBERCULOSIS\tb_00380.png
tb,test,tb_00381.png,G:\Ai-CDD\data\raw\dataset\test\TUBERCULOSIS\tb_00381.png
tb,test,tb_00382.png,G:\Ai-CDD\data\raw\dataset\test\TUBERCULOSIS\tb_00382.png
tb,test,tb_00383.png,G:\Ai-CDD\data\raw\dataset\test\TUBERCULOSIS\tb_00383.png
tb,test,tb_00384.png,G:\Ai-CDD\data\raw\dataset\test\TUBERCULOSIS\tb_00384.png
tb,test,tb_00385.png,G:\Ai-CDD\data\raw\dataset\test\TUBERCULOSIS\tb_00385.png
tb,test,tb_00386.png,G:\Ai-CDD\data\raw\dataset\test\TUBERCULOSIS\tb_00386.png
tb,test,tb_00387.png,G:\Ai-CDD\data\raw\dataset\test\TUBERCULOSIS\tb_00387.png
tb,test,tb_00388.png,G:\Ai-CDD\data\raw\dataset\test\TUBERCULOSIS\tb_00388.png
tb,test,tb_00389.png,G:\Ai-CDD\data\raw\dataset\test\TUBERCULOSIS\tb_00389.png
tb,test,tb_00390.png,G:\Ai-CDD\data\raw\dataset\test\TUBERCULOSIS\tb_00390.png
tb,test,tb_00391.png,G:\Ai-CDD\data\raw\dataset\test\TUBERCULOSIS\tb_00391.png
tb,test,tb_00392.png,G:\Ai-CDD\data\raw\dataset\test\TUBERCULOSIS\tb_00392.png
tb,test,tb_00393.png,G:\Ai-CDD\data\raw\dataset\test\TUBERCULOSIS\tb_00393.png
tb,test,tb_00394.png,G:\Ai-CDD\data\raw\dataset\test\TUBERCULOSIS\tb_00394.png
tb,test,tb_00395.png,G:\Ai-CDD\data\raw\dataset\test\TUBERCULOSIS\tb_00395.png
tb,test,tb_00396.png,G:\Ai-CDD\data\raw\dataset\test\TUBERCULOSIS\tb_00396.png
tb,test,tb_00397.png,G:\Ai-CDD\data\raw\dataset\test\TUBERCULOSIS\tb_00397.png
tb,test,tb_00398.png,G:\Ai-CDD\data\raw\dataset\test\TUBERCULOSIS\tb_00398.png
tb,test,tb_00399.png,G:\Ai-CDD\data\raw\dataset\test\TUBERCULOSIS\tb_00399.png
tb,test,tb_00400.png,G:\Ai-CDD\data\raw\dataset\test\TUBERCULOSIS\tb_00400.png
tb,test,tb_00401.png,G:\Ai-CDD\data\raw\dataset\test\TUBERCULOSIS\tb_00401.png
tb,test,tb_00402.png,G:\Ai-CDD\data\raw\dataset\test\TUBERCULOSIS\tb_00402.png
tb,test,tb_00403.png,G:\Ai-CDD\data\raw\dataset\test\TUBERCULOSIS\tb_00403.png
tb,test,tb_00404.png,G:\Ai-CDD\data\raw\dataset\test\TUBERCULOSIS\tb_00404.png
tb,test,tb_00405.png,G:\Ai-CDD\data\raw\dataset\test\TUBERCULOSIS\tb_00405.png
tb,test,tb_00406.png,G:\Ai-CDD\data\raw\dataset\test\TUBERCULOSIS\tb_00406.png
tb,test,tb_00407.png,G:\Ai-CDD\data\raw\dataset\test\TUBERCULOSIS\tb_00407.png
tb,test,tb_00408.png,G:\Ai-CDD\data\raw\dataset\test\TUBERCULOSIS\tb_00408.png
tb,test,tb_00409.png,G:\Ai-CDD\data\raw\dataset\test\TUBERCULOSIS\tb_00409.png
tb,test,tb_00410.png,G:\Ai-CDD\data\raw\dataset\test\TUBERCULOSIS\tb_00410.png
tb,test,tb_00411.png,G:\Ai-CDD\data\raw\dataset\test\TUBERCULOSIS\tb_00411.png
tb,test,tb_00412.png,G:\Ai-CDD\data\raw\dataset\test\TUBERCULOSIS\tb_00412.png
tb,test,tb_00413.png,G:\Ai-CDD\data\raw\dataset\test\TUBERCULOSIS\tb_00413.png
tb,test,tb_00414.png,G:\Ai-CDD\data\raw\dataset\test\TUBERCULOSIS\tb_00414.png
tb,test,tb_00415.png,G:\Ai-CDD\data\raw\dataset\test\TUBERCULOSIS\tb_00415.png
tb,test,tb_00416.png,G:\Ai-CDD\data\raw\dataset\test\TUBERCULOSIS\tb_00416.png
tb,test,tb_00417.png,G:\Ai-CDD\data\raw\dataset\test\TUBERCULOSIS\tb_00417.png
tb,test,tb_00418.png,G:\Ai-CDD\data\raw\dataset\test\TUBERCULOSIS\tb_00418.png
tb,test,tb_00419.png,G:\Ai-CDD\data\raw\dataset\test\TUBERCULOSIS\tb_00419.png
tb,test,tb_00420.png,G:\Ai-CDD\data\raw\dataset\test\TUBERCULOSIS\tb_00420.png
tb,test,tb_00421.png,G:\Ai-CDD\data\raw\dataset\test\TUBERCULOSIS\tb_00421.png
tb,test,tb_00422.png,G:\Ai-CDD\data\raw\dataset\test\TUBERCULOSIS\tb_00422.png
tb,test,tb_00423.png,G:\Ai-CDD\data\raw\dataset\test\TUBERCULOSIS\tb_00423.png
tb,test,tb_00424.png,G:\Ai-CDD\data\raw\dataset\test\TUBERCULOSIS\tb_00424.png
tb,test,tb_00425.png,G:\Ai-CDD\data\raw\dataset\test\TUBERCULOSIS\tb_00425.png
tb,test,tb_00426.png,G:\Ai-CDD\data\raw\dataset\test\TUBERCULOSIS\tb_00426.png
tb,test,tb_00427.png,G:\Ai-CDD\data\raw\dataset\test\TUBERCULOSIS\tb_00427.png
tb,test,tb_00428.png,G:\Ai-CDD\data\raw\dataset\test\TUBERCULOSIS\tb_00428.png
tb,test,tb_00429.png,G:\Ai-CDD\data\raw\dataset\test\TUBERCULOSIS\tb_00429.png
tb,test,tb_00430.png,G:\Ai-CDD\data\raw\dataset\test\TUBERCULOSIS\tb_00430.png
tb,test,tb_00431.png,G:\Ai-CDD\data\raw\dataset\test\TUBERCULOSIS\tb_00431.png
tb,test,tb_00432.png,G:\Ai-CDD\data\raw\dataset\test\TUBERCULOSIS\tb_00432.png
tb,test,tb_00433.png,G:\Ai-CDD\data\raw\dataset\test\TUBERCULOSIS\tb_00433.png
tb,test,tb_00434.png,G:\Ai-CDD\data\raw\dataset\test\TUBERCULOSIS\tb_00434.png
tb,test,tb_00435.png,G:\Ai-CDD\data\raw\dataset\test\TUBERCULOSIS\tb_00435.png
tb,test,tb_00436.png,G:\Ai-CDD\data\raw\dataset\test\TUBERCULOSIS\tb_00436.png
tb,test,tb_00437.png,G:\Ai-CDD\data\raw\dataset\test\TUBERCULOSIS\tb_00437.png
tb,test,tb_00438.png,G:\Ai-CDD\data\raw\dataset\test\TUBERCULOSIS\tb_00438.png
tb,test,tb_00439.png,G:\Ai-CDD\data\raw\dataset\test\TUBERCULOSIS\tb_00439.png
tb,test,tb_00440.png,G:\Ai-CDD\data\raw\dataset\test\TUBERCULOSIS\tb_00440.png
tb,test,tb_00441.png,G:\Ai-CDD\data\raw\dataset\test\TUBERCULOSIS\tb_00441.png
tb,test,tb_00442.png,G:\Ai-CDD\data\raw\dataset\test\TUBERCULOSIS\tb_00442.png
tb,test,tb_00443.png,G:\Ai-CDD\data\raw\dataset\test\TUBERCULOSIS\tb_00443.png
tb,test,tb_00444.png,G:\Ai-CDD\data\raw\dataset\test\TUBERCULOSIS\tb_00444.png
tb,test,tb_00445.png,G:\Ai-CDD\data\raw\dataset\test\TUBERCULOSIS\tb_00445.png
tb,test,tb_00446.png,G:\Ai-CDD\data\raw\dataset\test\TUBERCULOSIS\tb_00446.png
tb,test,tb_00447.png,G:\Ai-CDD\data\raw\dataset\test\TUBERCULOSIS\tb_00447.png
tb,test,tb_00448.png,G:\Ai-CDD\data\raw\dataset\test\TUBERCULOSIS\tb_00448.png
tb,test,tb_00449.png,G:\Ai-CDD\data\raw\dataset\test\TUBERCULOSIS\tb_00449.png
tb,test,tb_00450.png,G:\Ai-CDD\data\raw\dataset\test\TUBERCULOSIS\tb_00450.png
tb,test,tb_00451.png,G:\Ai-CDD\data\raw\dataset\test\TUBERCULOSIS\tb_00451.png
tb,test,tb_00452.png,G:\Ai-CDD\data\raw\dataset\test\TUBERCULOSIS\tb_00452.png
tb,test,tb_00453.png,G:\Ai-CDD\data\raw\dataset\test\TUBERCULOSIS\tb_00453.png
tb,test,tb_00454.png,G:\Ai-CDD\data\raw\dataset\test\TUBERCULOSIS\tb_00454.png
tb,test,tb_00455.png,G:\Ai-CDD\data\raw\dataset\test\TUBERCULOSIS\tb_00455.png
tb,test,tb_00456.png,G:\Ai-CDD\data\raw\dataset\test\TUBERCULOSIS\tb_00456.png
tb,test,tb_00457.png,G:\Ai-CDD\data\raw\dataset\test\TUBERCULOSIS\tb_00457.png
tb,test,tb_00458.png,G:\Ai-CDD\data\raw\dataset\test\TUBERCULOSIS\tb_00458.png
tb,test,tb_00459.png,G:\Ai-CDD\data\raw\dataset\test\TUBERCULOSIS\tb_00459.png
tb,test,tb_00460.png,G:\Ai-CDD\data\raw\dataset\test\TUBERCULOSIS\tb_00460.png
tb,test,tb_00461.png,G:\Ai-CDD\data\raw\dataset\test\TUBERCULOSIS\tb_00461.png
tb,test,tb_00462.png,G:\Ai-CDD\data\raw\dataset\test\TUBERCULOSIS\tb_00462.png
tb,test,tb_00463.png,G:\Ai-CDD\data\raw\dataset\test\TUBERCULOSIS\tb_00463.png
tb,test,tb_00464.png,G:\Ai-CDD\data\raw\dataset\test\TUBERCULOSIS\tb_00464.png
tb,test,tb_00465.png,G:\Ai-CDD\data\raw\dataset\test\TUBERCULOSIS\tb_00465.png
tb,test,tb_00466.png,G:\Ai-CDD\data\raw\dataset\test\TUBERCULOSIS\tb_00466.png
tb,test,tb_00467.png,G:\Ai-CDD\data\raw\dataset\test\TUBERCULOSIS\tb_00467.png
tb,test,tb_00468.png,G:\Ai-CDD\data\raw\dataset\test\TUBERCULOSIS\tb_00468.png
tb,test,tb_00469.png,G:\Ai-CDD\data\raw\dataset\test\TUBERCULOSIS\tb_00469.png
tb,test,tb_00470.png,G:\Ai-CDD\data\raw\dataset\test\TUBERCULOSIS\tb_00470.png
tb,test,tb_00471.png,G:\Ai-CDD\data\raw\dataset\test\TUBERCULOSIS\tb_00471.png
tb,test,tb_00472.png,G:\Ai-CDD\data\raw\dataset\test\TUBERCULOSIS\tb_00472.png
tb,test,tb_00473.png,G:\Ai-CDD\data\raw\dataset\test\TUBERCULOSIS\tb_00473.png
tb,test,tb_00474.png,G:\Ai-CDD\data\raw\dataset\test\TUBERCULOSIS\tb_00474.png
tb,test,tb_00475.png,G:\Ai-CDD\data\raw\dataset\test\TUBERCULOSIS\tb_00475.png
tb,test,tb_00476.png,G:\Ai-CDD\data\raw\dataset\test\TUBERCULOSIS\tb_00476.png
tb,test,tb_00477.png,G:\Ai-CDD\data\raw\dataset\test\TUBERCULOSIS\tb_00477.png
tb,test,tb_00478.png,G:\Ai-CDD\data\raw\dataset\test\TUBERCULOSIS\tb_00478.png
tb,test,tb_00479.png,G:\Ai-CDD\data\raw\dataset\test\TUBERCULOSIS\tb_00479.png
tb,test,tb_00480.png,G:\Ai-CDD\data\raw\dataset\test\TUBERCULOSIS\tb_00480.png
tb,test,tb_00481.png,G:\Ai-CDD\data\raw\dataset\test\TUBERCULOSIS\tb_00481.png
tb,test,tb_00482.png,G:\Ai-CDD\data\raw\dataset\test\TUBERCULOSIS\tb_00482.png
tb,test,tb_00483.png,G:\Ai-CDD\data\raw\dataset\test\TUBERCULOSIS\tb_00483.png
tb,test,tb_00484.png,G:\Ai-CDD\data\raw\dataset\test\TUBERCULOSIS\tb_00484.png
tb,test,tb_00485.png,G:\Ai-CDD\data\raw\dataset\test\TUBERCULOSIS\tb_00485.png
tb,test,tb_00486.png,G:\Ai-CDD\data\raw\dataset\test\TUBERCULOSIS\tb_00486.png
tb,test,tb_00487.png,G:\Ai-CDD\data\raw\dataset\test\TUBERCULOSIS\tb_00487.png
tb,test,tb_00488.png,G:\Ai-CDD\data\raw\dataset\test\TUBERCULOSIS\tb_00488.png
tb,test,tb_00489.png,G:\Ai-CDD\data\raw\dataset\test\TUBERCULOSIS\tb_00489.png
tb,test,tb_00490.png,G:\Ai-CDD\data\raw\dataset\test\TUBERCULOSIS\tb_00490.png
tb,test,tb_00491.png,G:\Ai-CDD\data\raw\dataset\test\TUBERCULOSIS\tb_00491.png
tb,test,tb_00492.png,G:\Ai-CDD\data\raw\dataset\test\TUBERCULOSIS\tb_00492.png
tb,test,tb_00493.png,G:\Ai-CDD\data\raw\dataset\test\TUBERCULOSIS\tb_00493.png
tb,test,tb_00494.png,G:\Ai-CDD\data\raw\dataset\test\TUBERCULOSIS\tb_00494.png
tb,test,tb_00495.png,G:\Ai-CDD\data\raw\dataset\test\TUBERCULOSIS\tb_00495.png
tb,test,tb_00496.png,G:\Ai-CDD\data\raw\dataset\test\TUBERCULOSIS\tb_00496.png
tb,test,tb_00497.png,G:\Ai-CDD\data\raw\dataset\test\TUBERCULOSIS\tb_00497.png
tb,test,tb_00498.png,G:\Ai-CDD\data\raw\dataset\test\TUBERCULOSIS\tb_00498.png
tb,test,tb_00499.png,G:\Ai-CDD\data\raw\dataset\test\TUBERCULOSIS\tb_00499.png
tb,test,tb_00500.png,G:\Ai-CDD\data\raw\dataset\test\TUBERCULOSIS\tb_00500.png
tb,test,tb_00501.png,G:\Ai-CDD\data\raw\dataset\test\TUBERCULOSIS\tb_00501.png
tb,test,tb_00502.png,G:\Ai-CDD\data\raw\dataset\test\TUBERCULOSIS\tb_00502.png
tb,test,tb_00503.png,G:\Ai-CDD\data\raw\dataset\test\TUBERCULOSIS\tb_00503.png
tb,test,tb_00504.png,G:\Ai-CDD\data\raw\dataset\test\TUBERCULOSIS\tb_00504.png
tb,test,tb_00505.png,G:\Ai-CDD\data\raw\dataset\test\TUBERCULOSIS\tb_00505.png
tb,test,tb_00506.png,G:\Ai-CDD\data\raw\dataset\test\TUBERCULOSIS\tb_00506.png
tb,test,tb_00507.png,G:\Ai-CDD\data\raw\dataset\test\TUBERCULOSIS\tb_00507.png
tb,test,tb_00508.png,G:\Ai-CDD\data\raw\dataset\test\TUBERCULOSIS\tb_00508.png
tb,test,tb_00509.png,G:\Ai-CDD\data\raw\dataset\test\TUBERCULOSIS\tb_00509.png
tb,test,tb_00510.png,G:\Ai-CDD\data\raw\dataset\test\TUBERCULOSIS\tb_00510.png
tb,test,tb_00511.png,G:\Ai-CDD\data\raw\dataset\test\TUBERCULOSIS\tb_00511.png
tb,test,tb_00512.png,G:\Ai-CDD\data\raw\dataset\test\TUBERCULOSIS\tb_00512.png
tb,test,tb_00513.png,G:\Ai-CDD\data\raw\dataset\test\TUBERCULOSIS\tb_00513.png
tb,test,tb_00514.png,G:\Ai-CDD\data\raw\dataset\test\TUBERCULOSIS\tb_00514.png
tb,test,tb_00515.png,G:\Ai-CDD\data\raw\dataset\test\TUBERCULOSIS\tb_00515.png
tb,test,tb_00516.png,G:\Ai-CDD\data\raw\dataset\test\TUBERCULOSIS\tb_00516.png
tb,test,tb_00517.png,G:\Ai-CDD\data\raw\dataset\test\TUBERCULOSIS\tb_00517.png
tb,test,tb_00518.png,G:\Ai-CDD\data\raw\dataset\test\TUBERCULOSIS\tb_00518.png
tb,test,tb_00519.png,G:\Ai-CDD\data\raw\dataset\test\TUBERCULOSIS\tb_00519.png
tb,test,tb_00520.png,G:\Ai-CDD\data\raw\dataset\test\TUBERCULOSIS\tb_00520.png
tb,test,tb_00521.png,G:\Ai-CDD\data\raw\dataset\test\TUBERCULOSIS\tb_00521.png
tb,test,tb_00522.png,G:\Ai-CDD\data\raw\dataset\test\TUBERCULOSIS\tb_00522.png
tb,test,tb_00523.png,G:\Ai-CDD\data\raw\dataset\test\TUBERCULOSIS\tb_00523.png
tb,test,tb_00524.png,G:\Ai-CDD\data\raw\dataset\test\TUBERCULOSIS\tb_00524.png
tb,test,tb_00525.png,G:\Ai-CDD\data\raw\dataset\test\TUBERCULOSIS\tb_00525.png
tb,test,tb_00526.png,G:\Ai-CDD\data\raw\dataset\test\TUBERCULOSIS\tb_00526.png
tb,test,tb_00527.png,G:\Ai-CDD\data\raw\dataset\test\TUBERCULOSIS\tb_00527.png
tb,test,tb_00528.png,G:\Ai-CDD\data\raw\dataset\test\TUBERCULOSIS\tb_00528.png
tb,test,tb_00529.png,G:\Ai-CDD\data\raw\dataset\test\TUBERCULOSIS\tb_00529.png
tb,test,tb_00530.png,G:\Ai-CDD\data\raw\dataset\test\TUBERCULOSIS\tb_00530.png
tb,test,tb_00531.png,G:\Ai-CDD\data\raw\dataset\test\TUBERCULOSIS\tb_00531.png
tb,test,tb_00532.png,G:\Ai-CDD\data\raw\dataset\test\TUBERCULOSIS\tb_00532.png
tb,test,tb_00533.png,G:\Ai-CDD\data\raw\dataset\test\TUBERCULOSIS\tb_00533.png
tb,test,tb_00534.png,G:\Ai-CDD\data\raw\dataset\test\TUBERCULOSIS\tb_00534.png
tb,test,tb_00535.png,G:\Ai-CDD\data\raw\dataset\test\TUBERCULOSIS\tb_00535.png
tb,test,tb_00536.png,G:\Ai-CDD\data\raw\dataset\test\TUBERCULOSIS\tb_00536.png
tb,test,tb_00537.png,G:\Ai-CDD\data\raw\dataset\test\TUBERCULOSIS\tb_00537.png
tb,test,tb_00538.png,G:\Ai-CDD\data\raw\dataset\test\TUBERCULOSIS\tb_00538.png
tb,test,tb_00539.png,G:\Ai-CDD\data\raw\dataset\test\TUBERCULOSIS\tb_00539.png
tb,test,tb_00540.png,G:\Ai-CDD\data\raw\dataset\test\TUBERCULOSIS\tb_00540.png
tb,test,tb_00541.png,G:\Ai-CDD\data\raw\dataset\test\TUBERCULOSIS\tb_00541.png
tb,test,tb_00542.png,G:\Ai-CDD\data\raw\dataset\test\TUBERCULOSIS\tb_00542.png
tb,test,tb_00543.png,G:\Ai-CDD\data\raw\dataset\test\TUBERCULOSIS\tb_00543.png
tb,test,tb_00544.png,G:\Ai-CDD\data\raw\dataset\test\TUBERCULOSIS\tb_00544.png
tb,test,tb_00545.png,G:\Ai-CDD\data\raw\dataset\test\TUBERCULOSIS\tb_00545.png
tb,test,tb_00546.png,G:\Ai-CDD\data\raw\dataset\test\TUBERCULOSIS\tb_00546.png
tb,test,tb_00547.png,G:\Ai-CDD\data\raw\dataset\test\TUBERCULOSIS\tb_00547.png
tb,test,tb_00548.png,G:\Ai-CDD\data\raw\dataset\test\TUBERCULOSIS\tb_00548.png
tb,test,tb_00549.png,G:\Ai-CDD\data\raw\dataset\test\TUBERCULOSIS\tb_00549.png
tb,test,tb_00550.png,G:\Ai-CDD\data\raw\dataset\test\TUBERCULOSIS\tb_00550.png
tb,test,tb_00551.png,G:\Ai-CDD\data\raw\dataset\test\TUBERCULOSIS\tb_00551.png
tb,test,tb_00552.png,G:\Ai-CDD\data\raw\dataset\test\TUBERCULOSIS\tb_00552.png
tb,test,tb_00553.png,G:\Ai-CDD\data\raw\dataset\test\TUBERCULOSIS\tb_00553.png
tb,test,tb_00554.png,G:\Ai-CDD\data\raw\dataset\test\TUBERCULOSIS\tb_00554.png
tb,test,tb_00555.png,G:\Ai-CDD\data\raw\dataset\test\TUBERCULOSIS\tb_00555.png
